latitude,longitude,station_name,source_file
45.8305,-129.75317,"Axial Base Deep Profiler - 1000 m E,Axial Base Shallow Profiler - 550 m E",Cabled-10_AT4212_Discrete_Summary.csv
45.8175,-129.74533,"Axial Base Deep Profiler - 1000 m E,Axial Base Shallow Profiler - 550 m E",Cabled-10_AT4212_Discrete_Summary.csv
45.82583,-129.74183,"Axial Base Deep Profiler - 1000 m E,Axial Base Shallow Profiler - 550 m E",Cabled-10_AT4212_Discrete_Summary.csv
45.8085,-129.74533,"Axial Base Deep Profiler - 1000 m E,Axial Base Shallow Profiler - 550 m E",Cabled-10_AT4212_Discrete_Summary.csv
44.37383,-124.96,Oregon Offshore Shallow Profiler - 250 m W,Cabled-10_AT4212_Discrete_Summary.csv
44.37383,-124.96,Oregon Offshore Shallow Profiler - 250 m W,Cabled-10_AT4212_Discrete_Summary.csv
44.37383,-124.96,Oregon Offshore Shallow Profiler - 250 m W,Cabled-10_AT4212_Discrete_Summary.csv
44.37383,-124.96,Oregon Offshore Shallow Profiler - 250 m W,Cabled-10_AT4212_Discrete_Summary.csv
44.37383,-124.96,Oregon Offshore Shallow Profiler - 250 m W,Cabled-10_AT4212_Discrete_Summary.csv
44.37383,-124.96,Oregon Offshore Shallow Profiler - 250 m W,Cabled-10_AT4212_Discrete_Summary.csv
44.37383,-124.96,Oregon Offshore Shallow Profiler - 250 m W,Cabled-10_AT4212_Discrete_Summary.csv
44.37383,-124.96,Oregon Offshore Shallow Profiler - 250 m W,Cabled-10_AT4212_Discrete_Summary.csv
44.37383,-124.96,Oregon Offshore Shallow Profiler - 250 m W,Cabled-10_AT4212_Discrete_Summary.csv
44.37383,-124.96,Oregon Offshore Shallow Profiler - 250 m W,Cabled-10_AT4212_Discrete_Summary.csv
44.37383,-124.96,Oregon Offshore Shallow Profiler - 250 m W,Cabled-10_AT4212_Discrete_Summary.csv
44.37383,-124.96,Oregon Offshore Shallow Profiler - 250 m W,Cabled-10_AT4212_Discrete_Summary.csv
44.37383,-124.96,Oregon Offshore Shallow Profiler - 250 m W,Cabled-10_AT4212_Discrete_Summary.csv
44.37383,-124.96,Oregon Offshore Shallow Profiler - 250 m W,Cabled-10_AT4212_Discrete_Summary.csv
44.529,-125.393,Slope Base Shallow Profiler - 250 m W,Cabled-10_AT4212_Discrete_Summary.csv
44.529,-125.393,Slope Base Shallow Profiler - 250 m W,Cabled-10_AT4212_Discrete_Summary.csv
44.529,-125.393,Slope Base Shallow Profiler - 250 m W,Cabled-10_AT4212_Discrete_Summary.csv
44.529,-125.393,Slope Base Shallow Profiler - 250 m W,Cabled-10_AT4212_Discrete_Summary.csv
44.529,-125.393,Slope Base Shallow Profiler - 250 m W,Cabled-10_AT4212_Discrete_Summary.csv
44.529,-125.393,Slope Base Shallow Profiler - 250 m W,Cabled-10_AT4212_Discrete_Summary.csv
44.529,-125.393,Slope Base Shallow Profiler - 250 m W,Cabled-10_AT4212_Discrete_Summary.csv
44.529,-125.393,Slope Base Shallow Profiler - 250 m W,Cabled-10_AT4212_Discrete_Summary.csv
44.529,-125.393,Slope Base Shallow Profiler - 250 m W,Cabled-10_AT4212_Discrete_Summary.csv
44.529,-125.393,Slope Base Shallow Profiler - 250 m W,Cabled-10_AT4212_Discrete_Summary.csv
44.529,-125.393,Slope Base Shallow Profiler - 250 m W,Cabled-10_AT4212_Discrete_Summary.csv
44.529,-125.393,Slope Base Shallow Profiler - 250 m W,Cabled-10_AT4212_Discrete_Summary.csv
44.529,-125.393,Slope Base Shallow Profiler - 250 m W,Cabled-10_AT4212_Discrete_Summary.csv
44.529,-125.393,Slope Base Shallow Profiler - 250 m W,Cabled-10_AT4212_Discrete_Summary.csv
44.529,-125.393,Slope Base Shallow Profiler - 250 m W,Cabled-10_AT4212_Discrete_Summary.csv
44.529,-125.393,Slope Base Shallow Profiler - 250 m W,Cabled-10_AT4212_Discrete_Summary.csv
44.529,-125.393,Slope Base Shallow Profiler - 250 m W,Cabled-10_AT4212_Discrete_Summary.csv
45.8295,-129.74617,"Axial Base Deep Profiler - 1000 m E,Axial Base Shallow Profiler - 550 m E",Cabled-10_AT4212_Discrete_Summary.csv
45.8295,-129.74617,"Axial Base Deep Profiler - 1000 m E,Axial Base Shallow Profiler - 550 m E",Cabled-10_AT4212_Discrete_Summary.csv
45.8295,-129.74617,"Axial Base Deep Profiler - 1000 m E,Axial Base Shallow Profiler - 550 m E",Cabled-10_AT4212_Discrete_Summary.csv
45.8295,-129.74617,"Axial Base Deep Profiler - 1000 m E,Axial Base Shallow Profiler - 550 m E",Cabled-10_AT4212_Discrete_Summary.csv
45.8295,-129.74617,"Axial Base Deep Profiler - 1000 m E,Axial Base Shallow Profiler - 550 m E",Cabled-10_AT4212_Discrete_Summary.csv
45.8295,-129.74617,"Axial Base Deep Profiler - 1000 m E,Axial Base Shallow Profiler - 550 m E",Cabled-10_AT4212_Discrete_Summary.csv
45.8295,-129.74617,"Axial Base Deep Profiler - 1000 m E,Axial Base Shallow Profiler - 550 m E",Cabled-10_AT4212_Discrete_Summary.csv
45.8295,-129.74617,"Axial Base Deep Profiler - 1000 m E,Axial Base Shallow Profiler - 550 m E",Cabled-10_AT4212_Discrete_Summary.csv
45.8295,-129.74617,"Axial Base Deep Profiler - 1000 m E,Axial Base Shallow Profiler - 550 m E",Cabled-10_AT4212_Discrete_Summary.csv
45.8295,-129.74617,"Axial Base Deep Profiler - 1000 m E,Axial Base Shallow Profiler - 550 m E",Cabled-10_AT4212_Discrete_Summary.csv
45.8295,-129.74617,"Axial Base Deep Profiler - 1000 m E,Axial Base Shallow Profiler - 550 m E",Cabled-10_AT4212_Discrete_Summary.csv
45.8295,-129.74617,"Axial Base Deep Profiler - 1000 m E,Axial Base Shallow Profiler - 550 m E",Cabled-10_AT4212_Discrete_Summary.csv
45.8295,-129.74617,"Axial Base Deep Profiler - 1000 m E,Axial Base Shallow Profiler - 550 m E",Cabled-10_AT4212_Discrete_Summary.csv
45.8295,-129.74617,"Axial Base Deep Profiler - 1000 m E,Axial Base Shallow Profiler - 550 m E",Cabled-10_AT4212_Discrete_Summary.csv
45.8295,-129.74617,"Axial Base Deep Profiler - 1000 m E,Axial Base Shallow Profiler - 550 m E",Cabled-10_AT4212_Discrete_Summary.csv
45.8295,-129.74617,"Axial Base Deep Profiler - 1000 m E,Axial Base Shallow Profiler - 550 m E",Cabled-10_AT4212_Discrete_Summary.csv
45.8295,-129.74617,"Axial Base Deep Profiler - 1000 m E,Axial Base Shallow Profiler - 550 m E",Cabled-10_AT4212_Discrete_Summary.csv
45.8295,-129.74617,"Axial Base Deep Profiler - 1000 m E,Axial Base Shallow Profiler - 550 m E",Cabled-10_AT4212_Discrete_Summary.csv
45.8295,-129.74617,"Axial Base Deep Profiler - 1000 m E,Axial Base Shallow Profiler - 550 m E",Cabled-10_AT4212_Discrete_Summary.csv
45.8295,-129.74617,"Axial Base Deep Profiler - 1000 m E,Axial Base Shallow Profiler - 550 m E",Cabled-10_AT4212_Discrete_Summary.csv
45.8295,-129.74617,"Axial Base Deep Profiler - 1000 m E,Axial Base Shallow Profiler - 550 m E",Cabled-10_AT4212_Discrete_Summary.csv
44.37417,-124.95967,Oregon Offshore Shallow Profiler - 250 m W,Cabled-10_AT4212_Discrete_Summary.csv
44.37417,-124.95967,Oregon Offshore Shallow Profiler - 250 m W,Cabled-10_AT4212_Discrete_Summary.csv
44.37417,-124.95967,Oregon Offshore Shallow Profiler - 250 m W,Cabled-10_AT4212_Discrete_Summary.csv
44.37417,-124.95967,Oregon Offshore Shallow Profiler - 250 m W,Cabled-10_AT4212_Discrete_Summary.csv
44.37417,-124.95967,Oregon Offshore Shallow Profiler - 250 m W,Cabled-10_AT4212_Discrete_Summary.csv
44.37417,-124.95967,Oregon Offshore Shallow Profiler - 250 m W,Cabled-10_AT4212_Discrete_Summary.csv
44.37417,-124.95967,Oregon Offshore Shallow Profiler - 250 m W,Cabled-10_AT4212_Discrete_Summary.csv
44.37417,-124.95967,Oregon Offshore Shallow Profiler - 250 m W,Cabled-10_AT4212_Discrete_Summary.csv
44.37417,-124.95967,Oregon Offshore Shallow Profiler - 250 m W,Cabled-10_AT4212_Discrete_Summary.csv
44.37417,-124.95967,Oregon Offshore Shallow Profiler - 250 m W,Cabled-10_AT4212_Discrete_Summary.csv
44.37417,-124.95967,Oregon Offshore Shallow Profiler - 250 m W,Cabled-10_AT4212_Discrete_Summary.csv
44.37417,-124.95967,Oregon Offshore Shallow Profiler - 250 m W,Cabled-10_AT4212_Discrete_Summary.csv
44.529,-125.39283,Slope Base Shallow Profiler - 250 m W,Cabled-10_AT4212_Discrete_Summary.csv
44.529,-125.39283,Slope Base Shallow Profiler - 250 m W,Cabled-10_AT4212_Discrete_Summary.csv
44.529,-125.39283,Slope Base Shallow Profiler - 250 m W,Cabled-10_AT4212_Discrete_Summary.csv
44.529,-125.39283,Slope Base Shallow Profiler - 250 m W,Cabled-10_AT4212_Discrete_Summary.csv
44.529,-125.39283,Slope Base Shallow Profiler - 250 m W,Cabled-10_AT4212_Discrete_Summary.csv
44.529,-125.39283,Slope Base Shallow Profiler - 250 m W,Cabled-10_AT4212_Discrete_Summary.csv
44.529,-125.39283,Slope Base Shallow Profiler - 250 m W,Cabled-10_AT4212_Discrete_Summary.csv
44.529,-125.39283,Slope Base Shallow Profiler - 250 m W,Cabled-10_AT4212_Discrete_Summary.csv
44.529,-125.39283,Slope Base Shallow Profiler - 250 m W,Cabled-10_AT4212_Discrete_Summary.csv
44.529,-125.39283,Slope Base Shallow Profiler - 250 m W,Cabled-10_AT4212_Discrete_Summary.csv
44.529,-125.39283,Slope Base Shallow Profiler - 250 m W,Cabled-10_AT4212_Discrete_Summary.csv
44.529,-125.39283,Slope Base Shallow Profiler - 250 m W,Cabled-10_AT4212_Discrete_Summary.csv
44.529,-125.39283,Slope Base Shallow Profiler - 250 m W,Cabled-10_AT4212_Discrete_Summary.csv
44.529,-125.39283,Slope Base Shallow Profiler - 250 m W,Cabled-10_AT4212_Discrete_Summary.csv
44.529,-125.39283,Slope Base Shallow Profiler - 250 m W,Cabled-10_AT4212_Discrete_Summary.csv
44.529,-125.39283,Slope Base Shallow Profiler - 250 m W,Cabled-10_AT4212_Discrete_Summary.csv
44.37417,-124.95967,Oregon Offshore Shallow Profiler - 250 m W,Cabled-10_AT4212_Discrete_Summary.csv
44.37417,-124.95967,Oregon Offshore Shallow Profiler - 250 m W,Cabled-10_AT4212_Discrete_Summary.csv
44.37417,-124.95967,Oregon Offshore Shallow Profiler - 250 m W,Cabled-10_AT4212_Discrete_Summary.csv
44.37417,-124.95967,Oregon Offshore Shallow Profiler - 250 m W,Cabled-10_AT4212_Discrete_Summary.csv
44.37417,-124.95967,Oregon Offshore Shallow Profiler - 250 m W,Cabled-10_AT4212_Discrete_Summary.csv
44.37417,-124.95967,Oregon Offshore Shallow Profiler - 250 m W,Cabled-10_AT4212_Discrete_Summary.csv
44.37417,-124.95967,Oregon Offshore Shallow Profiler - 250 m W,Cabled-10_AT4212_Discrete_Summary.csv
44.37417,-124.95967,Oregon Offshore Shallow Profiler - 250 m W,Cabled-10_AT4212_Discrete_Summary.csv
44.37417,-124.95967,Oregon Offshore Shallow Profiler - 250 m W,Cabled-10_AT4212_Discrete_Summary.csv
44.37417,-124.95967,Oregon Offshore Shallow Profiler - 250 m W,Cabled-10_AT4212_Discrete_Summary.csv
44.37417,-124.95967,Oregon Offshore Shallow Profiler - 250 m W,Cabled-10_AT4212_Discrete_Summary.csv
44.37417,-124.95967,Oregon Offshore Shallow Profiler - 250 m W,Cabled-10_AT4212_Discrete_Summary.csv
44.37417,-124.95967,Oregon Offshore Shallow Profiler - 250 m W,Cabled-10_AT4212_Discrete_Summary.csv
44.37417,-124.95967,Oregon Offshore Shallow Profiler - 250 m W,Cabled-10_AT4212_Discrete_Summary.csv
44.37417,-124.95967,Oregon Offshore Shallow Profiler - 250 m W,Cabled-10_AT4212_Discrete_Summary.csv
44.37417,-124.95967,Oregon Offshore Shallow Profiler - 250 m W,Cabled-10_AT4212_Discrete_Summary.csv
45.82967,-129.74633,"Axial Base Deep Profiler - 1000 m E,Axial Base Shallow Profiler - 550 m E",Cabled-10_AT4212_Discrete_Summary.csv
45.82967,-129.74633,"Axial Base Deep Profiler - 1000 m E,Axial Base Shallow Profiler - 550 m E",Cabled-10_AT4212_Discrete_Summary.csv
45.82967,-129.74633,"Axial Base Deep Profiler - 1000 m E,Axial Base Shallow Profiler - 550 m E",Cabled-10_AT4212_Discrete_Summary.csv
45.82967,-129.74633,"Axial Base Deep Profiler - 1000 m E,Axial Base Shallow Profiler - 550 m E",Cabled-10_AT4212_Discrete_Summary.csv
45.82967,-129.74633,"Axial Base Deep Profiler - 1000 m E,Axial Base Shallow Profiler - 550 m E",Cabled-10_AT4212_Discrete_Summary.csv
45.82967,-129.74633,"Axial Base Deep Profiler - 1000 m E,Axial Base Shallow Profiler - 550 m E",Cabled-10_AT4212_Discrete_Summary.csv
45.82967,-129.74633,"Axial Base Deep Profiler - 1000 m E,Axial Base Shallow Profiler - 550 m E",Cabled-10_AT4212_Discrete_Summary.csv
45.82967,-129.74633,"Axial Base Deep Profiler - 1000 m E,Axial Base Shallow Profiler - 550 m E",Cabled-10_AT4212_Discrete_Summary.csv
45.82967,-129.74633,"Axial Base Deep Profiler - 1000 m E,Axial Base Shallow Profiler - 550 m E",Cabled-10_AT4212_Discrete_Summary.csv
45.82967,-129.74633,"Axial Base Deep Profiler - 1000 m E,Axial Base Shallow Profiler - 550 m E",Cabled-10_AT4212_Discrete_Summary.csv
45.82967,-129.74633,"Axial Base Deep Profiler - 1000 m E,Axial Base Shallow Profiler - 550 m E",Cabled-10_AT4212_Discrete_Summary.csv
45.82967,-129.74633,"Axial Base Deep Profiler - 1000 m E,Axial Base Shallow Profiler - 550 m E",Cabled-10_AT4212_Discrete_Summary.csv
45.82967,-129.74633,"Axial Base Deep Profiler - 1000 m E,Axial Base Shallow Profiler - 550 m E",Cabled-10_AT4212_Discrete_Summary.csv
45.82967,-129.74633,"Axial Base Deep Profiler - 1000 m E,Axial Base Shallow Profiler - 550 m E",Cabled-10_AT4212_Discrete_Summary.csv
45.82967,-129.74633,"Axial Base Deep Profiler - 1000 m E,Axial Base Shallow Profiler - 550 m E",Cabled-10_AT4212_Discrete_Summary.csv
45.82967,-129.74633,"Axial Base Deep Profiler - 1000 m E,Axial Base Shallow Profiler - 550 m E",Cabled-10_AT4212_Discrete_Summary.csv
45.82967,-129.74633,"Axial Base Deep Profiler - 1000 m E,Axial Base Shallow Profiler - 550 m E",Cabled-10_AT4212_Discrete_Summary.csv
45.82967,-129.74633,"Axial Base Deep Profiler - 1000 m E,Axial Base Shallow Profiler - 550 m E",Cabled-10_AT4212_Discrete_Summary.csv
45.82967,-129.74633,"Axial Base Deep Profiler - 1000 m E,Axial Base Shallow Profiler - 550 m E",Cabled-10_AT4212_Discrete_Summary.csv
45.82967,-129.74633,"Axial Base Deep Profiler - 1000 m E,Axial Base Shallow Profiler - 550 m E",Cabled-10_AT4212_Discrete_Summary.csv
45.82967,-129.74633,"Axial Base Deep Profiler - 1000 m E,Axial Base Shallow Profiler - 550 m E",Cabled-10_AT4212_Discrete_Summary.csv
45.82967,-129.74633,"Axial Base Deep Profiler - 1000 m E,Axial Base Shallow Profiler - 550 m E",Cabled-10_AT4212_Discrete_Summary.csv
45.82967,-129.74633,"Axial Base Deep Profiler - 1000 m E,Axial Base Shallow Profiler - 550 m E",Cabled-10_AT4212_Discrete_Summary.csv
45.82967,-129.74633,"Axial Base Deep Profiler - 1000 m E,Axial Base Shallow Profiler - 550 m E",Cabled-10_AT4212_Discrete_Summary.csv
45.82967,-129.74633,"Axial Base Deep Profiler - 1000 m E,Axial Base Shallow Profiler - 550 m E",Cabled-10_AT4212_Discrete_Summary.csv
45.82967,-129.74633,"Axial Base Deep Profiler - 1000 m E,Axial Base Shallow Profiler - 550 m E",Cabled-10_AT4212_Discrete_Summary.csv
45.82967,-129.74633,"Axial Base Deep Profiler - 1000 m E,Axial Base Shallow Profiler - 550 m E",Cabled-10_AT4212_Discrete_Summary.csv
45.82967,-129.74633,"Axial Base Deep Profiler - 1000 m E,Axial Base Shallow Profiler - 550 m E",Cabled-10_AT4212_Discrete_Summary.csv
45.82967,-129.74633,"Axial Base Deep Profiler - 1000 m E,Axial Base Shallow Profiler - 550 m E",Cabled-10_AT4212_Discrete_Summary.csv
45.82967,-129.74633,"Axial Base Deep Profiler - 1000 m E,Axial Base Shallow Profiler - 550 m E",Cabled-10_AT4212_Discrete_Summary.csv
45.82967,-129.74633,"Axial Base Deep Profiler - 1000 m E,Axial Base Shallow Profiler - 550 m E",Cabled-10_AT4212_Discrete_Summary.csv
45.82967,-129.74633,"Axial Base Deep Profiler - 1000 m E,Axial Base Shallow Profiler - 550 m E",Cabled-10_AT4212_Discrete_Summary.csv
45.82967,-129.74633,"Axial Base Deep Profiler - 1000 m E,Axial Base Shallow Profiler - 550 m E",Cabled-10_AT4212_Discrete_Summary.csv
45.82967,-129.74633,"Axial Base Deep Profiler - 1000 m E,Axial Base Shallow Profiler - 550 m E",Cabled-10_AT4212_Discrete_Summary.csv
45.82967,-129.74633,"Axial Base Deep Profiler - 1000 m E,Axial Base Shallow Profiler - 550 m E",Cabled-10_AT4212_Discrete_Summary.csv
45.82967,-129.74633,"Axial Base Deep Profiler - 1000 m E,Axial Base Shallow Profiler - 550 m E",Cabled-10_AT4212_Discrete_Summary.csv
45.82967,-129.74633,"Axial Base Deep Profiler - 1000 m E,Axial Base Shallow Profiler - 550 m E",Cabled-10_AT4212_Discrete_Summary.csv
45.82967,-129.74633,"Axial Base Deep Profiler - 1000 m E,Axial Base Shallow Profiler - 550 m E",Cabled-10_AT4212_Discrete_Summary.csv
45.82967,-129.74633,"Axial Base Deep Profiler - 1000 m E,Axial Base Shallow Profiler - 550 m E",Cabled-10_AT4212_Discrete_Summary.csv
44.51531,-125.39,Slope Base Junction Box LJ01A,Cabled-10_AT4212_Discrete_Summary.csv
44.51531,-125.39,Slope Base Junction Box LJ01A,Cabled-10_AT4212_Discrete_Summary.csv
44.36949,-124.95367,Oregon Offshore BEP,Cabled-10_AT4212_Discrete_Summary.csv
44.36949,-124.95367,Oregon Offshore BEP,Cabled-10_AT4212_Discrete_Summary.csv
44.63706,-124.30597,Oregon Shelf BEP,Cabled-10_AT4212_Discrete_Summary.csv
44.63706,-124.30597,Oregon Shelf BEP,Cabled-10_AT4212_Discrete_Summary.csv
44.5375,-125.3785,Slope Base Shallow Profiler,Cabled-11_TN382_Discrete_Summary.csv
44.5375,-125.3785,Slope Base Shallow Profiler,Cabled-11_TN382_Discrete_Summary.csv
44.5375,-125.3785,Slope Base Shallow Profiler,Cabled-11_TN382_Discrete_Summary.csv
44.5375,-125.3785,Slope Base Shallow Profiler,Cabled-11_TN382_Discrete_Summary.csv
44.5375,-125.3785,Slope Base Shallow Profiler,Cabled-11_TN382_Discrete_Summary.csv
44.5375,-125.3785,Slope Base Shallow Profiler,Cabled-11_TN382_Discrete_Summary.csv
44.5375,-125.3785,Slope Base Shallow Profiler,Cabled-11_TN382_Discrete_Summary.csv
44.5375,-125.3785,Slope Base Shallow Profiler,Cabled-11_TN382_Discrete_Summary.csv
44.5375,-125.3785,Slope Base Shallow Profiler,Cabled-11_TN382_Discrete_Summary.csv
44.5375,-125.3785,Slope Base Shallow Profiler,Cabled-11_TN382_Discrete_Summary.csv
45.83066667,-129.7395,Axial Base Deep Profiler - 1000 m E,Cabled-11_TN382_Discrete_Summary.csv
45.83066667,-129.7395,Axial Base Deep Profiler - 1000 m E,Cabled-11_TN382_Discrete_Summary.csv
45.83066667,-129.7395,Axial Base Deep Profiler - 1000 m E,Cabled-11_TN382_Discrete_Summary.csv
45.83066667,-129.7395,Axial Base Deep Profiler - 1000 m E,Cabled-11_TN382_Discrete_Summary.csv
45.83066667,-129.7395,Axial Base Deep Profiler - 1000 m E,Cabled-11_TN382_Discrete_Summary.csv
45.83066667,-129.7395,Axial Base Deep Profiler - 1000 m E,Cabled-11_TN382_Discrete_Summary.csv
45.83066667,-129.7395,Axial Base Deep Profiler - 1000 m E,Cabled-11_TN382_Discrete_Summary.csv
45.83066667,-129.7395,Axial Base Deep Profiler - 1000 m E,Cabled-11_TN382_Discrete_Summary.csv
45.83066667,-129.7395,Axial Base Deep Profiler - 1000 m E,Cabled-11_TN382_Discrete_Summary.csv
45.83066667,-129.7395,Axial Base Deep Profiler - 1000 m E,Cabled-11_TN382_Discrete_Summary.csv
45.83066667,-129.7395,Axial Base Deep Profiler - 1000 m E,Cabled-11_TN382_Discrete_Summary.csv
45.83066667,-129.7395,Axial Base Deep Profiler - 1000 m E,Cabled-11_TN382_Discrete_Summary.csv
45.83066667,-129.7395,Axial Base Deep Profiler - 1000 m E,Cabled-11_TN382_Discrete_Summary.csv
45.83066667,-129.7395,Axial Base Deep Profiler - 1000 m E,Cabled-11_TN382_Discrete_Summary.csv
45.83066667,-129.7395,Axial Base Deep Profiler - 1000 m E,Cabled-11_TN382_Discrete_Summary.csv
45.83066667,-129.7395,Axial Base Deep Profiler - 1000 m E,Cabled-11_TN382_Discrete_Summary.csv
45.83066667,-129.7395,Axial Base Deep Profiler - 1000 m E,Cabled-11_TN382_Discrete_Summary.csv
45.83066667,-129.7395,Axial Base Deep Profiler - 1000 m E,Cabled-11_TN382_Discrete_Summary.csv
45.83066667,-129.7395,Axial Base Deep Profiler - 1000 m E,Cabled-11_TN382_Discrete_Summary.csv
45.83066667,-129.7395,Axial Base Deep Profiler - 1000 m E,Cabled-11_TN382_Discrete_Summary.csv
45.83066667,-129.7395,Axial Base Deep Profiler - 1000 m E,Cabled-11_TN382_Discrete_Summary.csv
45.83066667,-129.7395,Axial Base Deep Profiler - 1000 m E,Cabled-11_TN382_Discrete_Summary.csv
45.83066667,-129.7395,Axial Base Deep Profiler - 1000 m E,Cabled-11_TN382_Discrete_Summary.csv
45.83066667,-129.7395,Axial Base Deep Profiler - 1000 m E,Cabled-11_TN382_Discrete_Summary.csv
45.83066667,-129.7395,Axial Base Deep Profiler - 1000 m E,Cabled-11_TN382_Discrete_Summary.csv
45.83066667,-129.7395,Axial Base Deep Profiler - 1000 m E,Cabled-11_TN382_Discrete_Summary.csv
45.83066667,-129.7395,Axial Base Deep Profiler - 1000 m E,Cabled-11_TN382_Discrete_Summary.csv
45.83066667,-129.7395,Axial Base Deep Profiler - 1000 m E,Cabled-11_TN382_Discrete_Summary.csv
44.53583333,-125.3801667,Slope Base Shallow Profiler - 1300 m NE,Cabled-11_TN382_Discrete_Summary.csv
44.53583333,-125.3803333,Slope Base Shallow Profiler - 1300 m NE,Cabled-11_TN382_Discrete_Summary.csv
44.53583333,-125.3803333,Slope Base Shallow Profiler - 1300 m NE,Cabled-11_TN382_Discrete_Summary.csv
44.53583333,-125.3803333,Slope Base Shallow Profiler - 1300 m NE,Cabled-11_TN382_Discrete_Summary.csv
44.53583333,-125.3803333,Slope Base Shallow Profiler - 1300 m NE,Cabled-11_TN382_Discrete_Summary.csv
44.53583333,-125.3803333,Slope Base Shallow Profiler - 1300 m NE,Cabled-11_TN382_Discrete_Summary.csv
44.53583333,-125.3803333,Slope Base Shallow Profiler - 1300 m NE,Cabled-11_TN382_Discrete_Summary.csv
44.53583333,-125.3803333,Slope Base Shallow Profiler - 1300 m NE,Cabled-11_TN382_Discrete_Summary.csv
44.53583333,-125.3803333,Slope Base Shallow Profiler - 1300 m NE,Cabled-11_TN382_Discrete_Summary.csv
44.53583333,-125.3803333,Slope Base Shallow Profiler - 1300 m NE,Cabled-11_TN382_Discrete_Summary.csv
44.53583333,-125.3803333,Slope Base Shallow Profiler - 1300 m NE,Cabled-11_TN382_Discrete_Summary.csv
44.53583333,-125.3803333,Slope Base Shallow Profiler - 1300 m NE,Cabled-11_TN382_Discrete_Summary.csv
44.53583333,-125.3803333,Slope Base Shallow Profiler - 1300 m NE,Cabled-11_TN382_Discrete_Summary.csv
44.53583333,-125.3803333,Slope Base Shallow Profiler - 1300 m NE,Cabled-11_TN382_Discrete_Summary.csv
44.53583333,-125.3803333,Slope Base Shallow Profiler - 1300 m NE,Cabled-11_TN382_Discrete_Summary.csv
44.53583333,-125.3803333,Slope Base Shallow Profiler - 1300 m NE,Cabled-11_TN382_Discrete_Summary.csv
44.53583333,-125.3803333,Slope Base Shallow Profiler - 1300 m NE,Cabled-11_TN382_Discrete_Summary.csv
44.53583333,-125.3803333,Slope Base Shallow Profiler - 1300 m NE,Cabled-11_TN382_Discrete_Summary.csv
44.53583333,-125.3803333,Slope Base Shallow Profiler - 1300 m NE,Cabled-11_TN382_Discrete_Summary.csv
44.53583333,-125.3803333,Slope Base Shallow Profiler - 1300 m NE,Cabled-11_TN382_Discrete_Summary.csv
44.37416667,-124.9625,Oregon Offshore Shallow Profiler - 500 m W,Cabled-11_TN382_Discrete_Summary.csv
44.37416667,-124.9625,Oregon Offshore Shallow Profiler - 500 m W,Cabled-11_TN382_Discrete_Summary.csv
44.37416667,-124.9625,Oregon Offshore Shallow Profiler - 500 m W,Cabled-11_TN382_Discrete_Summary.csv
44.37416667,-124.9625,Oregon Offshore Shallow Profiler - 500 m W,Cabled-11_TN382_Discrete_Summary.csv
44.37416667,-124.9625,Oregon Offshore Shallow Profiler - 500 m W,Cabled-11_TN382_Discrete_Summary.csv
44.37416667,-124.9625,Oregon Offshore Shallow Profiler - 500 m W,Cabled-11_TN382_Discrete_Summary.csv
44.37416667,-124.9625,Oregon Offshore Shallow Profiler - 500 m W,Cabled-11_TN382_Discrete_Summary.csv
44.37416667,-124.9625,Oregon Offshore Shallow Profiler - 500 m W,Cabled-11_TN382_Discrete_Summary.csv
44.37416667,-124.9625,Oregon Offshore Shallow Profiler - 500 m W,Cabled-11_TN382_Discrete_Summary.csv
44.37416667,-124.9625,Oregon Offshore Shallow Profiler - 500 m W,Cabled-11_TN382_Discrete_Summary.csv
44.37416667,-124.9625,Oregon Offshore Shallow Profiler - 500 m W,Cabled-11_TN382_Discrete_Summary.csv
44.37416667,-124.9625,Oregon Offshore Shallow Profiler - 500 m W,Cabled-11_TN382_Discrete_Summary.csv
44.37416667,-124.9625,Oregon Offshore Shallow Profiler - 500 m W,Cabled-11_TN382_Discrete_Summary.csv
44.37416667,-124.9625,Oregon Offshore Shallow Profiler - 500 m W,Cabled-11_TN382_Discrete_Summary.csv
44.37416667,-124.9625,Oregon Offshore Shallow Profiler - 500 m W,Cabled-11_TN382_Discrete_Summary.csv
44.37416667,-124.9625,Oregon Offshore Shallow Profiler - 500 m W,Cabled-11_TN382_Discrete_Summary.csv
44.37416667,-124.9625,Oregon Offshore Shallow Profiler - 500 m W,Cabled-11_TN382_Discrete_Summary.csv
44.37416667,-124.9625,Oregon Offshore Shallow Profiler - 500 m W,Cabled-11_TN382_Discrete_Summary.csv
44.37416667,-124.9625,Oregon Offshore Shallow Profiler - 500 m W,Cabled-11_TN382_Discrete_Summary.csv
44.37416667,-124.9625,Oregon Offshore Shallow Profiler - 500 m W,Cabled-11_TN382_Discrete_Summary.csv
44.37416667,-124.9625,Oregon Offshore Shallow Profiler - 500 m W,Cabled-11_TN382_Discrete_Summary.csv
44.57133333,-125.1466667,Southern Hydrate Ridge - 100 m N of Einstein's Grotto,Cabled-11_TN382_Discrete_Summary.csv
45.92639848,-129.9790234,Axial Seamount International District 1,Cabled-11_TN382_Discrete_Summary.csv
44.63718268,-124.3057942,Oregon Shelf BEP,Cabled-11_TN382_Discrete_Summary.csv
44.63718268,-124.3057942,Oregon Shelf BEP,Cabled-11_TN382_Discrete_Summary.csv
44.63723014,-124.3058499,Oregon Shelf BEP,Cabled-11_TN382_Discrete_Summary.csv
44.63723014,-124.3058499,Oregon Shelf BEP,Cabled-11_TN382_Discrete_Summary.csv
45.833333333333336,-129.75733333333332,Axial Base Shallow Profiler - 500 m NW,Cabled-12_TN393_Discrete_Summary.csv
45.833333333333336,-129.75733333333332,Axial Base Shallow Profiler - 500 m NW,Cabled-12_TN393_Discrete_Summary.csv
45.833333333333336,-129.75733333333332,Axial Base Shallow Profiler - 500 m NW,Cabled-12_TN393_Discrete_Summary.csv
45.833333333333336,-129.75733333333332,Axial Base Shallow Profiler - 500 m NW,Cabled-12_TN393_Discrete_Summary.csv
45.833333333333336,-129.75733333333332,Axial Base Shallow Profiler - 500 m NW,Cabled-12_TN393_Discrete_Summary.csv
45.833333333333336,-129.75733333333332,Axial Base Shallow Profiler - 500 m NW,Cabled-12_TN393_Discrete_Summary.csv
45.833333333333336,-129.75733333333332,Axial Base Shallow Profiler - 500 m NW,Cabled-12_TN393_Discrete_Summary.csv
45.833333333333336,-129.75733333333332,Axial Base Shallow Profiler - 500 m NW,Cabled-12_TN393_Discrete_Summary.csv
45.833333333333336,-129.75733333333332,Axial Base Shallow Profiler - 500 m NW,Cabled-12_TN393_Discrete_Summary.csv
45.833333333333336,-129.75733333333332,Axial Base Shallow Profiler - 500 m NW,Cabled-12_TN393_Discrete_Summary.csv
45.833333333333336,-129.75733333333332,Axial Base Shallow Profiler - 500 m NW,Cabled-12_TN393_Discrete_Summary.csv
45.833333333333336,-129.75733333333332,Axial Base Shallow Profiler - 500 m NW,Cabled-12_TN393_Discrete_Summary.csv
45.833333333333336,-129.75733333333332,Axial Base Shallow Profiler - 500 m NW,Cabled-12_TN393_Discrete_Summary.csv
45.833333333333336,-129.75733333333332,Axial Base Shallow Profiler - 500 m NW,Cabled-12_TN393_Discrete_Summary.csv
45.833333333333336,-129.75733333333332,Axial Base Shallow Profiler - 500 m NW,Cabled-12_TN393_Discrete_Summary.csv
45.833333333333336,-129.75733333333332,Axial Base Shallow Profiler - 500 m NW,Cabled-12_TN393_Discrete_Summary.csv
45.8305,-129.7465,Axial Base Shallow Profiler - 500 m E,Cabled-12_TN393_Discrete_Summary.csv
45.830333333333336,-129.7465,Axial Base Shallow Profiler - 500 m E,Cabled-12_TN393_Discrete_Summary.csv
45.830333333333336,-129.7465,Axial Base Shallow Profiler - 500 m E,Cabled-12_TN393_Discrete_Summary.csv
45.830333333333336,-129.7465,Axial Base Shallow Profiler - 500 m E,Cabled-12_TN393_Discrete_Summary.csv
45.830333333333336,-129.7465,Axial Base Shallow Profiler - 500 m E,Cabled-12_TN393_Discrete_Summary.csv
45.830333333333336,-129.7465,Axial Base Shallow Profiler - 500 m E,Cabled-12_TN393_Discrete_Summary.csv
45.830333333333336,-129.7465,Axial Base Shallow Profiler - 500 m E,Cabled-12_TN393_Discrete_Summary.csv
45.830333333333336,-129.7465,Axial Base Shallow Profiler - 500 m E,Cabled-12_TN393_Discrete_Summary.csv
45.830333333333336,-129.7465,Axial Base Shallow Profiler - 500 m E,Cabled-12_TN393_Discrete_Summary.csv
45.830333333333336,-129.7465,Axial Base Shallow Profiler - 500 m E,Cabled-12_TN393_Discrete_Summary.csv
45.830333333333336,-129.7465,Axial Base Shallow Profiler - 500 m E,Cabled-12_TN393_Discrete_Summary.csv
45.830333333333336,-129.7465,Axial Base Shallow Profiler - 500 m E,Cabled-12_TN393_Discrete_Summary.csv
44.526,-125.39433333333334,Slope Base Shallow Profiler - 500 m SW,Cabled-12_TN393_Discrete_Summary.csv
44.526,-125.39433333333334,Slope Base Shallow Profiler - 500 m SW,Cabled-12_TN393_Discrete_Summary.csv
44.526,-125.39433333333334,Slope Base Shallow Profiler - 500 m SW,Cabled-12_TN393_Discrete_Summary.csv
44.526,-125.39433333333334,Slope Base Shallow Profiler - 500 m SW,Cabled-12_TN393_Discrete_Summary.csv
44.526,-125.39433333333334,Slope Base Shallow Profiler - 500 m SW,Cabled-12_TN393_Discrete_Summary.csv
44.526,-125.39433333333334,Slope Base Shallow Profiler - 500 m SW,Cabled-12_TN393_Discrete_Summary.csv
44.526,-125.39433333333334,Slope Base Shallow Profiler - 500 m SW,Cabled-12_TN393_Discrete_Summary.csv
44.526,-125.39433333333334,Slope Base Shallow Profiler - 500 m SW,Cabled-12_TN393_Discrete_Summary.csv
44.526,-125.39433333333334,Slope Base Shallow Profiler - 500 m SW,Cabled-12_TN393_Discrete_Summary.csv
44.526,-125.39433333333334,Slope Base Shallow Profiler - 500 m SW,Cabled-12_TN393_Discrete_Summary.csv
44.526,-125.39433333333334,Slope Base Shallow Profiler - 500 m SW,Cabled-12_TN393_Discrete_Summary.csv
44.526,-125.39433333333334,Slope Base Shallow Profiler - 500 m SW,Cabled-12_TN393_Discrete_Summary.csv
44.526,-125.39433333333334,Slope Base Shallow Profiler - 500 m SW,Cabled-12_TN393_Discrete_Summary.csv
44.526,-125.39433333333334,Slope Base Shallow Profiler - 500 m SW,Cabled-12_TN393_Discrete_Summary.csv
44.374,-124.9505,Oregon Offshore Shallow Profiler - 500 m E,Cabled-12_TN393_Discrete_Summary.csv
44.374,-124.9505,Oregon Offshore Shallow Profiler - 500 m E,Cabled-12_TN393_Discrete_Summary.csv
44.374,-124.9505,Oregon Offshore Shallow Profiler - 500 m E,Cabled-12_TN393_Discrete_Summary.csv
44.374,-124.9505,Oregon Offshore Shallow Profiler - 500 m E,Cabled-12_TN393_Discrete_Summary.csv
44.374,-124.9505,Oregon Offshore Shallow Profiler - 500 m E,Cabled-12_TN393_Discrete_Summary.csv
44.374,-124.9505,Oregon Offshore Shallow Profiler - 500 m E,Cabled-12_TN393_Discrete_Summary.csv
44.374,-124.9505,Oregon Offshore Shallow Profiler - 500 m E,Cabled-12_TN393_Discrete_Summary.csv
44.374,-124.9505,Oregon Offshore Shallow Profiler - 500 m E,Cabled-12_TN393_Discrete_Summary.csv
44.374,-124.9505,Oregon Offshore Shallow Profiler - 500 m E,Cabled-12_TN393_Discrete_Summary.csv
44.374,-124.9505,Oregon Offshore Shallow Profiler - 500 m E,Cabled-12_TN393_Discrete_Summary.csv
44.374,-124.9505,Oregon Offshore Shallow Profiler - 500 m E,Cabled-12_TN393_Discrete_Summary.csv
44.374,-124.9505,Oregon Offshore Shallow Profiler - 500 m E,Cabled-12_TN393_Discrete_Summary.csv
44.374,-124.9505,Oregon Offshore Shallow Profiler - 500 m E,Cabled-12_TN393_Discrete_Summary.csv
44.374,-124.9505,Oregon Offshore Shallow Profiler - 500 m E,Cabled-12_TN393_Discrete_Summary.csv
44.374,-124.9505,Oregon Offshore Shallow Profiler - 500 m E,Cabled-12_TN393_Discrete_Summary.csv
44.374,-124.9505,Oregon Offshore Shallow Profiler - 500 m E,Cabled-12_TN393_Discrete_Summary.csv
45.8295,-129.746,Axial Base Deep Profiler - 1000 m E,Cabled-12_TN393_Discrete_Summary.csv
45.8295,-129.746,Axial Base Deep Profiler - 1000 m E,Cabled-12_TN393_Discrete_Summary.csv
45.8295,-129.746,Axial Base Deep Profiler - 1000 m E,Cabled-12_TN393_Discrete_Summary.csv
45.8295,-129.746,Axial Base Deep Profiler - 1000 m E,Cabled-12_TN393_Discrete_Summary.csv
45.8295,-129.746,Axial Base Deep Profiler - 1000 m E,Cabled-12_TN393_Discrete_Summary.csv
45.8295,-129.746,Axial Base Deep Profiler - 1000 m E,Cabled-12_TN393_Discrete_Summary.csv
45.8295,-129.746,Axial Base Deep Profiler - 1000 m E,Cabled-12_TN393_Discrete_Summary.csv
45.8295,-129.746,Axial Base Deep Profiler - 1000 m E,Cabled-12_TN393_Discrete_Summary.csv
45.8295,-129.746,Axial Base Deep Profiler - 1000 m E,Cabled-12_TN393_Discrete_Summary.csv
45.8295,-129.746,Axial Base Deep Profiler - 1000 m E,Cabled-12_TN393_Discrete_Summary.csv
45.8295,-129.746,Axial Base Deep Profiler - 1000 m E,Cabled-12_TN393_Discrete_Summary.csv
45.8295,-129.746,Axial Base Deep Profiler - 1000 m E,Cabled-12_TN393_Discrete_Summary.csv
45.8295,-129.746,Axial Base Deep Profiler - 1000 m E,Cabled-12_TN393_Discrete_Summary.csv
45.8295,-129.746,Axial Base Deep Profiler - 1000 m E,Cabled-12_TN393_Discrete_Summary.csv
45.8295,-129.746,Axial Base Deep Profiler - 1000 m E,Cabled-12_TN393_Discrete_Summary.csv
45.8295,-129.746,Axial Base Deep Profiler - 1000 m E,Cabled-12_TN393_Discrete_Summary.csv
45.8295,-129.746,Axial Base Deep Profiler - 1000 m E,Cabled-12_TN393_Discrete_Summary.csv
45.8295,-129.746,Axial Base Deep Profiler - 1000 m E,Cabled-12_TN393_Discrete_Summary.csv
45.8295,-129.746,Axial Base Deep Profiler - 1000 m E,Cabled-12_TN393_Discrete_Summary.csv
45.8295,-129.746,Axial Base Deep Profiler - 1000 m E,Cabled-12_TN393_Discrete_Summary.csv
45.81690812,-129.75396431,Axial Base Junction Box LJ03A,Cabled-12_TN393_Discrete_Summary.csv
45.81691077,-129.75396656,Axial Base Junction Box LJ03A,Cabled-12_TN393_Discrete_Summary.csv
45.81691077,-129.75396656,Axial Base Junction Box LJ03A,Cabled-12_TN393_Discrete_Summary.csv
44.51514055,-125.38982755,Slope Base Junction Box LJ01A,Cabled-12_TN393_Discrete_Summary.csv
44.51514055,-125.38982755,Slope Base Junction Box LJ01A,Cabled-12_TN393_Discrete_Summary.csv
44.51513416,-125.3898279,Slope Base Junction Box LJ01A,Cabled-12_TN393_Discrete_Summary.csv
44.51513416,-125.3898279,Slope Base Junction Box LJ01A,Cabled-12_TN393_Discrete_Summary.csv
44.52702636,-125.38038934,Slope Base Deep Profiler,Cabled-12_TN393_Discrete_Summary.csv
44.52647932,-125.38023314,Slope Base Deep Profiler,Cabled-12_TN393_Discrete_Summary.csv
45.8265,-129.74733333333333,Axial Base Shallow Profiler,Cabled-13_TN407_Discrete_Summary.csv
45.8265,-129.74733333333333,Axial Base Shallow Profiler,Cabled-13_TN407_Discrete_Summary.csv
45.8265,-129.74733333333333,Axial Base Shallow Profiler,Cabled-13_TN407_Discrete_Summary.csv
45.8265,-129.74733333333333,Axial Base Shallow Profiler,Cabled-13_TN407_Discrete_Summary.csv
45.8265,-129.74733333333333,Axial Base Shallow Profiler,Cabled-13_TN407_Discrete_Summary.csv
45.8265,-129.74733333333333,Axial Base Shallow Profiler,Cabled-13_TN407_Discrete_Summary.csv
45.8265,-129.74733333333333,Axial Base Shallow Profiler,Cabled-13_TN407_Discrete_Summary.csv
45.8265,-129.74733333333333,Axial Base Shallow Profiler,Cabled-13_TN407_Discrete_Summary.csv
45.8265,-129.74733333333333,Axial Base Shallow Profiler,Cabled-13_TN407_Discrete_Summary.csv
45.8265,-129.74733333333333,Axial Base Shallow Profiler,Cabled-13_TN407_Discrete_Summary.csv
45.8265,-129.74733333333333,Axial Base Shallow Profiler,Cabled-13_TN407_Discrete_Summary.csv
45.8265,-129.74733333333333,Axial Base Shallow Profiler,Cabled-13_TN407_Discrete_Summary.csv
45.8265,-129.74733333333333,Axial Base Shallow Profiler,Cabled-13_TN407_Discrete_Summary.csv
44.56966666666667,-125.14666666666666,Southern Hydrate Ridge,Cabled-13_TN407_Discrete_Summary.csv
44.56966666666667,-125.14666666666666,Southern Hydrate Ridge,Cabled-13_TN407_Discrete_Summary.csv
44.56966666666667,-125.14666666666666,Southern Hydrate Ridge,Cabled-13_TN407_Discrete_Summary.csv
44.56966666666667,-125.14666666666666,Southern Hydrate Ridge,Cabled-13_TN407_Discrete_Summary.csv
44.56966666666667,-125.14666666666666,Southern Hydrate Ridge,Cabled-13_TN407_Discrete_Summary.csv
44.56966666666667,-125.14666666666666,Southern Hydrate Ridge,Cabled-13_TN407_Discrete_Summary.csv
44.56966666666667,-125.14666666666666,Southern Hydrate Ridge,Cabled-13_TN407_Discrete_Summary.csv
44.56966666666667,-125.14666666666666,Southern Hydrate Ridge,Cabled-13_TN407_Discrete_Summary.csv
44.56966666666667,-125.14666666666666,Southern Hydrate Ridge,Cabled-13_TN407_Discrete_Summary.csv
44.56966666666667,-125.14666666666666,Southern Hydrate Ridge,Cabled-13_TN407_Discrete_Summary.csv
44.56966666666667,-125.14666666666666,Southern Hydrate Ridge,Cabled-13_TN407_Discrete_Summary.csv
44.56966666666667,-125.14666666666666,Southern Hydrate Ridge,Cabled-13_TN407_Discrete_Summary.csv
44.515166666666666,-125.39566666666668,Slope Base Shallow Profiler,Cabled-13_TN407_Discrete_Summary.csv
44.515166666666666,-125.39566666666668,Slope Base Shallow Profiler,Cabled-13_TN407_Discrete_Summary.csv
44.515166666666666,-125.39566666666668,Slope Base Shallow Profiler,Cabled-13_TN407_Discrete_Summary.csv
44.515166666666666,-125.39566666666668,Slope Base Shallow Profiler,Cabled-13_TN407_Discrete_Summary.csv
44.515166666666666,-125.39566666666668,Slope Base Shallow Profiler,Cabled-13_TN407_Discrete_Summary.csv
44.515166666666666,-125.39566666666668,Slope Base Shallow Profiler,Cabled-13_TN407_Discrete_Summary.csv
44.515166666666666,-125.39566666666668,Slope Base Shallow Profiler,Cabled-13_TN407_Discrete_Summary.csv
44.515166666666666,-125.39566666666668,Slope Base Shallow Profiler,Cabled-13_TN407_Discrete_Summary.csv
44.515166666666666,-125.39566666666668,Slope Base Shallow Profiler,Cabled-13_TN407_Discrete_Summary.csv
44.515166666666666,-125.39566666666668,Slope Base Shallow Profiler,Cabled-13_TN407_Discrete_Summary.csv
44.37383333333333,-124.95166666666668,Oregon Offshore Shallow Profiler,Cabled-13_TN407_Discrete_Summary.csv
44.37383333333333,-124.95166666666668,Oregon Offshore Shallow Profiler,Cabled-13_TN407_Discrete_Summary.csv
44.37383333333333,-124.95166666666668,Oregon Offshore Shallow Profiler,Cabled-13_TN407_Discrete_Summary.csv
44.37383333333333,-124.95166666666668,Oregon Offshore Shallow Profiler,Cabled-13_TN407_Discrete_Summary.csv
44.37383333333333,-124.95166666666668,Oregon Offshore Shallow Profiler,Cabled-13_TN407_Discrete_Summary.csv
44.37383333333333,-124.95166666666668,Oregon Offshore Shallow Profiler,Cabled-13_TN407_Discrete_Summary.csv
44.37383333333333,-124.95166666666668,Oregon Offshore Shallow Profiler,Cabled-13_TN407_Discrete_Summary.csv
44.37383333333333,-124.95166666666668,Oregon Offshore Shallow Profiler,Cabled-13_TN407_Discrete_Summary.csv
44.37383333333333,-124.95166666666668,Oregon Offshore Shallow Profiler,Cabled-13_TN407_Discrete_Summary.csv
44.37383333333333,-124.95166666666668,Oregon Offshore Shallow Profiler,Cabled-13_TN407_Discrete_Summary.csv
44.37383333333333,-124.95166666666668,Oregon Offshore Shallow Profiler,Cabled-13_TN407_Discrete_Summary.csv
44.3645,-124.94833333333334,Oregon Offshore Deep Profiler,Cabled-13_TN407_Discrete_Summary.csv
44.3645,-124.94833333333334,Oregon Offshore Deep Profiler,Cabled-13_TN407_Discrete_Summary.csv
44.3645,-124.94833333333334,Oregon Offshore Deep Profiler,Cabled-13_TN407_Discrete_Summary.csv
44.3645,-124.94833333333334,Oregon Offshore Deep Profiler,Cabled-13_TN407_Discrete_Summary.csv
44.3645,-124.94833333333334,Oregon Offshore Deep Profiler,Cabled-13_TN407_Discrete_Summary.csv
44.3645,-124.94833333333334,Oregon Offshore Deep Profiler,Cabled-13_TN407_Discrete_Summary.csv
44.3645,-124.94833333333334,Oregon Offshore Deep Profiler,Cabled-13_TN407_Discrete_Summary.csv
44.3645,-124.94833333333334,Oregon Offshore Deep Profiler,Cabled-13_TN407_Discrete_Summary.csv
44.3645,-124.94833333333334,Oregon Offshore Deep Profiler,Cabled-13_TN407_Discrete_Summary.csv
44.3645,-124.94833333333334,Oregon Offshore Deep Profiler,Cabled-13_TN407_Discrete_Summary.csv
44.3645,-124.94833333333334,Oregon Offshore Deep Profiler,Cabled-13_TN407_Discrete_Summary.csv
44.3645,-124.94833333333334,Oregon Offshore Deep Profiler,Cabled-13_TN407_Discrete_Summary.csv
44.524166666666666,-125.37533333333332,Slope Base Deep Profiler,Cabled-13_TN407_Discrete_Summary.csv
44.524166666666666,-125.37533333333332,Slope Base Deep Profiler,Cabled-13_TN407_Discrete_Summary.csv
44.524166666666666,-125.37533333333332,Slope Base Deep Profiler,Cabled-13_TN407_Discrete_Summary.csv
44.524166666666666,-125.37533333333332,Slope Base Deep Profiler,Cabled-13_TN407_Discrete_Summary.csv
44.524166666666666,-125.37533333333332,Slope Base Deep Profiler,Cabled-13_TN407_Discrete_Summary.csv
44.524166666666666,-125.37533333333332,Slope Base Deep Profiler,Cabled-13_TN407_Discrete_Summary.csv
44.524166666666666,-125.37533333333332,Slope Base Deep Profiler,Cabled-13_TN407_Discrete_Summary.csv
44.524166666666666,-125.37533333333332,Slope Base Deep Profiler,Cabled-13_TN407_Discrete_Summary.csv
44.524166666666666,-125.37533333333332,Slope Base Deep Profiler,Cabled-13_TN407_Discrete_Summary.csv
44.524166666666666,-125.37533333333332,Slope Base Deep Profiler,Cabled-13_TN407_Discrete_Summary.csv
44.524166666666666,-125.37533333333332,Slope Base Deep Profiler,Cabled-13_TN407_Discrete_Summary.csv
45.83433333333333,-129.75833333333333,Axial Base Deep Profiler,Cabled-13_TN407_Discrete_Summary.csv
45.83433333333333,-129.75833333333333,Axial Base Deep Profiler,Cabled-13_TN407_Discrete_Summary.csv
45.83433333333333,-129.75833333333333,Axial Base Deep Profiler,Cabled-13_TN407_Discrete_Summary.csv
45.83433333333333,-129.75833333333333,Axial Base Deep Profiler,Cabled-13_TN407_Discrete_Summary.csv
45.83433333333333,-129.75833333333333,Axial Base Deep Profiler,Cabled-13_TN407_Discrete_Summary.csv
45.83433333333333,-129.75833333333333,Axial Base Deep Profiler,Cabled-13_TN407_Discrete_Summary.csv
45.83433333333333,-129.75833333333333,Axial Base Deep Profiler,Cabled-13_TN407_Discrete_Summary.csv
45.83433333333333,-129.75833333333333,Axial Base Deep Profiler,Cabled-13_TN407_Discrete_Summary.csv
45.83433333333333,-129.75833333333333,Axial Base Deep Profiler,Cabled-13_TN407_Discrete_Summary.csv
45.83433333333333,-129.75833333333333,Axial Base Deep Profiler,Cabled-13_TN407_Discrete_Summary.csv
45.83433333333333,-129.75833333333333,Axial Base Deep Profiler,Cabled-13_TN407_Discrete_Summary.csv
44.37716666666667,-124.95266666666669,Oregon Offshore Shallow Profiler,Cabled-13_TN407_Discrete_Summary.csv
44.37716666666667,-124.95266666666669,Oregon Offshore Shallow Profiler,Cabled-13_TN407_Discrete_Summary.csv
44.37716666666667,-124.95266666666669,Oregon Offshore Shallow Profiler,Cabled-13_TN407_Discrete_Summary.csv
44.37716666666667,-124.95266666666669,Oregon Offshore Shallow Profiler,Cabled-13_TN407_Discrete_Summary.csv
44.37716666666667,-124.95266666666669,Oregon Offshore Shallow Profiler,Cabled-13_TN407_Discrete_Summary.csv
44.37716666666667,-124.95266666666669,Oregon Offshore Shallow Profiler,Cabled-13_TN407_Discrete_Summary.csv
44.37716666666667,-124.95266666666669,Oregon Offshore Shallow Profiler,Cabled-13_TN407_Discrete_Summary.csv
44.37716666666667,-124.95266666666669,Oregon Offshore Shallow Profiler,Cabled-13_TN407_Discrete_Summary.csv
44.37716666666667,-124.95266666666669,Oregon Offshore Shallow Profiler,Cabled-13_TN407_Discrete_Summary.csv
44.37716666666667,-124.95266666666669,Oregon Offshore Shallow Profiler,Cabled-13_TN407_Discrete_Summary.csv
44.37716666666667,-124.95266666666669,Oregon Offshore Shallow Profiler,Cabled-13_TN407_Discrete_Summary.csv
44.37716666666667,-124.95266666666669,Oregon Offshore Shallow Profiler,Cabled-13_TN407_Discrete_Summary.csv
44.37716666666667,-124.95266666666669,Oregon Offshore Shallow Profiler,Cabled-13_TN407_Discrete_Summary.csv
44.37716666666667,-124.95266666666669,Oregon Offshore Shallow Profiler,Cabled-13_TN407_Discrete_Summary.csv
44.531333333333336,-125.38333333333334,Slope Base Shallow Profiler,Cabled-13_TN407_Discrete_Summary.csv
44.531333333333336,-125.38333333333334,Slope Base Shallow Profiler,Cabled-13_TN407_Discrete_Summary.csv
44.531333333333336,-125.38333333333334,Slope Base Shallow Profiler,Cabled-13_TN407_Discrete_Summary.csv
44.531333333333336,-125.38333333333334,Slope Base Shallow Profiler,Cabled-13_TN407_Discrete_Summary.csv
44.531333333333336,-125.38333333333334,Slope Base Shallow Profiler,Cabled-13_TN407_Discrete_Summary.csv
44.531333333333336,-125.38333333333334,Slope Base Shallow Profiler,Cabled-13_TN407_Discrete_Summary.csv
44.531333333333336,-125.38333333333334,Slope Base Shallow Profiler,Cabled-13_TN407_Discrete_Summary.csv
44.531333333333336,-125.38333333333334,Slope Base Shallow Profiler,Cabled-13_TN407_Discrete_Summary.csv
44.531333333333336,-125.38333333333334,Slope Base Shallow Profiler,Cabled-13_TN407_Discrete_Summary.csv
44.531333333333336,-125.38333333333334,Slope Base Shallow Profiler,Cabled-13_TN407_Discrete_Summary.csv
44.531333333333336,-125.38333333333334,Slope Base Shallow Profiler,Cabled-13_TN407_Discrete_Summary.csv
44.531333333333336,-125.38333333333334,Slope Base Shallow Profiler,Cabled-13_TN407_Discrete_Summary.csv
44.531333333333336,-125.38333333333334,Slope Base Shallow Profiler,Cabled-13_TN407_Discrete_Summary.csv
44.531333333333336,-125.38333333333334,Slope Base Shallow Profiler,Cabled-13_TN407_Discrete_Summary.csv
44.531333333333336,-125.38333333333334,Slope Base Shallow Profiler,Cabled-13_TN407_Discrete_Summary.csv
44.531333333333336,-125.38333333333334,Slope Base Shallow Profiler,Cabled-13_TN407_Discrete_Summary.csv
44.5151221,-125.3901465,Slope Base Junction Box LJ01A,Cabled-13_TN407_Discrete_Summary.csv
44.5151221,-125.3901465,Slope Base Junction Box LJ01A,Cabled-13_TN407_Discrete_Summary.csv
44.5151221,-125.3901465,Slope Base Junction Box LJ01A,Cabled-13_TN407_Discrete_Summary.csv
44.3742408,-124.956155,Axial Base Shallow Profiler,Cabled-13_TN407_Discrete_Summary.csv
44.3742408,-124.956155,Axial Base Shallow Profiler,Cabled-13_TN407_Discrete_Summary.csv
44.3742408,-124.956155,Axial Base Shallow Profiler,Cabled-13_TN407_Discrete_Summary.csv
45.9548407,-130.008808,Axial Central Caldera,Cabled-13_TN407_Discrete_Summary.csv
45.9399245,-129.9740186,Axial Eastern Caldera,Cabled-13_TN407_Discrete_Summary.csv
45.9337522,-130.0138539,Axial ASHS Vent Field,Cabled-13_TN407_Discrete_Summary.csv
44.6371876,-124.3056881,Oregon Shelf BEP,Cabled-13_TN407_Discrete_Summary.csv
44.6371876,-124.3056881,Oregon Shelf BEP,Cabled-13_TN407_Discrete_Summary.csv
44.3693713,-124.9536626,Oregon Offshore BEP,Cabled-13_TN407_Discrete_Summary.csv
44.3693713,-124.9536626,Oregon Offshore BEP,Cabled-13_TN407_Discrete_Summary.csv
44.3693713,-124.9536626,Oregon Offshore BEP,Cabled-13_TN407_Discrete_Summary.csv
44.5698676,-125.1467985,Southern Hydrate Ridge,Cabled-13_TN407_Discrete_Summary.csv
45.8168164,-129.7539992,Axial Base Junction Box LJ03A,Cabled-13_TN407_Discrete_Summary.csv
45.8168141,-129.7540014,Axial Base Junction Box LJ03A,Cabled-13_TN407_Discrete_Summary.csv
45.8168141,-129.7540014,Axial Base Junction Box LJ03A,Cabled-13_TN407_Discrete_Summary.csv
45.9548073,-130.0088606,Axial Central Caldera,Cabled-13_TN407_Discrete_Summary.csv
45.9548073,-130.0088606,Axial Central Caldera,Cabled-13_TN407_Discrete_Summary.csv
45.9548073,-130.0088606,Axial Central Caldera,Cabled-13_TN407_Discrete_Summary.csv
44.3715,-124.9615,Oregon Offshore Shallow Profiler,Cabled-14_TN422_Discrete_Summary.csv
44.3715,-124.9615,Oregon Offshore Shallow Profiler,Cabled-14_TN422_Discrete_Summary.csv
44.3715,-124.9615,Oregon Offshore Shallow Profiler,Cabled-14_TN422_Discrete_Summary.csv
44.3715,-124.9615,Oregon Offshore Shallow Profiler,Cabled-14_TN422_Discrete_Summary.csv
44.3715,-124.9615,Oregon Offshore Shallow Profiler,Cabled-14_TN422_Discrete_Summary.csv
44.3715,-124.9615,Oregon Offshore Shallow Profiler,Cabled-14_TN422_Discrete_Summary.csv
44.3715,-124.9615,Oregon Offshore Shallow Profiler,Cabled-14_TN422_Discrete_Summary.csv
44.3715,-124.9615,Oregon Offshore Shallow Profiler,Cabled-14_TN422_Discrete_Summary.csv
44.3715,-124.9615,Oregon Offshore Shallow Profiler,Cabled-14_TN422_Discrete_Summary.csv
44.3715,-124.9615,Oregon Offshore Shallow Profiler,Cabled-14_TN422_Discrete_Summary.csv
44.3715,-124.9615,Oregon Offshore Shallow Profiler,Cabled-14_TN422_Discrete_Summary.csv
44.3715,-124.9615,Oregon Offshore Shallow Profiler,Cabled-14_TN422_Discrete_Summary.csv
44.3715,-124.9615,Oregon Offshore Shallow Profiler,Cabled-14_TN422_Discrete_Summary.csv
44.532833333333336,-125.39166666666668,Slope Base Shallow Profiler,Cabled-14_TN422_Discrete_Summary.csv
44.532833333333336,-125.39166666666668,Slope Base Shallow Profiler,Cabled-14_TN422_Discrete_Summary.csv
44.532833333333336,-125.39166666666668,Slope Base Shallow Profiler,Cabled-14_TN422_Discrete_Summary.csv
44.532833333333336,-125.39166666666668,Slope Base Shallow Profiler,Cabled-14_TN422_Discrete_Summary.csv
44.532833333333336,-125.39166666666668,Slope Base Shallow Profiler,Cabled-14_TN422_Discrete_Summary.csv
44.532833333333336,-125.39166666666668,Slope Base Shallow Profiler,Cabled-14_TN422_Discrete_Summary.csv
44.532833333333336,-125.39166666666668,Slope Base Shallow Profiler,Cabled-14_TN422_Discrete_Summary.csv
44.532833333333336,-125.39166666666668,Slope Base Shallow Profiler,Cabled-14_TN422_Discrete_Summary.csv
44.532833333333336,-125.39166666666668,Slope Base Shallow Profiler,Cabled-14_TN422_Discrete_Summary.csv
44.532833333333336,-125.39166666666668,Slope Base Shallow Profiler,Cabled-14_TN422_Discrete_Summary.csv
44.532833333333336,-125.39166666666668,Slope Base Shallow Profiler,Cabled-14_TN422_Discrete_Summary.csv
44.532833333333336,-125.39166666666668,Slope Base Shallow Profiler,Cabled-14_TN422_Discrete_Summary.csv
44.532833333333336,-125.39166666666668,Slope Base Shallow Profiler,Cabled-14_TN422_Discrete_Summary.csv
45.83433333333333,-129.74683333333334,Axial Base Shallow Profiler,Cabled-14_TN422_Discrete_Summary.csv
45.83433333333333,-129.74683333333334,Axial Base Shallow Profiler,Cabled-14_TN422_Discrete_Summary.csv
45.83433333333333,-129.74683333333334,Axial Base Shallow Profiler,Cabled-14_TN422_Discrete_Summary.csv
45.83433333333333,-129.74683333333334,Axial Base Shallow Profiler,Cabled-14_TN422_Discrete_Summary.csv
45.83433333333333,-129.74683333333334,Axial Base Shallow Profiler,Cabled-14_TN422_Discrete_Summary.csv
45.83433333333333,-129.74683333333334,Axial Base Shallow Profiler,Cabled-14_TN422_Discrete_Summary.csv
45.83433333333333,-129.74683333333334,Axial Base Shallow Profiler,Cabled-14_TN422_Discrete_Summary.csv
45.83433333333333,-129.74683333333334,Axial Base Shallow Profiler,Cabled-14_TN422_Discrete_Summary.csv
45.83433333333333,-129.74683333333334,Axial Base Shallow Profiler,Cabled-14_TN422_Discrete_Summary.csv
45.83433333333333,-129.74683333333334,Axial Base Shallow Profiler,Cabled-14_TN422_Discrete_Summary.csv
45.83433333333333,-129.74683333333334,Axial Base Shallow Profiler,Cabled-14_TN422_Discrete_Summary.csv
45.83433333333333,-129.74683333333334,Axial Base Shallow Profiler,Cabled-14_TN422_Discrete_Summary.csv
45.83433333333333,-129.74683333333334,Axial Base Shallow Profiler,Cabled-14_TN422_Discrete_Summary.csv
45.83433333333333,-129.74683333333334,Axial Base Shallow Profiler,Cabled-14_TN422_Discrete_Summary.csv
45.83433333333333,-129.74683333333334,Axial Base Shallow Profiler,Cabled-14_TN422_Discrete_Summary.csv
45.824666666666666,-129.75966666666667,Axial Base Deep Profiler,Cabled-14_TN422_Discrete_Summary.csv
45.824666666666666,-129.75966666666667,Axial Base Deep Profiler,Cabled-14_TN422_Discrete_Summary.csv
45.824666666666666,-129.75966666666667,Axial Base Deep Profiler,Cabled-14_TN422_Discrete_Summary.csv
45.824666666666666,-129.75966666666667,Axial Base Deep Profiler,Cabled-14_TN422_Discrete_Summary.csv
45.824666666666666,-129.75966666666667,Axial Base Deep Profiler,Cabled-14_TN422_Discrete_Summary.csv
45.824666666666666,-129.75966666666667,Axial Base Deep Profiler,Cabled-14_TN422_Discrete_Summary.csv
45.824666666666666,-129.75966666666667,Axial Base Deep Profiler,Cabled-14_TN422_Discrete_Summary.csv
45.824666666666666,-129.75966666666667,Axial Base Deep Profiler,Cabled-14_TN422_Discrete_Summary.csv
45.824666666666666,-129.75966666666667,Axial Base Deep Profiler,Cabled-14_TN422_Discrete_Summary.csv
45.824666666666666,-129.75966666666667,Axial Base Deep Profiler,Cabled-14_TN422_Discrete_Summary.csv
45.824666666666666,-129.75966666666667,Axial Base Deep Profiler,Cabled-14_TN422_Discrete_Summary.csv
44.3715,-124.95766666666668,Oregon Offshore Deep Profiler,Cabled-14_TN422_Discrete_Summary.csv
44.3715,-124.95766666666668,Oregon Offshore Deep Profiler,Cabled-14_TN422_Discrete_Summary.csv
44.3715,-124.95766666666668,Oregon Offshore Deep Profiler,Cabled-14_TN422_Discrete_Summary.csv
44.3715,-124.95766666666668,Oregon Offshore Deep Profiler,Cabled-14_TN422_Discrete_Summary.csv
44.3715,-124.95766666666668,Oregon Offshore Deep Profiler,Cabled-14_TN422_Discrete_Summary.csv
44.3715,-124.95766666666668,Oregon Offshore Deep Profiler,Cabled-14_TN422_Discrete_Summary.csv
44.3715,-124.95766666666668,Oregon Offshore Deep Profiler,Cabled-14_TN422_Discrete_Summary.csv
44.3715,-124.95766666666668,Oregon Offshore Deep Profiler,Cabled-14_TN422_Discrete_Summary.csv
44.3715,-124.95766666666668,Oregon Offshore Deep Profiler,Cabled-14_TN422_Discrete_Summary.csv
44.3715,-124.95766666666668,Oregon Offshore Deep Profiler,Cabled-14_TN422_Discrete_Summary.csv
44.3715,-124.95766666666668,Oregon Offshore Deep Profiler,Cabled-14_TN422_Discrete_Summary.csv
44.3715,-124.95766666666668,Oregon Offshore Deep Profiler,Cabled-14_TN422_Discrete_Summary.csv
44.3715,-124.95766666666668,Oregon Offshore Deep Profiler,Cabled-14_TN422_Discrete_Summary.csv
44.3715,-124.95766666666668,Oregon Offshore Deep Profiler,Cabled-14_TN422_Discrete_Summary.csv
44.3725,-124.95133333333334,Oregon Offshore Deep Profiler,Cabled-14_TN422_Discrete_Summary.csv
44.3725,-124.95133333333334,Oregon Offshore Deep Profiler,Cabled-14_TN422_Discrete_Summary.csv
44.3725,-124.95133333333334,Oregon Offshore Deep Profiler,Cabled-14_TN422_Discrete_Summary.csv
44.3725,-124.95133333333334,Oregon Offshore Deep Profiler,Cabled-14_TN422_Discrete_Summary.csv
44.3725,-124.95133333333334,Oregon Offshore Deep Profiler,Cabled-14_TN422_Discrete_Summary.csv
44.3725,-124.95133333333334,Oregon Offshore Deep Profiler,Cabled-14_TN422_Discrete_Summary.csv
44.3725,-124.95133333333334,Oregon Offshore Deep Profiler,Cabled-14_TN422_Discrete_Summary.csv
44.3725,-124.95133333333334,Oregon Offshore Deep Profiler,Cabled-14_TN422_Discrete_Summary.csv
44.3725,-124.95133333333334,Oregon Offshore Deep Profiler,Cabled-14_TN422_Discrete_Summary.csv
44.3725,-124.95133333333334,Oregon Offshore Deep Profiler,Cabled-14_TN422_Discrete_Summary.csv
44.3725,-124.95133333333334,Oregon Offshore Deep Profiler,Cabled-14_TN422_Discrete_Summary.csv
44.3725,-124.95133333333334,Oregon Offshore Deep Profiler,Cabled-14_TN422_Discrete_Summary.csv
44.523666666666664,-125.37566666666666,Slope Base Deep Profiler,Cabled-14_TN422_Discrete_Summary.csv
44.523666666666664,-125.37566666666666,Slope Base Deep Profiler,Cabled-14_TN422_Discrete_Summary.csv
44.523666666666664,-125.37566666666666,Slope Base Deep Profiler,Cabled-14_TN422_Discrete_Summary.csv
44.523666666666664,-125.37566666666666,Slope Base Deep Profiler,Cabled-14_TN422_Discrete_Summary.csv
44.523666666666664,-125.37566666666666,Slope Base Deep Profiler,Cabled-14_TN422_Discrete_Summary.csv
44.523666666666664,-125.37566666666666,Slope Base Deep Profiler,Cabled-14_TN422_Discrete_Summary.csv
44.523666666666664,-125.37566666666666,Slope Base Deep Profiler,Cabled-14_TN422_Discrete_Summary.csv
44.523666666666664,-125.37566666666666,Slope Base Deep Profiler,Cabled-14_TN422_Discrete_Summary.csv
44.523666666666664,-125.37566666666666,Slope Base Deep Profiler,Cabled-14_TN422_Discrete_Summary.csv
44.523666666666664,-125.37566666666666,Slope Base Deep Profiler,Cabled-14_TN422_Discrete_Summary.csv
44.523666666666664,-125.37566666666666,Slope Base Deep Profiler,Cabled-14_TN422_Discrete_Summary.csv
44.523666666666664,-125.37566666666666,Slope Base Deep Profiler,Cabled-14_TN422_Discrete_Summary.csv
44.523666666666664,-125.37566666666666,Slope Base Deep Profiler,Cabled-14_TN422_Discrete_Summary.csv
45.834666666666664,-129.75916666666666,Axial Base Deep Profiler,Cabled-14_TN422_Discrete_Summary.csv
45.834666666666664,-129.75916666666666,Axial Base Deep Profiler,Cabled-14_TN422_Discrete_Summary.csv
45.834666666666664,-129.75916666666666,Axial Base Deep Profiler,Cabled-14_TN422_Discrete_Summary.csv
45.834666666666664,-129.75916666666666,Axial Base Deep Profiler,Cabled-14_TN422_Discrete_Summary.csv
45.834666666666664,-129.75916666666666,Axial Base Deep Profiler,Cabled-14_TN422_Discrete_Summary.csv
45.834666666666664,-129.75916666666666,Axial Base Deep Profiler,Cabled-14_TN422_Discrete_Summary.csv
45.834666666666664,-129.75916666666666,Axial Base Deep Profiler,Cabled-14_TN422_Discrete_Summary.csv
45.834666666666664,-129.75916666666666,Axial Base Deep Profiler,Cabled-14_TN422_Discrete_Summary.csv
45.834666666666664,-129.75916666666666,Axial Base Deep Profiler,Cabled-14_TN422_Discrete_Summary.csv
45.834666666666664,-129.75916666666666,Axial Base Deep Profiler,Cabled-14_TN422_Discrete_Summary.csv
45.834666666666664,-129.75916666666666,Axial Base Deep Profiler,Cabled-14_TN422_Discrete_Summary.csv
44.37233333333333,-124.951,Oregon Offshore Deep Profiler,Cabled-14_TN422_Discrete_Summary.csv
44.37233333333333,-124.951,Oregon Offshore Deep Profiler,Cabled-14_TN422_Discrete_Summary.csv
44.37233333333333,-124.951,Oregon Offshore Deep Profiler,Cabled-14_TN422_Discrete_Summary.csv
44.37233333333333,-124.951,Oregon Offshore Deep Profiler,Cabled-14_TN422_Discrete_Summary.csv
44.37233333333333,-124.951,Oregon Offshore Deep Profiler,Cabled-14_TN422_Discrete_Summary.csv
44.37233333333333,-124.951,Oregon Offshore Deep Profiler,Cabled-14_TN422_Discrete_Summary.csv
44.37233333333333,-124.951,Oregon Offshore Deep Profiler,Cabled-14_TN422_Discrete_Summary.csv
44.37233333333333,-124.951,Oregon Offshore Deep Profiler,Cabled-14_TN422_Discrete_Summary.csv
44.37233333333333,-124.951,Oregon Offshore Deep Profiler,Cabled-14_TN422_Discrete_Summary.csv
44.37233333333333,-124.951,Oregon Offshore Deep Profiler,Cabled-14_TN422_Discrete_Summary.csv
44.37233333333333,-124.951,Oregon Offshore Deep Profiler,Cabled-14_TN422_Discrete_Summary.csv
44.37233333333333,-124.951,Oregon Offshore Deep Profiler,Cabled-14_TN422_Discrete_Summary.csv
44.51520557,-125.39016601,Slope Base Junction Box LJ01A,Cabled-14_TN422_Discrete_Summary.csv
44.51520557,-125.39016601,Slope Base Junction Box LJ01A,Cabled-14_TN422_Discrete_Summary.csv
44.51520557,-125.39016601,Slope Base Junction Box LJ01A,Cabled-14_TN422_Discrete_Summary.csv
44.63721099,-124.30574754,Oregon Shelf BEP,Cabled-14_TN422_Discrete_Summary.csv
44.63721099,-124.30574754,Oregon Shelf BEP,Cabled-14_TN422_Discrete_Summary.csv
44.63721058,-124.30574781,Oregon Shelf BEP,Cabled-14_TN422_Discrete_Summary.csv
44.56982892,-125.146569,Southern Hydrate Ridge,Cabled-14_TN422_Discrete_Summary.csv
44.36921043,-124.95353537,Oregon Offshore BEP,Cabled-14_TN422_Discrete_Summary.csv
44.36921043,-124.95353537,Oregon Offshore BEP,Cabled-14_TN422_Discrete_Summary.csv
44.36921043,-124.95353537,Oregon Offshore BEP,Cabled-14_TN422_Discrete_Summary.csv
45.93343702,-130.0141587,Axial ASHS Vent Field,Cabled-14_TN422_Discrete_Summary.csv
45.81678431,-129.7540016,Axial Base Junction Box LJ03A,Cabled-14_TN422_Discrete_Summary.csv
45.81678431,-129.7540016,Axial Base Junction Box LJ03A,Cabled-14_TN422_Discrete_Summary.csv
45.81678431,-129.7540016,Axial Base Junction Box LJ03A,Cabled-14_TN422_Discrete_Summary.csv
45.95466744,-130.00880325,Axial Central Caldera,Cabled-14_TN422_Discrete_Summary.csv
45.9398706,-129.97400968,Axial Eastern Caldera,Cabled-14_TN422_Discrete_Summary.csv
45.91691,-130.02421,Axial ASHES Vent Field,Cabled-15_AT50-29_Discrete_Summary.csv
45.82633,-129.76333,Axial Base Deep Profiler,Cabled-15_AT50-29_Discrete_Summary.csv
45.82633,-129.76333,Axial Base Deep Profiler,Cabled-15_AT50-29_Discrete_Summary.csv
45.82633,-129.76333,Axial Base Deep Profiler,Cabled-15_AT50-29_Discrete_Summary.csv
45.82633,-129.76333,Axial Base Deep Profiler,Cabled-15_AT50-29_Discrete_Summary.csv
45.82633,-129.76333,Axial Base Deep Profiler,Cabled-15_AT50-29_Discrete_Summary.csv
45.82633,-129.76333,Axial Base Deep Profiler,Cabled-15_AT50-29_Discrete_Summary.csv
45.82633,-129.76333,Axial Base Deep Profiler,Cabled-15_AT50-29_Discrete_Summary.csv
45.82633,-129.76333,Axial Base Deep Profiler,Cabled-15_AT50-29_Discrete_Summary.csv
45.82633,-129.76333,Axial Base Deep Profiler,Cabled-15_AT50-29_Discrete_Summary.csv
45.82633,-129.76333,Axial Base Deep Profiler,Cabled-15_AT50-29_Discrete_Summary.csv
45.82633,-129.76333,Axial Base Deep Profiler,Cabled-15_AT50-29_Discrete_Summary.csv
45.91659,-130.02529,Axial Base Junction Box LJ03A,Cabled-15_AT50-29_Discrete_Summary.csv
45.91659,-130.02529,Axial Base Junction Box LJ03A,Cabled-15_AT50-29_Discrete_Summary.csv
45.91659,-130.02529,Axial Base Junction Box LJ03A,Cabled-15_AT50-29_Discrete_Summary.csv
45.91659,-130.02529,Axial Base Junction Box LJ03A,Cabled-15_AT50-29_Discrete_Summary.csv
45.91659,-130.02519,Axial Base Shallow Profiler,Cabled-15_AT50-29_Discrete_Summary.csv
45.91659,-130.02519,Axial Base Shallow Profiler,Cabled-15_AT50-29_Discrete_Summary.csv
45.91659,-130.02519,Axial Base Shallow Profiler,Cabled-15_AT50-29_Discrete_Summary.csv
45.91665,-130.02502,Axial Base Shallow Profiler,Cabled-15_AT50-29_Discrete_Summary.csv
45.91665,-130.02502,Axial Base Shallow Profiler,Cabled-15_AT50-29_Discrete_Summary.csv
45.91665,-130.02502,Axial Base Shallow Profiler,Cabled-15_AT50-29_Discrete_Summary.csv
45.82667,-129.749,Axial Base Shallow Profiler,Cabled-15_AT50-29_Discrete_Summary.csv
45.82667,-129.749,Axial Base Shallow Profiler,Cabled-15_AT50-29_Discrete_Summary.csv
45.82667,-129.749,Axial Base Shallow Profiler,Cabled-15_AT50-29_Discrete_Summary.csv
45.82667,-129.749,Axial Base Shallow Profiler,Cabled-15_AT50-29_Discrete_Summary.csv
45.82667,-129.749,Axial Base Shallow Profiler,Cabled-15_AT50-29_Discrete_Summary.csv
45.82667,-129.749,Axial Base Shallow Profiler,Cabled-15_AT50-29_Discrete_Summary.csv
45.82667,-129.749,Axial Base Shallow Profiler,Cabled-15_AT50-29_Discrete_Summary.csv
45.82667,-129.749,Axial Base Shallow Profiler,Cabled-15_AT50-29_Discrete_Summary.csv
45.82667,-129.749,Axial Base Shallow Profiler,Cabled-15_AT50-29_Discrete_Summary.csv
45.82667,-129.749,Axial Base Shallow Profiler,Cabled-15_AT50-29_Discrete_Summary.csv
45.82667,-129.749,Axial Base Shallow Profiler,Cabled-15_AT50-29_Discrete_Summary.csv
45.82667,-129.749,Axial Base Shallow Profiler,Cabled-15_AT50-29_Discrete_Summary.csv
45.82667,-129.749,Axial Base Shallow Profiler,Cabled-15_AT50-29_Discrete_Summary.csv
45.82667,-129.749,Axial Base Shallow Profiler,Cabled-15_AT50-29_Discrete_Summary.csv
45.82667,-129.749,Axial Base Shallow Profiler,Cabled-15_AT50-29_Discrete_Summary.csv
45.82667,-129.749,Axial Base Shallow Profiler,Cabled-15_AT50-29_Discrete_Summary.csv
45.82667,-129.749,Axial Base Shallow Profiler,Cabled-15_AT50-29_Discrete_Summary.csv
45.91705,-130.0248,Axial Central Caldera,Cabled-15_AT50-29_Discrete_Summary.csv
45.91727,-130.0254,Axial Eastern Caldera,Cabled-15_AT50-29_Discrete_Summary.csv
45.9166,-130.02492,Axial Seamount International District 2,Cabled-15_AT50-29_Discrete_Summary.csv
44.35919,-124.96494,Oregon Offshore BEP,Cabled-15_AT50-29_Discrete_Summary.csv
44.35919,-124.96494,Oregon Offshore BEP,Cabled-15_AT50-29_Discrete_Summary.csv
44.35919,-124.96494,Oregon Offshore BEP,Cabled-15_AT50-29_Discrete_Summary.csv
44.35984,-124.96455,Oregon Offshore BEP,Cabled-15_AT50-29_Discrete_Summary.csv
44.35984,-124.96455,Oregon Offshore BEP,Cabled-15_AT50-29_Discrete_Summary.csv
44.35984,-124.96455,Oregon Offshore BEP,Cabled-15_AT50-29_Discrete_Summary.csv
44.37233,-124.95267,Oregon Offshore Deep Profiler,Cabled-15_AT50-29_Discrete_Summary.csv
44.37233,-124.95267,Oregon Offshore Deep Profiler,Cabled-15_AT50-29_Discrete_Summary.csv
44.37233,-124.95267,Oregon Offshore Deep Profiler,Cabled-15_AT50-29_Discrete_Summary.csv
44.37233,-124.95267,Oregon Offshore Deep Profiler,Cabled-15_AT50-29_Discrete_Summary.csv
44.37233,-124.95267,Oregon Offshore Deep Profiler,Cabled-15_AT50-29_Discrete_Summary.csv
44.37233,-124.95267,Oregon Offshore Deep Profiler,Cabled-15_AT50-29_Discrete_Summary.csv
44.37233,-124.95267,Oregon Offshore Deep Profiler,Cabled-15_AT50-29_Discrete_Summary.csv
44.37233,-124.95267,Oregon Offshore Deep Profiler,Cabled-15_AT50-29_Discrete_Summary.csv
44.37233,-124.95267,Oregon Offshore Deep Profiler,Cabled-15_AT50-29_Discrete_Summary.csv
44.37233,-124.95267,Oregon Offshore Deep Profiler,Cabled-15_AT50-29_Discrete_Summary.csv
44.37233,-124.95267,Oregon Offshore Deep Profiler,Cabled-15_AT50-29_Discrete_Summary.csv
44.3736,-124.956,Oregon Offshore Shallow Profiler,Cabled-15_AT50-29_Discrete_Summary.csv
44.3736,-124.956,Oregon Offshore Shallow Profiler,Cabled-15_AT50-29_Discrete_Summary.csv
44.3736,-124.956,Oregon Offshore Shallow Profiler,Cabled-15_AT50-29_Discrete_Summary.csv
44.3695,-124.96133,Oregon Offshore Shallow Profiler,Cabled-15_AT50-29_Discrete_Summary.csv
44.3695,-124.96133,Oregon Offshore Shallow Profiler,Cabled-15_AT50-29_Discrete_Summary.csv
44.3695,-124.96133,Oregon Offshore Shallow Profiler,Cabled-15_AT50-29_Discrete_Summary.csv
44.3695,-124.96133,Oregon Offshore Shallow Profiler,Cabled-15_AT50-29_Discrete_Summary.csv
44.3695,-124.96133,Oregon Offshore Shallow Profiler,Cabled-15_AT50-29_Discrete_Summary.csv
44.3695,-124.96133,Oregon Offshore Shallow Profiler,Cabled-15_AT50-29_Discrete_Summary.csv
44.3695,-124.96133,Oregon Offshore Shallow Profiler,Cabled-15_AT50-29_Discrete_Summary.csv
44.3695,-124.96133,Oregon Offshore Shallow Profiler,Cabled-15_AT50-29_Discrete_Summary.csv
44.3695,-124.96133,Oregon Offshore Shallow Profiler,Cabled-15_AT50-29_Discrete_Summary.csv
44.3695,-124.96133,Oregon Offshore Shallow Profiler,Cabled-15_AT50-29_Discrete_Summary.csv
44.3695,-124.96133,Oregon Offshore Shallow Profiler,Cabled-15_AT50-29_Discrete_Summary.csv
44.3695,-124.96133,Oregon Offshore Shallow Profiler,Cabled-15_AT50-29_Discrete_Summary.csv
44.3695,-124.96133,Oregon Offshore Shallow Profiler,Cabled-15_AT50-29_Discrete_Summary.csv
44.63382,-124.30755,Oregon Shelf BEP,Cabled-15_AT50-29_Discrete_Summary.csv
44.63381,-124.30754,Oregon Shelf BEP,Cabled-15_AT50-29_Discrete_Summary.csv
44.63381,-124.30754,Oregon Shelf BEP,Cabled-15_AT50-29_Discrete_Summary.csv
44.63372,-124.30836,Oregon Shelf BEP,Cabled-15_AT50-29_Discrete_Summary.csv
44.63372,-124.30836,Oregon Shelf BEP,Cabled-15_AT50-29_Discrete_Summary.csv
44.63372,-124.30836,Oregon Shelf BEP,Cabled-15_AT50-29_Discrete_Summary.csv
44.53167,-125.38033,Slope Base Deep Profiler,Cabled-15_AT50-29_Discrete_Summary.csv
44.53167,-125.38033,Slope Base Deep Profiler,Cabled-15_AT50-29_Discrete_Summary.csv
44.53167,-125.38033,Slope Base Deep Profiler,Cabled-15_AT50-29_Discrete_Summary.csv
44.53167,-125.38033,Slope Base Deep Profiler,Cabled-15_AT50-29_Discrete_Summary.csv
44.53167,-125.38033,Slope Base Deep Profiler,Cabled-15_AT50-29_Discrete_Summary.csv
44.53167,-125.38033,Slope Base Deep Profiler,Cabled-15_AT50-29_Discrete_Summary.csv
44.53167,-125.38033,Slope Base Deep Profiler,Cabled-15_AT50-29_Discrete_Summary.csv
44.53167,-125.38033,Slope Base Deep Profiler,Cabled-15_AT50-29_Discrete_Summary.csv
44.53167,-125.38033,Slope Base Deep Profiler,Cabled-15_AT50-29_Discrete_Summary.csv
44.53167,-125.38033,Slope Base Deep Profiler,Cabled-15_AT50-29_Discrete_Summary.csv
44.53167,-125.38033,Slope Base Deep Profiler,Cabled-15_AT50-29_Discrete_Summary.csv
44.50179,-125.40903,Slope Base Junction Box LJ01A,Cabled-15_AT50-29_Discrete_Summary.csv
44.50179,-125.40903,Slope Base Junction Box LJ01A,Cabled-15_AT50-29_Discrete_Summary.csv
44.50179,-125.40903,Slope Base Junction Box LJ01A,Cabled-15_AT50-29_Discrete_Summary.csv
44.51167,-125.39967,Slope Base Shallow Profiler,Cabled-15_AT50-29_Discrete_Summary.csv
44.50178,-125.40856,Slope Base Shallow Profiler,Cabled-15_AT50-29_Discrete_Summary.csv
44.50178,-125.40856,Slope Base Shallow Profiler,Cabled-15_AT50-29_Discrete_Summary.csv
44.52467,-125.38783,Slope Base Shallow Profiler,Cabled-15_AT50-29_Discrete_Summary.csv
44.52467,-125.38783,Slope Base Shallow Profiler,Cabled-15_AT50-29_Discrete_Summary.csv
44.52467,-125.38783,Slope Base Shallow Profiler,Cabled-15_AT50-29_Discrete_Summary.csv
44.52467,-125.38783,Slope Base Shallow Profiler,Cabled-15_AT50-29_Discrete_Summary.csv
44.52467,-125.38783,Slope Base Shallow Profiler,Cabled-15_AT50-29_Discrete_Summary.csv
44.52467,-125.38783,Slope Base Shallow Profiler,Cabled-15_AT50-29_Discrete_Summary.csv
44.52467,-125.38783,Slope Base Shallow Profiler,Cabled-15_AT50-29_Discrete_Summary.csv
44.52467,-125.38783,Slope Base Shallow Profiler,Cabled-15_AT50-29_Discrete_Summary.csv
44.52467,-125.38783,Slope Base Shallow Profiler,Cabled-15_AT50-29_Discrete_Summary.csv
44.52467,-125.38783,Slope Base Shallow Profiler,Cabled-15_AT50-29_Discrete_Summary.csv
44.52467,-125.38783,Slope Base Shallow Profiler,Cabled-15_AT50-29_Discrete_Summary.csv
44.52467,-125.38783,Slope Base Shallow Profiler,Cabled-15_AT50-29_Discrete_Summary.csv
44.52467,-125.38783,Slope Base Shallow Profiler,Cabled-15_AT50-29_Discrete_Summary.csv
44.52467,-125.38783,Slope Base Shallow Profiler,Cabled-15_AT50-29_Discrete_Summary.csv
44.5145,-125.38883,Slope Base Junction Box LV01A - 100 m SE,Cabled-6_TN326_Discrete_Summary.csv
44.5145,-125.38883,Slope Base Junction Box LV01A - 100 m SE,Cabled-6_TN326_Discrete_Summary.csv
44.5145,-125.38883,Slope Base Junction Box LV01A - 100 m SE,Cabled-6_TN326_Discrete_Summary.csv
44.5145,-125.38883,Slope Base Junction Box LV01A - 100 m SE,Cabled-6_TN326_Discrete_Summary.csv
44.5145,-125.38883,Slope Base Junction Box LV01A - 100 m SE,Cabled-6_TN326_Discrete_Summary.csv
44.5145,-125.38883,Slope Base Junction Box LV01A - 100 m SE,Cabled-6_TN326_Discrete_Summary.csv
44.5145,-125.38883,Slope Base Junction Box LV01A - 100 m SE,Cabled-6_TN326_Discrete_Summary.csv
44.5145,-125.38883,Slope Base Junction Box LV01A - 100 m SE,Cabled-6_TN326_Discrete_Summary.csv
44.5145,-125.38883,Slope Base Junction Box LV01A - 100 m SE,Cabled-6_TN326_Discrete_Summary.csv
44.5145,-125.38883,Slope Base Junction Box LV01A - 100 m SE,Cabled-6_TN326_Discrete_Summary.csv
44.5145,-125.38883,Slope Base Junction Box LV01A - 100 m SE,Cabled-6_TN326_Discrete_Summary.csv
44.5145,-125.38883,Slope Base Junction Box LV01A - 100 m SE,Cabled-6_TN326_Discrete_Summary.csv
44.5145,-125.38883,Slope Base Junction Box LV01A - 100 m SE,Cabled-6_TN326_Discrete_Summary.csv
44.5145,-125.38883,Slope Base Junction Box LV01A - 100 m SE,Cabled-6_TN326_Discrete_Summary.csv
44.5145,-125.38883,Slope Base Junction Box LV01A - 100 m SE,Cabled-6_TN326_Discrete_Summary.csv
44.529,-125.3925,Slope Base Shallow Profiler - 250 m W,Cabled-6_TN326_Discrete_Summary.csv
44.529,-125.3925,Slope Base Shallow Profiler - 250 m W,Cabled-6_TN326_Discrete_Summary.csv
44.529,-125.3925,Slope Base Shallow Profiler - 250 m W,Cabled-6_TN326_Discrete_Summary.csv
44.529,-125.3925,Slope Base Shallow Profiler - 250 m W,Cabled-6_TN326_Discrete_Summary.csv
44.529,-125.3925,Slope Base Shallow Profiler - 250 m W,Cabled-6_TN326_Discrete_Summary.csv
44.529,-125.3925,Slope Base Shallow Profiler - 250 m W,Cabled-6_TN326_Discrete_Summary.csv
44.529,-125.3925,Slope Base Shallow Profiler - 250 m W,Cabled-6_TN326_Discrete_Summary.csv
44.529,-125.3925,Slope Base Shallow Profiler - 250 m W,Cabled-6_TN326_Discrete_Summary.csv
44.529,-125.3925,Slope Base Shallow Profiler - 250 m W,Cabled-6_TN326_Discrete_Summary.csv
44.529,-125.3925,Slope Base Shallow Profiler - 250 m W,Cabled-6_TN326_Discrete_Summary.csv
44.529,-125.3925,Slope Base Shallow Profiler - 250 m W,Cabled-6_TN326_Discrete_Summary.csv
44.529,-125.3925,Slope Base Shallow Profiler - 250 m W,Cabled-6_TN326_Discrete_Summary.csv
45.83033,-129.7565,Axial Base Shallow Profiler - 250 m W,Cabled-6_TN326_Discrete_Summary.csv
45.83033,-129.7565,Axial Base Shallow Profiler - 250 m W,Cabled-6_TN326_Discrete_Summary.csv
45.83033,-129.7565,Axial Base Shallow Profiler - 250 m W,Cabled-6_TN326_Discrete_Summary.csv
45.83033,-129.7565,Axial Base Shallow Profiler - 250 m W,Cabled-6_TN326_Discrete_Summary.csv
45.83033,-129.7565,Axial Base Shallow Profiler - 250 m W,Cabled-6_TN326_Discrete_Summary.csv
45.83033,-129.7565,Axial Base Shallow Profiler - 250 m W,Cabled-6_TN326_Discrete_Summary.csv
45.83033,-129.7565,Axial Base Shallow Profiler - 250 m W,Cabled-6_TN326_Discrete_Summary.csv
45.83033,-129.7565,Axial Base Shallow Profiler - 250 m W,Cabled-6_TN326_Discrete_Summary.csv
45.83033,-129.7565,Axial Base Shallow Profiler - 250 m W,Cabled-6_TN326_Discrete_Summary.csv
45.83033,-129.7565,Axial Base Shallow Profiler - 250 m W,Cabled-6_TN326_Discrete_Summary.csv
45.83033,-129.7565,Axial Base Shallow Profiler - 250 m W,Cabled-6_TN326_Discrete_Summary.csv
45.83033,-129.7565,Axial Base Shallow Profiler - 250 m W,Cabled-6_TN326_Discrete_Summary.csv
45.83033,-129.7565,Axial Base Shallow Profiler - 250 m W,Cabled-6_TN326_Discrete_Summary.csv
45.83033,-129.7565,Axial Base Shallow Profiler - 250 m W,Cabled-6_TN326_Discrete_Summary.csv
45.83033,-129.7565,Axial Base Shallow Profiler - 250 m W,Cabled-6_TN326_Discrete_Summary.csv
45.83033,-129.7565,Axial Base Shallow Profiler - 250 m W,Cabled-6_TN326_Discrete_Summary.csv
45.83033,-129.7565,Axial Base Shallow Profiler - 250 m W,Cabled-6_TN326_Discrete_Summary.csv
45.83033,-129.7565,Axial Base Shallow Profiler - 250 m W,Cabled-6_TN326_Discrete_Summary.csv
45.83033,-129.7565,Axial Base Shallow Profiler - 250 m W,Cabled-6_TN326_Discrete_Summary.csv
45.83033,-129.7565,Axial Base Shallow Profiler - 250 m W,Cabled-6_TN326_Discrete_Summary.csv
45.83033,-129.7565,Axial Base Shallow Profiler - 250 m W,Cabled-6_TN326_Discrete_Summary.csv
45.83033,-129.7565,Axial Base Shallow Profiler - 250 m W,Cabled-6_TN326_Discrete_Summary.csv
45.83033,-129.7565,Axial Base Shallow Profiler - 250 m W,Cabled-6_TN326_Discrete_Summary.csv
45.83033,-129.7565,Axial Base Shallow Profiler - 250 m W,Cabled-6_TN326_Discrete_Summary.csv
45.83033,-129.7565,Axial Base Shallow Profiler - 250 m W,Cabled-6_TN326_Discrete_Summary.csv
45.83033,-129.7565,Axial Base Shallow Profiler - 250 m W,Cabled-6_TN326_Discrete_Summary.csv
45.83033,-129.7565,Axial Base Shallow Profiler - 250 m W,Cabled-6_TN326_Discrete_Summary.csv
45.83033,-129.7565,Axial Base Shallow Profiler - 250 m W,Cabled-6_TN326_Discrete_Summary.csv
45.83033,-129.7565,Axial Base Shallow Profiler - 250 m W,Cabled-6_TN326_Discrete_Summary.csv
45.83033,-129.7565,Axial Base Shallow Profiler - 250 m W,Cabled-6_TN326_Discrete_Summary.csv
45.83033,-129.7565,Axial Base Shallow Profiler - 250 m W,Cabled-6_TN326_Discrete_Summary.csv
45.83033,-129.7565,Axial Base Shallow Profiler - 250 m W,Cabled-6_TN326_Discrete_Summary.csv
45.83033,-129.7565,Axial Base Shallow Profiler - 250 m W,Cabled-6_TN326_Discrete_Summary.csv
45.83033,-129.7565,Axial Base Shallow Profiler - 250 m W,Cabled-6_TN326_Discrete_Summary.csv
45.83033,-129.7565,Axial Base Shallow Profiler - 250 m W,Cabled-6_TN326_Discrete_Summary.csv
45.83033,-129.7565,Axial Base Shallow Profiler - 250 m W,Cabled-6_TN326_Discrete_Summary.csv
45.83033,-129.7565,Axial Base Shallow Profiler - 250 m W,Cabled-6_TN326_Discrete_Summary.csv
45.83033,-129.7565,Axial Base Shallow Profiler - 250 m W,Cabled-6_TN326_Discrete_Summary.csv
45.83033,-129.7565,Axial Base Shallow Profiler - 250 m W,Cabled-6_TN326_Discrete_Summary.csv
45.83033,-129.7565,Axial Base Shallow Profiler - 250 m W,Cabled-6_TN326_Discrete_Summary.csv
45.83033,-129.7565,Axial Base Shallow Profiler - 250 m W,Cabled-6_TN326_Discrete_Summary.csv
45.83033,-129.7565,Axial Base Shallow Profiler - 250 m W,Cabled-6_TN326_Discrete_Summary.csv
45.83033,-129.7565,Axial Base Shallow Profiler - 250 m W,Cabled-6_TN326_Discrete_Summary.csv
45.83033,-129.7565,Axial Base Shallow Profiler - 250 m W,Cabled-6_TN326_Discrete_Summary.csv
45.83033,-129.7565,Axial Base Shallow Profiler - 250 m W,Cabled-6_TN326_Discrete_Summary.csv
45.83033,-129.7565,Axial Base Shallow Profiler - 250 m W,Cabled-6_TN326_Discrete_Summary.csv
45.83033,-129.7565,Axial Base Shallow Profiler - 250 m W,Cabled-6_TN326_Discrete_Summary.csv
45.83033,-129.7565,Axial Base Shallow Profiler - 250 m W,Cabled-6_TN326_Discrete_Summary.csv
45.823,-129.75667,Axial Base Shallow Profiler - 900 m SSW,Cabled-6_TN326_Discrete_Summary.csv
45.83033,-129.75667,Axial Base Shallow Profiler - 250 m W,Cabled-6_TN326_Discrete_Summary.csv
45.83033,-129.756,Axial Base Shallow Profiler - 200 m W,Cabled-6_TN326_Discrete_Summary.csv
45.83033,-129.75533,Axial Base Shallow Profiler - 150 m W,Cabled-6_TN326_Discrete_Summary.csv
45.83033,-129.75533,Axial Base Shallow Profiler - 150 m W,Cabled-6_TN326_Discrete_Summary.csv
45.83033,-129.75533,Axial Base Shallow Profiler - 150 m W,Cabled-6_TN326_Discrete_Summary.csv
45.83033,-129.75533,Axial Base Shallow Profiler - 150 m W,Cabled-6_TN326_Discrete_Summary.csv
45.83033,-129.75533,Axial Base Shallow Profiler - 150 m W,Cabled-6_TN326_Discrete_Summary.csv
45.83033,-129.75533,Axial Base Shallow Profiler - 150 m W,Cabled-6_TN326_Discrete_Summary.csv
45.83033,-129.75533,Axial Base Shallow Profiler - 150 m W,Cabled-6_TN326_Discrete_Summary.csv
45.83033,-129.75533,Axial Base Shallow Profiler - 150 m W,Cabled-6_TN326_Discrete_Summary.csv
45.83033,-129.75533,Axial Base Shallow Profiler - 150 m W,Cabled-6_TN326_Discrete_Summary.csv
45.83033,-129.75533,Axial Base Shallow Profiler - 150 m W,Cabled-6_TN326_Discrete_Summary.csv
45.83033,-129.75533,Axial Base Shallow Profiler - 150 m W,Cabled-6_TN326_Discrete_Summary.csv
45.83033,-129.75533,Axial Base Shallow Profiler - 150 m W,Cabled-6_TN326_Discrete_Summary.csv
45.83033,-129.75533,Axial Base Shallow Profiler - 150 m W,Cabled-6_TN326_Discrete_Summary.csv
45.83033,-129.75533,Axial Base Shallow Profiler - 150 m W,Cabled-6_TN326_Discrete_Summary.csv
45.83033,-129.75533,Axial Base Shallow Profiler - 150 m W,Cabled-6_TN326_Discrete_Summary.csv
45.83033,-129.75533,Axial Base Shallow Profiler - 150 m W,Cabled-6_TN326_Discrete_Summary.csv
45.83033,-129.75533,Axial Base Shallow Profiler - 150 m W,Cabled-6_TN326_Discrete_Summary.csv
45.83033,-129.75533,Axial Base Shallow Profiler - 150 m W,Cabled-6_TN326_Discrete_Summary.csv
45.83033,-129.75533,Axial Base Shallow Profiler - 150 m W,Cabled-6_TN326_Discrete_Summary.csv
45.83033,-129.75533,Axial Base Shallow Profiler - 150 m W,Cabled-6_TN326_Discrete_Summary.csv
45.83033,-129.75533,Axial Base Shallow Profiler - 150 m W,Cabled-6_TN326_Discrete_Summary.csv
45.83033,-129.75533,Axial Base Shallow Profiler - 150 m W,Cabled-6_TN326_Discrete_Summary.csv
45.83033,-129.75533,Axial Base Shallow Profiler - 150 m W,Cabled-6_TN326_Discrete_Summary.csv
45.83033,-129.75533,Axial Base Shallow Profiler - 150 m W,Cabled-6_TN326_Discrete_Summary.csv
45.83033,-129.75533,Axial Base Shallow Profiler - 150 m W,Cabled-6_TN326_Discrete_Summary.csv
45.83033,-129.75533,Axial Base Shallow Profiler - 150 m W,Cabled-6_TN326_Discrete_Summary.csv
45.83033,-129.75533,Axial Base Shallow Profiler - 150 m W,Cabled-6_TN326_Discrete_Summary.csv
45.83033,-129.75533,Axial Base Shallow Profiler - 150 m W,Cabled-6_TN326_Discrete_Summary.csv
45.83033,-129.75533,Axial Base Shallow Profiler - 150 m W,Cabled-6_TN326_Discrete_Summary.csv
45.83033,-129.75533,Axial Base Shallow Profiler - 150 m W,Cabled-6_TN326_Discrete_Summary.csv
45.83033,-129.75533,Axial Base Shallow Profiler - 150 m W,Cabled-6_TN326_Discrete_Summary.csv
45.83033,-129.75533,Axial Base Shallow Profiler - 150 m W,Cabled-6_TN326_Discrete_Summary.csv
45.83033,-129.75533,Axial Base Shallow Profiler - 150 m W,Cabled-6_TN326_Discrete_Summary.csv
45.83033,-129.75533,Axial Base Shallow Profiler - 150 m W,Cabled-6_TN326_Discrete_Summary.csv
45.83033,-129.75533,Axial Base Shallow Profiler - 150 m W,Cabled-6_TN326_Discrete_Summary.csv
45.83033,-129.75533,Axial Base Shallow Profiler - 150 m W,Cabled-6_TN326_Discrete_Summary.csv
45.83033,-129.75533,Axial Base Shallow Profiler - 150 m W,Cabled-6_TN326_Discrete_Summary.csv
45.83033,-129.75533,Axial Base Shallow Profiler - 150 m W,Cabled-6_TN326_Discrete_Summary.csv
45.83033,-129.75533,Axial Base Shallow Profiler - 150 m W,Cabled-6_TN326_Discrete_Summary.csv
45.83033,-129.75533,Axial Base Shallow Profiler - 150 m W,Cabled-6_TN326_Discrete_Summary.csv
45.83033,-129.75533,Axial Base Shallow Profiler - 150 m W,Cabled-6_TN326_Discrete_Summary.csv
45.83033,-129.75533,Axial Base Shallow Profiler - 150 m W,Cabled-6_TN326_Discrete_Summary.csv
45.83033,-129.75533,Axial Base Shallow Profiler - 150 m W,Cabled-6_TN326_Discrete_Summary.csv
45.83033,-129.75533,Axial Base Shallow Profiler - 150 m W,Cabled-6_TN326_Discrete_Summary.csv
45.83033,-129.75533,Axial Base Shallow Profiler - 150 m W,Cabled-6_TN326_Discrete_Summary.csv
45.83033,-129.75533,Axial Base Shallow Profiler - 150 m W,Cabled-6_TN326_Discrete_Summary.csv
45.83033,-129.75533,Axial Base Shallow Profiler - 150 m W,Cabled-6_TN326_Discrete_Summary.csv
45.83033,-129.75533,Axial Base Shallow Profiler - 150 m W,Cabled-6_TN326_Discrete_Summary.csv
45.83033,-129.75533,Axial Base Shallow Profiler - 150 m W,Cabled-6_TN326_Discrete_Summary.csv
45.83033,-129.75533,Axial Base Shallow Profiler - 150 m W,Cabled-6_TN326_Discrete_Summary.csv
44.56917,-125.14733,Southern Hydrate Ridge,Cabled-6_TN326_Discrete_Summary.csv
44.56933,-125.1475,Southern Hydrate Ridge,Cabled-6_TN326_Discrete_Summary.csv
44.52883,-125.39183,Slope Base Shallow Profiler - 200 m W,Cabled-6_TN326_Discrete_Summary.csv
44.52883,-125.39183,Slope Base Shallow Profiler - 200 m W,Cabled-6_TN326_Discrete_Summary.csv
44.52883,-125.39183,Slope Base Shallow Profiler - 200 m W,Cabled-6_TN326_Discrete_Summary.csv
44.52883,-125.39183,Slope Base Shallow Profiler - 200 m W,Cabled-6_TN326_Discrete_Summary.csv
44.52883,-125.39183,Slope Base Shallow Profiler - 200 m W,Cabled-6_TN326_Discrete_Summary.csv
44.52883,-125.39183,Slope Base Shallow Profiler - 200 m W,Cabled-6_TN326_Discrete_Summary.csv
44.52883,-125.39183,Slope Base Shallow Profiler - 200 m W,Cabled-6_TN326_Discrete_Summary.csv
44.52883,-125.39183,Slope Base Shallow Profiler - 200 m W,Cabled-6_TN326_Discrete_Summary.csv
44.52883,-125.39183,Slope Base Shallow Profiler - 200 m W,Cabled-6_TN326_Discrete_Summary.csv
44.52883,-125.39183,Slope Base Shallow Profiler - 200 m W,Cabled-6_TN326_Discrete_Summary.csv
44.52883,-125.39183,Slope Base Shallow Profiler - 200 m W,Cabled-6_TN326_Discrete_Summary.csv
44.52883,-125.39183,Slope Base Shallow Profiler - 200 m W,Cabled-6_TN326_Discrete_Summary.csv
44.52883,-125.39183,Slope Base Shallow Profiler - 200 m W,Cabled-6_TN326_Discrete_Summary.csv
44.52883,-125.39183,Slope Base Shallow Profiler - 200 m W,Cabled-6_TN326_Discrete_Summary.csv
44.52883,-125.39183,Slope Base Shallow Profiler - 200 m W,Cabled-6_TN326_Discrete_Summary.csv
44.52883,-125.39183,Slope Base Shallow Profiler - 200 m W,Cabled-6_TN326_Discrete_Summary.csv
44.52883,-125.39183,Slope Base Shallow Profiler - 200 m W,Cabled-6_TN326_Discrete_Summary.csv
44.52883,-125.39183,Slope Base Shallow Profiler - 200 m W,Cabled-6_TN326_Discrete_Summary.csv
44.52883,-125.39183,Slope Base Shallow Profiler - 200 m W,Cabled-6_TN326_Discrete_Summary.csv
44.52883,-125.39183,Slope Base Shallow Profiler - 200 m W,Cabled-6_TN326_Discrete_Summary.csv
44.52883,-125.39183,Slope Base Shallow Profiler - 200 m W,Cabled-6_TN326_Discrete_Summary.csv
44.52883,-125.39183,Slope Base Shallow Profiler - 200 m W,Cabled-6_TN326_Discrete_Summary.csv
44.52883,-125.39183,Slope Base Shallow Profiler - 200 m W,Cabled-6_TN326_Discrete_Summary.csv
44.52883,-125.39183,Slope Base Shallow Profiler - 200 m W,Cabled-6_TN326_Discrete_Summary.csv
44.52883,-125.39183,Slope Base Shallow Profiler - 200 m W,Cabled-6_TN326_Discrete_Summary.csv
44.52883,-125.39183,Slope Base Shallow Profiler - 200 m W,Cabled-6_TN326_Discrete_Summary.csv
44.52883,-125.39183,Slope Base Shallow Profiler - 200 m W,Cabled-6_TN326_Discrete_Summary.csv
44.52883,-125.39183,Slope Base Shallow Profiler - 200 m W,Cabled-6_TN326_Discrete_Summary.csv
44.52883,-125.39183,Slope Base Shallow Profiler - 200 m W,Cabled-6_TN326_Discrete_Summary.csv
44.52883,-125.39183,Slope Base Shallow Profiler - 200 m W,Cabled-6_TN326_Discrete_Summary.csv
44.52883,-125.39183,Slope Base Shallow Profiler - 200 m W,Cabled-6_TN326_Discrete_Summary.csv
44.52883,-125.39183,Slope Base Shallow Profiler - 200 m W,Cabled-6_TN326_Discrete_Summary.csv
44.52883,-125.39183,Slope Base Shallow Profiler - 200 m W,Cabled-6_TN326_Discrete_Summary.csv
44.52883,-125.39183,Slope Base Shallow Profiler - 200 m W,Cabled-6_TN326_Discrete_Summary.csv
44.52883,-125.39183,Slope Base Shallow Profiler - 200 m W,Cabled-6_TN326_Discrete_Summary.csv
44.52883,-125.39183,Slope Base Shallow Profiler - 200 m W,Cabled-6_TN326_Discrete_Summary.csv
44.52883,-125.39183,Slope Base Shallow Profiler - 200 m W,Cabled-6_TN326_Discrete_Summary.csv
44.52883,-125.39183,Slope Base Shallow Profiler - 200 m W,Cabled-6_TN326_Discrete_Summary.csv
44.52883,-125.39183,Slope Base Shallow Profiler - 200 m W,Cabled-6_TN326_Discrete_Summary.csv
44.52883,-125.39183,Slope Base Shallow Profiler - 200 m W,Cabled-6_TN326_Discrete_Summary.csv
44.52883,-125.39183,Slope Base Shallow Profiler - 200 m W,Cabled-6_TN326_Discrete_Summary.csv
44.52883,-125.39183,Slope Base Shallow Profiler - 200 m W,Cabled-6_TN326_Discrete_Summary.csv
44.52883,-125.39183,Slope Base Shallow Profiler - 200 m W,Cabled-6_TN326_Discrete_Summary.csv
44.52883,-125.39183,Slope Base Shallow Profiler - 200 m W,Cabled-6_TN326_Discrete_Summary.csv
44.52883,-125.39183,Slope Base Shallow Profiler - 200 m W,Cabled-6_TN326_Discrete_Summary.csv
44.52883,-125.39183,Slope Base Shallow Profiler - 200 m W,Cabled-6_TN326_Discrete_Summary.csv
44.52883,-125.39183,Slope Base Shallow Profiler - 200 m W,Cabled-6_TN326_Discrete_Summary.csv
44.52883,-125.39567,Slope Base Shallow Profiler - 500 m W,Cabled-6_TN326_Discrete_Summary.csv
44.52883,-125.39567,Slope Base Shallow Profiler - 500 m W,Cabled-6_TN326_Discrete_Summary.csv
44.52883,-125.39567,Slope Base Shallow Profiler - 500 m W,Cabled-6_TN326_Discrete_Summary.csv
44.52883,-125.39567,Slope Base Shallow Profiler - 500 m W,Cabled-6_TN326_Discrete_Summary.csv
44.52883,-125.39567,Slope Base Shallow Profiler - 500 m W,Cabled-6_TN326_Discrete_Summary.csv
44.52883,-125.39567,Slope Base Shallow Profiler - 500 m W,Cabled-6_TN326_Discrete_Summary.csv
44.52883,-125.39567,Slope Base Shallow Profiler - 500 m W,Cabled-6_TN326_Discrete_Summary.csv
44.52883,-125.39567,Slope Base Shallow Profiler - 500 m W,Cabled-6_TN326_Discrete_Summary.csv
44.52883,-125.39567,Slope Base Shallow Profiler - 500 m W,Cabled-6_TN326_Discrete_Summary.csv
44.52883,-125.39567,Slope Base Shallow Profiler - 500 m W,Cabled-6_TN326_Discrete_Summary.csv
44.56833,-125.146,Southern Hydrate Ridge - 90 m E of plume,Cabled-6_TN326_Discrete_Summary.csv
44.56833,-125.146,Southern Hydrate Ridge - 90 m E of plume,Cabled-6_TN326_Discrete_Summary.csv
44.56833,-125.146,Southern Hydrate Ridge - 90 m E of plume,Cabled-6_TN326_Discrete_Summary.csv
44.52733,-125.37433,Slope Base Deep Profiler - 500 m E,Cabled-6_TN326_Discrete_Summary.csv
44.52733,-125.37433,Slope Base Deep Profiler - 500 m E,Cabled-6_TN326_Discrete_Summary.csv
44.52733,-125.37433,Slope Base Deep Profiler - 500 m E,Cabled-6_TN326_Discrete_Summary.csv
44.52733,-125.37433,Slope Base Deep Profiler - 500 m E,Cabled-6_TN326_Discrete_Summary.csv
44.52733,-125.37433,Slope Base Deep Profiler - 500 m E,Cabled-6_TN326_Discrete_Summary.csv
44.52733,-125.37433,Slope Base Deep Profiler - 500 m E,Cabled-6_TN326_Discrete_Summary.csv
44.52733,-125.37433,Slope Base Deep Profiler - 500 m E,Cabled-6_TN326_Discrete_Summary.csv
44.36817,-124.95017,Oregon Offshore Deep Profiler - 200 m E,Cabled-6_TN326_Discrete_Summary.csv
44.36817,-124.95017,Oregon Offshore Deep Profiler - 200 m E,Cabled-6_TN326_Discrete_Summary.csv
44.36817,-124.95017,Oregon Offshore Deep Profiler - 200 m E,Cabled-6_TN326_Discrete_Summary.csv
44.36817,-124.95017,Oregon Offshore Deep Profiler - 200 m E,Cabled-6_TN326_Discrete_Summary.csv
44.36817,-124.95017,Oregon Offshore Deep Profiler - 200 m E,Cabled-6_TN326_Discrete_Summary.csv
44.36817,-124.95017,Oregon Offshore Deep Profiler - 200 m E,Cabled-6_TN326_Discrete_Summary.csv
44.36817,-124.95017,Oregon Offshore Deep Profiler - 200 m E,Cabled-6_TN326_Discrete_Summary.csv
44.36817,-124.95017,Oregon Offshore Deep Profiler - 200 m E,Cabled-6_TN326_Discrete_Summary.csv
44.36817,-124.95017,Oregon Offshore Deep Profiler - 200 m E,Cabled-6_TN326_Discrete_Summary.csv
44.36817,-124.95017,Oregon Offshore Deep Profiler - 200 m E,Cabled-6_TN326_Discrete_Summary.csv
44.36817,-124.95017,Oregon Offshore Deep Profiler - 200 m E,Cabled-6_TN326_Discrete_Summary.csv
44.36817,-124.95017,Oregon Offshore Deep Profiler - 200 m E,Cabled-6_TN326_Discrete_Summary.csv
44.36817,-124.95017,Oregon Offshore Deep Profiler - 200 m E,Cabled-6_TN326_Discrete_Summary.csv
45.83417,-129.759,Axial Base Deep Profiler - 500 m N,Cabled-6_TN326_Discrete_Summary.csv
45.83417,-129.759,Axial Base Deep Profiler - 500 m N,Cabled-6_TN326_Discrete_Summary.csv
45.83417,-129.759,Axial Base Deep Profiler - 500 m N,Cabled-6_TN326_Discrete_Summary.csv
45.83417,-129.759,Axial Base Deep Profiler - 500 m N,Cabled-6_TN326_Discrete_Summary.csv
45.83417,-129.759,Axial Base Deep Profiler - 500 m N,Cabled-6_TN326_Discrete_Summary.csv
45.83417,-129.759,Axial Base Deep Profiler - 500 m N,Cabled-6_TN326_Discrete_Summary.csv
45.83417,-129.759,Axial Base Deep Profiler - 500 m N,Cabled-6_TN326_Discrete_Summary.csv
45.83417,-129.759,Axial Base Deep Profiler - 500 m N,Cabled-6_TN326_Discrete_Summary.csv
45.83417,-129.759,Axial Base Deep Profiler - 500 m N,Cabled-6_TN326_Discrete_Summary.csv
45.83417,-129.759,Axial Base Deep Profiler - 500 m N,Cabled-6_TN326_Discrete_Summary.csv
44.63717,-124.306,Oregon Shelf BEP - 20 m NW,Cabled-6_TN326_Discrete_Summary.csv
44.63717,-124.306,Oregon Shelf BEP - 20 m NW,Cabled-6_TN326_Discrete_Summary.csv
44.63717,-124.306,Oregon Shelf BEP - 20 m NW,Cabled-6_TN326_Discrete_Summary.csv
44.63717,-124.306,Oregon Shelf BEP - 20 m NW,Cabled-6_TN326_Discrete_Summary.csv
44.63717,-124.306,Oregon Shelf BEP - 20 m NW,Cabled-6_TN326_Discrete_Summary.csv
44.63717,-124.306,Oregon Shelf BEP - 20 m NW,Cabled-6_TN326_Discrete_Summary.csv
44.637,-124.305,Oregon Shelf BEP - 70 m NE,Cabled-6_TN326_Discrete_Summary.csv
44.637,-124.305,Oregon Shelf BEP - 70 m NE,Cabled-6_TN326_Discrete_Summary.csv
44.637,-124.305,Oregon Shelf BEP - 70 m NE,Cabled-6_TN326_Discrete_Summary.csv
44.637,-124.305,Oregon Shelf BEP - 70 m NE,Cabled-6_TN326_Discrete_Summary.csv
44.637,-124.305,Oregon Shelf BEP - 70 m NE,Cabled-6_TN326_Discrete_Summary.csv
44.637,-124.305,Oregon Shelf BEP - 70 m NE,Cabled-6_TN326_Discrete_Summary.csv
44.37417,-124.95433,Oregon Offshore Shallow Profiler - 600 m E,Cabled-6_TN326_Discrete_Summary.csv
44.37417,-124.95433,Oregon Offshore Shallow Profiler - 600 m E,Cabled-6_TN326_Discrete_Summary.csv
44.37417,-124.95433,Oregon Offshore Shallow Profiler - 600 m E,Cabled-6_TN326_Discrete_Summary.csv
44.37417,-124.95433,Oregon Offshore Shallow Profiler - 600 m E,Cabled-6_TN326_Discrete_Summary.csv
44.37417,-124.95433,Oregon Offshore Shallow Profiler - 600 m E,Cabled-6_TN326_Discrete_Summary.csv
44.37417,-124.95433,Oregon Offshore Shallow Profiler - 600 m E,Cabled-6_TN326_Discrete_Summary.csv
44.37417,-124.95433,Oregon Offshore Shallow Profiler - 600 m E,Cabled-6_TN326_Discrete_Summary.csv
44.37417,-124.95433,Oregon Offshore Shallow Profiler - 600 m E,Cabled-6_TN326_Discrete_Summary.csv
44.36967,-124.9525,Oregon Offshore Deep Profiler,Cabled-6_TN326_Discrete_Summary.csv
44.36967,-124.9525,Oregon Offshore Deep Profiler,Cabled-6_TN326_Discrete_Summary.csv
44.36967,-124.9525,Oregon Offshore Deep Profiler,Cabled-6_TN326_Discrete_Summary.csv
44.36967,-124.9525,Oregon Offshore Deep Profiler,Cabled-6_TN326_Discrete_Summary.csv
44.36967,-124.9525,Oregon Offshore Deep Profiler,Cabled-6_TN326_Discrete_Summary.csv
44.36967,-124.9525,Oregon Offshore Deep Profiler,Cabled-6_TN326_Discrete_Summary.csv
44.36967,-124.9525,Oregon Offshore Deep Profiler,Cabled-6_TN326_Discrete_Summary.csv
44.36967,-124.9525,Oregon Offshore Deep Profiler,Cabled-6_TN326_Discrete_Summary.csv
45.83045,-129.75319,Axial Base Shallow Profiler,Cabled-6_TN326_Discrete_Summary.csv
45.83043,-129.75319,Axial Base Shallow Profiler,Cabled-6_TN326_Discrete_Summary.csv
45.83043,-129.7532,Axial Base Shallow Profiler,Cabled-6_TN326_Discrete_Summary.csv
45.83045,-129.75323,Axial Base Shallow Profiler,Cabled-6_TN326_Discrete_Summary.csv
44.52895,-125.38894,Slope Base Shallow Profiler - 200 m W,Cabled-6_TN326_Discrete_Summary.csv
44.52895,-125.38899,Slope Base Shallow Profiler - 200 m W,Cabled-6_TN326_Discrete_Summary.csv
44.52892,-125.38904,Slope Base Shallow Profiler - 200 m W,Cabled-6_TN326_Discrete_Summary.csv
44.5299,-125.38754,Slope Base Shallow Profiler - 200 m W,Cabled-6_TN326_Discrete_Summary.csv
44.52761,-125.38067,Slope Base Deep Profiler,Cabled-6_TN326_Discrete_Summary.csv
44.52769,-125.38065,Slope Base Deep Profiler,Cabled-6_TN326_Discrete_Summary.csv
44.5276,-125.38057,Slope Base Deep Profiler,Cabled-6_TN326_Discrete_Summary.csv
44.52766,-125.38065,Slope Base Deep Profiler,Cabled-6_TN326_Discrete_Summary.csv
44.36824,-124.95279,Oregon Offshore Deep Profiler,Cabled-6_TN326_Discrete_Summary.csv
44.36832,-124.95281,Oregon Offshore Deep Profiler,Cabled-6_TN326_Discrete_Summary.csv
44.36834,-124.95283,Oregon Offshore Deep Profiler,Cabled-6_TN326_Discrete_Summary.csv
44.36833,-124.95279,Oregon Offshore Deep Profiler,Cabled-6_TN326_Discrete_Summary.csv
45.8297,-129.75901,Axial Base Deep Profiler - 500 m N,Cabled-6_TN326_Discrete_Summary.csv
45.82968,-129.75904,Axial Base Deep Profiler - 500 m N,Cabled-6_TN326_Discrete_Summary.csv
44.52388,-125.39527,Slope Base Junction Box LJ01A - 250 m SW,Cabled-7_SKQ201610S_Discrete_Summary.csv
44.52388,-125.39527,Slope Base Junction Box LJ01A - 250 m SW,Cabled-7_SKQ201610S_Discrete_Summary.csv
44.53694,-125.38888,Slope Base Shallow Profiler - 250 m E,Cabled-7_SKQ201610S_Discrete_Summary.csv
44.53694,-125.38888,Slope Base Shallow Profiler - 250 m E,Cabled-7_SKQ201610S_Discrete_Summary.csv
44.53694,-125.38888,Slope Base Shallow Profiler - 250 m E,Cabled-7_SKQ201610S_Discrete_Summary.csv
44.53694,-125.38888,Slope Base Shallow Profiler - 250 m E,Cabled-7_SKQ201610S_Discrete_Summary.csv
44.53694,-125.38888,Slope Base Shallow Profiler - 250 m E,Cabled-7_SKQ201610S_Discrete_Summary.csv
44.53694,-125.38888,Slope Base Shallow Profiler - 250 m E,Cabled-7_SKQ201610S_Discrete_Summary.csv
44.53694,-125.38888,Slope Base Shallow Profiler - 250 m E,Cabled-7_SKQ201610S_Discrete_Summary.csv
44.53694,-125.38888,Slope Base Shallow Profiler - 250 m E,Cabled-7_SKQ201610S_Discrete_Summary.csv
44.53694,-125.38888,Slope Base Shallow Profiler - 250 m E,Cabled-7_SKQ201610S_Discrete_Summary.csv
44.53694,-125.38888,Slope Base Shallow Profiler - 250 m E,Cabled-7_SKQ201610S_Discrete_Summary.csv
44.53694,-125.38888,Slope Base Shallow Profiler - 250 m E,Cabled-7_SKQ201610S_Discrete_Summary.csv
44.53694,-125.38888,Slope Base Shallow Profiler - 250 m E,Cabled-7_SKQ201610S_Discrete_Summary.csv
44.53694,-125.38888,Slope Base Shallow Profiler - 250 m E,Cabled-7_SKQ201610S_Discrete_Summary.csv
44.53694,-125.38888,Slope Base Shallow Profiler - 250 m E,Cabled-7_SKQ201610S_Discrete_Summary.csv
44.53694,-125.38888,Slope Base Shallow Profiler - 250 m E,Cabled-7_SKQ201610S_Discrete_Summary.csv
44.53694,-125.38611,Slope Base Shallow Profiler - 250 m E,Cabled-7_SKQ201610S_Discrete_Summary.csv
44.53694,-125.38555,Slope Base Shallow Profiler - 250 m E,Cabled-7_SKQ201610S_Discrete_Summary.csv
44.53694,-125.38555,Slope Base Shallow Profiler - 250 m E,Cabled-7_SKQ201610S_Discrete_Summary.csv
44.53694,-125.38555,Slope Base Shallow Profiler - 250 m E,Cabled-7_SKQ201610S_Discrete_Summary.csv
44.53694,-125.38555,Slope Base Shallow Profiler - 250 m E,Cabled-7_SKQ201610S_Discrete_Summary.csv
44.53694,-125.38555,Slope Base Shallow Profiler - 250 m E,Cabled-7_SKQ201610S_Discrete_Summary.csv
44.53694,-125.38555,Slope Base Shallow Profiler - 250 m E,Cabled-7_SKQ201610S_Discrete_Summary.csv
44.53694,-125.38555,Slope Base Shallow Profiler - 250 m E,Cabled-7_SKQ201610S_Discrete_Summary.csv
44.53694,-125.38555,Slope Base Shallow Profiler - 250 m E,Cabled-7_SKQ201610S_Discrete_Summary.csv
44.53694,-125.38555,Slope Base Shallow Profiler - 250 m E,Cabled-7_SKQ201610S_Discrete_Summary.csv
44.53694,-125.38555,Slope Base Shallow Profiler - 250 m E,Cabled-7_SKQ201610S_Discrete_Summary.csv
44.53694,-125.38555,Slope Base Shallow Profiler - 250 m E,Cabled-7_SKQ201610S_Discrete_Summary.csv
44.53694,-125.38555,Slope Base Shallow Profiler - 250 m E,Cabled-7_SKQ201610S_Discrete_Summary.csv
44.53694,-125.38555,Slope Base Shallow Profiler - 250 m E,Cabled-7_SKQ201610S_Discrete_Summary.csv
44.53694,-125.38555,Slope Base Shallow Profiler - 250 m E,Cabled-7_SKQ201610S_Discrete_Summary.csv
44.53694,-125.38555,Slope Base Shallow Profiler - 250 m E,Cabled-7_SKQ201610S_Discrete_Summary.csv
44.53694,-125.38555,Slope Base Shallow Profiler - 250 m E,Cabled-7_SKQ201610S_Discrete_Summary.csv
44.53694,-125.38555,Slope Base Shallow Profiler - 250 m E,Cabled-7_SKQ201610S_Discrete_Summary.csv
44.37944,-125.95555,Oregon Offshore Shallow Profiler - 250 m E,Cabled-7_SKQ201610S_Discrete_Summary.csv
44.37944,-125.95555,Oregon Offshore Shallow Profiler - 250 m E,Cabled-7_SKQ201610S_Discrete_Summary.csv
44.37944,-125.95555,Oregon Offshore Shallow Profiler - 250 m E,Cabled-7_SKQ201610S_Discrete_Summary.csv
44.37944,-125.95555,Oregon Offshore Shallow Profiler - 250 m E,Cabled-7_SKQ201610S_Discrete_Summary.csv
44.37944,-125.95555,Oregon Offshore Shallow Profiler - 250 m E,Cabled-7_SKQ201610S_Discrete_Summary.csv
44.37944,-125.95555,Oregon Offshore Shallow Profiler - 250 m E,Cabled-7_SKQ201610S_Discrete_Summary.csv
44.37944,-125.95555,Oregon Offshore Shallow Profiler - 250 m E,Cabled-7_SKQ201610S_Discrete_Summary.csv
44.37944,-125.95555,Oregon Offshore Shallow Profiler - 250 m E,Cabled-7_SKQ201610S_Discrete_Summary.csv
44.37944,-125.95555,Oregon Offshore Shallow Profiler - 250 m E,Cabled-7_SKQ201610S_Discrete_Summary.csv
44.37944,-125.95555,Oregon Offshore Shallow Profiler - 250 m E,Cabled-7_SKQ201610S_Discrete_Summary.csv
44.37944,-125.95555,Oregon Offshore Shallow Profiler - 250 m E,Cabled-7_SKQ201610S_Discrete_Summary.csv
44.37944,-125.95555,Oregon Offshore Shallow Profiler - 250 m E,Cabled-7_SKQ201610S_Discrete_Summary.csv
44.37944,-125.95555,Oregon Offshore Shallow Profiler - 250 m E,Cabled-7_SKQ201610S_Discrete_Summary.csv
44.37944,-125.95555,Oregon Offshore Shallow Profiler - 250 m E,Cabled-7_SKQ201610S_Discrete_Summary.csv
44.37944,-125.95555,Oregon Offshore Shallow Profiler - 250 m E,Cabled-7_SKQ201610S_Discrete_Summary.csv
44.37944,-125.95555,Oregon Offshore Shallow Profiler - 250 m E,Cabled-7_SKQ201610S_Discrete_Summary.csv
44.37944,-125.95555,Oregon Offshore Shallow Profiler - 250 m E,Cabled-7_SKQ201610S_Discrete_Summary.csv
44.37944,-125.95555,Oregon Offshore Shallow Profiler - 250 m E,Cabled-7_SKQ201610S_Discrete_Summary.csv
45.84194,-129.75916,Axial Base Shallow Profiler - 250 m NW,Cabled-7_SKQ201610S_Discrete_Summary.csv
45.84194,-129.75916,Axial Base Shallow Profiler - 250 m NW,Cabled-7_SKQ201610S_Discrete_Summary.csv
45.84194,-129.75916,Axial Base Shallow Profiler - 250 m NW,Cabled-7_SKQ201610S_Discrete_Summary.csv
45.84194,-129.75916,Axial Base Shallow Profiler - 250 m NW,Cabled-7_SKQ201610S_Discrete_Summary.csv
45.84194,-129.75916,Axial Base Shallow Profiler - 250 m NW,Cabled-7_SKQ201610S_Discrete_Summary.csv
45.84194,-129.75916,Axial Base Shallow Profiler - 250 m NW,Cabled-7_SKQ201610S_Discrete_Summary.csv
45.84194,-129.75916,Axial Base Shallow Profiler - 250 m NW,Cabled-7_SKQ201610S_Discrete_Summary.csv
45.84194,-129.75916,Axial Base Shallow Profiler - 250 m NW,Cabled-7_SKQ201610S_Discrete_Summary.csv
45.84194,-129.75916,Axial Base Shallow Profiler - 250 m NW,Cabled-7_SKQ201610S_Discrete_Summary.csv
45.84194,-129.75916,Axial Base Shallow Profiler - 250 m NW,Cabled-7_SKQ201610S_Discrete_Summary.csv
45.84194,-129.75916,Axial Base Shallow Profiler - 250 m NW,Cabled-7_SKQ201610S_Discrete_Summary.csv
45.84194,-129.75916,Axial Base Shallow Profiler - 250 m NW,Cabled-7_SKQ201610S_Discrete_Summary.csv
45.84194,-129.75916,Axial Base Shallow Profiler - 250 m NW,Cabled-7_SKQ201610S_Discrete_Summary.csv
45.84194,-129.75916,Axial Base Shallow Profiler - 250 m NW,Cabled-7_SKQ201610S_Discrete_Summary.csv
45.84194,-129.75916,Axial Base Shallow Profiler - 250 m NW,Cabled-7_SKQ201610S_Discrete_Summary.csv
45.84194,-129.75916,Axial Base Shallow Profiler - 250 m NW,Cabled-7_SKQ201610S_Discrete_Summary.csv
45.84194,-129.75916,Axial Base Shallow Profiler - 250 m NW,Cabled-7_SKQ201610S_Discrete_Summary.csv
45.84194,-129.75916,Axial Base Shallow Profiler - 250 m NW,Cabled-7_SKQ201610S_Discrete_Summary.csv
45.83444,-129.765,Axial Base Deep Profiler - 500 m N,Cabled-7_SKQ201610S_Discrete_Summary.csv
44.36972,-124.96,Oregon Offshore Deep Profiler - 250 m E,Cabled-7_SKQ201610S_Discrete_Summary.csv
44.36972,-124.96,Oregon Offshore Deep Profiler - 250 m E,Cabled-7_SKQ201610S_Discrete_Summary.csv
44.36972,-124.96,Oregon Offshore Deep Profiler - 250 m E,Cabled-7_SKQ201610S_Discrete_Summary.csv
44.36972,-124.96,Oregon Offshore Deep Profiler - 250 m E,Cabled-7_SKQ201610S_Discrete_Summary.csv
44.36972,-124.96,Oregon Offshore Deep Profiler - 250 m E,Cabled-7_SKQ201610S_Discrete_Summary.csv
44.36972,-124.96,Oregon Offshore Deep Profiler - 250 m E,Cabled-7_SKQ201610S_Discrete_Summary.csv
44.36972,-124.96,Oregon Offshore Deep Profiler - 250 m E,Cabled-7_SKQ201610S_Discrete_Summary.csv
44.36972,-124.96,Oregon Offshore Deep Profiler - 250 m E,Cabled-7_SKQ201610S_Discrete_Summary.csv
44.36972,-124.96,Oregon Offshore Deep Profiler - 250 m E,Cabled-7_SKQ201610S_Discrete_Summary.csv
44.36972,-124.96,Oregon Offshore Deep Profiler - 250 m E,Cabled-7_SKQ201610S_Discrete_Summary.csv
44.36972,-124.96,Oregon Offshore Deep Profiler - 250 m E,Cabled-7_SKQ201610S_Discrete_Summary.csv
45.81693,-129.75426,Axial Base Junction Box LJ03A,Cabled-7_SKQ201610S_Discrete_Summary.csv
45.81693,-129.75426,Axial Base Junction Box LJ03A,Cabled-7_SKQ201610S_Discrete_Summary.csv
45.81693,-129.75426,Axial Base Junction Box LJ03A,Cabled-7_SKQ201610S_Discrete_Summary.csv
44.51558,-125.38999,Slope Base Junction Box LJ01A - 250 m SW,Cabled-7_SKQ201610S_Discrete_Summary.csv
44.51558,-125.38999,Slope Base Junction Box LJ01A - 250 m SW,Cabled-7_SKQ201610S_Discrete_Summary.csv
44.51564,-125.39002,Slope Base Junction Box LJ01A - 250 m SW,Cabled-7_SKQ201610S_Discrete_Summary.csv
44.51564,-125.39002,Slope Base Junction Box LJ01A - 250 m SW,Cabled-7_SKQ201610S_Discrete_Summary.csv
44.37418,-124.95667,Oregon Offshore Shallow Profiler,Cabled-7_SKQ201610S_Discrete_Summary.csv
44.37418,-124.95667,Oregon Offshore Shallow Profiler,Cabled-7_SKQ201610S_Discrete_Summary.csv
44.37418,-124.95667,Oregon Offshore Shallow Profiler,Cabled-7_SKQ201610S_Discrete_Summary.csv
44.37418,-124.95667,Oregon Offshore Shallow Profiler,Cabled-7_SKQ201610S_Discrete_Summary.csv
44.5275,-125.38073,Oregon Offshore Deep Profiler,Cabled-7_SKQ201610S_Discrete_Summary.csv
44.5275,-125.38073,Oregon Offshore Deep Profiler,Cabled-7_SKQ201610S_Discrete_Summary.csv
44.52744,-125.3807,Oregon Offshore Deep Profiler,Cabled-7_SKQ201610S_Discrete_Summary.csv
44.52744,-125.3807,Oregon Offshore Deep Profiler,Cabled-7_SKQ201610S_Discrete_Summary.csv
44.37417,-124.95017,Oregon Offshore Shallow Profiler - 500 m E,Cabled-8_RR1713-RR1717_Discrete_Summary.csv
44.37417,-124.95017,Oregon Offshore Shallow Profiler - 500 m E,Cabled-8_RR1713-RR1717_Discrete_Summary.csv
44.37417,-124.95017,Oregon Offshore Shallow Profiler - 500 m E,Cabled-8_RR1713-RR1717_Discrete_Summary.csv
44.37417,-124.95017,Oregon Offshore Shallow Profiler - 500 m E,Cabled-8_RR1713-RR1717_Discrete_Summary.csv
44.37417,-124.95017,Oregon Offshore Shallow Profiler - 500 m E,Cabled-8_RR1713-RR1717_Discrete_Summary.csv
44.37417,-124.95017,Oregon Offshore Shallow Profiler - 500 m E,Cabled-8_RR1713-RR1717_Discrete_Summary.csv
44.37417,-124.95017,Oregon Offshore Shallow Profiler - 500 m E,Cabled-8_RR1713-RR1717_Discrete_Summary.csv
44.37417,-124.95017,Oregon Offshore Shallow Profiler - 500 m E,Cabled-8_RR1713-RR1717_Discrete_Summary.csv
44.37417,-124.95017,Oregon Offshore Shallow Profiler - 500 m E,Cabled-8_RR1713-RR1717_Discrete_Summary.csv
44.37417,-124.95017,Oregon Offshore Shallow Profiler - 500 m E,Cabled-8_RR1713-RR1717_Discrete_Summary.csv
44.37417,-124.95017,Oregon Offshore Shallow Profiler - 500 m E,Cabled-8_RR1713-RR1717_Discrete_Summary.csv
44.37417,-124.95017,Oregon Offshore Shallow Profiler - 500 m E,Cabled-8_RR1713-RR1717_Discrete_Summary.csv
44.37417,-124.95017,Oregon Offshore Shallow Profiler - 500 m E,Cabled-8_RR1713-RR1717_Discrete_Summary.csv
44.37417,-124.95017,Oregon Offshore Shallow Profiler - 500 m E,Cabled-8_RR1713-RR1717_Discrete_Summary.csv
44.37417,-124.95017,Oregon Offshore Shallow Profiler - 500 m E,Cabled-8_RR1713-RR1717_Discrete_Summary.csv
44.37417,-124.95017,Oregon Offshore Shallow Profiler - 500 m E,Cabled-8_RR1713-RR1717_Discrete_Summary.csv
45.83017,-129.74617,Axial Base Shallow Profiler - 500 m E,Cabled-8_RR1713-RR1717_Discrete_Summary.csv
45.83017,-129.74617,Axial Base Shallow Profiler - 500 m E,Cabled-8_RR1713-RR1717_Discrete_Summary.csv
45.83017,-129.74617,Axial Base Shallow Profiler - 500 m E,Cabled-8_RR1713-RR1717_Discrete_Summary.csv
45.83017,-129.74617,Axial Base Shallow Profiler - 500 m E,Cabled-8_RR1713-RR1717_Discrete_Summary.csv
45.83017,-129.74617,Axial Base Shallow Profiler - 500 m E,Cabled-8_RR1713-RR1717_Discrete_Summary.csv
45.83017,-129.74617,Axial Base Shallow Profiler - 500 m E,Cabled-8_RR1713-RR1717_Discrete_Summary.csv
45.83017,-129.74617,Axial Base Shallow Profiler - 500 m E,Cabled-8_RR1713-RR1717_Discrete_Summary.csv
45.83017,-129.74617,Axial Base Shallow Profiler - 500 m E,Cabled-8_RR1713-RR1717_Discrete_Summary.csv
45.83017,-129.74617,Axial Base Shallow Profiler - 500 m E,Cabled-8_RR1713-RR1717_Discrete_Summary.csv
45.83017,-129.74617,Axial Base Shallow Profiler - 500 m E,Cabled-8_RR1713-RR1717_Discrete_Summary.csv
45.83017,-129.74617,Axial Base Shallow Profiler - 500 m E,Cabled-8_RR1713-RR1717_Discrete_Summary.csv
45.83017,-129.74617,Axial Base Shallow Profiler - 500 m E,Cabled-8_RR1713-RR1717_Discrete_Summary.csv
45.83017,-129.74617,Axial Base Shallow Profiler - 500 m E,Cabled-8_RR1713-RR1717_Discrete_Summary.csv
45.8305,-129.74983,Axial Base Shallow Profiler - 250 m E,Cabled-8_RR1713-RR1717_Discrete_Summary.csv
45.8305,-129.74983,Axial Base Shallow Profiler - 250 m E,Cabled-8_RR1713-RR1717_Discrete_Summary.csv
45.8305,-129.74983,Axial Base Shallow Profiler - 250 m E,Cabled-8_RR1713-RR1717_Discrete_Summary.csv
45.8305,-129.74983,Axial Base Shallow Profiler - 250 m E,Cabled-8_RR1713-RR1717_Discrete_Summary.csv
45.8305,-129.74983,Axial Base Shallow Profiler - 250 m E,Cabled-8_RR1713-RR1717_Discrete_Summary.csv
45.8305,-129.74983,Axial Base Shallow Profiler - 250 m E,Cabled-8_RR1713-RR1717_Discrete_Summary.csv
45.8305,-129.74983,Axial Base Shallow Profiler - 250 m E,Cabled-8_RR1713-RR1717_Discrete_Summary.csv
45.8305,-129.74983,Axial Base Shallow Profiler - 250 m E,Cabled-8_RR1713-RR1717_Discrete_Summary.csv
45.8305,-129.74983,Axial Base Shallow Profiler - 250 m E,Cabled-8_RR1713-RR1717_Discrete_Summary.csv
45.8305,-129.74983,Axial Base Shallow Profiler - 250 m E,Cabled-8_RR1713-RR1717_Discrete_Summary.csv
45.8305,-129.74983,Axial Base Shallow Profiler - 250 m E,Cabled-8_RR1713-RR1717_Discrete_Summary.csv
45.8305,-129.74983,Axial Base Shallow Profiler - 250 m E,Cabled-8_RR1713-RR1717_Discrete_Summary.csv
45.8305,-129.74983,Axial Base Shallow Profiler - 250 m E,Cabled-8_RR1713-RR1717_Discrete_Summary.csv
45.8305,-129.74983,Axial Base Shallow Profiler - 250 m E,Cabled-8_RR1713-RR1717_Discrete_Summary.csv
45.8305,-129.74983,Axial Base Shallow Profiler - 250 m E,Cabled-8_RR1713-RR1717_Discrete_Summary.csv
45.8305,-129.74983,Axial Base Shallow Profiler - 250 m E,Cabled-8_RR1713-RR1717_Discrete_Summary.csv
45.8305,-129.74983,Axial Base Shallow Profiler - 250 m E,Cabled-8_RR1713-RR1717_Discrete_Summary.csv
45.8305,-129.74983,Axial Base Shallow Profiler - 250 m E,Cabled-8_RR1713-RR1717_Discrete_Summary.csv
44.51067,-125.3895,Slope Base Junction Box LJ01A - 500 m S,Cabled-8_RR1713-RR1717_Discrete_Summary.csv
44.51067,-125.3895,Slope Base Junction Box LJ01A - 500 m S,Cabled-8_RR1713-RR1717_Discrete_Summary.csv
44.51067,-125.3895,Slope Base Junction Box LJ01A - 500 m S,Cabled-8_RR1713-RR1717_Discrete_Summary.csv
44.51067,-125.3895,Slope Base Junction Box LJ01A - 500 m S,Cabled-8_RR1713-RR1717_Discrete_Summary.csv
44.51067,-125.3895,Slope Base Junction Box LJ01A - 500 m S,Cabled-8_RR1713-RR1717_Discrete_Summary.csv
44.51067,-125.3895,Slope Base Junction Box LJ01A - 500 m S,Cabled-8_RR1713-RR1717_Discrete_Summary.csv
44.51067,-125.3895,Slope Base Junction Box LJ01A - 500 m S,Cabled-8_RR1713-RR1717_Discrete_Summary.csv
44.51067,-125.3895,Slope Base Junction Box LJ01A - 500 m S,Cabled-8_RR1713-RR1717_Discrete_Summary.csv
44.51067,-125.3895,Slope Base Junction Box LJ01A - 500 m S,Cabled-8_RR1713-RR1717_Discrete_Summary.csv
44.51067,-125.3895,Slope Base Junction Box LJ01A - 500 m S,Cabled-8_RR1713-RR1717_Discrete_Summary.csv
44.51067,-125.3895,Slope Base Junction Box LJ01A - 500 m S,Cabled-8_RR1713-RR1717_Discrete_Summary.csv
44.51067,-125.3895,Slope Base Junction Box LJ01A - 500 m S,Cabled-8_RR1713-RR1717_Discrete_Summary.csv
44.51067,-125.3895,Slope Base Junction Box LJ01A - 500 m S,Cabled-8_RR1713-RR1717_Discrete_Summary.csv
44.51067,-125.3895,Slope Base Junction Box LJ01A - 500 m S,Cabled-8_RR1713-RR1717_Discrete_Summary.csv
44.51067,-125.3895,Slope Base Junction Box LJ01A - 500 m S,Cabled-8_RR1713-RR1717_Discrete_Summary.csv
44.51067,-125.3895,Slope Base Junction Box LJ01A - 500 m S,Cabled-8_RR1713-RR1717_Discrete_Summary.csv
44.51067,-125.3895,Slope Base Junction Box LJ01A - 500 m S,Cabled-8_RR1713-RR1717_Discrete_Summary.csv
44.51067,-125.3895,Slope Base Junction Box LJ01A - 500 m S,Cabled-8_RR1713-RR1717_Discrete_Summary.csv
44.51067,-125.3895,Slope Base Junction Box LJ01A - 500 m S,Cabled-8_RR1713-RR1717_Discrete_Summary.csv
44.51067,-125.3895,Slope Base Junction Box LJ01A - 500 m S,Cabled-8_RR1713-RR1717_Discrete_Summary.csv
44.3755,-124.95417,Oregon Offshore Shallow Profiler - 250 m NE,Cabled-8_RR1713-RR1717_Discrete_Summary.csv
44.3755,-124.95417,Oregon Offshore Shallow Profiler - 250 m NE,Cabled-8_RR1713-RR1717_Discrete_Summary.csv
44.3755,-124.95417,Oregon Offshore Shallow Profiler - 250 m NE,Cabled-8_RR1713-RR1717_Discrete_Summary.csv
44.3755,-124.95417,Oregon Offshore Shallow Profiler - 250 m NE,Cabled-8_RR1713-RR1717_Discrete_Summary.csv
44.3755,-124.95417,Oregon Offshore Shallow Profiler - 250 m NE,Cabled-8_RR1713-RR1717_Discrete_Summary.csv
44.3755,-124.95417,Oregon Offshore Shallow Profiler - 250 m NE,Cabled-8_RR1713-RR1717_Discrete_Summary.csv
44.3755,-124.95417,Oregon Offshore Shallow Profiler - 250 m NE,Cabled-8_RR1713-RR1717_Discrete_Summary.csv
44.3755,-124.95417,Oregon Offshore Shallow Profiler - 250 m NE,Cabled-8_RR1713-RR1717_Discrete_Summary.csv
44.3755,-124.95417,Oregon Offshore Shallow Profiler - 250 m NE,Cabled-8_RR1713-RR1717_Discrete_Summary.csv
44.3755,-124.95417,Oregon Offshore Shallow Profiler - 250 m NE,Cabled-8_RR1713-RR1717_Discrete_Summary.csv
44.3755,-124.95417,Oregon Offshore Shallow Profiler - 250 m NE,Cabled-8_RR1713-RR1717_Discrete_Summary.csv
44.3755,-124.95417,Oregon Offshore Shallow Profiler - 250 m NE,Cabled-8_RR1713-RR1717_Discrete_Summary.csv
44.3755,-124.95417,Oregon Offshore Shallow Profiler - 250 m NE,Cabled-8_RR1713-RR1717_Discrete_Summary.csv
44.3755,-124.95417,Oregon Offshore Shallow Profiler - 250 m NE,Cabled-8_RR1713-RR1717_Discrete_Summary.csv
44.3755,-124.95417,Oregon Offshore Shallow Profiler - 250 m NE,Cabled-8_RR1713-RR1717_Discrete_Summary.csv
44.3755,-124.95417,Oregon Offshore Shallow Profiler - 250 m NE,Cabled-8_RR1713-RR1717_Discrete_Summary.csv
44.3755,-124.95417,Oregon Offshore Shallow Profiler - 250 m NE,Cabled-8_RR1713-RR1717_Discrete_Summary.csv
44.3755,-124.95417,Oregon Offshore Shallow Profiler - 250 m NE,Cabled-8_RR1713-RR1717_Discrete_Summary.csv
44.3755,-124.95417,Oregon Offshore Shallow Profiler - 250 m NE,Cabled-8_RR1713-RR1717_Discrete_Summary.csv
44.3755,-124.95417,Oregon Offshore Shallow Profiler - 250 m NE,Cabled-8_RR1713-RR1717_Discrete_Summary.csv
44.3755,-124.95417,Oregon Offshore Shallow Profiler - 250 m NE,Cabled-8_RR1713-RR1717_Discrete_Summary.csv
44.3755,-124.95417,Oregon Offshore Shallow Profiler - 250 m NE,Cabled-8_RR1713-RR1717_Discrete_Summary.csv
45.8305,-129.74683,Axial Base Shallow Profiler - 500 m E,Cabled-8_RR1713-RR1717_Discrete_Summary.csv
45.8305,-129.74683,Axial Base Shallow Profiler - 500 m E,Cabled-8_RR1713-RR1717_Discrete_Summary.csv
45.8305,-129.74683,Axial Base Shallow Profiler - 500 m E,Cabled-8_RR1713-RR1717_Discrete_Summary.csv
45.8305,-129.74683,Axial Base Shallow Profiler - 500 m E,Cabled-8_RR1713-RR1717_Discrete_Summary.csv
45.8305,-129.74683,Axial Base Shallow Profiler - 500 m E,Cabled-8_RR1713-RR1717_Discrete_Summary.csv
45.8305,-129.74683,Axial Base Shallow Profiler - 500 m E,Cabled-8_RR1713-RR1717_Discrete_Summary.csv
45.8305,-129.74683,Axial Base Shallow Profiler - 500 m E,Cabled-8_RR1713-RR1717_Discrete_Summary.csv
45.8305,-129.74683,Axial Base Shallow Profiler - 500 m E,Cabled-8_RR1713-RR1717_Discrete_Summary.csv
45.8305,-129.74683,Axial Base Shallow Profiler - 500 m E,Cabled-8_RR1713-RR1717_Discrete_Summary.csv
45.8305,-129.74683,Axial Base Shallow Profiler - 500 m E,Cabled-8_RR1713-RR1717_Discrete_Summary.csv
44.52917,-125.3925,Slope Base Shallow Profiler - 250 m W,Cabled-8_RR1713-RR1717_Discrete_Summary.csv
44.52917,-125.3925,Slope Base Shallow Profiler - 250 m W,Cabled-8_RR1713-RR1717_Discrete_Summary.csv
44.52917,-125.3925,Slope Base Shallow Profiler - 250 m W,Cabled-8_RR1713-RR1717_Discrete_Summary.csv
44.52917,-125.3925,Slope Base Shallow Profiler - 250 m W,Cabled-8_RR1713-RR1717_Discrete_Summary.csv
44.52917,-125.3925,Slope Base Shallow Profiler - 250 m W,Cabled-8_RR1713-RR1717_Discrete_Summary.csv
44.52917,-125.3925,Slope Base Shallow Profiler - 250 m W,Cabled-8_RR1713-RR1717_Discrete_Summary.csv
44.52917,-125.3925,Slope Base Shallow Profiler - 250 m W,Cabled-8_RR1713-RR1717_Discrete_Summary.csv
44.52917,-125.3925,Slope Base Shallow Profiler - 250 m W,Cabled-8_RR1713-RR1717_Discrete_Summary.csv
44.52917,-125.3925,Slope Base Shallow Profiler - 250 m W,Cabled-8_RR1713-RR1717_Discrete_Summary.csv
44.52917,-125.3925,Slope Base Shallow Profiler - 250 m W,Cabled-8_RR1713-RR1717_Discrete_Summary.csv
44.52917,-125.3925,Slope Base Shallow Profiler - 250 m W,Cabled-8_RR1713-RR1717_Discrete_Summary.csv
44.52917,-125.3925,Slope Base Shallow Profiler - 250 m W,Cabled-8_RR1713-RR1717_Discrete_Summary.csv
44.52917,-125.3925,Slope Base Shallow Profiler - 250 m W,Cabled-8_RR1713-RR1717_Discrete_Summary.csv
44.52917,-125.3925,Slope Base Shallow Profiler - 250 m W,Cabled-8_RR1713-RR1717_Discrete_Summary.csv
44.52917,-125.3925,Slope Base Shallow Profiler - 250 m W,Cabled-8_RR1713-RR1717_Discrete_Summary.csv
44.52917,-125.3925,Slope Base Shallow Profiler - 250 m W,Cabled-8_RR1713-RR1717_Discrete_Summary.csv
44.52917,-125.3925,Slope Base Shallow Profiler - 250 m W,Cabled-8_RR1713-RR1717_Discrete_Summary.csv
44.37406,-124.95624,Axial Base Shallow Profiler,Cabled-8_RR1713-RR1717_Discrete_Summary.csv
44.37406,-124.95624,Axial Base Shallow Profiler,Cabled-8_RR1713-RR1717_Discrete_Summary.csv
44.37405,-124.95625,Axial Base Shallow Profiler,Cabled-8_RR1713-RR1717_Discrete_Summary.csv
45.82966,-129.75931,Axial Base Deep Profiler,Cabled-8_RR1713-RR1717_Discrete_Summary.csv
45.82965,-129.75931,Axial Base Deep Profiler,Cabled-8_RR1713-RR1717_Discrete_Summary.csv
45.82956,-129.75927,Axial Base Deep Profiler,Cabled-8_RR1713-RR1717_Discrete_Summary.csv
45.82955,-129.75927,Axial Base Deep Profiler,Cabled-8_RR1713-RR1717_Discrete_Summary.csv
44.36829,-124.95278,Oregon Offshore Deep Profiler,Cabled-8_RR1713-RR1717_Discrete_Summary.csv
44.36829,-124.95278,Oregon Offshore Deep Profiler,Cabled-8_RR1713-RR1717_Discrete_Summary.csv
44.36829,-124.95278,Oregon Offshore Deep Profiler,Cabled-8_RR1713-RR1717_Discrete_Summary.csv
44.36829,-124.95278,Oregon Offshore Deep Profiler,Cabled-8_RR1713-RR1717_Discrete_Summary.csv
44.525,-125.39567,Slope Base Shallow Profiler - 500 m W,Cabled-9_RR1809-RR1812_Discrete_Summary.csv
44.525,-125.39567,Slope Base Shallow Profiler - 500 m W,Cabled-9_RR1809-RR1812_Discrete_Summary.csv
44.525,-125.39567,Slope Base Shallow Profiler - 500 m W,Cabled-9_RR1809-RR1812_Discrete_Summary.csv
44.525,-125.39567,Slope Base Shallow Profiler - 500 m W,Cabled-9_RR1809-RR1812_Discrete_Summary.csv
44.525,-125.39567,Slope Base Shallow Profiler - 500 m W,Cabled-9_RR1809-RR1812_Discrete_Summary.csv
44.525,-125.39567,Slope Base Shallow Profiler - 500 m W,Cabled-9_RR1809-RR1812_Discrete_Summary.csv
44.525,-125.39567,Slope Base Shallow Profiler - 500 m W,Cabled-9_RR1809-RR1812_Discrete_Summary.csv
44.525,-125.39567,Slope Base Shallow Profiler - 500 m W,Cabled-9_RR1809-RR1812_Discrete_Summary.csv
44.525,-125.39567,Slope Base Shallow Profiler - 500 m W,Cabled-9_RR1809-RR1812_Discrete_Summary.csv
44.525,-125.39567,Slope Base Shallow Profiler - 500 m W,Cabled-9_RR1809-RR1812_Discrete_Summary.csv
44.525,-125.39567,Slope Base Shallow Profiler - 500 m W,Cabled-9_RR1809-RR1812_Discrete_Summary.csv
44.525,-125.39567,Slope Base Shallow Profiler - 500 m W,Cabled-9_RR1809-RR1812_Discrete_Summary.csv
44.525,-125.39567,Slope Base Shallow Profiler - 500 m W,Cabled-9_RR1809-RR1812_Discrete_Summary.csv
44.525,-125.39567,Slope Base Shallow Profiler - 500 m W,Cabled-9_RR1809-RR1812_Discrete_Summary.csv
44.525,-125.39567,Slope Base Shallow Profiler - 500 m W,Cabled-9_RR1809-RR1812_Discrete_Summary.csv
44.525,-125.39567,Slope Base Shallow Profiler - 500 m W,Cabled-9_RR1809-RR1812_Discrete_Summary.csv
44.525,-125.39567,Slope Base Shallow Profiler - 500 m W,Cabled-9_RR1809-RR1812_Discrete_Summary.csv
44.525,-125.39567,Slope Base Shallow Profiler - 500 m W,Cabled-9_RR1809-RR1812_Discrete_Summary.csv
45.83017,-129.74667,Axial Base Shallow Profiler - 500 m E,Cabled-9_RR1809-RR1812_Discrete_Summary.csv
45.83017,-129.74667,Axial Base Shallow Profiler - 500 m E,Cabled-9_RR1809-RR1812_Discrete_Summary.csv
45.83017,-129.74667,Axial Base Shallow Profiler - 500 m E,Cabled-9_RR1809-RR1812_Discrete_Summary.csv
45.83017,-129.74667,Axial Base Shallow Profiler - 500 m E,Cabled-9_RR1809-RR1812_Discrete_Summary.csv
45.83017,-129.74667,Axial Base Shallow Profiler - 500 m E,Cabled-9_RR1809-RR1812_Discrete_Summary.csv
45.83017,-129.74667,Axial Base Shallow Profiler - 500 m E,Cabled-9_RR1809-RR1812_Discrete_Summary.csv
45.83017,-129.74667,Axial Base Shallow Profiler - 500 m E,Cabled-9_RR1809-RR1812_Discrete_Summary.csv
45.83017,-129.74667,Axial Base Shallow Profiler - 500 m E,Cabled-9_RR1809-RR1812_Discrete_Summary.csv
45.83017,-129.74667,Axial Base Shallow Profiler - 500 m E,Cabled-9_RR1809-RR1812_Discrete_Summary.csv
45.83017,-129.74667,Axial Base Shallow Profiler - 500 m E,Cabled-9_RR1809-RR1812_Discrete_Summary.csv
45.83017,-129.74667,Axial Base Shallow Profiler - 500 m E,Cabled-9_RR1809-RR1812_Discrete_Summary.csv
45.83017,-129.74667,Axial Base Shallow Profiler - 500 m E,Cabled-9_RR1809-RR1812_Discrete_Summary.csv
45.83017,-129.74667,Axial Base Shallow Profiler - 500 m E,Cabled-9_RR1809-RR1812_Discrete_Summary.csv
45.83017,-129.74667,Axial Base Shallow Profiler - 500 m E,Cabled-9_RR1809-RR1812_Discrete_Summary.csv
45.83017,-129.74667,Axial Base Shallow Profiler - 500 m E,Cabled-9_RR1809-RR1812_Discrete_Summary.csv
45.83017,-129.74667,Axial Base Shallow Profiler - 500 m E,Cabled-9_RR1809-RR1812_Discrete_Summary.csv
45.83017,-129.74667,Axial Base Shallow Profiler - 500 m E,Cabled-9_RR1809-RR1812_Discrete_Summary.csv
44.52933,-125.39083,Slope Base Shallow Profiler - 100 m W,Cabled-9_RR1809-RR1812_Discrete_Summary.csv
44.52933,-125.39283,Slope Base Shallow Profiler - 250 m W,Cabled-9_RR1809-RR1812_Discrete_Summary.csv
44.52933,-125.39283,Slope Base Shallow Profiler - 250 m W,Cabled-9_RR1809-RR1812_Discrete_Summary.csv
44.52933,-125.39283,Slope Base Shallow Profiler - 250 m W,Cabled-9_RR1809-RR1812_Discrete_Summary.csv
44.52933,-125.39283,Slope Base Shallow Profiler - 250 m W,Cabled-9_RR1809-RR1812_Discrete_Summary.csv
44.52933,-125.39283,Slope Base Shallow Profiler - 250 m W,Cabled-9_RR1809-RR1812_Discrete_Summary.csv
44.52933,-125.39283,Slope Base Shallow Profiler - 250 m W,Cabled-9_RR1809-RR1812_Discrete_Summary.csv
44.52933,-125.39283,Slope Base Shallow Profiler - 250 m W,Cabled-9_RR1809-RR1812_Discrete_Summary.csv
44.52933,-125.39283,Slope Base Shallow Profiler - 250 m W,Cabled-9_RR1809-RR1812_Discrete_Summary.csv
44.52933,-125.39283,Slope Base Shallow Profiler - 250 m W,Cabled-9_RR1809-RR1812_Discrete_Summary.csv
44.52933,-125.39283,Slope Base Shallow Profiler - 250 m W,Cabled-9_RR1809-RR1812_Discrete_Summary.csv
44.52933,-125.39283,Slope Base Shallow Profiler - 250 m W,Cabled-9_RR1809-RR1812_Discrete_Summary.csv
44.52933,-125.39283,Slope Base Shallow Profiler - 250 m W,Cabled-9_RR1809-RR1812_Discrete_Summary.csv
44.52933,-125.39283,Slope Base Shallow Profiler - 250 m W,Cabled-9_RR1809-RR1812_Discrete_Summary.csv
44.52933,-125.39283,Slope Base Shallow Profiler - 250 m W,Cabled-9_RR1809-RR1812_Discrete_Summary.csv
44.52933,-125.39283,Slope Base Shallow Profiler - 250 m W,Cabled-9_RR1809-RR1812_Discrete_Summary.csv
44.52933,-125.39283,Slope Base Shallow Profiler - 250 m W,Cabled-9_RR1809-RR1812_Discrete_Summary.csv
44.52933,-125.39283,Slope Base Shallow Profiler - 250 m W,Cabled-9_RR1809-RR1812_Discrete_Summary.csv
44.52933,-125.3965,Slope Base Shallow Profiler - 500 m W,Cabled-9_RR1809-RR1812_Discrete_Summary.csv
44.52933,-125.3965,Slope Base Shallow Profiler - 500 m W,Cabled-9_RR1809-RR1812_Discrete_Summary.csv
44.52933,-125.3965,Slope Base Shallow Profiler - 500 m W,Cabled-9_RR1809-RR1812_Discrete_Summary.csv
44.52933,-125.3965,Slope Base Shallow Profiler - 500 m W,Cabled-9_RR1809-RR1812_Discrete_Summary.csv
44.52933,-125.3965,Slope Base Shallow Profiler - 500 m W,Cabled-9_RR1809-RR1812_Discrete_Summary.csv
44.52933,-125.3965,Slope Base Shallow Profiler - 500 m W,Cabled-9_RR1809-RR1812_Discrete_Summary.csv
44.52933,-125.3965,Slope Base Shallow Profiler - 500 m W,Cabled-9_RR1809-RR1812_Discrete_Summary.csv
44.52933,-125.3965,Slope Base Shallow Profiler - 500 m W,Cabled-9_RR1809-RR1812_Discrete_Summary.csv
44.52933,-125.3965,Slope Base Shallow Profiler - 500 m W,Cabled-9_RR1809-RR1812_Discrete_Summary.csv
44.52933,-125.3965,Slope Base Shallow Profiler - 500 m W,Cabled-9_RR1809-RR1812_Discrete_Summary.csv
44.52933,-125.3965,Slope Base Shallow Profiler - 500 m W,Cabled-9_RR1809-RR1812_Discrete_Summary.csv
44.52933,-125.3965,Slope Base Shallow Profiler - 500 m W,Cabled-9_RR1809-RR1812_Discrete_Summary.csv
44.52933,-125.3965,Slope Base Shallow Profiler - 500 m W,Cabled-9_RR1809-RR1812_Discrete_Summary.csv
44.52933,-125.3965,Slope Base Shallow Profiler - 500 m W,Cabled-9_RR1809-RR1812_Discrete_Summary.csv
44.52933,-125.3965,Slope Base Shallow Profiler - 500 m W,Cabled-9_RR1809-RR1812_Discrete_Summary.csv
44.373,-124.95633,Oregon Offshore Shallow Profiler,Cabled-9_RR1809-RR1812_Discrete_Summary.csv
44.373,-124.95633,Oregon Offshore Shallow Profiler,Cabled-9_RR1809-RR1812_Discrete_Summary.csv
44.373,-124.95633,Oregon Offshore Shallow Profiler,Cabled-9_RR1809-RR1812_Discrete_Summary.csv
44.373,-124.95633,Oregon Offshore Shallow Profiler,Cabled-9_RR1809-RR1812_Discrete_Summary.csv
44.373,-124.95633,Oregon Offshore Shallow Profiler,Cabled-9_RR1809-RR1812_Discrete_Summary.csv
44.373,-124.95633,Oregon Offshore Shallow Profiler,Cabled-9_RR1809-RR1812_Discrete_Summary.csv
44.373,-124.95633,Oregon Offshore Shallow Profiler,Cabled-9_RR1809-RR1812_Discrete_Summary.csv
44.373,-124.95633,Oregon Offshore Shallow Profiler,Cabled-9_RR1809-RR1812_Discrete_Summary.csv
44.373,-124.95633,Oregon Offshore Shallow Profiler,Cabled-9_RR1809-RR1812_Discrete_Summary.csv
44.373,-124.95633,Oregon Offshore Shallow Profiler,Cabled-9_RR1809-RR1812_Discrete_Summary.csv
44.373,-124.95633,Oregon Offshore Shallow Profiler,Cabled-9_RR1809-RR1812_Discrete_Summary.csv
44.373,-124.95633,Oregon Offshore Shallow Profiler,Cabled-9_RR1809-RR1812_Discrete_Summary.csv
44.373,-124.95633,Oregon Offshore Shallow Profiler,Cabled-9_RR1809-RR1812_Discrete_Summary.csv
44.373,-124.95633,Oregon Offshore Shallow Profiler,Cabled-9_RR1809-RR1812_Discrete_Summary.csv
44.373,-124.95633,Oregon Offshore Shallow Profiler,Cabled-9_RR1809-RR1812_Discrete_Summary.csv
44.373,-124.95633,Oregon Offshore Shallow Profiler,Cabled-9_RR1809-RR1812_Discrete_Summary.csv
44.373,-124.95633,Oregon Offshore Shallow Profiler,Cabled-9_RR1809-RR1812_Discrete_Summary.csv
44.373,-124.95633,Oregon Offshore Shallow Profiler,Cabled-9_RR1809-RR1812_Discrete_Summary.csv
44.37383,-124.953,Oregon Offshore Shallow Profiler - 250 m E,Cabled-9_RR1809-RR1812_Discrete_Summary.csv
44.37367,-124.95317,Oregon Offshore Shallow Profiler - 250 m E,Cabled-9_RR1809-RR1812_Discrete_Summary.csv
44.37367,-124.95317,Oregon Offshore Shallow Profiler - 250 m E,Cabled-9_RR1809-RR1812_Discrete_Summary.csv
44.37367,-124.95317,Oregon Offshore Shallow Profiler - 250 m E,Cabled-9_RR1809-RR1812_Discrete_Summary.csv
44.37367,-124.95317,Oregon Offshore Shallow Profiler - 250 m E,Cabled-9_RR1809-RR1812_Discrete_Summary.csv
44.37367,-124.95317,Oregon Offshore Shallow Profiler - 250 m E,Cabled-9_RR1809-RR1812_Discrete_Summary.csv
44.37367,-124.95317,Oregon Offshore Shallow Profiler - 250 m E,Cabled-9_RR1809-RR1812_Discrete_Summary.csv
44.37367,-124.95317,Oregon Offshore Shallow Profiler - 250 m E,Cabled-9_RR1809-RR1812_Discrete_Summary.csv
44.37367,-124.95317,Oregon Offshore Shallow Profiler - 250 m E,Cabled-9_RR1809-RR1812_Discrete_Summary.csv
44.37367,-124.95317,Oregon Offshore Shallow Profiler - 250 m E,Cabled-9_RR1809-RR1812_Discrete_Summary.csv
44.37367,-124.95317,Oregon Offshore Shallow Profiler - 250 m E,Cabled-9_RR1809-RR1812_Discrete_Summary.csv
44.37367,-124.95317,Oregon Offshore Shallow Profiler - 250 m E,Cabled-9_RR1809-RR1812_Discrete_Summary.csv
44.37367,-124.95317,Oregon Offshore Shallow Profiler - 250 m E,Cabled-9_RR1809-RR1812_Discrete_Summary.csv
44.37367,-124.95317,Oregon Offshore Shallow Profiler - 250 m E,Cabled-9_RR1809-RR1812_Discrete_Summary.csv
44.37367,-124.95317,Oregon Offshore Shallow Profiler - 250 m E,Cabled-9_RR1809-RR1812_Discrete_Summary.csv
44.37367,-124.95317,Oregon Offshore Shallow Profiler - 250 m E,Cabled-9_RR1809-RR1812_Discrete_Summary.csv
44.36667,-124.955,Oregon Offshore Deep Profiler - 250 m SW,Cabled-9_RR1809-RR1812_Discrete_Summary.csv
44.36667,-124.955,Oregon Offshore Deep Profiler - 500 m SW,Cabled-9_RR1809-RR1812_Discrete_Summary.csv
44.36667,-124.955,Oregon Offshore Deep Profiler - 500 m SW,Cabled-9_RR1809-RR1812_Discrete_Summary.csv
44.36667,-124.955,Oregon Offshore Deep Profiler - 500 m SW,Cabled-9_RR1809-RR1812_Discrete_Summary.csv
44.36667,-124.955,Oregon Offshore Deep Profiler - 500 m SW,Cabled-9_RR1809-RR1812_Discrete_Summary.csv
44.36667,-124.955,Oregon Offshore Deep Profiler - 500 m SW,Cabled-9_RR1809-RR1812_Discrete_Summary.csv
44.36667,-124.955,Oregon Offshore Deep Profiler - 500 m SW,Cabled-9_RR1809-RR1812_Discrete_Summary.csv
44.36667,-124.955,Oregon Offshore Deep Profiler - 500 m SW,Cabled-9_RR1809-RR1812_Discrete_Summary.csv
44.36667,-124.955,Oregon Offshore Deep Profiler - 500 m SW,Cabled-9_RR1809-RR1812_Discrete_Summary.csv
44.36667,-124.955,Oregon Offshore Deep Profiler - 500 m SW,Cabled-9_RR1809-RR1812_Discrete_Summary.csv
44.36667,-124.955,Oregon Offshore Deep Profiler - 500 m SW,Cabled-9_RR1809-RR1812_Discrete_Summary.csv
44.36667,-124.955,Oregon Offshore Deep Profiler - 500 m SW,Cabled-9_RR1809-RR1812_Discrete_Summary.csv
44.36667,-124.955,Oregon Offshore Deep Profiler - 500 m SW,Cabled-9_RR1809-RR1812_Discrete_Summary.csv
44.36667,-124.955,Oregon Offshore Deep Profiler - 500 m SW,Cabled-9_RR1809-RR1812_Discrete_Summary.csv
44.36667,-124.955,Oregon Offshore Deep Profiler - 500 m SW,Cabled-9_RR1809-RR1812_Discrete_Summary.csv
44.36667,-124.955,Oregon Offshore Deep Profiler - 500 m SW,Cabled-9_RR1809-RR1812_Discrete_Summary.csv
44.36667,-124.955,Oregon Offshore Deep Profiler - 500 m SW,Cabled-9_RR1809-RR1812_Discrete_Summary.csv
44.36667,-124.955,Oregon Offshore Deep Profiler - 500 m SW,Cabled-9_RR1809-RR1812_Discrete_Summary.csv
44.52617,-125.37133,Slope Base Deep Profiler - 750 m E,Cabled-9_RR1809-RR1812_Discrete_Summary.csv
44.52617,-125.37133,Slope Base Deep Profiler - 750 m E,Cabled-9_RR1809-RR1812_Discrete_Summary.csv
44.52617,-125.37133,Slope Base Deep Profiler - 750 m E,Cabled-9_RR1809-RR1812_Discrete_Summary.csv
44.52617,-125.37133,Slope Base Deep Profiler - 750 m E,Cabled-9_RR1809-RR1812_Discrete_Summary.csv
44.52617,-125.37133,Slope Base Deep Profiler - 750 m E,Cabled-9_RR1809-RR1812_Discrete_Summary.csv
44.52617,-125.37133,Slope Base Deep Profiler - 750 m E,Cabled-9_RR1809-RR1812_Discrete_Summary.csv
44.52617,-125.37133,Slope Base Deep Profiler - 750 m E,Cabled-9_RR1809-RR1812_Discrete_Summary.csv
44.52617,-125.37133,Slope Base Deep Profiler - 750 m E,Cabled-9_RR1809-RR1812_Discrete_Summary.csv
44.52617,-125.37133,Slope Base Deep Profiler - 750 m E,Cabled-9_RR1809-RR1812_Discrete_Summary.csv
44.52617,-125.37133,Slope Base Deep Profiler - 750 m E,Cabled-9_RR1809-RR1812_Discrete_Summary.csv
44.52617,-125.37133,Slope Base Deep Profiler - 750 m E,Cabled-9_RR1809-RR1812_Discrete_Summary.csv
44.52617,-125.37133,Slope Base Deep Profiler - 750 m E,Cabled-9_RR1809-RR1812_Discrete_Summary.csv
44.52617,-125.37133,Slope Base Deep Profiler - 750 m E,Cabled-9_RR1809-RR1812_Discrete_Summary.csv
44.52617,-125.37133,Slope Base Deep Profiler - 750 m E,Cabled-9_RR1809-RR1812_Discrete_Summary.csv
44.52617,-125.37133,Slope Base Deep Profiler - 750 m E,Cabled-9_RR1809-RR1812_Discrete_Summary.csv
44.52617,-125.37133,Slope Base Deep Profiler - 750 m E,Cabled-9_RR1809-RR1812_Discrete_Summary.csv
44.52617,-125.37133,Slope Base Deep Profiler - 750 m E,Cabled-9_RR1809-RR1812_Discrete_Summary.csv
44.52617,-125.37133,Slope Base Deep Profiler - 750 m E,Cabled-9_RR1809-RR1812_Discrete_Summary.csv
45.82633,-129.76367,Axial Base Deep Profiler - 500 m SW,Cabled-9_RR1809-RR1812_Discrete_Summary.csv
45.83017,-129.74667,Axial Base Shallow Profiler - 500 m E,Cabled-9_RR1809-RR1812_Discrete_Summary.csv
45.83017,-129.74667,Axial Base Shallow Profiler - 500 m E,Cabled-9_RR1809-RR1812_Discrete_Summary.csv
45.83017,-129.74667,Axial Base Shallow Profiler - 500 m E,Cabled-9_RR1809-RR1812_Discrete_Summary.csv
45.83017,-129.74667,Axial Base Shallow Profiler - 500 m E,Cabled-9_RR1809-RR1812_Discrete_Summary.csv
45.83017,-129.74667,Axial Base Shallow Profiler - 500 m E,Cabled-9_RR1809-RR1812_Discrete_Summary.csv
45.83017,-129.74667,Axial Base Shallow Profiler - 500 m E,Cabled-9_RR1809-RR1812_Discrete_Summary.csv
45.83017,-129.74667,Axial Base Shallow Profiler - 500 m E,Cabled-9_RR1809-RR1812_Discrete_Summary.csv
45.83017,-129.74667,Axial Base Shallow Profiler - 500 m E,Cabled-9_RR1809-RR1812_Discrete_Summary.csv
45.83017,-129.74667,Axial Base Shallow Profiler - 500 m E,Cabled-9_RR1809-RR1812_Discrete_Summary.csv
45.83017,-129.74667,Axial Base Shallow Profiler - 500 m E,Cabled-9_RR1809-RR1812_Discrete_Summary.csv
45.83017,-129.74667,Axial Base Shallow Profiler - 500 m E,Cabled-9_RR1809-RR1812_Discrete_Summary.csv
45.83017,-129.74667,Axial Base Shallow Profiler - 500 m E,Cabled-9_RR1809-RR1812_Discrete_Summary.csv
45.83017,-129.74667,Axial Base Shallow Profiler - 500 m E,Cabled-9_RR1809-RR1812_Discrete_Summary.csv
45.83017,-129.74667,Axial Base Shallow Profiler - 500 m E,Cabled-9_RR1809-RR1812_Discrete_Summary.csv
45.83017,-129.74667,Axial Base Shallow Profiler - 500 m E,Cabled-9_RR1809-RR1812_Discrete_Summary.csv
45.83017,-129.74667,Axial Base Shallow Profiler - 500 m E,Cabled-9_RR1809-RR1812_Discrete_Summary.csv
45.83017,-129.74667,Axial Base Shallow Profiler - 500 m E,Cabled-9_RR1809-RR1812_Discrete_Summary.csv
45.83017,-129.74667,Axial Base Shallow Profiler - 500 m E,Cabled-9_RR1809-RR1812_Discrete_Summary.csv
44.52896,-125.38959,Slope Base Shallow Profiler,Cabled-9_RR1809-RR1812_Discrete_Summary.csv
44.52896,-125.38959,Slope Base Shallow Profiler,Cabled-9_RR1809-RR1812_Discrete_Summary.csv
44.52896,-125.38959,Slope Base Shallow Profiler,Cabled-9_RR1809-RR1812_Discrete_Summary.csv
44.52896,-125.38959,Slope Base Shallow Profiler,Cabled-9_RR1809-RR1812_Discrete_Summary.csv
44.36824,-124.95266,Oregon Offshore Deep Profiler,Cabled-9_RR1809-RR1812_Discrete_Summary.csv
44.36824,-124.95266,Oregon Offshore Deep Profiler,Cabled-9_RR1809-RR1812_Discrete_Summary.csv
44.36824,-124.95266,Oregon Offshore Deep Profiler,Cabled-9_RR1809-RR1812_Discrete_Summary.csv
44.36824,-124.95266,Oregon Offshore Deep Profiler,Cabled-9_RR1809-RR1812_Discrete_Summary.csv
44.52698,-125.37971,Slope Base Deep Profiler,Cabled-9_RR1809-RR1812_Discrete_Summary.csv
44.52698,-125.37971,Slope Base Deep Profiler,Cabled-9_RR1809-RR1812_Discrete_Summary.csv
44.5269,-125.38015,Slope Base Deep Profiler,Cabled-9_RR1809-RR1812_Discrete_Summary.csv
44.5269,-125.38015,Slope Base Deep Profiler,Cabled-9_RR1809-RR1812_Discrete_Summary.csv
44.5145,-125.38883,,RCAbottle_Unique_Counts.csv
44.5145,-125.38883,,RCAbottle_Unique_Counts.csv
44.5145,-125.38883,,RCAbottle_Unique_Counts.csv
44.5145,-125.38883,,RCAbottle_Unique_Counts.csv
44.5145,-125.38883,,RCAbottle_Unique_Counts.csv
44.5145,-125.38883,,RCAbottle_Unique_Counts.csv
44.5145,-125.38883,,RCAbottle_Unique_Counts.csv
44.5145,-125.38883,,RCAbottle_Unique_Counts.csv
44.5145,-125.38883,,RCAbottle_Unique_Counts.csv
44.5145,-125.38883,,RCAbottle_Unique_Counts.csv
44.5145,-125.38883,,RCAbottle_Unique_Counts.csv
44.5145,-125.38883,,RCAbottle_Unique_Counts.csv
44.5145,-125.38883,,RCAbottle_Unique_Counts.csv
44.5145,-125.38883,,RCAbottle_Unique_Counts.csv
44.5145,-125.38883,,RCAbottle_Unique_Counts.csv
44.529,-125.3925,,RCAbottle_Unique_Counts.csv
44.529,-125.3925,,RCAbottle_Unique_Counts.csv
44.529,-125.3925,,RCAbottle_Unique_Counts.csv
44.529,-125.3925,,RCAbottle_Unique_Counts.csv
44.529,-125.3925,,RCAbottle_Unique_Counts.csv
44.529,-125.3925,,RCAbottle_Unique_Counts.csv
44.529,-125.3925,,RCAbottle_Unique_Counts.csv
44.529,-125.3925,,RCAbottle_Unique_Counts.csv
44.529,-125.3925,,RCAbottle_Unique_Counts.csv
44.529,-125.3925,,RCAbottle_Unique_Counts.csv
44.529,-125.3925,,RCAbottle_Unique_Counts.csv
44.529,-125.3925,,RCAbottle_Unique_Counts.csv
45.83033,-129.7565,,RCAbottle_Unique_Counts.csv
45.83033,-129.7565,,RCAbottle_Unique_Counts.csv
45.83033,-129.7565,,RCAbottle_Unique_Counts.csv
45.83033,-129.7565,,RCAbottle_Unique_Counts.csv
45.83033,-129.7565,,RCAbottle_Unique_Counts.csv
45.83033,-129.7565,,RCAbottle_Unique_Counts.csv
45.83033,-129.7565,,RCAbottle_Unique_Counts.csv
45.83033,-129.7565,,RCAbottle_Unique_Counts.csv
45.83033,-129.7565,,RCAbottle_Unique_Counts.csv
45.83033,-129.7565,,RCAbottle_Unique_Counts.csv
45.83033,-129.7565,,RCAbottle_Unique_Counts.csv
45.83033,-129.7565,,RCAbottle_Unique_Counts.csv
45.83033,-129.7565,,RCAbottle_Unique_Counts.csv
45.83033,-129.7565,,RCAbottle_Unique_Counts.csv
45.83033,-129.7565,,RCAbottle_Unique_Counts.csv
45.83033,-129.7565,,RCAbottle_Unique_Counts.csv
45.83033,-129.7565,,RCAbottle_Unique_Counts.csv
45.83033,-129.7565,,RCAbottle_Unique_Counts.csv
45.83033,-129.7565,,RCAbottle_Unique_Counts.csv
45.83033,-129.7565,,RCAbottle_Unique_Counts.csv
45.83033,-129.7565,,RCAbottle_Unique_Counts.csv
45.83033,-129.7565,,RCAbottle_Unique_Counts.csv
45.83033,-129.7565,,RCAbottle_Unique_Counts.csv
45.83033,-129.7565,,RCAbottle_Unique_Counts.csv
45.83033,-129.7565,,RCAbottle_Unique_Counts.csv
45.83033,-129.7565,,RCAbottle_Unique_Counts.csv
45.83033,-129.7565,,RCAbottle_Unique_Counts.csv
45.83033,-129.7565,,RCAbottle_Unique_Counts.csv
45.83033,-129.7565,,RCAbottle_Unique_Counts.csv
45.83033,-129.7565,,RCAbottle_Unique_Counts.csv
45.83033,-129.7565,,RCAbottle_Unique_Counts.csv
45.83033,-129.7565,,RCAbottle_Unique_Counts.csv
45.83033,-129.7565,,RCAbottle_Unique_Counts.csv
45.83033,-129.7565,,RCAbottle_Unique_Counts.csv
45.83033,-129.7565,,RCAbottle_Unique_Counts.csv
45.83033,-129.7565,,RCAbottle_Unique_Counts.csv
45.83033,-129.7565,,RCAbottle_Unique_Counts.csv
45.83033,-129.7565,,RCAbottle_Unique_Counts.csv
45.83033,-129.7565,,RCAbottle_Unique_Counts.csv
45.83033,-129.7565,,RCAbottle_Unique_Counts.csv
45.83033,-129.7565,,RCAbottle_Unique_Counts.csv
45.83033,-129.7565,,RCAbottle_Unique_Counts.csv
45.83033,-129.7565,,RCAbottle_Unique_Counts.csv
45.83033,-129.7565,,RCAbottle_Unique_Counts.csv
45.83033,-129.7565,,RCAbottle_Unique_Counts.csv
45.83033,-129.7565,,RCAbottle_Unique_Counts.csv
45.83033,-129.7565,,RCAbottle_Unique_Counts.csv
45.83033,-129.7565,,RCAbottle_Unique_Counts.csv
45.83033,-129.75533,,RCAbottle_Unique_Counts.csv
45.83033,-129.75533,,RCAbottle_Unique_Counts.csv
45.83033,-129.75533,,RCAbottle_Unique_Counts.csv
45.83033,-129.75533,,RCAbottle_Unique_Counts.csv
45.83033,-129.75533,,RCAbottle_Unique_Counts.csv
45.83033,-129.75533,,RCAbottle_Unique_Counts.csv
45.83033,-129.75533,,RCAbottle_Unique_Counts.csv
45.83033,-129.75533,,RCAbottle_Unique_Counts.csv
45.83033,-129.75533,,RCAbottle_Unique_Counts.csv
45.83033,-129.75533,,RCAbottle_Unique_Counts.csv
45.83033,-129.75533,,RCAbottle_Unique_Counts.csv
45.83033,-129.75533,,RCAbottle_Unique_Counts.csv
45.83033,-129.75533,,RCAbottle_Unique_Counts.csv
45.83033,-129.75533,,RCAbottle_Unique_Counts.csv
45.83033,-129.75533,,RCAbottle_Unique_Counts.csv
45.83033,-129.75533,,RCAbottle_Unique_Counts.csv
45.83033,-129.75533,,RCAbottle_Unique_Counts.csv
45.83033,-129.75533,,RCAbottle_Unique_Counts.csv
45.83033,-129.75533,,RCAbottle_Unique_Counts.csv
45.83033,-129.75533,,RCAbottle_Unique_Counts.csv
45.83033,-129.75533,,RCAbottle_Unique_Counts.csv
45.83033,-129.75533,,RCAbottle_Unique_Counts.csv
45.83033,-129.75533,,RCAbottle_Unique_Counts.csv
45.83033,-129.75533,,RCAbottle_Unique_Counts.csv
45.83033,-129.75533,,RCAbottle_Unique_Counts.csv
45.83033,-129.75533,,RCAbottle_Unique_Counts.csv
45.83033,-129.75533,,RCAbottle_Unique_Counts.csv
45.83033,-129.75533,,RCAbottle_Unique_Counts.csv
45.83033,-129.75533,,RCAbottle_Unique_Counts.csv
45.83033,-129.75533,,RCAbottle_Unique_Counts.csv
45.83033,-129.75533,,RCAbottle_Unique_Counts.csv
45.83033,-129.75533,,RCAbottle_Unique_Counts.csv
45.83033,-129.75533,,RCAbottle_Unique_Counts.csv
45.83033,-129.75533,,RCAbottle_Unique_Counts.csv
45.83033,-129.75533,,RCAbottle_Unique_Counts.csv
45.83033,-129.75533,,RCAbottle_Unique_Counts.csv
45.83033,-129.75533,,RCAbottle_Unique_Counts.csv
45.83033,-129.75533,,RCAbottle_Unique_Counts.csv
45.83033,-129.75533,,RCAbottle_Unique_Counts.csv
45.83033,-129.75533,,RCAbottle_Unique_Counts.csv
45.83033,-129.75533,,RCAbottle_Unique_Counts.csv
45.83033,-129.75533,,RCAbottle_Unique_Counts.csv
45.83033,-129.75533,,RCAbottle_Unique_Counts.csv
45.83033,-129.75533,,RCAbottle_Unique_Counts.csv
45.83033,-129.75533,,RCAbottle_Unique_Counts.csv
45.83033,-129.75533,,RCAbottle_Unique_Counts.csv
45.83033,-129.75533,,RCAbottle_Unique_Counts.csv
45.83033,-129.75533,,RCAbottle_Unique_Counts.csv
45.83045,-129.75323,,RCAbottle_Unique_Counts.csv
45.83043,-129.7532,,RCAbottle_Unique_Counts.csv
45.83043,-129.75319,,RCAbottle_Unique_Counts.csv
45.83045,-129.75319,,RCAbottle_Unique_Counts.csv
44.52883,-125.39183,,RCAbottle_Unique_Counts.csv
44.52883,-125.39183,,RCAbottle_Unique_Counts.csv
44.52883,-125.39183,,RCAbottle_Unique_Counts.csv
44.52883,-125.39183,,RCAbottle_Unique_Counts.csv
44.52883,-125.39183,,RCAbottle_Unique_Counts.csv
44.52883,-125.39183,,RCAbottle_Unique_Counts.csv
44.52883,-125.39183,,RCAbottle_Unique_Counts.csv
44.52883,-125.39183,,RCAbottle_Unique_Counts.csv
44.52883,-125.39183,,RCAbottle_Unique_Counts.csv
44.52883,-125.39183,,RCAbottle_Unique_Counts.csv
44.52883,-125.39183,,RCAbottle_Unique_Counts.csv
44.52883,-125.39183,,RCAbottle_Unique_Counts.csv
44.52883,-125.39183,,RCAbottle_Unique_Counts.csv
44.52883,-125.39183,,RCAbottle_Unique_Counts.csv
44.52883,-125.39183,,RCAbottle_Unique_Counts.csv
44.52883,-125.39183,,RCAbottle_Unique_Counts.csv
44.52883,-125.39183,,RCAbottle_Unique_Counts.csv
44.52883,-125.39183,,RCAbottle_Unique_Counts.csv
44.52883,-125.39183,,RCAbottle_Unique_Counts.csv
44.52883,-125.39183,,RCAbottle_Unique_Counts.csv
44.52883,-125.39183,,RCAbottle_Unique_Counts.csv
44.52883,-125.39183,,RCAbottle_Unique_Counts.csv
44.52883,-125.39183,,RCAbottle_Unique_Counts.csv
44.52883,-125.39183,,RCAbottle_Unique_Counts.csv
44.52883,-125.39183,,RCAbottle_Unique_Counts.csv
44.52883,-125.39183,,RCAbottle_Unique_Counts.csv
44.52883,-125.39183,,RCAbottle_Unique_Counts.csv
44.52883,-125.39183,,RCAbottle_Unique_Counts.csv
44.52883,-125.39183,,RCAbottle_Unique_Counts.csv
44.52883,-125.39183,,RCAbottle_Unique_Counts.csv
44.52883,-125.39183,,RCAbottle_Unique_Counts.csv
44.52883,-125.39183,,RCAbottle_Unique_Counts.csv
44.52883,-125.39183,,RCAbottle_Unique_Counts.csv
44.52883,-125.39183,,RCAbottle_Unique_Counts.csv
44.52883,-125.39183,,RCAbottle_Unique_Counts.csv
44.52883,-125.39183,,RCAbottle_Unique_Counts.csv
44.52883,-125.39183,,RCAbottle_Unique_Counts.csv
44.52883,-125.39183,,RCAbottle_Unique_Counts.csv
44.52883,-125.39183,,RCAbottle_Unique_Counts.csv
44.52883,-125.39183,,RCAbottle_Unique_Counts.csv
44.52883,-125.39183,,RCAbottle_Unique_Counts.csv
44.52883,-125.39183,,RCAbottle_Unique_Counts.csv
44.52883,-125.39183,,RCAbottle_Unique_Counts.csv
44.52883,-125.39183,,RCAbottle_Unique_Counts.csv
44.52883,-125.39183,,RCAbottle_Unique_Counts.csv
44.52883,-125.39183,,RCAbottle_Unique_Counts.csv
44.52883,-125.39183,,RCAbottle_Unique_Counts.csv
44.52892,-125.38904,,RCAbottle_Unique_Counts.csv
44.52895,-125.38899,,RCAbottle_Unique_Counts.csv
44.52895,-125.38894,,RCAbottle_Unique_Counts.csv
44.5299,-125.38754,,RCAbottle_Unique_Counts.csv
44.52883,-125.39567,,RCAbottle_Unique_Counts.csv
44.52883,-125.39567,,RCAbottle_Unique_Counts.csv
44.52883,-125.39567,,RCAbottle_Unique_Counts.csv
44.52883,-125.39567,,RCAbottle_Unique_Counts.csv
44.52883,-125.39567,,RCAbottle_Unique_Counts.csv
44.52883,-125.39567,,RCAbottle_Unique_Counts.csv
44.52883,-125.39567,,RCAbottle_Unique_Counts.csv
44.52883,-125.39567,,RCAbottle_Unique_Counts.csv
44.52883,-125.39567,,RCAbottle_Unique_Counts.csv
44.52883,-125.39567,,RCAbottle_Unique_Counts.csv
44.52761,-125.38067,,RCAbottle_Unique_Counts.csv
44.52766,-125.38065,,RCAbottle_Unique_Counts.csv
44.52769,-125.38065,,RCAbottle_Unique_Counts.csv
44.5276,-125.38057,,RCAbottle_Unique_Counts.csv
44.52733,-125.37433,,RCAbottle_Unique_Counts.csv
44.52733,-125.37433,,RCAbottle_Unique_Counts.csv
44.52733,-125.37433,,RCAbottle_Unique_Counts.csv
44.52733,-125.37433,,RCAbottle_Unique_Counts.csv
44.52733,-125.37433,,RCAbottle_Unique_Counts.csv
44.52733,-125.37433,,RCAbottle_Unique_Counts.csv
44.52733,-125.37433,,RCAbottle_Unique_Counts.csv
44.36834,-124.95283,,RCAbottle_Unique_Counts.csv
44.36832,-124.95281,,RCAbottle_Unique_Counts.csv
44.36824,-124.95279,,RCAbottle_Unique_Counts.csv
44.36833,-124.95279,,RCAbottle_Unique_Counts.csv
44.36817,-124.95017,,RCAbottle_Unique_Counts.csv
44.36817,-124.95017,,RCAbottle_Unique_Counts.csv
44.36817,-124.95017,,RCAbottle_Unique_Counts.csv
44.36817,-124.95017,,RCAbottle_Unique_Counts.csv
44.36817,-124.95017,,RCAbottle_Unique_Counts.csv
44.36817,-124.95017,,RCAbottle_Unique_Counts.csv
44.36817,-124.95017,,RCAbottle_Unique_Counts.csv
44.36817,-124.95017,,RCAbottle_Unique_Counts.csv
44.36817,-124.95017,,RCAbottle_Unique_Counts.csv
44.36817,-124.95017,,RCAbottle_Unique_Counts.csv
44.36817,-124.95017,,RCAbottle_Unique_Counts.csv
44.36817,-124.95017,,RCAbottle_Unique_Counts.csv
45.83417,-129.759,,RCAbottle_Unique_Counts.csv
45.83417,-129.759,,RCAbottle_Unique_Counts.csv
45.83417,-129.759,,RCAbottle_Unique_Counts.csv
45.83417,-129.759,,RCAbottle_Unique_Counts.csv
45.83417,-129.759,,RCAbottle_Unique_Counts.csv
45.83417,-129.759,,RCAbottle_Unique_Counts.csv
45.83417,-129.759,,RCAbottle_Unique_Counts.csv
45.83417,-129.759,,RCAbottle_Unique_Counts.csv
45.83417,-129.759,,RCAbottle_Unique_Counts.csv
45.83417,-129.759,,RCAbottle_Unique_Counts.csv
45.82968,-129.75904,,RCAbottle_Unique_Counts.csv
45.8297,-129.75901,,RCAbottle_Unique_Counts.csv
44.63717,-124.306,,RCAbottle_Unique_Counts.csv
44.63717,-124.306,,RCAbottle_Unique_Counts.csv
44.63717,-124.306,,RCAbottle_Unique_Counts.csv
44.63717,-124.306,,RCAbottle_Unique_Counts.csv
44.63717,-124.306,,RCAbottle_Unique_Counts.csv
44.63717,-124.306,,RCAbottle_Unique_Counts.csv
44.637,-124.305,,RCAbottle_Unique_Counts.csv
44.637,-124.305,,RCAbottle_Unique_Counts.csv
44.637,-124.305,,RCAbottle_Unique_Counts.csv
44.637,-124.305,,RCAbottle_Unique_Counts.csv
44.637,-124.305,,RCAbottle_Unique_Counts.csv
44.637,-124.305,,RCAbottle_Unique_Counts.csv
44.37417,-124.95433,,RCAbottle_Unique_Counts.csv
44.37417,-124.95433,,RCAbottle_Unique_Counts.csv
44.37417,-124.95433,,RCAbottle_Unique_Counts.csv
44.37417,-124.95433,,RCAbottle_Unique_Counts.csv
44.37417,-124.95433,,RCAbottle_Unique_Counts.csv
44.37417,-124.95433,,RCAbottle_Unique_Counts.csv
44.37417,-124.95433,,RCAbottle_Unique_Counts.csv
44.37417,-124.95433,,RCAbottle_Unique_Counts.csv
44.36967,-124.9525,,RCAbottle_Unique_Counts.csv
44.36967,-124.9525,,RCAbottle_Unique_Counts.csv
44.36967,-124.9525,,RCAbottle_Unique_Counts.csv
44.36967,-124.9525,,RCAbottle_Unique_Counts.csv
44.36967,-124.9525,,RCAbottle_Unique_Counts.csv
44.36967,-124.9525,,RCAbottle_Unique_Counts.csv
44.36967,-124.9525,,RCAbottle_Unique_Counts.csv
44.36967,-124.9525,,RCAbottle_Unique_Counts.csv
44.53694,-125.38888,,RCAbottle_Unique_Counts.csv
44.53694,-125.38888,,RCAbottle_Unique_Counts.csv
44.53694,-125.38888,,RCAbottle_Unique_Counts.csv
44.53694,-125.38888,,RCAbottle_Unique_Counts.csv
44.53694,-125.38888,,RCAbottle_Unique_Counts.csv
44.53694,-125.38888,,RCAbottle_Unique_Counts.csv
44.53694,-125.38888,,RCAbottle_Unique_Counts.csv
44.53694,-125.38888,,RCAbottle_Unique_Counts.csv
44.53694,-125.38888,,RCAbottle_Unique_Counts.csv
44.53694,-125.38888,,RCAbottle_Unique_Counts.csv
44.53694,-125.38888,,RCAbottle_Unique_Counts.csv
44.53694,-125.38888,,RCAbottle_Unique_Counts.csv
44.53694,-125.38555,,RCAbottle_Unique_Counts.csv
44.53694,-125.38555,,RCAbottle_Unique_Counts.csv
44.53694,-125.38555,,RCAbottle_Unique_Counts.csv
44.53694,-125.38555,,RCAbottle_Unique_Counts.csv
44.53694,-125.38555,,RCAbottle_Unique_Counts.csv
44.53694,-125.38555,,RCAbottle_Unique_Counts.csv
44.53694,-125.38555,,RCAbottle_Unique_Counts.csv
44.53694,-125.38555,,RCAbottle_Unique_Counts.csv
44.53694,-125.38555,,RCAbottle_Unique_Counts.csv
44.53694,-125.38555,,RCAbottle_Unique_Counts.csv
44.53694,-125.38555,,RCAbottle_Unique_Counts.csv
44.53694,-125.38555,,RCAbottle_Unique_Counts.csv
44.37944,-125.95555,,RCAbottle_Unique_Counts.csv
44.37944,-125.95555,,RCAbottle_Unique_Counts.csv
44.37944,-125.95555,,RCAbottle_Unique_Counts.csv
44.37944,-125.95555,,RCAbottle_Unique_Counts.csv
44.37944,-125.95555,,RCAbottle_Unique_Counts.csv
44.37944,-125.95555,,RCAbottle_Unique_Counts.csv
44.37944,-125.95555,,RCAbottle_Unique_Counts.csv
44.37944,-125.95555,,RCAbottle_Unique_Counts.csv
44.37944,-125.95555,,RCAbottle_Unique_Counts.csv
44.37944,-125.95555,,RCAbottle_Unique_Counts.csv
44.37944,-125.95555,,RCAbottle_Unique_Counts.csv
44.37944,-125.95555,,RCAbottle_Unique_Counts.csv
45.84194,-129.75916,,RCAbottle_Unique_Counts.csv
45.84194,-129.75916,,RCAbottle_Unique_Counts.csv
45.84194,-129.75916,,RCAbottle_Unique_Counts.csv
45.84194,-129.75916,,RCAbottle_Unique_Counts.csv
45.84194,-129.75916,,RCAbottle_Unique_Counts.csv
45.84194,-129.75916,,RCAbottle_Unique_Counts.csv
45.84194,-129.75916,,RCAbottle_Unique_Counts.csv
45.84194,-129.75916,,RCAbottle_Unique_Counts.csv
45.84194,-129.75916,,RCAbottle_Unique_Counts.csv
45.84194,-129.75916,,RCAbottle_Unique_Counts.csv
45.84194,-129.75916,,RCAbottle_Unique_Counts.csv
45.84194,-129.75916,,RCAbottle_Unique_Counts.csv
44.36972,-124.96,,RCAbottle_Unique_Counts.csv
44.36972,-124.96,,RCAbottle_Unique_Counts.csv
44.36972,-124.96,,RCAbottle_Unique_Counts.csv
44.36972,-124.96,,RCAbottle_Unique_Counts.csv
44.36972,-124.96,,RCAbottle_Unique_Counts.csv
44.36972,-124.96,,RCAbottle_Unique_Counts.csv
44.36972,-124.96,,RCAbottle_Unique_Counts.csv
44.36972,-124.96,,RCAbottle_Unique_Counts.csv
44.36972,-124.96,,RCAbottle_Unique_Counts.csv
44.37417,-124.95017,,RCAbottle_Unique_Counts.csv
44.37417,-124.95017,,RCAbottle_Unique_Counts.csv
44.37417,-124.95017,,RCAbottle_Unique_Counts.csv
44.37417,-124.95017,,RCAbottle_Unique_Counts.csv
44.37417,-124.95017,,RCAbottle_Unique_Counts.csv
44.37417,-124.95017,,RCAbottle_Unique_Counts.csv
44.37417,-124.95017,,RCAbottle_Unique_Counts.csv
44.37417,-124.95017,,RCAbottle_Unique_Counts.csv
44.37417,-124.95017,,RCAbottle_Unique_Counts.csv
44.37417,-124.95017,,RCAbottle_Unique_Counts.csv
44.37417,-124.95017,,RCAbottle_Unique_Counts.csv
44.37417,-124.95017,,RCAbottle_Unique_Counts.csv
44.37417,-124.95017,,RCAbottle_Unique_Counts.csv
44.37417,-124.95017,,RCAbottle_Unique_Counts.csv
44.37417,-124.95017,,RCAbottle_Unique_Counts.csv
45.83017,-129.74617,,RCAbottle_Unique_Counts.csv
45.83017,-129.74617,,RCAbottle_Unique_Counts.csv
45.83017,-129.74617,,RCAbottle_Unique_Counts.csv
45.83017,-129.74617,,RCAbottle_Unique_Counts.csv
45.83017,-129.74617,,RCAbottle_Unique_Counts.csv
45.83017,-129.74617,,RCAbottle_Unique_Counts.csv
45.83017,-129.74617,,RCAbottle_Unique_Counts.csv
45.83017,-129.74617,,RCAbottle_Unique_Counts.csv
45.83017,-129.74617,,RCAbottle_Unique_Counts.csv
45.83017,-129.74617,,RCAbottle_Unique_Counts.csv
45.83017,-129.74617,,RCAbottle_Unique_Counts.csv
45.83017,-129.74617,,RCAbottle_Unique_Counts.csv
45.8305,-129.74983,,RCAbottle_Unique_Counts.csv
45.8305,-129.74983,,RCAbottle_Unique_Counts.csv
45.8305,-129.74983,,RCAbottle_Unique_Counts.csv
45.8305,-129.74983,,RCAbottle_Unique_Counts.csv
45.8305,-129.74983,,RCAbottle_Unique_Counts.csv
45.8305,-129.74983,,RCAbottle_Unique_Counts.csv
45.8305,-129.74983,,RCAbottle_Unique_Counts.csv
45.8305,-129.74983,,RCAbottle_Unique_Counts.csv
45.8305,-129.74983,,RCAbottle_Unique_Counts.csv
45.8305,-129.74983,,RCAbottle_Unique_Counts.csv
45.8305,-129.74983,,RCAbottle_Unique_Counts.csv
45.8305,-129.74983,,RCAbottle_Unique_Counts.csv
45.8305,-129.74983,,RCAbottle_Unique_Counts.csv
45.8305,-129.74983,,RCAbottle_Unique_Counts.csv
45.8305,-129.74983,,RCAbottle_Unique_Counts.csv
45.8305,-129.74983,,RCAbottle_Unique_Counts.csv
44.51067,-125.3895,,RCAbottle_Unique_Counts.csv
44.51067,-125.3895,,RCAbottle_Unique_Counts.csv
44.51067,-125.3895,,RCAbottle_Unique_Counts.csv
44.51067,-125.3895,,RCAbottle_Unique_Counts.csv
44.51067,-125.3895,,RCAbottle_Unique_Counts.csv
44.51067,-125.3895,,RCAbottle_Unique_Counts.csv
44.51067,-125.3895,,RCAbottle_Unique_Counts.csv
44.51067,-125.3895,,RCAbottle_Unique_Counts.csv
44.51067,-125.3895,,RCAbottle_Unique_Counts.csv
44.51067,-125.3895,,RCAbottle_Unique_Counts.csv
44.51067,-125.3895,,RCAbottle_Unique_Counts.csv
44.51067,-125.3895,,RCAbottle_Unique_Counts.csv
44.51067,-125.3895,,RCAbottle_Unique_Counts.csv
44.51067,-125.3895,,RCAbottle_Unique_Counts.csv
44.51067,-125.3895,,RCAbottle_Unique_Counts.csv
44.51067,-125.3895,,RCAbottle_Unique_Counts.csv
44.51067,-125.3895,,RCAbottle_Unique_Counts.csv
44.51067,-125.3895,,RCAbottle_Unique_Counts.csv
44.51067,-125.3895,,RCAbottle_Unique_Counts.csv
44.3755,-124.95417,,RCAbottle_Unique_Counts.csv
44.3755,-124.95417,,RCAbottle_Unique_Counts.csv
44.3755,-124.95417,,RCAbottle_Unique_Counts.csv
44.3755,-124.95417,,RCAbottle_Unique_Counts.csv
44.3755,-124.95417,,RCAbottle_Unique_Counts.csv
44.3755,-124.95417,,RCAbottle_Unique_Counts.csv
44.3755,-124.95417,,RCAbottle_Unique_Counts.csv
44.3755,-124.95417,,RCAbottle_Unique_Counts.csv
44.3755,-124.95417,,RCAbottle_Unique_Counts.csv
44.3755,-124.95417,,RCAbottle_Unique_Counts.csv
44.3755,-124.95417,,RCAbottle_Unique_Counts.csv
44.3755,-124.95417,,RCAbottle_Unique_Counts.csv
44.3755,-124.95417,,RCAbottle_Unique_Counts.csv
44.3755,-124.95417,,RCAbottle_Unique_Counts.csv
44.3755,-124.95417,,RCAbottle_Unique_Counts.csv
44.3755,-124.95417,,RCAbottle_Unique_Counts.csv
44.3755,-124.95417,,RCAbottle_Unique_Counts.csv
44.3755,-124.95417,,RCAbottle_Unique_Counts.csv
44.3755,-124.95417,,RCAbottle_Unique_Counts.csv
45.8305,-129.74683,,RCAbottle_Unique_Counts.csv
45.8305,-129.74683,,RCAbottle_Unique_Counts.csv
45.8305,-129.74683,,RCAbottle_Unique_Counts.csv
45.8305,-129.74683,,RCAbottle_Unique_Counts.csv
45.8305,-129.74683,,RCAbottle_Unique_Counts.csv
45.8305,-129.74683,,RCAbottle_Unique_Counts.csv
45.8305,-129.74683,,RCAbottle_Unique_Counts.csv
45.8305,-129.74683,,RCAbottle_Unique_Counts.csv
45.8305,-129.74683,,RCAbottle_Unique_Counts.csv
45.8305,-129.74683,,RCAbottle_Unique_Counts.csv
44.52917,-125.3925,,RCAbottle_Unique_Counts.csv
44.52917,-125.3925,,RCAbottle_Unique_Counts.csv
44.52917,-125.3925,,RCAbottle_Unique_Counts.csv
44.52917,-125.3925,,RCAbottle_Unique_Counts.csv
44.52917,-125.3925,,RCAbottle_Unique_Counts.csv
44.52917,-125.3925,,RCAbottle_Unique_Counts.csv
44.52917,-125.3925,,RCAbottle_Unique_Counts.csv
44.52917,-125.3925,,RCAbottle_Unique_Counts.csv
44.52917,-125.3925,,RCAbottle_Unique_Counts.csv
44.52917,-125.3925,,RCAbottle_Unique_Counts.csv
44.52917,-125.3925,,RCAbottle_Unique_Counts.csv
44.52917,-125.3925,,RCAbottle_Unique_Counts.csv
44.52917,-125.3925,,RCAbottle_Unique_Counts.csv
44.52917,-125.3925,,RCAbottle_Unique_Counts.csv
44.52917,-125.3925,,RCAbottle_Unique_Counts.csv
44.525,-125.39567,,RCAbottle_Unique_Counts.csv
44.525,-125.39567,,RCAbottle_Unique_Counts.csv
44.525,-125.39567,,RCAbottle_Unique_Counts.csv
44.525,-125.39567,,RCAbottle_Unique_Counts.csv
44.525,-125.39567,,RCAbottle_Unique_Counts.csv
44.525,-125.39567,,RCAbottle_Unique_Counts.csv
44.525,-125.39567,,RCAbottle_Unique_Counts.csv
44.525,-125.39567,,RCAbottle_Unique_Counts.csv
44.525,-125.39567,,RCAbottle_Unique_Counts.csv
44.525,-125.39567,,RCAbottle_Unique_Counts.csv
44.525,-125.39567,,RCAbottle_Unique_Counts.csv
44.525,-125.39567,,RCAbottle_Unique_Counts.csv
44.525,-125.39567,,RCAbottle_Unique_Counts.csv
44.525,-125.39567,,RCAbottle_Unique_Counts.csv
44.525,-125.39567,,RCAbottle_Unique_Counts.csv
44.525,-125.39567,,RCAbottle_Unique_Counts.csv
44.525,-125.39567,,RCAbottle_Unique_Counts.csv
45.83017,-129.74667,,RCAbottle_Unique_Counts.csv
45.83017,-129.74667,,RCAbottle_Unique_Counts.csv
45.83017,-129.74667,,RCAbottle_Unique_Counts.csv
45.83017,-129.74667,,RCAbottle_Unique_Counts.csv
45.83017,-129.74667,,RCAbottle_Unique_Counts.csv
45.83017,-129.74667,,RCAbottle_Unique_Counts.csv
45.83017,-129.74667,,RCAbottle_Unique_Counts.csv
45.83017,-129.74667,,RCAbottle_Unique_Counts.csv
45.83017,-129.74667,,RCAbottle_Unique_Counts.csv
45.83017,-129.74667,,RCAbottle_Unique_Counts.csv
45.83017,-129.74667,,RCAbottle_Unique_Counts.csv
45.83017,-129.74667,,RCAbottle_Unique_Counts.csv
45.83017,-129.74667,,RCAbottle_Unique_Counts.csv
44.52933,-125.39283,,RCAbottle_Unique_Counts.csv
44.52933,-125.39283,,RCAbottle_Unique_Counts.csv
44.52933,-125.39283,,RCAbottle_Unique_Counts.csv
44.52933,-125.39283,,RCAbottle_Unique_Counts.csv
44.52933,-125.39283,,RCAbottle_Unique_Counts.csv
44.52933,-125.39283,,RCAbottle_Unique_Counts.csv
44.52933,-125.39283,,RCAbottle_Unique_Counts.csv
44.52933,-125.39283,,RCAbottle_Unique_Counts.csv
44.52933,-125.39283,,RCAbottle_Unique_Counts.csv
44.52933,-125.39283,,RCAbottle_Unique_Counts.csv
44.52933,-125.39283,,RCAbottle_Unique_Counts.csv
44.52933,-125.39283,,RCAbottle_Unique_Counts.csv
44.52933,-125.39283,,RCAbottle_Unique_Counts.csv
44.52933,-125.39283,,RCAbottle_Unique_Counts.csv
44.52933,-125.39283,,RCAbottle_Unique_Counts.csv
44.52933,-125.39283,,RCAbottle_Unique_Counts.csv
44.52933,-125.3965,,RCAbottle_Unique_Counts.csv
44.52933,-125.3965,,RCAbottle_Unique_Counts.csv
44.52933,-125.3965,,RCAbottle_Unique_Counts.csv
44.52933,-125.3965,,RCAbottle_Unique_Counts.csv
44.52933,-125.3965,,RCAbottle_Unique_Counts.csv
44.52933,-125.3965,,RCAbottle_Unique_Counts.csv
44.52933,-125.3965,,RCAbottle_Unique_Counts.csv
44.52933,-125.3965,,RCAbottle_Unique_Counts.csv
44.52933,-125.3965,,RCAbottle_Unique_Counts.csv
44.52933,-125.3965,,RCAbottle_Unique_Counts.csv
44.52933,-125.3965,,RCAbottle_Unique_Counts.csv
44.52933,-125.3965,,RCAbottle_Unique_Counts.csv
44.52933,-125.3965,,RCAbottle_Unique_Counts.csv
44.52933,-125.3965,,RCAbottle_Unique_Counts.csv
44.373,-124.95633,,RCAbottle_Unique_Counts.csv
44.373,-124.95633,,RCAbottle_Unique_Counts.csv
44.373,-124.95633,,RCAbottle_Unique_Counts.csv
44.373,-124.95633,,RCAbottle_Unique_Counts.csv
44.373,-124.95633,,RCAbottle_Unique_Counts.csv
44.373,-124.95633,,RCAbottle_Unique_Counts.csv
44.373,-124.95633,,RCAbottle_Unique_Counts.csv
44.373,-124.95633,,RCAbottle_Unique_Counts.csv
44.373,-124.95633,,RCAbottle_Unique_Counts.csv
44.373,-124.95633,,RCAbottle_Unique_Counts.csv
44.373,-124.95633,,RCAbottle_Unique_Counts.csv
44.373,-124.95633,,RCAbottle_Unique_Counts.csv
44.373,-124.95633,,RCAbottle_Unique_Counts.csv
44.373,-124.95633,,RCAbottle_Unique_Counts.csv
44.37367,-124.95317,,RCAbottle_Unique_Counts.csv
44.37367,-124.95317,,RCAbottle_Unique_Counts.csv
44.37367,-124.95317,,RCAbottle_Unique_Counts.csv
44.37367,-124.95317,,RCAbottle_Unique_Counts.csv
44.37367,-124.95317,,RCAbottle_Unique_Counts.csv
44.37367,-124.95317,,RCAbottle_Unique_Counts.csv
44.37367,-124.95317,,RCAbottle_Unique_Counts.csv
44.37367,-124.95317,,RCAbottle_Unique_Counts.csv
44.37367,-124.95317,,RCAbottle_Unique_Counts.csv
44.37367,-124.95317,,RCAbottle_Unique_Counts.csv
44.37367,-124.95317,,RCAbottle_Unique_Counts.csv
44.37367,-124.95317,,RCAbottle_Unique_Counts.csv
44.37367,-124.95317,,RCAbottle_Unique_Counts.csv
44.37367,-124.95317,,RCAbottle_Unique_Counts.csv
44.37367,-124.95317,,RCAbottle_Unique_Counts.csv
44.36667,-124.955,,RCAbottle_Unique_Counts.csv
44.36667,-124.955,,RCAbottle_Unique_Counts.csv
44.36667,-124.955,,RCAbottle_Unique_Counts.csv
44.36667,-124.955,,RCAbottle_Unique_Counts.csv
44.36667,-124.955,,RCAbottle_Unique_Counts.csv
44.36667,-124.955,,RCAbottle_Unique_Counts.csv
44.36667,-124.955,,RCAbottle_Unique_Counts.csv
44.36667,-124.955,,RCAbottle_Unique_Counts.csv
44.36667,-124.955,,RCAbottle_Unique_Counts.csv
44.36667,-124.955,,RCAbottle_Unique_Counts.csv
44.36667,-124.955,,RCAbottle_Unique_Counts.csv
44.36667,-124.955,,RCAbottle_Unique_Counts.csv
44.36667,-124.955,,RCAbottle_Unique_Counts.csv
44.36667,-124.955,,RCAbottle_Unique_Counts.csv
44.36667,-124.955,,RCAbottle_Unique_Counts.csv
44.36667,-124.955,,RCAbottle_Unique_Counts.csv
44.36667,-124.955,,RCAbottle_Unique_Counts.csv
44.52617,-125.37133,,RCAbottle_Unique_Counts.csv
44.52617,-125.37133,,RCAbottle_Unique_Counts.csv
44.52617,-125.37133,,RCAbottle_Unique_Counts.csv
44.52617,-125.37133,,RCAbottle_Unique_Counts.csv
44.52617,-125.37133,,RCAbottle_Unique_Counts.csv
44.52617,-125.37133,,RCAbottle_Unique_Counts.csv
44.52617,-125.37133,,RCAbottle_Unique_Counts.csv
44.52617,-125.37133,,RCAbottle_Unique_Counts.csv
44.52617,-125.37133,,RCAbottle_Unique_Counts.csv
44.52617,-125.37133,,RCAbottle_Unique_Counts.csv
44.52617,-125.37133,,RCAbottle_Unique_Counts.csv
44.52617,-125.37133,,RCAbottle_Unique_Counts.csv
44.52617,-125.37133,,RCAbottle_Unique_Counts.csv
44.52617,-125.37133,,RCAbottle_Unique_Counts.csv
44.52617,-125.37133,,RCAbottle_Unique_Counts.csv
44.52617,-125.37133,,RCAbottle_Unique_Counts.csv
45.83017,-129.74667,,RCAbottle_Unique_Counts.csv
45.83017,-129.74667,,RCAbottle_Unique_Counts.csv
45.83017,-129.74667,,RCAbottle_Unique_Counts.csv
45.83017,-129.74667,,RCAbottle_Unique_Counts.csv
45.83017,-129.74667,,RCAbottle_Unique_Counts.csv
45.83017,-129.74667,,RCAbottle_Unique_Counts.csv
45.83017,-129.74667,,RCAbottle_Unique_Counts.csv
45.83017,-129.74667,,RCAbottle_Unique_Counts.csv
45.83017,-129.74667,,RCAbottle_Unique_Counts.csv
45.83017,-129.74667,,RCAbottle_Unique_Counts.csv
45.83017,-129.74667,,RCAbottle_Unique_Counts.csv
45.83017,-129.74667,,RCAbottle_Unique_Counts.csv
45.83017,-129.74667,,RCAbottle_Unique_Counts.csv
45.83017,-129.74667,,RCAbottle_Unique_Counts.csv
45.83017,-129.74667,,RCAbottle_Unique_Counts.csv
45.83017,-129.74667,,RCAbottle_Unique_Counts.csv
45.83017,-129.74667,,RCAbottle_Unique_Counts.csv
44.37383,-124.96,,RCAbottle_Unique_Counts.csv
44.37383,-124.96,,RCAbottle_Unique_Counts.csv
44.37383,-124.96,,RCAbottle_Unique_Counts.csv
44.37383,-124.96,,RCAbottle_Unique_Counts.csv
44.37383,-124.96,,RCAbottle_Unique_Counts.csv
44.37383,-124.96,,RCAbottle_Unique_Counts.csv
44.37383,-124.96,,RCAbottle_Unique_Counts.csv
44.37383,-124.96,,RCAbottle_Unique_Counts.csv
44.37383,-124.96,,RCAbottle_Unique_Counts.csv
44.37383,-124.96,,RCAbottle_Unique_Counts.csv
44.37383,-124.96,,RCAbottle_Unique_Counts.csv
44.37383,-124.96,,RCAbottle_Unique_Counts.csv
44.37383,-124.96,,RCAbottle_Unique_Counts.csv
44.529,-125.393,,RCAbottle_Unique_Counts.csv
44.529,-125.393,,RCAbottle_Unique_Counts.csv
44.529,-125.393,,RCAbottle_Unique_Counts.csv
44.529,-125.393,,RCAbottle_Unique_Counts.csv
44.529,-125.393,,RCAbottle_Unique_Counts.csv
44.529,-125.393,,RCAbottle_Unique_Counts.csv
44.529,-125.393,,RCAbottle_Unique_Counts.csv
44.529,-125.393,,RCAbottle_Unique_Counts.csv
44.529,-125.393,,RCAbottle_Unique_Counts.csv
44.529,-125.393,,RCAbottle_Unique_Counts.csv
44.529,-125.393,,RCAbottle_Unique_Counts.csv
44.529,-125.393,,RCAbottle_Unique_Counts.csv
44.529,-125.393,,RCAbottle_Unique_Counts.csv
44.529,-125.393,,RCAbottle_Unique_Counts.csv
44.529,-125.393,,RCAbottle_Unique_Counts.csv
44.529,-125.393,,RCAbottle_Unique_Counts.csv
45.8295,-129.74617,,RCAbottle_Unique_Counts.csv
45.8295,-129.74617,,RCAbottle_Unique_Counts.csv
45.8295,-129.74617,,RCAbottle_Unique_Counts.csv
45.8295,-129.74617,,RCAbottle_Unique_Counts.csv
45.8295,-129.74617,,RCAbottle_Unique_Counts.csv
45.8295,-129.74617,,RCAbottle_Unique_Counts.csv
45.8295,-129.74617,,RCAbottle_Unique_Counts.csv
45.8295,-129.74617,,RCAbottle_Unique_Counts.csv
45.8295,-129.74617,,RCAbottle_Unique_Counts.csv
45.8295,-129.74617,,RCAbottle_Unique_Counts.csv
45.8295,-129.74617,,RCAbottle_Unique_Counts.csv
45.8295,-129.74617,,RCAbottle_Unique_Counts.csv
45.8295,-129.74617,,RCAbottle_Unique_Counts.csv
45.8295,-129.74617,,RCAbottle_Unique_Counts.csv
45.8295,-129.74617,,RCAbottle_Unique_Counts.csv
45.8295,-129.74617,,RCAbottle_Unique_Counts.csv
45.8295,-129.74617,,RCAbottle_Unique_Counts.csv
44.37417,-124.95967,,RCAbottle_Unique_Counts.csv
44.37417,-124.95967,,RCAbottle_Unique_Counts.csv
44.37417,-124.95967,,RCAbottle_Unique_Counts.csv
44.37417,-124.95967,,RCAbottle_Unique_Counts.csv
44.37417,-124.95967,,RCAbottle_Unique_Counts.csv
44.37417,-124.95967,,RCAbottle_Unique_Counts.csv
44.37417,-124.95967,,RCAbottle_Unique_Counts.csv
44.37417,-124.95967,,RCAbottle_Unique_Counts.csv
44.37417,-124.95967,,RCAbottle_Unique_Counts.csv
44.37417,-124.95967,,RCAbottle_Unique_Counts.csv
44.37417,-124.95967,,RCAbottle_Unique_Counts.csv
44.529,-125.39283,,RCAbottle_Unique_Counts.csv
44.529,-125.39283,,RCAbottle_Unique_Counts.csv
44.529,-125.39283,,RCAbottle_Unique_Counts.csv
44.529,-125.39283,,RCAbottle_Unique_Counts.csv
44.529,-125.39283,,RCAbottle_Unique_Counts.csv
44.529,-125.39283,,RCAbottle_Unique_Counts.csv
44.529,-125.39283,,RCAbottle_Unique_Counts.csv
44.529,-125.39283,,RCAbottle_Unique_Counts.csv
44.529,-125.39283,,RCAbottle_Unique_Counts.csv
44.529,-125.39283,,RCAbottle_Unique_Counts.csv
44.529,-125.39283,,RCAbottle_Unique_Counts.csv
44.529,-125.39283,,RCAbottle_Unique_Counts.csv
44.529,-125.39283,,RCAbottle_Unique_Counts.csv
44.529,-125.39283,,RCAbottle_Unique_Counts.csv
44.529,-125.39283,,RCAbottle_Unique_Counts.csv
44.37417,-124.95967,,RCAbottle_Unique_Counts.csv
44.37417,-124.95967,,RCAbottle_Unique_Counts.csv
44.37417,-124.95967,,RCAbottle_Unique_Counts.csv
44.37417,-124.95967,,RCAbottle_Unique_Counts.csv
44.37417,-124.95967,,RCAbottle_Unique_Counts.csv
44.37417,-124.95967,,RCAbottle_Unique_Counts.csv
44.37417,-124.95967,,RCAbottle_Unique_Counts.csv
44.37417,-124.95967,,RCAbottle_Unique_Counts.csv
44.37417,-124.95967,,RCAbottle_Unique_Counts.csv
44.37417,-124.95967,,RCAbottle_Unique_Counts.csv
44.37417,-124.95967,,RCAbottle_Unique_Counts.csv
44.37417,-124.95967,,RCAbottle_Unique_Counts.csv
44.37417,-124.95967,,RCAbottle_Unique_Counts.csv
44.37417,-124.95967,,RCAbottle_Unique_Counts.csv
44.37417,-124.95967,,RCAbottle_Unique_Counts.csv
45.82967,-129.74633,,RCAbottle_Unique_Counts.csv
45.82967,-129.74633,,RCAbottle_Unique_Counts.csv
45.82967,-129.74633,,RCAbottle_Unique_Counts.csv
45.82967,-129.74633,,RCAbottle_Unique_Counts.csv
45.82967,-129.74633,,RCAbottle_Unique_Counts.csv
45.82967,-129.74633,,RCAbottle_Unique_Counts.csv
45.82967,-129.74633,,RCAbottle_Unique_Counts.csv
45.82967,-129.74633,,RCAbottle_Unique_Counts.csv
45.82967,-129.74633,,RCAbottle_Unique_Counts.csv
45.82967,-129.74633,,RCAbottle_Unique_Counts.csv
45.82967,-129.74633,,RCAbottle_Unique_Counts.csv
45.82967,-129.74633,,RCAbottle_Unique_Counts.csv
45.82967,-129.74633,,RCAbottle_Unique_Counts.csv
45.82967,-129.74633,,RCAbottle_Unique_Counts.csv
45.82967,-129.74633,,RCAbottle_Unique_Counts.csv
45.82967,-129.74633,,RCAbottle_Unique_Counts.csv
45.82967,-129.74633,,RCAbottle_Unique_Counts.csv
45.82967,-129.74633,,RCAbottle_Unique_Counts.csv
45.82967,-129.74633,,RCAbottle_Unique_Counts.csv
45.82967,-129.74633,,RCAbottle_Unique_Counts.csv
45.82967,-129.74633,,RCAbottle_Unique_Counts.csv
45.82967,-129.74633,,RCAbottle_Unique_Counts.csv
45.82967,-129.74633,,RCAbottle_Unique_Counts.csv
45.82967,-129.74633,,RCAbottle_Unique_Counts.csv
45.82967,-129.74633,,RCAbottle_Unique_Counts.csv
45.82967,-129.74633,,RCAbottle_Unique_Counts.csv
45.82967,-129.74633,,RCAbottle_Unique_Counts.csv
45.82967,-129.74633,,RCAbottle_Unique_Counts.csv
45.82967,-129.74633,,RCAbottle_Unique_Counts.csv
45.82967,-129.74633,,RCAbottle_Unique_Counts.csv
45.82967,-129.74633,,RCAbottle_Unique_Counts.csv
45.82967,-129.74633,,RCAbottle_Unique_Counts.csv
45.82967,-129.74633,,RCAbottle_Unique_Counts.csv
45.82967,-129.74633,,RCAbottle_Unique_Counts.csv
45.82967,-129.74633,,RCAbottle_Unique_Counts.csv
44.5375,-125.3785,,RCAbottle_Unique_Counts.csv
44.5375,-125.3785,,RCAbottle_Unique_Counts.csv
44.5375,-125.3785,,RCAbottle_Unique_Counts.csv
44.5375,-125.3785,,RCAbottle_Unique_Counts.csv
44.5375,-125.3785,,RCAbottle_Unique_Counts.csv
44.5375,-125.3785,,RCAbottle_Unique_Counts.csv
44.5375,-125.3785,,RCAbottle_Unique_Counts.csv
44.5375,-125.3785,,RCAbottle_Unique_Counts.csv
44.5375,-125.3785,,RCAbottle_Unique_Counts.csv
44.5375,-125.3785,,RCAbottle_Unique_Counts.csv
45.83066667,-129.7395,,RCAbottle_Unique_Counts.csv
45.83066667,-129.7395,,RCAbottle_Unique_Counts.csv
45.83066667,-129.7395,,RCAbottle_Unique_Counts.csv
45.83066667,-129.7395,,RCAbottle_Unique_Counts.csv
45.83066667,-129.7395,,RCAbottle_Unique_Counts.csv
45.83066667,-129.7395,,RCAbottle_Unique_Counts.csv
45.83066667,-129.7395,,RCAbottle_Unique_Counts.csv
45.83066667,-129.7395,,RCAbottle_Unique_Counts.csv
45.83066667,-129.7395,,RCAbottle_Unique_Counts.csv
45.83066667,-129.7395,,RCAbottle_Unique_Counts.csv
45.83066667,-129.7395,,RCAbottle_Unique_Counts.csv
45.83066667,-129.7395,,RCAbottle_Unique_Counts.csv
45.83066667,-129.7395,,RCAbottle_Unique_Counts.csv
45.83066667,-129.7395,,RCAbottle_Unique_Counts.csv
45.83066667,-129.7395,,RCAbottle_Unique_Counts.csv
45.83066667,-129.7395,,RCAbottle_Unique_Counts.csv
45.83066667,-129.7395,,RCAbottle_Unique_Counts.csv
45.83066667,-129.7395,,RCAbottle_Unique_Counts.csv
45.83066667,-129.7395,,RCAbottle_Unique_Counts.csv
45.83066667,-129.7395,,RCAbottle_Unique_Counts.csv
45.83066667,-129.7395,,RCAbottle_Unique_Counts.csv
45.83066667,-129.7395,,RCAbottle_Unique_Counts.csv
45.83066667,-129.7395,,RCAbottle_Unique_Counts.csv
45.83066667,-129.7395,,RCAbottle_Unique_Counts.csv
44.53583333,-125.3803333,,RCAbottle_Unique_Counts.csv
44.53583333,-125.3803333,,RCAbottle_Unique_Counts.csv
44.53583333,-125.3803333,,RCAbottle_Unique_Counts.csv
44.53583333,-125.3803333,,RCAbottle_Unique_Counts.csv
44.53583333,-125.3803333,,RCAbottle_Unique_Counts.csv
44.53583333,-125.3803333,,RCAbottle_Unique_Counts.csv
44.53583333,-125.3803333,,RCAbottle_Unique_Counts.csv
44.53583333,-125.3803333,,RCAbottle_Unique_Counts.csv
44.53583333,-125.3803333,,RCAbottle_Unique_Counts.csv
44.53583333,-125.3803333,,RCAbottle_Unique_Counts.csv
44.53583333,-125.3803333,,RCAbottle_Unique_Counts.csv
44.53583333,-125.3803333,,RCAbottle_Unique_Counts.csv
44.53583333,-125.3803333,,RCAbottle_Unique_Counts.csv
44.53583333,-125.3803333,,RCAbottle_Unique_Counts.csv
44.53583333,-125.3803333,,RCAbottle_Unique_Counts.csv
44.53583333,-125.3803333,,RCAbottle_Unique_Counts.csv
44.53583333,-125.3803333,,RCAbottle_Unique_Counts.csv
44.53583333,-125.3803333,,RCAbottle_Unique_Counts.csv
44.53583333,-125.3803333,,RCAbottle_Unique_Counts.csv
44.37416667,-124.9625,,RCAbottle_Unique_Counts.csv
44.37416667,-124.9625,,RCAbottle_Unique_Counts.csv
44.37416667,-124.9625,,RCAbottle_Unique_Counts.csv
44.37416667,-124.9625,,RCAbottle_Unique_Counts.csv
44.37416667,-124.9625,,RCAbottle_Unique_Counts.csv
44.37416667,-124.9625,,RCAbottle_Unique_Counts.csv
44.37416667,-124.9625,,RCAbottle_Unique_Counts.csv
44.37416667,-124.9625,,RCAbottle_Unique_Counts.csv
44.37416667,-124.9625,,RCAbottle_Unique_Counts.csv
44.37416667,-124.9625,,RCAbottle_Unique_Counts.csv
44.37416667,-124.9625,,RCAbottle_Unique_Counts.csv
44.37416667,-124.9625,,RCAbottle_Unique_Counts.csv
44.37416667,-124.9625,,RCAbottle_Unique_Counts.csv
44.37416667,-124.9625,,RCAbottle_Unique_Counts.csv
44.37416667,-124.9625,,RCAbottle_Unique_Counts.csv
44.37416667,-124.9625,,RCAbottle_Unique_Counts.csv
44.37416667,-124.9625,,RCAbottle_Unique_Counts.csv
44.37416667,-124.9625,,RCAbottle_Unique_Counts.csv
44.37416667,-124.9625,,RCAbottle_Unique_Counts.csv
44.37416667,-124.9625,,RCAbottle_Unique_Counts.csv
45.83333333,-129.7573333,,RCAbottle_Unique_Counts.csv
45.83333333,-129.7573333,,RCAbottle_Unique_Counts.csv
45.83333333,-129.7573333,,RCAbottle_Unique_Counts.csv
45.83333333,-129.7573333,,RCAbottle_Unique_Counts.csv
45.83333333,-129.7573333,,RCAbottle_Unique_Counts.csv
45.83333333,-129.7573333,,RCAbottle_Unique_Counts.csv
45.83333333,-129.7573333,,RCAbottle_Unique_Counts.csv
45.83333333,-129.7573333,,RCAbottle_Unique_Counts.csv
45.83333333,-129.7573333,,RCAbottle_Unique_Counts.csv
45.83333333,-129.7573333,,RCAbottle_Unique_Counts.csv
45.83333333,-129.7573333,,RCAbottle_Unique_Counts.csv
45.83333333,-129.7573333,,RCAbottle_Unique_Counts.csv
45.83333333,-129.7573333,,RCAbottle_Unique_Counts.csv
45.83333333,-129.7573333,,RCAbottle_Unique_Counts.csv
45.83333333,-129.7573333,,RCAbottle_Unique_Counts.csv
45.83033333,-129.7465,,RCAbottle_Unique_Counts.csv
45.83033333,-129.7465,,RCAbottle_Unique_Counts.csv
45.83033333,-129.7465,,RCAbottle_Unique_Counts.csv
45.83033333,-129.7465,,RCAbottle_Unique_Counts.csv
45.83033333,-129.7465,,RCAbottle_Unique_Counts.csv
45.83033333,-129.7465,,RCAbottle_Unique_Counts.csv
45.83033333,-129.7465,,RCAbottle_Unique_Counts.csv
45.83033333,-129.7465,,RCAbottle_Unique_Counts.csv
45.83033333,-129.7465,,RCAbottle_Unique_Counts.csv
45.83033333,-129.7465,,RCAbottle_Unique_Counts.csv
44.526,-125.3943333,,RCAbottle_Unique_Counts.csv
44.526,-125.3943333,,RCAbottle_Unique_Counts.csv
44.526,-125.3943333,,RCAbottle_Unique_Counts.csv
44.526,-125.3943333,,RCAbottle_Unique_Counts.csv
44.526,-125.3943333,,RCAbottle_Unique_Counts.csv
44.526,-125.3943333,,RCAbottle_Unique_Counts.csv
44.526,-125.3943333,,RCAbottle_Unique_Counts.csv
44.526,-125.3943333,,RCAbottle_Unique_Counts.csv
44.526,-125.3943333,,RCAbottle_Unique_Counts.csv
44.526,-125.3943333,,RCAbottle_Unique_Counts.csv
44.526,-125.3943333,,RCAbottle_Unique_Counts.csv
44.526,-125.3943333,,RCAbottle_Unique_Counts.csv
44.526,-125.3943333,,RCAbottle_Unique_Counts.csv
44.374,-124.9505,,RCAbottle_Unique_Counts.csv
44.374,-124.9505,,RCAbottle_Unique_Counts.csv
44.374,-124.9505,,RCAbottle_Unique_Counts.csv
44.374,-124.9505,,RCAbottle_Unique_Counts.csv
44.374,-124.9505,,RCAbottle_Unique_Counts.csv
44.374,-124.9505,,RCAbottle_Unique_Counts.csv
44.374,-124.9505,,RCAbottle_Unique_Counts.csv
44.374,-124.9505,,RCAbottle_Unique_Counts.csv
44.374,-124.9505,,RCAbottle_Unique_Counts.csv
44.374,-124.9505,,RCAbottle_Unique_Counts.csv
44.374,-124.9505,,RCAbottle_Unique_Counts.csv
44.374,-124.9505,,RCAbottle_Unique_Counts.csv
44.374,-124.9505,,RCAbottle_Unique_Counts.csv
44.374,-124.9505,,RCAbottle_Unique_Counts.csv
44.374,-124.9505,,RCAbottle_Unique_Counts.csv
45.8295,-129.746,,RCAbottle_Unique_Counts.csv
45.8295,-129.746,,RCAbottle_Unique_Counts.csv
45.8295,-129.746,,RCAbottle_Unique_Counts.csv
45.8295,-129.746,,RCAbottle_Unique_Counts.csv
45.8295,-129.746,,RCAbottle_Unique_Counts.csv
45.8295,-129.746,,RCAbottle_Unique_Counts.csv
45.8295,-129.746,,RCAbottle_Unique_Counts.csv
45.8295,-129.746,,RCAbottle_Unique_Counts.csv
45.8295,-129.746,,RCAbottle_Unique_Counts.csv
45.8295,-129.746,,RCAbottle_Unique_Counts.csv
45.8295,-129.746,,RCAbottle_Unique_Counts.csv
45.8295,-129.746,,RCAbottle_Unique_Counts.csv
45.8295,-129.746,,RCAbottle_Unique_Counts.csv
45.8295,-129.746,,RCAbottle_Unique_Counts.csv
45.8295,-129.746,,RCAbottle_Unique_Counts.csv
45.8295,-129.746,,RCAbottle_Unique_Counts.csv
45.8295,-129.746,,RCAbottle_Unique_Counts.csv
45.8295,-129.746,,RCAbottle_Unique_Counts.csv
45.8265,-129.7473333,,RCAbottle_Unique_Counts.csv
45.8265,-129.7473333,,RCAbottle_Unique_Counts.csv
45.8265,-129.7473333,,RCAbottle_Unique_Counts.csv
45.8265,-129.7473333,,RCAbottle_Unique_Counts.csv
45.8265,-129.7473333,,RCAbottle_Unique_Counts.csv
45.8265,-129.7473333,,RCAbottle_Unique_Counts.csv
45.8265,-129.7473333,,RCAbottle_Unique_Counts.csv
45.8265,-129.7473333,,RCAbottle_Unique_Counts.csv
45.8265,-129.7473333,,RCAbottle_Unique_Counts.csv
45.8265,-129.7473333,,RCAbottle_Unique_Counts.csv
45.8265,-129.7473333,,RCAbottle_Unique_Counts.csv
45.8265,-129.7473333,,RCAbottle_Unique_Counts.csv
44.56966667,-125.1466667,,RCAbottle_Unique_Counts.csv
44.56966667,-125.1466667,,RCAbottle_Unique_Counts.csv
44.56966667,-125.1466667,,RCAbottle_Unique_Counts.csv
44.56966667,-125.1466667,,RCAbottle_Unique_Counts.csv
44.56966667,-125.1466667,,RCAbottle_Unique_Counts.csv
44.56966667,-125.1466667,,RCAbottle_Unique_Counts.csv
44.56966667,-125.1466667,,RCAbottle_Unique_Counts.csv
44.56966667,-125.1466667,,RCAbottle_Unique_Counts.csv
44.56966667,-125.1466667,,RCAbottle_Unique_Counts.csv
44.56966667,-125.1466667,,RCAbottle_Unique_Counts.csv
44.56966667,-125.1466667,,RCAbottle_Unique_Counts.csv
44.51516667,-125.3956667,,RCAbottle_Unique_Counts.csv
44.51516667,-125.3956667,,RCAbottle_Unique_Counts.csv
44.51516667,-125.3956667,,RCAbottle_Unique_Counts.csv
44.51516667,-125.3956667,,RCAbottle_Unique_Counts.csv
44.51516667,-125.3956667,,RCAbottle_Unique_Counts.csv
44.51516667,-125.3956667,,RCAbottle_Unique_Counts.csv
44.51516667,-125.3956667,,RCAbottle_Unique_Counts.csv
44.51516667,-125.3956667,,RCAbottle_Unique_Counts.csv
44.51516667,-125.3956667,,RCAbottle_Unique_Counts.csv
44.51516667,-125.3956667,,RCAbottle_Unique_Counts.csv
44.37383333,-124.9516667,,RCAbottle_Unique_Counts.csv
44.37383333,-124.9516667,,RCAbottle_Unique_Counts.csv
44.37383333,-124.9516667,,RCAbottle_Unique_Counts.csv
44.37383333,-124.9516667,,RCAbottle_Unique_Counts.csv
44.37383333,-124.9516667,,RCAbottle_Unique_Counts.csv
44.37383333,-124.9516667,,RCAbottle_Unique_Counts.csv
44.37383333,-124.9516667,,RCAbottle_Unique_Counts.csv
44.37383333,-124.9516667,,RCAbottle_Unique_Counts.csv
44.37383333,-124.9516667,,RCAbottle_Unique_Counts.csv
44.37383333,-124.9516667,,RCAbottle_Unique_Counts.csv
44.3645,-124.9483333,,RCAbottle_Unique_Counts.csv
44.3645,-124.9483333,,RCAbottle_Unique_Counts.csv
44.3645,-124.9483333,,RCAbottle_Unique_Counts.csv
44.3645,-124.9483333,,RCAbottle_Unique_Counts.csv
44.3645,-124.9483333,,RCAbottle_Unique_Counts.csv
44.3645,-124.9483333,,RCAbottle_Unique_Counts.csv
44.3645,-124.9483333,,RCAbottle_Unique_Counts.csv
44.3645,-124.9483333,,RCAbottle_Unique_Counts.csv
44.3645,-124.9483333,,RCAbottle_Unique_Counts.csv
44.3645,-124.9483333,,RCAbottle_Unique_Counts.csv
44.3645,-124.9483333,,RCAbottle_Unique_Counts.csv
44.52416667,-125.3753333,,RCAbottle_Unique_Counts.csv
44.52416667,-125.3753333,,RCAbottle_Unique_Counts.csv
44.52416667,-125.3753333,,RCAbottle_Unique_Counts.csv
44.52416667,-125.3753333,,RCAbottle_Unique_Counts.csv
44.52416667,-125.3753333,,RCAbottle_Unique_Counts.csv
44.52416667,-125.3753333,,RCAbottle_Unique_Counts.csv
44.52416667,-125.3753333,,RCAbottle_Unique_Counts.csv
44.52416667,-125.3753333,,RCAbottle_Unique_Counts.csv
44.52416667,-125.3753333,,RCAbottle_Unique_Counts.csv
44.52416667,-125.3753333,,RCAbottle_Unique_Counts.csv
45.83433333,-129.7583333,,RCAbottle_Unique_Counts.csv
45.83433333,-129.7583333,,RCAbottle_Unique_Counts.csv
45.83433333,-129.7583333,,RCAbottle_Unique_Counts.csv
45.83433333,-129.7583333,,RCAbottle_Unique_Counts.csv
45.83433333,-129.7583333,,RCAbottle_Unique_Counts.csv
45.83433333,-129.7583333,,RCAbottle_Unique_Counts.csv
45.83433333,-129.7583333,,RCAbottle_Unique_Counts.csv
45.83433333,-129.7583333,,RCAbottle_Unique_Counts.csv
45.83433333,-129.7583333,,RCAbottle_Unique_Counts.csv
45.83433333,-129.7583333,,RCAbottle_Unique_Counts.csv
44.37716667,-124.9526667,,RCAbottle_Unique_Counts.csv
44.37716667,-124.9526667,,RCAbottle_Unique_Counts.csv
44.37716667,-124.9526667,,RCAbottle_Unique_Counts.csv
44.37716667,-124.9526667,,RCAbottle_Unique_Counts.csv
44.37716667,-124.9526667,,RCAbottle_Unique_Counts.csv
44.37716667,-124.9526667,,RCAbottle_Unique_Counts.csv
44.37716667,-124.9526667,,RCAbottle_Unique_Counts.csv
44.37716667,-124.9526667,,RCAbottle_Unique_Counts.csv
44.37716667,-124.9526667,,RCAbottle_Unique_Counts.csv
44.37716667,-124.9526667,,RCAbottle_Unique_Counts.csv
44.37716667,-124.9526667,,RCAbottle_Unique_Counts.csv
44.37716667,-124.9526667,,RCAbottle_Unique_Counts.csv
44.37716667,-124.9526667,,RCAbottle_Unique_Counts.csv
44.53133333,-125.3833333,,RCAbottle_Unique_Counts.csv
44.53133333,-125.3833333,,RCAbottle_Unique_Counts.csv
44.53133333,-125.3833333,,RCAbottle_Unique_Counts.csv
44.53133333,-125.3833333,,RCAbottle_Unique_Counts.csv
44.53133333,-125.3833333,,RCAbottle_Unique_Counts.csv
44.53133333,-125.3833333,,RCAbottle_Unique_Counts.csv
44.53133333,-125.3833333,,RCAbottle_Unique_Counts.csv
44.53133333,-125.3833333,,RCAbottle_Unique_Counts.csv
44.53133333,-125.3833333,,RCAbottle_Unique_Counts.csv
44.53133333,-125.3833333,,RCAbottle_Unique_Counts.csv
44.53133333,-125.3833333,,RCAbottle_Unique_Counts.csv
44.53133333,-125.3833333,,RCAbottle_Unique_Counts.csv
44.53133333,-125.3833333,,RCAbottle_Unique_Counts.csv
44.53133333,-125.3833333,,RCAbottle_Unique_Counts.csv
44.53133333,-125.3833333,,RCAbottle_Unique_Counts.csv
44.3715,-124.9615,,RCAbottle_Unique_Counts.csv
44.3715,-124.9615,,RCAbottle_Unique_Counts.csv
44.3715,-124.9615,,RCAbottle_Unique_Counts.csv
44.3715,-124.9615,,RCAbottle_Unique_Counts.csv
44.3715,-124.9615,,RCAbottle_Unique_Counts.csv
44.3715,-124.9615,,RCAbottle_Unique_Counts.csv
44.3715,-124.9615,,RCAbottle_Unique_Counts.csv
44.3715,-124.9615,,RCAbottle_Unique_Counts.csv
44.3715,-124.9615,,RCAbottle_Unique_Counts.csv
44.3715,-124.9615,,RCAbottle_Unique_Counts.csv
44.3715,-124.9615,,RCAbottle_Unique_Counts.csv
44.3715,-124.9615,,RCAbottle_Unique_Counts.csv
44.53283333,-125.3916667,,RCAbottle_Unique_Counts.csv
44.53283333,-125.3916667,,RCAbottle_Unique_Counts.csv
44.53283333,-125.3916667,,RCAbottle_Unique_Counts.csv
44.53283333,-125.3916667,,RCAbottle_Unique_Counts.csv
44.53283333,-125.3916667,,RCAbottle_Unique_Counts.csv
44.53283333,-125.3916667,,RCAbottle_Unique_Counts.csv
44.53283333,-125.3916667,,RCAbottle_Unique_Counts.csv
44.53283333,-125.3916667,,RCAbottle_Unique_Counts.csv
44.53283333,-125.3916667,,RCAbottle_Unique_Counts.csv
44.53283333,-125.3916667,,RCAbottle_Unique_Counts.csv
44.53283333,-125.3916667,,RCAbottle_Unique_Counts.csv
44.53283333,-125.3916667,,RCAbottle_Unique_Counts.csv
45.83433333,-129.7468333,,RCAbottle_Unique_Counts.csv
45.83433333,-129.7468333,,RCAbottle_Unique_Counts.csv
45.83433333,-129.7468333,,RCAbottle_Unique_Counts.csv
45.83433333,-129.7468333,,RCAbottle_Unique_Counts.csv
45.83433333,-129.7468333,,RCAbottle_Unique_Counts.csv
45.83433333,-129.7468333,,RCAbottle_Unique_Counts.csv
45.83433333,-129.7468333,,RCAbottle_Unique_Counts.csv
45.83433333,-129.7468333,,RCAbottle_Unique_Counts.csv
45.83433333,-129.7468333,,RCAbottle_Unique_Counts.csv
45.83433333,-129.7468333,,RCAbottle_Unique_Counts.csv
45.83433333,-129.7468333,,RCAbottle_Unique_Counts.csv
45.83433333,-129.7468333,,RCAbottle_Unique_Counts.csv
45.83433333,-129.7468333,,RCAbottle_Unique_Counts.csv
45.83433333,-129.7468333,,RCAbottle_Unique_Counts.csv
45.82466667,-129.7596667,,RCAbottle_Unique_Counts.csv
45.82466667,-129.7596667,,RCAbottle_Unique_Counts.csv
45.82466667,-129.7596667,,RCAbottle_Unique_Counts.csv
45.82466667,-129.7596667,,RCAbottle_Unique_Counts.csv
45.82466667,-129.7596667,,RCAbottle_Unique_Counts.csv
45.82466667,-129.7596667,,RCAbottle_Unique_Counts.csv
45.82466667,-129.7596667,,RCAbottle_Unique_Counts.csv
45.82466667,-129.7596667,,RCAbottle_Unique_Counts.csv
45.82466667,-129.7596667,,RCAbottle_Unique_Counts.csv
45.82466667,-129.7596667,,RCAbottle_Unique_Counts.csv
44.3715,-124.9576667,,RCAbottle_Unique_Counts.csv
44.3715,-124.9576667,,RCAbottle_Unique_Counts.csv
44.3715,-124.9576667,,RCAbottle_Unique_Counts.csv
44.3715,-124.9576667,,RCAbottle_Unique_Counts.csv
44.3715,-124.9576667,,RCAbottle_Unique_Counts.csv
44.3715,-124.9576667,,RCAbottle_Unique_Counts.csv
44.3715,-124.9576667,,RCAbottle_Unique_Counts.csv
44.3715,-124.9576667,,RCAbottle_Unique_Counts.csv
44.3715,-124.9576667,,RCAbottle_Unique_Counts.csv
44.3715,-124.9576667,,RCAbottle_Unique_Counts.csv
44.3715,-124.9576667,,RCAbottle_Unique_Counts.csv
44.3715,-124.9576667,,RCAbottle_Unique_Counts.csv
44.3715,-124.9576667,,RCAbottle_Unique_Counts.csv
44.3725,-124.9513333,,RCAbottle_Unique_Counts.csv
44.3725,-124.9513333,,RCAbottle_Unique_Counts.csv
44.3725,-124.9513333,,RCAbottle_Unique_Counts.csv
44.3725,-124.9513333,,RCAbottle_Unique_Counts.csv
44.3725,-124.9513333,,RCAbottle_Unique_Counts.csv
44.3725,-124.9513333,,RCAbottle_Unique_Counts.csv
44.3725,-124.9513333,,RCAbottle_Unique_Counts.csv
44.3725,-124.9513333,,RCAbottle_Unique_Counts.csv
44.3725,-124.9513333,,RCAbottle_Unique_Counts.csv
44.3725,-124.9513333,,RCAbottle_Unique_Counts.csv
44.3725,-124.9513333,,RCAbottle_Unique_Counts.csv
44.52366667,-125.3756667,,RCAbottle_Unique_Counts.csv
44.52366667,-125.3756667,,RCAbottle_Unique_Counts.csv
44.52366667,-125.3756667,,RCAbottle_Unique_Counts.csv
44.52366667,-125.3756667,,RCAbottle_Unique_Counts.csv
44.52366667,-125.3756667,,RCAbottle_Unique_Counts.csv
44.52366667,-125.3756667,,RCAbottle_Unique_Counts.csv
44.52366667,-125.3756667,,RCAbottle_Unique_Counts.csv
44.52366667,-125.3756667,,RCAbottle_Unique_Counts.csv
44.52366667,-125.3756667,,RCAbottle_Unique_Counts.csv
44.52366667,-125.3756667,,RCAbottle_Unique_Counts.csv
44.52366667,-125.3756667,,RCAbottle_Unique_Counts.csv
44.52366667,-125.3756667,,RCAbottle_Unique_Counts.csv
45.83466667,-129.7591667,,RCAbottle_Unique_Counts.csv
45.83466667,-129.7591667,,RCAbottle_Unique_Counts.csv
45.83466667,-129.7591667,,RCAbottle_Unique_Counts.csv
45.83466667,-129.7591667,,RCAbottle_Unique_Counts.csv
45.83466667,-129.7591667,,RCAbottle_Unique_Counts.csv
45.83466667,-129.7591667,,RCAbottle_Unique_Counts.csv
45.83466667,-129.7591667,,RCAbottle_Unique_Counts.csv
45.83466667,-129.7591667,,RCAbottle_Unique_Counts.csv
45.83466667,-129.7591667,,RCAbottle_Unique_Counts.csv
45.83466667,-129.7591667,,RCAbottle_Unique_Counts.csv
44.37233333,-124.951,,RCAbottle_Unique_Counts.csv
44.37233333,-124.951,,RCAbottle_Unique_Counts.csv
44.37233333,-124.951,,RCAbottle_Unique_Counts.csv
44.37233333,-124.951,,RCAbottle_Unique_Counts.csv
44.37233333,-124.951,,RCAbottle_Unique_Counts.csv
44.37233333,-124.951,,RCAbottle_Unique_Counts.csv
44.37233333,-124.951,,RCAbottle_Unique_Counts.csv
44.37233333,-124.951,,RCAbottle_Unique_Counts.csv
44.37233333,-124.951,,RCAbottle_Unique_Counts.csv
44.37233333,-124.951,,RCAbottle_Unique_Counts.csv
44.37233333,-124.951,,RCAbottle_Unique_Counts.csv
44.3695,-124.96133,,RCAbottle_Unique_Counts.csv
44.3695,-124.96133,,RCAbottle_Unique_Counts.csv
44.3695,-124.96133,,RCAbottle_Unique_Counts.csv
44.3695,-124.96133,,RCAbottle_Unique_Counts.csv
44.3695,-124.96133,,RCAbottle_Unique_Counts.csv
44.3695,-124.96133,,RCAbottle_Unique_Counts.csv
44.3695,-124.96133,,RCAbottle_Unique_Counts.csv
44.3695,-124.96133,,RCAbottle_Unique_Counts.csv
44.3695,-124.96133,,RCAbottle_Unique_Counts.csv
44.3695,-124.96133,,RCAbottle_Unique_Counts.csv
44.3695,-124.96133,,RCAbottle_Unique_Counts.csv
44.3695,-124.96133,,RCAbottle_Unique_Counts.csv
44.52467,-125.38783,,RCAbottle_Unique_Counts.csv
44.52467,-125.38783,,RCAbottle_Unique_Counts.csv
44.52467,-125.38783,,RCAbottle_Unique_Counts.csv
44.52467,-125.38783,,RCAbottle_Unique_Counts.csv
44.52467,-125.38783,,RCAbottle_Unique_Counts.csv
44.52467,-125.38783,,RCAbottle_Unique_Counts.csv
44.52467,-125.38783,,RCAbottle_Unique_Counts.csv
44.52467,-125.38783,,RCAbottle_Unique_Counts.csv
44.52467,-125.38783,,RCAbottle_Unique_Counts.csv
44.52467,-125.38783,,RCAbottle_Unique_Counts.csv
44.52467,-125.38783,,RCAbottle_Unique_Counts.csv
44.52467,-125.38783,,RCAbottle_Unique_Counts.csv
45.82667,-129.749,,RCAbottle_Unique_Counts.csv
45.82667,-129.749,,RCAbottle_Unique_Counts.csv
45.82667,-129.749,,RCAbottle_Unique_Counts.csv
45.82667,-129.749,,RCAbottle_Unique_Counts.csv
45.82667,-129.749,,RCAbottle_Unique_Counts.csv
45.82667,-129.749,,RCAbottle_Unique_Counts.csv
45.82667,-129.749,,RCAbottle_Unique_Counts.csv
45.82667,-129.749,,RCAbottle_Unique_Counts.csv
45.82667,-129.749,,RCAbottle_Unique_Counts.csv
45.82667,-129.749,,RCAbottle_Unique_Counts.csv
45.82667,-129.749,,RCAbottle_Unique_Counts.csv
45.82667,-129.749,,RCAbottle_Unique_Counts.csv
44.53167,-125.38033,,RCAbottle_Unique_Counts.csv
44.53167,-125.38033,,RCAbottle_Unique_Counts.csv
44.53167,-125.38033,,RCAbottle_Unique_Counts.csv
44.53167,-125.38033,,RCAbottle_Unique_Counts.csv
44.53167,-125.38033,,RCAbottle_Unique_Counts.csv
44.53167,-125.38033,,RCAbottle_Unique_Counts.csv
44.53167,-125.38033,,RCAbottle_Unique_Counts.csv
44.53167,-125.38033,,RCAbottle_Unique_Counts.csv
44.53167,-125.38033,,RCAbottle_Unique_Counts.csv
44.53167,-125.38033,,RCAbottle_Unique_Counts.csv
44.53167,-125.38033,,RCAbottle_Unique_Counts.csv
44.37233,-124.95267,,RCAbottle_Unique_Counts.csv
44.37233,-124.95267,,RCAbottle_Unique_Counts.csv
44.37233,-124.95267,,RCAbottle_Unique_Counts.csv
44.37233,-124.95267,,RCAbottle_Unique_Counts.csv
44.37233,-124.95267,,RCAbottle_Unique_Counts.csv
44.37233,-124.95267,,RCAbottle_Unique_Counts.csv
44.37233,-124.95267,,RCAbottle_Unique_Counts.csv
44.37233,-124.95267,,RCAbottle_Unique_Counts.csv
44.37233,-124.95267,,RCAbottle_Unique_Counts.csv
45.82633,-129.76333,,RCAbottle_Unique_Counts.csv
45.82633,-129.76333,,RCAbottle_Unique_Counts.csv
45.82633,-129.76333,,RCAbottle_Unique_Counts.csv
45.82633,-129.76333,,RCAbottle_Unique_Counts.csv
45.82633,-129.76333,,RCAbottle_Unique_Counts.csv
45.82633,-129.76333,,RCAbottle_Unique_Counts.csv
45.82633,-129.76333,,RCAbottle_Unique_Counts.csv
45.82633,-129.76333,,RCAbottle_Unique_Counts.csv
45.82633,-129.76333,,RCAbottle_Unique_Counts.csv
45.82633,-129.76333,,RCAbottle_Unique_Counts.csv
