Cruise,Station,Target Asset,Start Latitude [degrees],Start Longitude [degrees],Start Time [UTC],Cast,Cast Flag,Bottom Depth at Start Position [m],CTD File,CTD File Flag,Niskin/Bottle Position,Niskin Flag,CTD Bottle Closure Time [UTC],CTD Pressure [db],CTD Pressure Flag,CTD Depth [m],CTD Latitude [deg],CTD Longitude [deg],CTD Temperature 1 [deg C],CTD Temperature 1 Flag,CTD Temperature 2 [deg C],CTD Temperature 2 Flag,CTD Conductivity 1 [S/m],CTD Conductivity 1 Flag,CTD Conductivity 2 [S/m],CTD Conductivity 2 Flag,CTD Salinity 1 [psu],CTD Salinity 2 [psu],CTD Oxygen [mL/L],CTD Oxygen Flag,CTD Oxygen Saturation [mL/L],CTD Fluorescence [mg/m^3],CTD Fluorescence Flag,CTD Beam Attenuation [1/m],CTD Beam Transmission [%],CTD Transmissometer Flag,CTD pH,CTD pH Flag,Discrete Oxygen [mL/L],Discrete Oxygen Flag,Discrete Oxygen Replicate Flag,Discrete Chlorophyll [ug/L],Discrete Phaeopigment [ug/L],Discrete Fo/Fa Ratio,Discrete Fluorescence Flag,Discrete Fluorescence Replicate Flag,Discrete Phosphate [uM],Discrete Silicate [uM],Discrete Nitrate [uM],Discrete Nitrite [uM],Discrete Ammonium [uM],Discrete Nutrients Flag,Discrete Nutrients Replicate Flag,Discrete Salinity [psu],Discrete Salinity Flag,Discrete Salinity Replicate Flag,Discrete Alkalinity [umol/kg],Discrete Alkalinity Flag,Discrete Alkalinity Replicate Flag,Discrete DIC [umol/kg],Discrete DIC Flag,Discrete DIC Replicate Flag,Discrete pCO2 [uatm],pCO2 Analysis Temp [deg C],Discrete pCO2 Flag,Discrete pCO2 Replicate Flag,Discrete pH [Total scale],pH Analysis Temp [deg C],Discrete pH Flag,Discrete pH Replicate Flag,Calculated Alkalinity [umol/kg],Calculated DIC [umol/kg],Calculated pCO2 [uatm],Calculated pH,Calculated CO2aq [umol/kg],Calculated Bicarb [umol/kg],Calculated CO3 [umol/kg],Calculated Omega-C,Calculated Omega-A
AT50-29,Axial ASHES Vent Field,CTDPFB304,45.91691,-130.02421,2024-08-31T04:31:27.933Z,J2-1650,*0010000000000000,1544,AT50-29_J2-1650,*0000000000000100,Forward Starboard,*0000000000000100,2024-08-31T04:32:27.933Z,1559.116725,*0000000000000100,-9999999,-9999999,-9999999,2.4848425,*0000000000000100,-9999999,-9999999,3.14561625,*0000000010000100,-9999999,-9999999,34.469025,-9999999,-9999999,-9999999,-9999999,-9999999,-9999999,-9999999,-9999999,-9999999,-9999999,-9999999,-9999999,-9999999,-9999999,-9999999,-9999999,-9999999,-9999999,-9999999,-9999999,-9999999,-9999999,-9999999,-9999999,-9999999,-9999999,34.52170494,-9999999,*0000000000000100,-9999999,-9999999,-9999999,-9999999,-9999999,-9999999,-9999999,-9999999,-9999999,-9999999,-9999999,-9999999,-9999999,-9999999,-9999999,-9999999,-9999999,-9999999,-9999999,-9999999,-9999999,-9999999,-9999999
AT50-29,Axial Base Deep Profiler,RS03AXPD,45.82633,-129.76333,2024-08-29T22:36:03.000Z,CTD-007,*0000000000000100,2581,AT50-29_CTD-007,*0000000000000100,23,*0000000000000100,2024-08-30T00:59:10.000Z,202.339,*0000000001000100,200.583,45.82639,-129.76327,7.0031,*0000000001000100,7.0071,*0000000001000100,3.430907,*0000000011000100,3.431242,*0000000011000100,33.8243,33.8241,3.1438,*0000000011000100,6.803,0.0266,*0000000011000100,0.0342,99.1494,*0000000000000100,-9999999,*0000000001000100,3.119102807,-9999999,*0000000000000100,0.003357289,0.022158105,1.1,*0000000010000000,*0000000000000100,-9999999,-9999999,-9999999,-9999999,-9999999,-9999999,-9999999,33.82903197,-9999999,*0000000000000100,-9999999,-9999999,-9999999,-9999999,-9999999,-9999999,-9999999,-9999999,-9999999,-9999999,-9999999,-9999999,-9999999,-9999999,-9999999,-9999999,-9999999,-9999999,-9999999,-9999999,-9999999,-9999999,-9999999
AT50-29,Axial Base Deep Profiler,RS03AXPD,45.82633,-129.76333,2024-08-29T22:36:03.000Z,CTD-007,*0000000000000100,2581,AT50-29_CTD-007,*0000000000000100,21,*0000000000000100,2024-08-30T00:53:39.000Z,303.349,*0000000001000100,300.643,45.82638,-129.76328,5.9323,*0000000001000100,5.9362,*0000000001000100,3.347305,*0000000001000100,3.347608,*0000000001000100,33.9073,33.9068,2.0942,*0000000011000100,6.97009,0.0318,*0000000001000100,0.0261,99.3512,*0000000000000100,-9999999,*0000000001000100,1.908903545,-9999999,*0000000000000100,-9999999,-9999999,-9999999,-9999999,-9999999,-9999999,-9999999,-9999999,-9999999,-9999999,-9999999,-9999999,-9999999,-9999999,-9999999,-9999999,-9999999,-9999999,-9999999,-9999999,-9999999,-9999999,-9999999,-9999999,-9999999,-9999999,-9999999,-9999999,-9999999,-9999999,-9999999,-9999999,-9999999,-9999999,-9999999,-9999999,-9999999,-9999999
AT50-29,Axial Base Deep Profiler,RS03AXPD,45.82633,-129.76333,2024-08-29T22:36:03.000Z,CTD-007,*0000000000000100,2581,AT50-29_CTD-007,*0000000000000100,19,*0000000000000100,2024-08-30T00:46:37.000Z,505.091,*0000000001000100,500.342,45.82638,-129.76328,4.4837,*0000000001000100,4.4866,*0000000001000100,3.238746,*0000000001000100,3.238972,*0000000001000100,34.029,34.0287,0.9743,*0000000011000100,7.20776,0.0339,*0000000011000100,0.016,99.5995,*0000000000000100,-9999999,*0000000001000100,0.629862242,-9999999,*0000000000000100,0.002685831,0.010071866,1.16,-9999999,*0000000000000100,-9999999,-9999999,-9999999,-9999999,-9999999,-9999999,-9999999,-9999999,-9999999,-9999999,-9999999,-9999999,-9999999,-9999999,-9999999,-9999999,-9999999,-9999999,-9999999,-9999999,-9999999,-9999999,-9999999,-9999999,-9999999,-9999999,-9999999,-9999999,-9999999,-9999999,-9999999,-9999999,-9999999
AT50-29,Axial Base Deep Profiler,RS03AXPD,45.82633,-129.76333,2024-08-29T22:36:03.000Z,CTD-007,*0000000000000100,2581,AT50-29_CTD-007,*0000000000000100,17,*0000000000000100,2024-08-30T00:38:24.000Z,757.78,*0000000001000100,750.2,45.82642,-129.76326,4.0002,*0000000001000100,4,*0000000001000100,3.225576,*0000000011000100,3.225516,*0000000011000100,34.2441,34.2436,0.2699,*0000000011000100,7.28176,0.0465,*0000000011000100,0.0139,99.6524,*0000000000000100,-9999999,*0000000001000100,-0.187102804,-9999999,*0000000000000100,0.003357289,0.003787022,1.357142857,-9999999,*0000000000000100,-9999999,-9999999,-9999999,-9999999,-9999999,-9999999,-9999999,34.24833192,-9999999,-9999999,-9999999,-9999999,-9999999,-9999999,-9999999,-9999999,-9999999,-9999999,-9999999,-9999999,-9999999,-9999999,-9999999,-9999999,-9999999,-9999999,-9999999,-9999999,-9999999,-9999999,-9999999,-9999999,-9999999
AT50-29,Axial Base Deep Profiler,RS03AXPD,45.82633,-129.76333,2024-08-29T22:36:03.000Z,CTD-007,*0000000000000100,2581,AT50-29_CTD-007,*0000000000000100,15,*0000000000000100,2024-08-30T00:30:17.000Z,1011.871,*0000000001000100,1001.141,45.8264,-129.76328,3.437,*0000000001000100,3.4376,*0000000001000100,3.198801,*0000000001000100,3.198787,*0000000001000100,34.3838,34.383,0.2462,*0000000011000100,7.37533,0.0461,*0000000011000100,0.0131,99.6724,*0000000000000100,-9999999,*0000000001000100,0.02562405,-9999999,*0000000000000100,0.002014373,0.007681477,1.157894737,-9999999,*0000000000000100,-9999999,-9999999,-9999999,-9999999,-9999999,-9999999,-9999999,-9999999,-9999999,-9999999,-9999999,-9999999,-9999999,-9999999,-9999999,-9999999,-9999999,-9999999,-9999999,-9999999,-9999999,-9999999,-9999999,-9999999,-9999999,-9999999,-9999999,-9999999,-9999999,-9999999,-9999999,-9999999,-9999999
AT50-29,Axial Base Deep Profiler,RS03AXPD,45.82633,-129.76333,2024-08-29T22:36:03.000Z,CTD-007,*0000000000000100,2581,AT50-29_CTD-007,*0000000000000100,13,*0000000000000100,2024-08-30T00:20:09.000Z,1264.956,*0000000001000100,1250.79,45.82638,-129.76327,2.8893,*0000000001000100,2.8894,*0000000001000100,3.168164,*0000000011000100,3.168114,*0000000011000100,34.4632,34.4625,0.4133,*0000000011000100,7.47133,0.0349,*0000000011000100,0.0119,99.7039,*0000000000000100,-9999999,*0000000001000100,-0.051887029,-9999999,*0000000000000100,0.002014373,0.006150553,1.1875,-9999999,*0000000000000100,-9999999,-9999999,-9999999,-9999999,-9999999,-9999999,-9999999,34.46908385,-9999999,*0000000000000100,-9999999,-9999999,-9999999,-9999999,-9999999,-9999999,-9999999,-9999999,-9999999,-9999999,-9999999,-9999999,-9999999,-9999999,-9999999,-9999999,-9999999,-9999999,-9999999,-9999999,-9999999,-9999999,-9999999
AT50-29,Axial Base Deep Profiler,RS03AXPD,45.82633,-129.76333,2024-08-29T22:36:03.000Z,CTD-007,*0000000000000100,2581,AT50-29_CTD-007,*0000000000000100,9,*0000000000000100,2024-08-30T00:02:21.000Z,1772.527,*0000000001000100,1750.574,45.8264,-129.76326,2.1212,*0000000001000100,2.1212,*0000000001000100,3.130259,*0000000001000100,3.130173,*0000000001000100,34.5611,34.56,1.0883,*0000000011000100,7.61046,0.0327,*0000000001000100,0.0107,99.7319,*0000000000000100,-9999999,*0000000001000100,0.73976407,-9999999,*0000000000000100,-9999999,-9999999,-9999999,-9999999,-9999999,-9999999,-9999999,-9999999,-9999999,-9999999,-9999999,-9999999,-9999999,-9999999,-9999999,-9999999,-9999999,-9999999,-9999999,-9999999,-9999999,-9999999,-9999999,-9999999,-9999999,-9999999,-9999999,-9999999,-9999999,-9999999,-9999999,-9999999,-9999999,-9999999,-9999999,-9999999,-9999999,-9999999
AT50-29,Axial Base Deep Profiler,RS03AXPD,45.82633,-129.76333,2024-08-29T22:36:03.000Z,CTD-007,*0000000000000100,2581,AT50-29_CTD-007,*0000000000000100,7,*0000000000000100,2024-08-29T23:54:14.000Z,2027.109,*0000000001000100,2000.807,45.82638,-129.76328,1.9648,*0000000001000100,1.9649,*0000000001000100,3.129182,*0000000011000100,3.129081,*0000000011000100,34.5885,34.5872,1.3665,*0000000011000100,7.63897,0.0216,*0000000011000100,0.011,99.7253,*0000000000000100,-9999999,*0000000001000100,1.104576399,-9999999,*0000000000000100,0.002685831,0.004458479,1.285714286,-9999999,*0000000000000100,-9999999,-9999999,-9999999,-9999999,-9999999,-9999999,-9999999,34.59280288,-9999999,*0000000000000100,-9999999,-9999999,-9999999,-9999999,-9999999,-9999999,-9999999,-9999999,-9999999,-9999999,-9999999,-9999999,-9999999,-9999999,-9999999,-9999999,-9999999,-9999999,-9999999,-9999999,-9999999,-9999999,-9999999
AT50-29,Axial Base Deep Profiler,RS03AXPD,45.82633,-129.76333,2024-08-29T22:36:03.000Z,CTD-007,*0000000000000100,2581,AT50-29_CTD-007,*0000000000000100,5,*0000000000000100,2024-08-29T23:45:58.000Z,2281.88,*0000000001000100,2250.931,45.82638,-129.76324,1.882,*0000000001000100,1.8822,*0000000001000100,3.133384,*0000000001000100,3.133287,*0000000001000100,34.6044,34.6029,1.5542,*0000000011000100,7.65408,0.0254,*0000000001000100,0.0105,99.7368,*0000000000000100,-9999999,*0000000001000100,1.326341921,-9999999,*0000000000000100,-9999999,-9999999,-9999999,-9999999,-9999999,-9999999,-9999999,-9999999,-9999999,-9999999,-9999999,-9999999,-9999999,-9999999,-9999999,-9999999,-9999999,-9999999,-9999999,-9999999,-9999999,-9999999,-9999999,-9999999,-9999999,-9999999,-9999999,-9999999,-9999999,-9999999,-9999999,-9999999,-9999999,-9999999,-9999999,-9999999,-9999999,-9999999
AT50-29,Axial Base Deep Profiler,RS03AXPD,45.82633,-129.76333,2024-08-29T22:36:03.000Z,CTD-007,*0000000000000100,2581,AT50-29_CTD-007,*0000000000000100,3,*0000000000000100,2024-08-29T23:39:14.000Z,2434.557,*0000000001000100,2400.683,45.82639,-129.76326,1.8311,*0000000001000100,1.8314,*0000000001000100,3.135708,*0000000011000100,3.135599,*0000000011000100,34.6137,34.6121,1.6719,*0000000011000100,7.66338,0.0252,*0000000001000100,0.0121,99.6973,*0000000000000100,-9999999,*0000000001000100,1.438342057,-9999999,*0000000000001000,-9999999,-9999999,-9999999,-9999999,-9999999,-9999999,-9999999,-9999999,-9999999,-9999999,-9999999,-9999999,34.61951971,-9999999,*0000000000000100,-9999999,-9999999,-9999999,-9999999,-9999999,-9999999,-9999999,-9999999,-9999999,-9999999,-9999999,-9999999,-9999999,-9999999,-9999999,-9999999,-9999999,-9999999,-9999999,-9999999,-9999999,-9999999,-9999999
AT50-29,Axial Base Deep Profiler,RS03AXPD,45.82633,-129.76333,2024-08-29T22:36:03.000Z,CTD-007,*0000000000000100,2581,AT50-29_CTD-007,*0000000000000100,3,*0000000000000100,2024-08-29T23:39:14.000Z,2434.557,*0000000001000100,2400.683,45.82639,-129.76326,1.8311,*0000000001000100,1.8314,*0000000001000100,3.135708,*0000000001000100,3.135599,*0000000001000100,34.6137,34.6121,1.6719,*0000000011000100,7.66338,0.0252,*0000000001000100,0.0121,99.6973,*0000000000000100,-9999999,*0000000001000100,1.441135024,-9999999,*0000000000001000,-9999999,-9999999,-9999999,-9999999,-9999999,-9999999,-9999999,-9999999,-9999999,-9999999,-9999999,-9999999,-9999999,-9999999,-9999999,-9999999,-9999999,-9999999,-9999999,-9999999,-9999999,-9999999,-9999999,-9999999,-9999999,-9999999,-9999999,-9999999,-9999999,-9999999,-9999999,-9999999,-9999999,-9999999,-9999999,-9999999,-9999999,-9999999
AT50-29,Axial Base Junction Box LJ03A,"CTDPFB301,DOSTAD301",45.91659,-130.02529,2024-08-30T08:35:58.244Z,J2-1647,*0000000000000100,2606,AT50-29_J2-1647,*0000000000000100,Aft Starboard,*0000000000000100,2024-08-30T08:36:58.244Z,2647.987483,*0000000000000100,-9999999,-9999999,-9999999,1.8124375,*0000000000000100,-9999999,-9999999,3.138745167,*0000000010000100,-9999999,-9999999,34.5698575,-9999999,-9999999,-9999999,-9999999,-9999999,-9999999,-9999999,-9999999,-9999999,-9999999,-9999999,-9999999,-9999999,-9999999,0.002685831,0.016195561,1.108108108,-9999999,*0000000000000010,-9999999,-9999999,-9999999,-9999999,-9999999,-9999999,-9999999,34.65822563,-9999999,*0000000000000100,-9999999,-9999999,-9999999,-9999999,-9999999,-9999999,-9999999,-9999999,-9999999,-9999999,-9999999,-9999999,-9999999,-9999999,-9999999,-9999999,-9999999,-9999999,-9999999,-9999999,-9999999,-9999999,-9999999
AT50-29,Axial Base Junction Box LJ03A,"CTDPFB301,DOSTAD301",45.91659,-130.02529,2024-08-30T08:35:58.244Z,J2-1647,*0000000000000100,2606,AT50-29_J2-1647,*0000000000000100,Aft Starboard,*0000000000000100,2024-08-30T08:36:58.244Z,2647.987483,*0000000000000100,-9999999,-9999999,-9999999,1.8124375,*0000000000000100,-9999999,-9999999,3.138745167,*0000000000000100,-9999999,-9999999,34.5698575,-9999999,-9999999,-9999999,-9999999,-9999999,-9999999,-9999999,-9999999,-9999999,-9999999,-9999999,-9999999,-9999999,-9999999,0.002685831,0.016195561,1.108108108,*0000000010000000,*0000000000000010,-9999999,-9999999,-9999999,-9999999,-9999999,-9999999,-9999999,-9999999,-9999999,-9999999,-9999999,-9999999,-9999999,-9999999,-9999999,-9999999,-9999999,-9999999,-9999999,-9999999,-9999999,-9999999,-9999999,-9999999,-9999999,-9999999,-9999999,-9999999,-9999999,-9999999,-9999999,-9999999,-9999999
AT50-29,Axial Base Junction Box LJ03A,"CTDPFB301,DOSTAD301",45.91659,-130.02529,2024-08-30T08:34:50.935Z,J2-1647,*0000000000000100,2606,AT50-29_J2-1647,*0000000000000100,Forward Starboard,*0000000000000100,2024-08-30T08:35:50.935Z,2647.999608,*0000000000000100,-9999999,-9999999,-9999999,1.812443333,*0000000000000100,-9999999,-9999999,3.13874525,*0000000000000100,-9999999,-9999999,34.56984667,-9999999,-9999999,-9999999,-9999999,-9999999,-9999999,-9999999,-9999999,-9999999,-9999999,-9999999,1.67531244,-9999999,*0000000000000100,-9999999,-9999999,-9999999,-9999999,-9999999,-9999999,-9999999,-9999999,-9999999,-9999999,-9999999,-9999999,-9999999,-9999999,-9999999,-9999999,-9999999,-9999999,-9999999,-9999999,-9999999,-9999999,-9999999,-9999999,-9999999,-9999999,-9999999,-9999999,-9999999,-9999999,-9999999,-9999999,-9999999,-9999999,-9999999,-9999999,-9999999,-9999999
AT50-29,Axial Base Junction Box LJ03A,"CTDPFB301,DOSTAD301",45.91659,-130.02529,2024-08-30T08:34:50.935Z,J2-1647,*0000000000000100,2606,AT50-29_J2-1647,*0000000000000100,Forward Starboard,*0000000000000100,2024-08-30T08:35:50.935Z,2647.999608,*0000000000000100,-9999999,-9999999,-9999999,1.812443333,*0000000000000100,-9999999,-9999999,3.13874525,*0000000000000100,-9999999,-9999999,34.56984667,-9999999,-9999999,-9999999,-9999999,-9999999,-9999999,-9999999,-9999999,-9999999,-9999999,-9999999,1.622530321,-9999999,*0000000000000100,-9999999,-9999999,-9999999,-9999999,-9999999,-9999999,-9999999,-9999999,-9999999,-9999999,-9999999,-9999999,-9999999,-9999999,-9999999,-9999999,-9999999,-9999999,-9999999,-9999999,-9999999,-9999999,-9999999,-9999999,-9999999,-9999999,-9999999,-9999999,-9999999,-9999999,-9999999,-9999999,-9999999,-9999999,-9999999,-9999999,-9999999,-9999999
AT50-29,Axial Base Shallow Profiler,RS03AXPS,45.91659,-130.02519,2024-08-12T00:04:00.243Z,J2-1612,*0010000000000000,2600,AT50-29_J2-1612,*0000000000000100,Aft Starboard,*0000000000000100,2024-08-12T00:05:00.243Z,191.8972917,*0000000000000100,-9999999,-9999999,-9999999,6.7933325,*0000000000000100,-9999999,-9999999,3.398976833,*0000000010000100,-9999999,-9999999,33.68456,-9999999,-9999999,-9999999,-9999999,-9999999,-9999999,-9999999,-9999999,-9999999,-9999999,-9999999,-9999999,-9999999,-9999999,-9999999,-9999999,-9999999,-9999999,-9999999,1.826403735,37.21961349,26.17426783,-0.000256039,0.091616712,-9999999,*0000000000000100,33.72335564,-9999999,*0000000000000100,-9999999,-9999999,-9999999,2203.25,-9999999,*0000000000000100,585.74,22.3,-9999999,-9999999,-9999999,-9999999,-9999999,-9999999,2302.34,-9999999,-9999999,7.884,28.88,2089.91,84.47,1.891,1.224
AT50-29,Axial Base Shallow Profiler,RS03AXPS,45.91659,-130.02519,2024-08-12T00:03:24.595Z,J2-1612,*0010000000000000,2600,AT50-29_J2-1612,*0000000000000100,Forward Starboard,*0000000000000100,2024-08-12T00:04:24.595Z,191.9263917,*0000000000000100,-9999999,-9999999,-9999999,6.798735833,*0000000000000100,-9999999,-9999999,3.399409917,*0000000000000100,-9999999,-9999999,33.68401417,-9999999,-9999999,-9999999,-9999999,-9999999,-9999999,-9999999,-9999999,-9999999,-9999999,-9999999,4.436568518,-9999999,*0000000000001000,0.004700204,0.026938884,1.112903226,-9999999,*0000000000000100,-9999999,-9999999,-9999999,-9999999,-9999999,-9999999,-9999999,-9999999,-9999999,-9999999,-9999999,-9999999,-9999999,-9999999,-9999999,-9999999,-9999999,-9999999,-9999999,-9999999,-9999999,-9999999,-9999999,-9999999,-9999999,-9999999,-9999999,-9999999,-9999999,-9999999,-9999999,-9999999,-9999999
AT50-29,Axial Base Shallow Profiler,RS03AXPS,45.91659,-130.02519,2024-08-12T00:03:24.595Z,J2-1612,*0010000000000000,2600,AT50-29_J2-1612,*0000000000000100,Forward Starboard,*0000000000000100,2024-08-12T00:04:24.595Z,191.9263917,*0000000000000100,-9999999,-9999999,-9999999,6.798735833,*0000000000000100,-9999999,-9999999,3.399409917,*0000000000000100,-9999999,-9999999,33.68401417,-9999999,-9999999,-9999999,-9999999,-9999999,-9999999,-9999999,-9999999,-9999999,-9999999,-9999999,4.462452957,-9999999,*0000000000001000,-9999999,-9999999,-9999999,-9999999,-9999999,-9999999,-9999999,-9999999,-9999999,-9999999,-9999999,-9999999,-9999999,-9999999,-9999999,-9999999,-9999999,-9999999,-9999999,-9999999,-9999999,-9999999,-9999999,-9999999,-9999999,-9999999,-9999999,-9999999,-9999999,-9999999,-9999999,-9999999,-9999999,-9999999,-9999999,-9999999,-9999999,-9999999
AT50-29,Axial Base Shallow Profiler,RS03AXPS,45.91665,-130.02502,2024-08-30T13:13:40.525Z,J2-1648,*0010000000000000,2581,AT50-29_J2-1648,*0000000000000100,Aft Starboard,*0000000000000100,2024-08-30T13:14:40.525Z,189.1631833,*0000000000000100,-9999999,-9999999,-9999999,7.205089167,*0000000000000100,-9999999,-9999999,3.440379417,*0000000010000100,-9999999,-9999999,33.73661167,-9999999,-9999999,-9999999,-9999999,-9999999,-9999999,-9999999,-9999999,-9999999,-9999999,-9999999,-9999999,-9999999,-9999999,-9999999,-9999999,-9999999,-9999999,-9999999,1.947408375,38.9275785,28.42434499,0.004200758,0.028468289,-9999999,*0000000000000100,33.78616811,-9999999,*0000000000000100,-9999999,-9999999,-9999999,2226.48,-9999999,*0000000000000100,754.1,21.6,-9999999,-9999999,-9999999,-9999999,-9999999,-9999999,2294.43,-9999999,-9999999,7.782,36.64,2120.9,68.94,1.543,0.999
AT50-29,Axial Base Shallow Profiler,RS03AXPS,45.91665,-130.02502,2024-08-30T13:14:36.942Z,J2-1648,*0010000000000000,2581,AT50-29_J2-1648,*0000000000000100,Forward Starboard,*0000000000000100,2024-08-30T13:15:36.942Z,189.1651083,*0000000000000100,-9999999,-9999999,-9999999,7.188923333,*0000000000000100,-9999999,-9999999,3.43853525,*0000000000000100,-9999999,-9999999,33.732285,-9999999,-9999999,-9999999,-9999999,-9999999,-9999999,-9999999,-9999999,-9999999,-9999999,-9999999,3.34088913,-9999999,*0000000000001000,0.004700204,0.025918269,1.116666667,-9999999,*0000000000000100,-9999999,-9999999,-9999999,-9999999,-9999999,-9999999,-9999999,-9999999,-9999999,-9999999,-9999999,-9999999,-9999999,-9999999,-9999999,-9999999,-9999999,-9999999,-9999999,-9999999,-9999999,-9999999,-9999999,-9999999,-9999999,-9999999,-9999999,-9999999,-9999999,-9999999,-9999999,-9999999,-9999999
AT50-29,Axial Base Shallow Profiler,RS03AXPS,45.91665,-130.02502,2024-08-30T13:14:36.942Z,J2-1648,*0010000000000000,2581,AT50-29_J2-1648,*0000000000000100,Forward Starboard,*0000000000000100,2024-08-30T13:15:36.942Z,189.1651083,*0000000000000100,-9999999,-9999999,-9999999,7.188923333,*0000000000000100,-9999999,-9999999,3.43853525,*0000000000000100,-9999999,-9999999,33.732285,-9999999,-9999999,-9999999,-9999999,-9999999,-9999999,-9999999,-9999999,-9999999,-9999999,-9999999,3.321409645,-9999999,*0000000000001000,-9999999,-9999999,-9999999,-9999999,-9999999,-9999999,-9999999,-9999999,-9999999,-9999999,-9999999,-9999999,-9999999,-9999999,-9999999,-9999999,-9999999,-9999999,-9999999,-9999999,-9999999,-9999999,-9999999,-9999999,-9999999,-9999999,-9999999,-9999999,-9999999,-9999999,-9999999,-9999999,-9999999,-9999999,-9999999,-9999999,-9999999,-9999999
AT50-29,Axial Base Shallow Profiler,RS03AXPS,45.82667,-129.749,2024-08-12T01:28:09.000Z,CTD-004,*0000000000000100,2632,AT50-29_CTD-004,*0000000000000100,23,*0000000000000100,2024-08-12T02:15:19.000Z,9.977,*0000000001000100,9.895,45.82662,-129.74902,17.8905,*0000000001000100,17.888,*0000000001000100,4.267891,*0000000011000100,4.267655,*0000000011000100,32.348,32.348,5.4605,*0000000011000100,5.46868,0.2988,*0000000011000100,0.1042,97.4291,*0000000000000100,-9999999,*0000000011000100,5.872615325,-9999999,*0000000000001000,0.095346999,-0.000429733,1.76344086,-9999999,*0000000000000100,0.501993567,3.566633333,0.712445733,-0.001671333,0.248577422,-9999999,*0000000000000100,32.35583099,-9999999,*0000000000000100,-9999999,-9999999,-9999999,2001.88,-9999999,*0000000000000100,400.63,22.7,-9999999,-9999999,-9999999,-9999999,-9999999,-9999999,2215.04,-9999999,-9999999,8.037,13.98,1834.56,153.34,3.624,2.387
AT50-29,Axial Base Shallow Profiler,RS03AXPS,45.82667,-129.749,2024-08-12T01:28:09.000Z,CTD-004,*0000000000000100,2632,AT50-29_CTD-004,*0000000000000100,23,*0000000000000100,2024-08-12T02:15:19.000Z,9.977,*0000000001000100,9.895,45.82662,-129.74902,17.8905,*0000000001000100,17.888,*0000000001000100,4.267891,*0000000001000100,4.267655,*0000000001000100,32.348,32.348,5.4605,*0000000011000100,5.46868,0.2988,*0000000001000100,0.1042,97.4291,*0000000000000100,-9999999,*0000000001000100,5.8703119,-9999999,*0000000000001000,-9999999,-9999999,-9999999,-9999999,-9999999,-9999999,-9999999,-9999999,-9999999,-9999999,-9999999,-9999999,-9999999,-9999999,-9999999,-9999999,-9999999,-9999999,-9999999,-9999999,-9999999,-9999999,-9999999,-9999999,-9999999,-9999999,-9999999,-9999999,-9999999,-9999999,-9999999,-9999999,-9999999,-9999999,-9999999,-9999999,-9999999,-9999999
AT50-29,Axial Base Shallow Profiler,RS03AXPS,45.82667,-129.749,2024-08-12T01:28:09.000Z,CTD-004,*0000000000000100,2632,AT50-29_CTD-004,*0000000000000100,21,*0000000000000100,2024-08-12T02:12:41.000Z,19.923,*0000000001000100,19.759,45.82662,-129.74902,15.1666,*0000000001000100,15.1675,*0000000001000100,4.018521,*0000000001000100,4.018558,*0000000001000100,32.3748,32.3743,6.2583,*0000000011000100,5.76596,0.5647,*0000000011000100,0.1185,97.0808,*0000000000000100,-9999999,*0000000011000100,6.682264227,-9999999,*0000000000000100,0.147049244,0.000940041,1.755172414,-9999999,*0000000000000100,0.596921162,1.205738989,0.912002906,0.010323268,0.408163881,-9999999,*0000000000000100,-9999999,-9999999,-9999999,-9999999,-9999999,-9999999,2009.77,-9999999,*0000000000000100,364.51,22.6,-9999999,-9999999,-9999999,-9999999,-9999999,-9999999,2221.06,-9999999,-9999999,8.072,13.79,1844.67,151.32,3.559,2.334
AT50-29,Axial Base Shallow Profiler,RS03AXPS,45.82667,-129.749,2024-08-12T01:28:09.000Z,CTD-004,*0000000000000100,2632,AT50-29_CTD-004,*0000000000000100,19,*0000000000000100,2024-08-12T02:09:36.000Z,40.282,*0000000001000100,39.948,45.82662,-129.74903,12.9395,*0000000001000100,12.9281,*0000000001000100,3.81382,*0000000011000100,3.812669,*0000000011000100,32.3531,32.352,6.512,*0000000001000100,6.03373,1.5528,*0000000011000100,0.1697,95.8459,*0000000000000100,-9999999,*0000000011000100,-9999999,-9999999,-9999999,0.378702164,0.023930754,1.714828897,-9999999,*0000000000000100,0.591101888,1.195268013,1.438971938,0.024731124,0.147767356,-9999999,*0000000000000100,32.38266029,-9999999,*0000000000000100,-9999999,-9999999,-9999999,2000.07,-9999999,*0000000000000100,354.87,22.8,-9999999,-9999999,-9999999,-9999999,-9999999,-9999999,2196.69,-9999999,-9999999,8.077,14.38,1844.99,140.7,3.293,2.151
AT50-29,Axial Base Shallow Profiler,RS03AXPS,45.82667,-129.749,2024-08-12T01:28:09.000Z,CTD-004,*0000000000000100,2632,AT50-29_CTD-004,*0000000000000100,17,*0000000000000100,2024-08-12T02:06:36.000Z,62.055,*0000000001000100,61.538,45.82662,-129.74902,10.5328,*0000000001000100,10.5675,*0000000001000100,3.601797,*0000000001000100,3.604376,*0000000001000100,32.3811,32.376,6.4993,*0000000011000100,6.34781,1.521,*0000000011000100,0.1234,96.9631,*0000000000000100,-9999999,*0000000011000100,7.026416264,-9999999,*0000000000000100,0.34714365,0.095293282,1.596309112,-9999999,*0000000000000100,0.72001545,2.96126951,3.884746288,0.066426176,0.318082328,-9999999,*0000000000000100,-9999999,-9999999,-9999999,-9999999,-9999999,-9999999,2075.17,-9999999,*0000000000000100,456.37,22.8,-9999999,-9999999,-9999999,-9999999,-9999999,-9999999,2219.38,-9999999,-9999999,7.982,19.97,1945.99,109.2,2.543,1.654
AT50-29,Axial Base Shallow Profiler,RS03AXPS,45.82667,-129.749,2024-08-12T01:28:09.000Z,CTD-004,*0000000000000100,2632,AT50-29_CTD-004,*0000000000000100,15,*0000000000000100,2024-08-12T02:03:35.000Z,82.199,*0000000001000100,81.509,45.82663,-129.74903,9.571,*0000000001000100,9.5724,*0000000001000100,3.521446,*0000000011000100,3.521496,*0000000011000100,32.4212,32.4204,6.2314,*0000000011000100,6.48062,0.6211,*0000000001000100,0.0676,98.3249,*0000000000000100,-9999999,*0000000011000100,6.703073161,-9999999,*0000000000000100,-9999999,-9999999,-9999999,-9999999,-9999999,0.872523643,4.283917362,5.822814949,0.328563279,0.552100506,-9999999,*0000000000000100,32.44158,-9999999,*0000000000000100,-9999999,-9999999,-9999999,2038.35,-9999999,*0000000000000100,360.58,22.7,-9999999,-9999999,-9999999,-9999999,-9999999,-9999999,2211.59,-9999999,-9999999,8.069,16.29,1896.4,125.66,2.913,1.892
AT50-29,Axial Base Shallow Profiler,RS03AXPS,45.82667,-129.749,2024-08-12T01:28:09.000Z,CTD-004,*0000000000000100,2632,AT50-29_CTD-004,*0000000000000100,13,*0000000000000100,2024-08-12T01:59:15.000Z,100.89,*0000000001000100,100.039,45.82662,-129.74902,8.9662,*0000000001000100,8.9666,*0000000001000100,3.487289,*0000000001000100,3.487131,*0000000001000100,32.6111,32.6091,5.6275,*0000000011000100,6.55978,0.2341,*0000000011000100,0.0487,98.7903,*0000000000000100,-9999999,*0000000011000100,6.019716138,-9999999,*0000000000000100,0.118848019,0.055677276,1.51754386,-9999999,*0000000000000100,1.102339995,8.982792985,11.15490182,0.133961659,0.017395305,-9999999,*0000000000000100,-9999999,-9999999,-9999999,-9999999,-9999999,-9999999,2077.66,-9999999,*0000000000000100,414.47,22.6,-9999999,-9999999,-9999999,-9999999,-9999999,-9999999,2228.17,-9999999,-9999999,8.017,19.09,1946.22,112.35,2.59,1.681
AT50-29,Axial Base Shallow Profiler,RS03AXPS,45.82667,-129.749,2024-08-12T01:28:09.000Z,CTD-004,*0000000000000100,2632,AT50-29_CTD-004,*0000000000000100,11,*0000000000000100,2024-08-12T01:55:45.000Z,121.767,*0000000001000100,120.734,45.82662,-129.74902,8.4227,*0000000001000100,8.4109,*0000000001000100,3.466633,*0000000011000100,3.46625,*0000000011000100,32.8882,32.8952,5.0091,*0000000011000100,6.6279,0.1923,*0000000001000100,0.0452,98.8756,*0000000000000100,-9999999,*0000000011000100,5.282404694,-9999999,*0000000000000100,-9999999,-9999999,-9999999,-9999999,-9999999,1.392701455,16.10286288,16.9871129,0.0218866,0.001986413,-9999999,*0000000000000100,32.91118674,-9999999,*0000000000000100,-9999999,-9999999,-9999999,2110.23,*0000000000000001,*0000000000001000,494.32,22.5,-9999999,-9999999,-9999999,-9999999,-9999999,-9999999,2233.36,-9999999,-9999999,7.947,23.15,1990.51,96.58,2.212,1.435
AT50-29,Axial Base Shallow Profiler,RS03AXPS,45.82667,-129.749,2024-08-12T01:28:09.000Z,CTD-004,*0000000000000100,2632,AT50-29_CTD-004,*0000000000000100,11,*0000000000000100,2024-08-12T01:55:45.000Z,121.767,*0000000001000100,120.734,45.82662,-129.74902,8.4227,*0000000001000100,8.4109,*0000000001000100,3.466633,*0000000001000100,3.46625,*0000000001000100,32.8882,32.8952,5.0091,*0000000001000100,6.6279,0.1923,*0000000001000100,0.0452,98.8756,*0000000000000100,-9999999,*0000000011000100,-9999999,-9999999,-9999999,-9999999,-9999999,-9999999,-9999999,-9999999,-9999999,-9999999,-9999999,-9999999,-9999999,-9999999,-9999999,-9999999,-9999999,-9999999,-9999999,-9999999,-9999999,2105.32,-9999999,*0000000000001000,471.67,22.7,-9999999,-9999999,-9999999,-9999999,-9999999,-9999999,2239.23,-9999999,-9999999,7.964,21.96,1981.04,102.32,2.323,1.507
AT50-29,Axial Base Shallow Profiler,RS03AXPS,45.82667,-129.749,2024-08-12T01:28:09.000Z,CTD-004,*0000000000000100,2632,AT50-29_CTD-004,*0000000000000100,9,*0000000000000100,2024-08-12T01:52:24.000Z,141.921,*0000000001000100,140.71,45.82662,-129.74902,7.5617,*0000000001000100,7.5609,*0000000001000100,3.427245,*0000000001000100,3.427094,*0000000001000100,33.2722,33.2714,4.8887,*0000000001000100,6.7411,0.0479,*0000000011000100,0.0387,99.0384,*0000000000000100,-9999999,*0000000011000100,-9999999,-9999999,-9999999,0.018800817,0.022534122,1.345679012,-9999999,*0000000000000100,1.582251498,23.8391401,20.81151615,0.009839716,0.036549874,-9999999,*0000000000000100,-9999999,-9999999,-9999999,-9999999,-9999999,-9999999,2102.17,*0000000000000001,*0000000000001000,536.58,22.6,-9999999,-9999999,-9999999,-9999999,-9999999,-9999999,2207.97,-9999999,-9999999,7.907,25.82,1990.25,86.1,1.957,1.268
AT50-29,Axial Base Shallow Profiler,RS03AXPS,45.82667,-129.749,2024-08-12T01:28:09.000Z,CTD-004,*0000000000000100,2632,AT50-29_CTD-004,*0000000000000100,9,*0000000000000100,2024-08-12T01:52:24.000Z,141.921,*0000000001000100,140.71,45.82662,-129.74902,7.5617,*0000000001000100,7.5609,*0000000001000100,3.427245,*0000000001000100,3.427094,*0000000001000100,33.2722,33.2714,4.8887,*0000000001000100,6.7411,0.0479,*0000000001000100,0.0387,99.0384,*0000000000000100,-9999999,*0000000011000100,-9999999,-9999999,-9999999,-9999999,-9999999,-9999999,-9999999,-9999999,-9999999,-9999999,-9999999,-9999999,-9999999,-9999999,-9999999,-9999999,-9999999,-9999999,-9999999,-9999999,-9999999,2139.53,-9999999,*0000000000001000,527.51,22.8,-9999999,-9999999,-9999999,-9999999,-9999999,-9999999,2248.04,-9999999,-9999999,7.924,25.53,2025.14,88.87,2.038,1.32
AT50-29,Axial Base Shallow Profiler,RS03AXPS,45.82667,-129.749,2024-08-12T01:28:09.000Z,CTD-004,*0000000000000100,2632,AT50-29_CTD-004,*0000000000000100,7,*0000000000000100,2024-08-12T01:48:29.000Z,161.849,*0000000001000100,160.46,45.82662,-129.74902,7.2081,*0000000001000100,7.2091,*0000000001000100,3.421498,*0000000001000100,3.421422,*0000000001000100,33.5412,33.5394,4.8263,*0000000011000100,6.78374,0.0206,*0000000011000100,0.0382,99.0494,*0000000000000100,-9999999,*0000000011000100,5.088177174,-9999999,*0000000000000100,0.006714577,0.020842048,1.185185185,-9999999,*0000000000000100,1.620902093,28.55978231,22.39352468,0.002717865,4.37E-05,-9999999,*0000000000000100,-9999999,-9999999,-9999999,-9999999,-9999999,-9999999,2144.89,*0000000000000001,*0000000000001000,537.73,22.5,-9999999,-9999999,-9999999,-9999999,-9999999,-9999999,2253.27,-9999999,-9999999,7.912,26.15,2030.35,88.39,1.997,1.293
AT50-29,Axial Base Shallow Profiler,RS03AXPS,45.82667,-129.749,2024-08-12T01:28:09.000Z,CTD-004,*0000000000000100,2632,AT50-29_CTD-004,*0000000000000100,7,*0000000000000100,2024-08-12T01:48:29.000Z,161.849,*0000000001000100,160.46,45.82662,-129.74902,7.2081,*0000000001000100,7.2091,*0000000001000100,3.421498,*0000000001000100,3.421422,*0000000001000100,33.5412,33.5394,4.8263,*0000000001000100,6.78374,0.0206,*0000000001000100,0.0382,99.0494,*0000000000000100,-9999999,*0000000011000100,-9999999,-9999999,-9999999,-9999999,-9999999,-9999999,-9999999,-9999999,-9999999,-9999999,-9999999,-9999999,-9999999,-9999999,-9999999,-9999999,-9999999,-9999999,-9999999,-9999999,-9999999,2155.57,-9999999,*0000000000001000,540.93,22.6,-9999999,-9999999,-9999999,-9999999,-9999999,-9999999,2264.12,-9999999,-9999999,7.912,26.31,2040.52,88.75,2.005,1.298
AT50-29,Axial Base Shallow Profiler,RS03AXPS,45.82667,-129.749,2024-08-12T01:28:09.000Z,CTD-004,*0000000000000100,2632,AT50-29_CTD-004,*0000000000000100,5,*0000000000000100,2024-08-12T01:45:19.000Z,182.315,*0000000001000100,180.741,45.82662,-129.74903,6.8968,*0000000001000100,6.891,*0000000001000100,3.409146,*0000000001000100,3.408737,*0000000001000100,33.6997,33.7008,4.3237,*0000000001000100,6.82524,0.0219,*0000000001000100,0.0403,98.9967,*0000000000000100,-9999999,*0000000011000100,-9999999,-9999999,-9999999,-9999999,-9999999,-9999999,-9999999,-9999999,1.757844023,34.68620943,25.02373649,-0.000150583,4.58E-05,-9999999,*0000000000000100,-9999999,-9999999,-9999999,-9999999,-9999999,-9999999,2176.29,-9999999,*0000000000000100,586.81,22.6,-9999999,-9999999,-9999999,-9999999,-9999999,-9999999,2273.37,-9999999,-9999999,7.88,28.82,2064.7,82.77,1.86,1.204
AT50-29,Axial Base Shallow Profiler,RS03AXPS,45.82667,-129.749,2024-08-12T01:28:09.000Z,CTD-004,*0000000000000100,2632,AT50-29_CTD-004,*0000000000000100,3,*0000000000000100,2024-08-12T01:42:20.000Z,202.078,*0000000001000100,200.325,45.82662,-129.74902,6.7036,*0000000001000100,6.7106,*0000000001000100,3.399114,*0000000011000100,3.399388,*0000000011000100,33.7693,33.7654,3.6368,*0000000011000100,6.85253,0.0225,*0000000011000100,0.043,98.9318,*0000000000000100,-9999999,*0000000011000100,3.75071181,-9999999,*0000000000001000,0.00604312,0.024065045,1.152542373,-9999999,*0000000000000100,1.974830559,41.18430196,28.15905974,-0.003183545,0.00167099,-9999999,*0000000000000100,33.79614935,-9999999,*0000000000000100,-9999999,-9999999,-9999999,2198.19,-9999999,*0000000000000100,672.47,22.4,-9999999,-9999999,-9999999,-9999999,-9999999,-9999999,2276.87,-9999999,-9999999,7.824,33.24,2091.45,73.5,1.644,1.064
AT50-29,Axial Base Shallow Profiler,RS03AXPS,45.82667,-129.749,2024-08-12T01:28:09.000Z,CTD-004,*0000000000000100,2632,AT50-29_CTD-004,*0000000000000100,3,*0000000000000100,2024-08-12T01:42:20.000Z,202.078,*0000000001000100,200.325,45.82662,-129.74902,6.7036,*0000000001000100,6.7106,*0000000001000100,3.399114,*0000000001000100,3.399388,*0000000001000100,33.7693,33.7654,3.6368,*0000000011000100,6.85253,0.0225,*0000000001000100,0.043,98.9318,*0000000000000100,-9999999,*0000000001000100,3.669504595,-9999999,*0000000000001000,-9999999,-9999999,-9999999,-9999999,-9999999,-9999999,-9999999,-9999999,-9999999,-9999999,-9999999,-9999999,-9999999,-9999999,-9999999,-9999999,-9999999,-9999999,-9999999,-9999999,-9999999,-9999999,-9999999,-9999999,-9999999,-9999999,-9999999,-9999999,-9999999,-9999999,-9999999,-9999999,-9999999,-9999999,-9999999,-9999999,-9999999,-9999999
AT50-29,Axial Base Shallow Profiler,RS03AXPS,45.82667,-129.749,2024-08-12T01:28:09.000Z,CTD-004,*0000000000000100,2632,AT50-29_CTD-004,*0000000000000100,1,*0000000000000100,2024-08-12T01:38:58.000Z,222.638,*0000000001000100,220.695,45.82661,-129.74902,6.5507,*0000000001000100,6.5471,*0000000001000100,3.388756,*0000000001000100,3.388322,*0000000001000100,33.7954,33.7942,3.3579,*0000000001000100,6.8756,0.0254,*0000000001000100,0.0432,98.9271,*0000000000000100,-9999999,*0000000011000100,-9999999,-9999999,-9999999,-9999999,-9999999,-9999999,-9999999,-9999999,2.047086509,44.79428991,29.44485068,-0.004299785,4.99E-05,-9999999,*0000000000000100,-9999999,-9999999,-9999999,-9999999,-9999999,-9999999,2210.78,-9999999,*0000000000000100,688.49,22.1,-9999999,-9999999,-9999999,-9999999,-9999999,-9999999,2286.38,-9999999,-9999999,7.815,34.21,2104.41,72.16,1.607,1.04
AT50-29,Axial Central Caldera,CTDPFB305,45.91705,-130.0248,2024-09-01T16:28:59.412Z,J2-1653,*0010000000000000,1500,AT50-29_J2-1653,*0000000000000100,Forward Starboard,*0000000000000100,2024-09-01T16:29:59.412Z,1544.116592,*0000000000000100,-9999999,-9999999,-9999999,2.421731667,*0000000000000100,-9999999,-9999999,3.139399333,*0000000010000100,-9999999,-9999999,34.46773833,-9999999,-9999999,-9999999,-9999999,-9999999,-9999999,-9999999,-9999999,-9999999,-9999999,-9999999,-9999999,-9999999,-9999999,-9999999,-9999999,-9999999,-9999999,-9999999,-9999999,-9999999,-9999999,-9999999,-9999999,-9999999,-9999999,34.52307954,-9999999,*0000000000000100,-9999999,-9999999,-9999999,-9999999,-9999999,-9999999,-9999999,-9999999,-9999999,-9999999,-9999999,-9999999,-9999999,-9999999,-9999999,-9999999,-9999999,-9999999,-9999999,-9999999,-9999999,-9999999,-9999999
AT50-29,Axial Eastern Caldera,CTDPFB306,45.91727,-130.0254,2024-09-02T10:09:47.935Z,J2-1656,*0010000000000000,1521,AT50-29_J2-1656,*0000000000000100,Forward Starboard,*0000000000000100,2024-09-02T10:10:47.935Z,1534.485067,*0000000000000100,-9999999,-9999999,-9999999,2.399883333,*0000000000000100,-9999999,-9999999,3.1373255,*0000000010000100,-9999999,-9999999,34.47050333,-9999999,-9999999,-9999999,-9999999,-9999999,-9999999,-9999999,-9999999,-9999999,-9999999,-9999999,-9999999,-9999999,-9999999,-9999999,-9999999,-9999999,-9999999,-9999999,-9999999,-9999999,-9999999,-9999999,-9999999,-9999999,-9999999,34.52955993,-9999999,*0000000000000100,-9999999,-9999999,-9999999,-9999999,-9999999,-9999999,-9999999,-9999999,-9999999,-9999999,-9999999,-9999999,-9999999,-9999999,-9999999,-9999999,-9999999,-9999999,-9999999,-9999999,-9999999,-9999999,-9999999
AT50-29,Axial Seamount International District 2,CTDPFB307,45.9166,-130.02492,2024-09-01T06:30:22.185Z,J2-1652,*0010000000000000,1528,AT50-29_J2-1652,*0000000000000100,Aft Starboard,*0000000000000100,2024-09-01T06:31:22.185Z,1546.755258,*0000000000000100,-9999999,-9999999,-9999999,2.4233225,*0000000000000100,-9999999,-9999999,3.139465917,*0000000010000100,-9999999,-9999999,34.46553667,-9999999,-9999999,-9999999,-9999999,-9999999,-9999999,-9999999,-9999999,-9999999,-9999999,-9999999,-9999999,-9999999,-9999999,-9999999,-9999999,-9999999,-9999999,-9999999,-9999999,-9999999,-9999999,-9999999,-9999999,-9999999,-9999999,32.55012835,-9999999,*0000000000000100,-9999999,-9999999,-9999999,-9999999,-9999999,-9999999,-9999999,-9999999,-9999999,-9999999,-9999999,-9999999,-9999999,-9999999,-9999999,-9999999,-9999999,-9999999,-9999999,-9999999,-9999999,-9999999,-9999999
AT50-29,Oregon Offshore BEP,CE04OSBP,44.35919,-124.96494,2024-08-15T19:39:10.708Z,J2-1619,*0010000000000000,588,AT50-29_J2-1619,*0000000000000100,Aft Starboard,*0000000000100000,2024-08-15T19:40:10.708Z,584.0417,*0000000000000100,-9999999,-9999999,-9999999,5.2125025,*0000000000000100,-9999999,-9999999,3.314551833,*0000000010000100,-9999999,-9999999,34.12121167,-9999999,-9999999,-9999999,-9999999,-9999999,-9999999,-9999999,-9999999,-9999999,-9999999,-9999999,-9999999,-9999999,-9999999,-9999999,-9999999,-9999999,-9999999,-9999999,-9999999,-9999999,-9999999,-9999999,-9999999,-9999999,-9999999,34.22734764,-9999999,*0000000000000100,-9999999,-9999999,-9999999,2345.09,-9999999,*0000000000000100,1319.3,21.5,-9999999,-9999999,-9999999,-9999999,-9999999,-9999999,2337.2,-9999999,-9999999,7.537,68.61,2236.79,39.69,0.819,0.531
AT50-29,Oregon Offshore BEP,CE04OSBP,44.35919,-124.96494,2024-08-15T19:39:36.208Z,J2-1619,*0010000000000000,588,AT50-29_J2-1619,*0000000000000100,Forward Starboard,*0000000000001000,2024-08-15T19:40:36.208Z,584.0374417,*0000000000000100,-9999999,-9999999,-9999999,5.211885,*0000000000000100,-9999999,-9999999,3.314506667,*0000000000000100,-9999999,-9999999,34.12132333,-9999999,-9999999,-9999999,-9999999,-9999999,-9999999,-9999999,-9999999,-9999999,-9999999,-9999999,0.266853755,-9999999,*0000000000001000,0.009400408,0.130934259,1.050909091,-9999999,*0000000000000100,-9999999,-9999999,-9999999,-9999999,-9999999,-9999999,-9999999,-9999999,-9999999,-9999999,-9999999,-9999999,-9999999,-9999999,-9999999,-9999999,-9999999,-9999999,-9999999,-9999999,-9999999,-9999999,-9999999,-9999999,-9999999,-9999999,-9999999,-9999999,-9999999,-9999999,-9999999,-9999999,-9999999
AT50-29,Oregon Offshore BEP,CE04OSBP,44.35919,-124.96494,2024-08-15T19:39:36.208Z,J2-1619,*0010000000000000,588,AT50-29_J2-1619,*0000000000000100,Forward Starboard,*0000000000001000,2024-08-15T19:40:36.208Z,584.0374417,*0000000000000100,-9999999,-9999999,-9999999,5.211885,*0000000000000100,-9999999,-9999999,3.314506667,*0000000000000100,-9999999,-9999999,34.12132333,-9999999,-9999999,-9999999,-9999999,-9999999,-9999999,-9999999,-9999999,-9999999,-9999999,-9999999,0.369904684,-9999999,*0000000000001000,-9999999,-9999999,-9999999,-9999999,-9999999,-9999999,-9999999,-9999999,-9999999,-9999999,-9999999,-9999999,-9999999,-9999999,-9999999,-9999999,-9999999,-9999999,-9999999,-9999999,-9999999,-9999999,-9999999,-9999999,-9999999,-9999999,-9999999,-9999999,-9999999,-9999999,-9999999,-9999999,-9999999,-9999999,-9999999,-9999999,-9999999,-9999999
AT50-29,Oregon Offshore BEP,CE04OSBP,44.35984,-124.96455,2024-08-22T09:57:50.328Z,J2-1635,*0010000000000000,588,AT50-29_J2-1635,*0000000000000100,Aft Starboard,*0000000000000100,2024-08-22T09:58:50.328Z,584.4657417,*0000000000000100,-9999999,-9999999,-9999999,5.07984,*0000000000000100,-9999999,-9999999,3.30506425,*0000000010000100,-9999999,-9999999,34.14712333,-9999999,-9999999,-9999999,-9999999,-9999999,-9999999,-9999999,-9999999,-9999999,-9999999,-9999999,-9999999,-9999999,-9999999,-9999999,-9999999,-9999999,-9999999,-9999999,-9999999,-9999999,-9999999,-9999999,-9999999,-9999999,-9999999,34.283441,-9999999,*0000000000000100,-9999999,-9999999,-9999999,2345.61,-9999999,*0000000000000100,1285.44,21.5,-9999999,-9999999,-9999999,-9999999,-9999999,-9999999,2340.48,-9999999,-9999999,7.548,67.15,2237.91,40.54,0.836,0.542
AT50-29,Oregon Offshore BEP,CE04OSBP,44.35984,-124.96455,2024-08-22T09:58:27.368Z,J2-1635,*0010000000000000,588,AT50-29_J2-1635,*0000000000000100,Forward Starboard,*0000000000000100,2024-08-22T09:59:27.368Z,584.472675,*0000000000000100,-9999999,-9999999,-9999999,5.080176667,*0000000000000100,-9999999,-9999999,3.305089583,*0000000000000100,-9999999,-9999999,34.14706833,-9999999,-9999999,-9999999,-9999999,-9999999,-9999999,-9999999,-9999999,-9999999,-9999999,-9999999,-0.03271735,-9999999,*0000000000001000,0.007386035,0.146726945,1.036423841,-9999999,*0000000000000100,-9999999,-9999999,-9999999,-9999999,-9999999,-9999999,-9999999,-9999999,-9999999,-9999999,-9999999,-9999999,-9999999,-9999999,-9999999,-9999999,-9999999,-9999999,-9999999,-9999999,-9999999,-9999999,-9999999,-9999999,-9999999,-9999999,-9999999,-9999999,-9999999,-9999999,-9999999,-9999999,-9999999
AT50-29,Oregon Offshore BEP,CE04OSBP,44.35984,-124.96455,2024-08-22T09:58:27.368Z,J2-1635,*0010000000000000,588,AT50-29_J2-1635,*0000000000000100,Forward Starboard,*0000000000000100,2024-08-22T09:59:27.368Z,584.472675,*0000000000000100,-9999999,-9999999,-9999999,5.080176667,*0000000000000100,-9999999,-9999999,3.305089583,*0000000000000100,-9999999,-9999999,34.14706833,-9999999,-9999999,-9999999,-9999999,-9999999,-9999999,-9999999,-9999999,-9999999,-9999999,-9999999,0.08301007,-9999999,*0000000000001000,-9999999,-9999999,-9999999,-9999999,-9999999,-9999999,-9999999,-9999999,-9999999,-9999999,-9999999,-9999999,-9999999,-9999999,-9999999,-9999999,-9999999,-9999999,-9999999,-9999999,-9999999,-9999999,-9999999,-9999999,-9999999,-9999999,-9999999,-9999999,-9999999,-9999999,-9999999,-9999999,-9999999,-9999999,-9999999,-9999999,-9999999,-9999999
AT50-29,Oregon Offshore Deep Profiler,CE04OSPD,44.37233,-124.95267,2024-08-28T03:28:33.000Z,CTD-006,*0000000000000100,575,AT50-29_CTD-006,*0000000000000100,23,*0000000000000100,2024-08-28T04:34:22.000Z,202.338,*0000000001000100,200.609,44.37236,-124.95266,7.432,*0000000001000100,7.4321,*0000000001000100,3.48076,*0000000011000100,3.480748,*0000000011000100,33.9476,33.9473,2.1382,*0000000011000100,6.73119,0.0318,*0000000011000100,0.0467,98.841,*0000000000000100,7.709,*0000000001000100,2.003707209,-9999999,*0000000000000100,0.007386035,0.095696157,1.054455446,-9999999,*0000000000000100,-9999999,-9999999,-9999999,-9999999,-9999999,-9999999,-9999999,33.95219055,-9999999,*0000000000000100,-9999999,-9999999,-9999999,-9999999,-9999999,-9999999,-9999999,-9999999,-9999999,-9999999,-9999999,-9999999,-9999999,-9999999,-9999999,-9999999,-9999999,-9999999,-9999999,-9999999,-9999999,-9999999,-9999999
AT50-29,Oregon Offshore Deep Profiler,CE04OSPD,44.37233,-124.95267,2024-08-28T03:28:33.000Z,CTD-006,*0000000000000100,575,AT50-29_CTD-006,*0000000000000100,19,*0000000000000100,2024-08-28T04:27:10.000Z,252.6,*0000000001000100,250.411,44.37236,-124.95266,7.0607,*0000000001000100,7.0886,*0000000001000100,3.453266,*0000000001000100,3.45602,*0000000001000100,33.9882,33.9909,1.8376,*0000000011000100,6.78671,0.0302,*0000000011000100,0.0389,99.0315,*0000000000000100,7.685,*0000000001000100,1.578770842,-9999999,*0000000000000100,0.012086239,0.073135177,1.107784431,-9999999,*0000000000000100,-9999999,-9999999,-9999999,-9999999,-9999999,-9999999,-9999999,-9999999,-9999999,-9999999,-9999999,-9999999,-9999999,-9999999,-9999999,-9999999,-9999999,-9999999,-9999999,-9999999,-9999999,-9999999,-9999999,-9999999,-9999999,-9999999,-9999999,-9999999,-9999999,-9999999,-9999999,-9999999,-9999999
AT50-29,Oregon Offshore Deep Profiler,CE04OSPD,44.37233,-124.95267,2024-08-28T03:28:33.000Z,CTD-006,*0000000000000100,575,AT50-29_CTD-006,*0000000000000100,17,*0000000000000100,2024-08-28T04:22:31.000Z,277.878,*0000000001000100,275.453,44.37236,-124.95267,6.7056,*0000000001000100,6.7042,*0000000001000100,3.423438,*0000000011000100,3.423289,*0000000011000100,33.9988,33.9985,1.6755,*0000000011000100,6.84186,0.031,*0000000011000100,0.0311,99.2242,*0000000000000100,7.671,*0000000001000100,1.487096512,-9999999,*0000000000000100,0.004700204,0.049902739,1.065420561,-9999999,*0000000000000100,-9999999,-9999999,-9999999,-9999999,-9999999,-9999999,-9999999,34.00488233,-9999999,*0000000000000100,-9999999,-9999999,-9999999,-9999999,-9999999,-9999999,-9999999,-9999999,-9999999,-9999999,-9999999,-9999999,-9999999,-9999999,-9999999,-9999999,-9999999,-9999999,-9999999,-9999999,-9999999,-9999999,-9999999
AT50-29,Oregon Offshore Deep Profiler,CE04OSPD,44.37233,-124.95267,2024-08-28T03:28:33.000Z,CTD-006,*0000000000000100,575,AT50-29_CTD-006,*0000000000000100,15,*0000000000000100,2024-08-28T04:18:50.000Z,302.987,*0000000001000100,300.324,44.37236,-124.95268,6.6317,*0000000001000100,6.6365,*0000000001000100,3.420939,*0000000001000100,3.421433,*0000000001000100,34.0322,34.0328,1.4258,*0000000011000100,6.85203,0.0337,*0000000011000100,0.0397,99.0123,*0000000000000100,7.651,*0000000001000100,1.182776895,-9999999,*0000000000000100,0.00604312,0.040905205,1.097826087,-9999999,*0000000000000100,-9999999,-9999999,-9999999,-9999999,-9999999,-9999999,-9999999,-9999999,-9999999,-9999999,-9999999,-9999999,-9999999,-9999999,-9999999,-9999999,-9999999,-9999999,-9999999,-9999999,-9999999,-9999999,-9999999,-9999999,-9999999,-9999999,-9999999,-9999999,-9999999,-9999999,-9999999,-9999999,-9999999
AT50-29,Oregon Offshore Deep Profiler,CE04OSPD,44.37233,-124.95267,2024-08-28T03:28:33.000Z,CTD-006,*0000000000000100,575,AT50-29_CTD-006,*0000000000000100,13,*0000000000000100,2024-08-28T04:15:09.000Z,328.3,*0000000001000100,325.395,44.37236,-124.95267,6.1748,*0000000001000100,6.1744,*0000000001000100,3.379813,*0000000011000100,3.379768,*0000000011000100,34.0173,34.0171,1.3859,*0000000011000100,6.92569,0.0325,*0000000011000100,0.0247,99.3851,*0000000000000100,7.639,*0000000001000100,1.155983864,-9999999,*0000000000000100,0.006714577,0.039213132,1.111111111,-9999999,*0000000000000100,-9999999,-9999999,-9999999,-9999999,-9999999,-9999999,-9999999,34.02329809,-9999999,*0000000000000100,-9999999,-9999999,-9999999,-9999999,-9999999,-9999999,-9999999,-9999999,-9999999,-9999999,-9999999,-9999999,-9999999,-9999999,-9999999,-9999999,-9999999,-9999999,-9999999,-9999999,-9999999,-9999999,-9999999
AT50-29,Oregon Offshore Deep Profiler,CE04OSPD,44.37233,-124.95267,2024-08-28T03:28:33.000Z,CTD-006,*0000000000000100,575,AT50-29_CTD-006,*0000000000000100,9,*0000000000000100,2024-08-28T04:07:27.000Z,404.118,*0000000001000100,400.47,44.37236,-124.95267,5.934,*0000000001000100,5.9333,*0000000001000100,3.366514,*0000000001000100,3.366425,*0000000001000100,34.0717,34.0714,1.0313,*0000000011000100,6.9622,0.0376,*0000000001000100,0.0447,98.889,*0000000000000100,7.607,*0000000001000100,0.681963419,-9999999,*0000000000000100,-9999999,-9999999,-9999999,-9999999,-9999999,-9999999,-9999999,-9999999,-9999999,-9999999,-9999999,-9999999,-9999999,-9999999,-9999999,-9999999,-9999999,-9999999,-9999999,-9999999,-9999999,-9999999,-9999999,-9999999,-9999999,-9999999,-9999999,-9999999,-9999999,-9999999,-9999999,-9999999,-9999999,-9999999,-9999999,-9999999,-9999999,-9999999
AT50-29,Oregon Offshore Deep Profiler,CE04OSPD,44.37233,-124.95267,2024-08-28T03:28:33.000Z,CTD-006,*0000000000000100,575,AT50-29_CTD-006,*0000000000000100,7,*0000000000000100,2024-08-28T04:02:37.000Z,454.885,*0000000001000100,450.723,44.37236,-124.95266,5.7031,*0000000001000100,5.7028,*0000000001000100,3.351213,*0000000011000100,3.351159,*0000000011000100,34.1063,34.1059,0.8169,*0000000011000100,6.99837,0.0378,*0000000011000100,0.0401,99.0027,*0000000000000100,7.59,*0000000001000100,0.50211654,-9999999,*0000000000000100,0.013429155,0.074343801,1.11627907,-9999999,*0000000000000100,-9999999,-9999999,-9999999,-9999999,-9999999,-9999999,-9999999,34.11089237,-9999999,*0000000000001000,-9999999,-9999999,-9999999,-9999999,-9999999,-9999999,-9999999,-9999999,-9999999,-9999999,-9999999,-9999999,-9999999,-9999999,-9999999,-9999999,-9999999,-9999999,-9999999,-9999999,-9999999,-9999999,-9999999
AT50-29,Oregon Offshore Deep Profiler,CE04OSPD,44.37233,-124.95267,2024-08-28T03:28:33.000Z,CTD-006,*0000000000000100,575,AT50-29_CTD-006,*0000000000000100,7,*0000000000000100,2024-08-28T04:02:37.000Z,454.885,*0000000001000100,450.723,44.37236,-124.95266,5.7031,*0000000001000100,5.7028,*0000000001000100,3.351213,*0000000011000100,3.351159,*0000000011000100,34.1063,34.1059,0.8169,*0000000001000100,6.99837,0.0378,*0000000001000100,0.0401,99.0027,*0000000000000100,7.59,*0000000001000100,-9999999,-9999999,-9999999,-9999999,-9999999,-9999999,-9999999,-9999999,-9999999,-9999999,-9999999,-9999999,-9999999,-9999999,-9999999,34.10971638,-9999999,*0000000000001000,-9999999,-9999999,-9999999,-9999999,-9999999,-9999999,-9999999,-9999999,-9999999,-9999999,-9999999,-9999999,-9999999,-9999999,-9999999,-9999999,-9999999,-9999999,-9999999,-9999999,-9999999,-9999999,-9999999
AT50-29,Oregon Offshore Deep Profiler,CE04OSPD,44.37233,-124.95267,2024-08-28T03:28:33.000Z,CTD-006,*0000000000000100,575,AT50-29_CTD-006,*0000000000000100,5,*0000000000000100,2024-08-28T03:57:51.000Z,505.452,*0000000001000100,500.766,44.37236,-124.95268,5.5599,*0000000001000100,5.5586,*0000000001000100,3.34277,*0000000001000100,3.342633,*0000000001000100,34.13,34.1297,0.6854,*0000000011000100,7.02086,0.0385,*0000000001000100,0.0328,99.1839,*0000000000000100,7.577,*0000000001000100,0.321601987,-9999999,*0000000000000100,-9999999,-9999999,-9999999,-9999999,-9999999,-9999999,-9999999,-9999999,-9999999,-9999999,-9999999,-9999999,-9999999,-9999999,-9999999,-9999999,-9999999,-9999999,-9999999,-9999999,-9999999,-9999999,-9999999,-9999999,-9999999,-9999999,-9999999,-9999999,-9999999,-9999999,-9999999,-9999999,-9999999,-9999999,-9999999,-9999999,-9999999,-9999999
AT50-29,Oregon Offshore Deep Profiler,CE04OSPD,44.37233,-124.95267,2024-08-28T03:28:33.000Z,CTD-006,*0000000000000100,575,AT50-29_CTD-006,*0000000000000100,3,*0000000000000100,2024-08-28T03:52:27.000Z,555.439,*0000000001000100,550.224,44.37236,-124.95268,5.3704,*0000000001000100,5.3711,*0000000001000100,3.328709,*0000000011000100,3.328732,*0000000011000100,34.137,34.1365,0.6177,*0000000011000100,7.05199,0.0397,*0000000001000100,0.07,98.2654,*0000000000000100,7.564,*0000000001000100,0.204760632,-9999999,*0000000000001000,-9999999,-9999999,-9999999,-9999999,-9999999,-9999999,-9999999,-9999999,-9999999,-9999999,-9999999,-9999999,34.14323479,-9999999,*0000000000000100,-9999999,-9999999,-9999999,-9999999,-9999999,-9999999,-9999999,-9999999,-9999999,-9999999,-9999999,-9999999,-9999999,-9999999,-9999999,-9999999,-9999999,-9999999,-9999999,-9999999,-9999999,-9999999,-9999999
AT50-29,Oregon Offshore Deep Profiler,CE04OSPD,44.37233,-124.95267,2024-08-28T03:28:33.000Z,CTD-006,*0000000000000100,575,AT50-29_CTD-006,*0000000000000100,3,*0000000000000100,2024-08-28T03:52:27.000Z,555.439,*0000000001000100,550.224,44.37236,-124.95268,5.3704,*0000000001000100,5.3711,*0000000001000100,3.328709,*0000000001000100,3.328732,*0000000001000100,34.137,34.1365,0.6177,*0000000011000100,7.05199,0.0397,*0000000001000100,0.07,98.2654,*0000000000000100,7.564,*0000000001000100,0.235318121,-9999999,*0000000000001000,-9999999,-9999999,-9999999,-9999999,-9999999,-9999999,-9999999,-9999999,-9999999,-9999999,-9999999,-9999999,-9999999,-9999999,-9999999,-9999999,-9999999,-9999999,-9999999,-9999999,-9999999,-9999999,-9999999,-9999999,-9999999,-9999999,-9999999,-9999999,-9999999,-9999999,-9999999,-9999999,-9999999,-9999999,-9999999,-9999999,-9999999,-9999999
AT50-29,Oregon Offshore Shallow Profiler,CE04OSPS,44.3736,-124.956,2024-08-08T22:34:10.609Z,J2-1602,*0010000000000001,597,AT50-29_J2-1602,*0000000001000001,Aft Starboard,*0000000000000100,2024-08-08T22:35:10.609Z,196.8453167,*0000000000000100,-9999999,-9999999,-9999999,7.2002775,*0000000000000100,-9999999,-9999999,3.4572815,*0000000010000100,-9999999,-9999999,33.92186167,-9999999,-9999999,-9999999,-9999999,-9999999,-9999999,-9999999,-9999999,-9999999,-9999999,-9999999,-9999999,-9999999,-9999999,-9999999,-9999999,-9999999,-9999999,-9999999,2.54246752,56.03197469,35.78498051,0.236548876,0.085124852,-9999999,*0000000000000100,33.9660968,-9999999,*0000000000000100,-9999999,-9999999,-9999999,2282.48,-9999999,*0000000000000100,1060.53,22.7,-9999999,-9999999,-9999999,-9999999,-9999999,-9999999,2309.75,-9999999,-9999999,7.646,51.48,2179.06,51.94,1.16,0.752
AT50-29,Oregon Offshore Shallow Profiler,CE04OSPS,44.3736,-124.956,2024-08-08T22:33:05.079Z,J2-1602,*0010000000000001,597,AT50-29_J2-1602,*0000000001000001,Forward Starboard,*0000000000000100,2024-08-08T22:34:05.079Z,196.8872333,*0000000000000100,-9999999,-9999999,-9999999,7.199648333,*0000000000000100,-9999999,-9999999,3.457235833,*0000000000000100,-9999999,-9999999,33.92195,-9999999,-9999999,-9999999,-9999999,-9999999,-9999999,-9999999,-9999999,-9999999,-9999999,-9999999,1.745374569,*0000000010000000,*0000000000001000,0.026186852,0.203962002,1.086474501,-9999999,*0000000000000100,-9999999,-9999999,-9999999,-9999999,-9999999,-9999999,-9999999,-9999999,-9999999,-9999999,-9999999,-9999999,-9999999,-9999999,-9999999,-9999999,-9999999,-9999999,-9999999,-9999999,-9999999,-9999999,-9999999,-9999999,-9999999,-9999999,-9999999,-9999999,-9999999,-9999999,-9999999,-9999999,-9999999
AT50-29,Oregon Offshore Shallow Profiler,CE04OSPS,44.3736,-124.956,2024-08-08T22:33:05.079Z,J2-1602,*0010000000000001,597,AT50-29_J2-1602,*0000000001000001,Forward Starboard,*0000000000000100,2024-08-08T22:34:05.079Z,196.8872333,*0000000000000100,-9999999,-9999999,-9999999,7.199648333,*0000000000000100,-9999999,-9999999,3.457235833,*0000000000000100,-9999999,-9999999,33.92195,-9999999,-9999999,-9999999,-9999999,-9999999,-9999999,-9999999,-9999999,-9999999,-9999999,-9999999,1.767359779,*0000000010000000,*0000000000001000,-9999999,-9999999,-9999999,-9999999,-9999999,-9999999,-9999999,-9999999,-9999999,-9999999,-9999999,-9999999,-9999999,-9999999,-9999999,-9999999,-9999999,-9999999,-9999999,-9999999,-9999999,-9999999,-9999999,-9999999,-9999999,-9999999,-9999999,-9999999,-9999999,-9999999,-9999999,-9999999,-9999999,-9999999,-9999999,-9999999,-9999999,-9999999
AT50-29,Oregon Offshore Shallow Profiler,CE04OSPS,44.3695,-124.96133,2024-08-09T07:03:31.000Z,CTD-001,*0000000000000100,597,AT50-29_CTD-001,*0000000000000100,23,*0000000000000100,2024-08-09T07:52:39.000Z,10.278,*0000000001000100,10.195,44.36945,-124.96136,12.0299,*0000000001000100,12.0318,*0000000001000100,3.705375,*0000000001000100,3.705666,*0000000001000100,32.1105,32.1117,6.3822,*0000000001000100,6.15886,1.3381,*0000000011000100,0.2892,93.0248,*0000000000000100,8.149,*0000000011000100,-9999999,-9999999,-9999999,0.004700204,0.041737813,1.076923077,-9999999,*0000000000000100,0.479961772,4.787219605,0.663526892,0.041676817,0.228029933,-9999999,*0000000000000100,-9999999,-9999999,-9999999,-9999999,-9999999,-9999999,2013.47,-9999999,*0000000000000100,341.25,22.6,-9999999,-9999999,-9999999,-9999999,-9999999,-9999999,2211.3,-9999999,-9999999,8.096,14.25,1857.4,141.82,3.343,2.18
AT50-29,Oregon Offshore Shallow Profiler,CE04OSPS,44.3695,-124.96133,2024-08-09T07:03:31.000Z,CTD-001,*0000000000000100,597,AT50-29_CTD-001,*0000000000000100,21,*0000000000000100,2024-08-09T07:49:51.000Z,20.339,*0000000001000100,20.174,44.36944,-124.96136,9.6289,*0000000001000100,9.629,*0000000001000100,3.519541,*0000000001000100,3.519318,*0000000001000100,32.3767,32.3743,5.59,*0000000001000100,6.47424,0.7441,*0000000011000100,0.117,97.1186,*0000000000000100,8.021,*0000000011000100,-9999999,-9999999,-9999999,0.638556308,0.253972174,1.54373928,-9999999,*0000000000000100,0.964810425,9.339507307,7.968799133,0.264428771,0.410639554,-9999999,*0000000000000100,-9999999,-9999999,-9999999,-9999999,-9999999,-9999999,2084.81,-9999999,*0000000000000100,433.34,22.8,-9999999,-9999999,-9999999,-9999999,-9999999,-9999999,2232.62,-9999999,-9999999,8.006,19.54,1953.88,111.39,2.613,1.696
AT50-29,Oregon Offshore Shallow Profiler,CE04OSPS,44.3695,-124.96133,2024-08-09T07:03:31.000Z,CTD-001,*0000000000000100,597,AT50-29_CTD-001,*0000000000000100,19,*0000000000000100,2024-08-09T07:46:17.000Z,42.289,*0000000001000100,41.943,44.36946,-124.96136,8.7775,*0000000001000100,8.7796,*0000000001000100,3.497268,*0000000011000100,3.49693,*0000000011000100,32.9157,32.9102,4.5213,*0000000011000100,6.57439,0.3195,*0000000011000100,0.0449,98.8838,*0000000000000100,7.885,*0000000011000100,4.294320752,*0000000010000000,*0000000000000100,0.153092364,0.072974027,1.514672686,-9999999,*0000000000000100,1.5762676,17.76008043,18.346949,0.071599,0.444879722,-9999999,*0000000000000100,32.91917822,-9999999,*0000000000000100,-9999999,-9999999,-9999999,2143.59,-9999999,*0000000000000100,561.95,22.8,-9999999,-9999999,-9999999,-9999999,-9999999,-9999999,2253.13,-9999999,-9999999,7.904,26,2027.71,89.89,2.09,1.355
AT50-29,Oregon Offshore Shallow Profiler,CE04OSPS,44.3695,-124.96133,2024-08-09T07:03:31.000Z,CTD-001,*0000000000000100,597,AT50-29_CTD-001,*0000000000000100,17,*0000000000000100,2024-08-09T07:43:09.000Z,62.009,*0000000001000100,61.5,44.36944,-124.96136,8.1994,*0000000001000100,8.1992,*0000000001000100,3.486329,*0000000001000100,3.486291,*0000000001000100,33.3343,33.3341,3.3551,*0000000011000100,6.64191,0.1425,*0000000011000100,0.064,98.4137,*0000000000000100,7.752,*0000000011000100,3.030095651,*0000000010000000,*0000000000000100,0.094675541,0.199772106,1.244367418,-9999999,*0000000000000100,2.095977316,30.35334676,26.65126726,0.045066891,0.115013729,-9999999,*0000000000000100,-9999999,-9999999,-9999999,-9999999,-9999999,-9999999,2201.85,-9999999,*0000000000000100,801.71,22.8,-9999999,-9999999,-9999999,-9999999,-9999999,-9999999,2264.29,-9999999,-9999999,7.761,37.73,2097.91,66.2,1.528,0.99
AT50-29,Oregon Offshore Shallow Profiler,CE04OSPS,44.3695,-124.96133,2024-08-09T07:03:31.000Z,CTD-001,*0000000000000100,597,AT50-29_CTD-001,*0000000000000100,15,*0000000000000100,2024-08-09T07:40:06.000Z,81.921,*0000000001000100,81.245,44.36946,-124.96136,8.0081,*0000000001000100,8.0072,*0000000001000100,3.514796,*0000000011000100,3.514582,*0000000011000100,33.8116,33.8102,2.4008,*0000000011000100,6.64986,0.0785,*0000000001000100,0.08,98.0201,*0000000000000100,7.644,*0000000011000100,2.14148411,*0000000010000000,*0000000000000100,-9999999,-9999999,-9999999,-9999999,-9999999,2.534431777,41.91789365,32.71699071,0.268763896,0.264522591,-9999999,*0000000000000100,33.82452989,-9999999,*0000000000000100,-9999999,-9999999,-9999999,2255.32,-9999999,*0000000000000100,944.9,22.7,-9999999,-9999999,-9999999,-9999999,-9999999,-9999999,2300.01,-9999999,-9999999,7.699,44.64,2151.58,59.1,1.353,0.876
AT50-29,Oregon Offshore Shallow Profiler,CE04OSPS,44.3695,-124.96133,2024-08-09T07:03:31.000Z,CTD-001,*0000000000000100,597,AT50-29_CTD-001,*0000000000000100,13,*0000000000000100,2024-08-09T07:36:22.000Z,101.415,*0000000001000100,100.573,44.36948,-124.96136,7.7171,*0000000001000100,7.7169,*0000000001000100,3.496403,*0000000001000100,3.496168,*0000000001000100,33.887,33.8846,2.5419,*0000000011000100,6.69042,0.0386,*0000000011000100,0.0633,98.4299,*0000000000000100,7.7,*0000000011000100,2.264755618,*0000000010000000,*0000000000000100,0.019472274,0.142805631,1.091194969,-9999999,*0000000000000100,2.194307084,41.77043389,31.95897286,0.083042762,0.093130282,-9999999,*0000000000000100,-9999999,-9999999,-9999999,-9999999,-9999999,-9999999,2258.07,-9999999,*0000000000000100,818.57,22.8,-9999999,-9999999,-9999999,-9999999,-9999999,-9999999,2320.67,-9999999,-9999999,7.759,39.04,2151.65,67.38,1.536,0.994
AT50-29,Oregon Offshore Shallow Profiler,CE04OSPS,44.3695,-124.96133,2024-08-09T07:03:31.000Z,CTD-001,*0000000000000100,597,AT50-29_CTD-001,*0000000000000100,11,*0000000000000100,2024-08-09T07:33:08.000Z,121.83,*0000000001000100,120.812,44.36946,-124.96136,7.4789,*0000000001000100,7.479,*0000000001000100,3.479215,*0000000011000100,3.478998,*0000000011000100,33.9237,33.9212,2.1847,*0000000011000100,6.72507,0.0333,*0000000001000100,0.0889,97.8011,*0000000000000100,7.664,*0000000011000100,1.884046551,*0000000010000000,*0000000000000100,-9999999,-9999999,-9999999,-9999999,-9999999,2.312974427,46.35512716,33.20039902,0.15388742,0.142392053,-9999999,*0000000000000100,33.92908073,-9999999,*0000000000000100,-9999999,-9999999,-9999999,2265.63,-9999999,*0000000000000100,928.1,22.8,-9999999,-9999999,-9999999,-9999999,-9999999,-9999999,2310.76,-9999999,-9999999,7.705,44.62,2161.68,59.33,1.347,0.872
AT50-29,Oregon Offshore Shallow Profiler,CE04OSPS,44.3695,-124.96133,2024-08-09T07:03:31.000Z,CTD-001,*0000000000000100,597,AT50-29_CTD-001,*0000000000000100,9,*0000000000000100,2024-08-09T07:29:48.000Z,140.913,*0000000001000100,139.73,44.36946,-124.96136,7.384,*0000000001000100,7.3845,*0000000001000100,3.472679,*0000000001000100,3.472492,*0000000001000100,33.9364,33.9339,1.8502,*0000000011000100,6.73905,0.0446,*0000000001000100,0.1344,96.6965,*0000000000000100,7.62,*0000000011000100,1.501313527,*0000000010000000,*0000000000000100,-9999999,-9999999,-9999999,-9999999,-9999999,2.442033635,50.44649056,34.57585249,0.264334004,0.251595506,-9999999,*0000000000000100,-9999999,-9999999,-9999999,-9999999,-9999999,-9999999,2263.94,-9999999,*0000000000000100,1006.81,22.7,-9999999,-9999999,-9999999,-9999999,-9999999,-9999999,2297.89,-9999999,-9999999,7.668,48.56,2160.99,54.4,1.23,0.796
AT50-29,Oregon Offshore Shallow Profiler,CE04OSPS,44.3695,-124.96133,2024-08-09T07:03:31.000Z,CTD-001,*0000000000000100,597,AT50-29_CTD-001,*0000000000000100,7,*0000000000000100,2024-08-09T07:25:36.000Z,161.533,*0000000001000100,160.169,44.36946,-124.96136,7.2693,*0000000001000100,7.269,*0000000001000100,3.464444,*0000000001000100,3.464191,*0000000001000100,33.9493,33.9468,1.5751,*0000000011000100,6.75613,0.0457,*0000000001000100,0.1619,96.0334,*0000000000000100,7.589,*0000000011000100,1.265577566,*0000000010000000,*0000000000000100,-9999999,-9999999,-9999999,-9999999,-9999999,2.526347788,54.68809765,35.83575721,0.109947113,0.139920302,-9999999,*0000000000000100,-9999999,-9999999,-9999999,-9999999,-9999999,-9999999,2293.61,-9999999,*0000000000000100,1090.1,22.8,-9999999,-9999999,-9999999,-9999999,-9999999,-9999999,2318.43,-9999999,-9999999,7.638,52.78,2189.55,51.28,1.155,0.748
AT50-29,Oregon Offshore Shallow Profiler,CE04OSPS,44.3695,-124.96133,2024-08-09T07:03:31.000Z,CTD-001,*0000000000000100,597,AT50-29_CTD-001,*0000000000000100,5,*0000000000000100,2024-08-09T07:21:50.000Z,181.542,*0000000001000100,180,44.36946,-124.96136,7.2381,*0000000001000100,7.2379,*0000000001000100,3.463583,*0000000011000100,3.46334,*0000000011000100,33.9608,33.9583,1.549,*0000000011000100,6.76043,0.0365,*0000000001000100,0.1986,95.156,*0000000000000100,7.586,*0000000011000100,1.210463373,*0000000010000000,*0000000000000100,-9999999,-9999999,-9999999,-9999999,-9999999,2.555449763,55.38467911,35.64535936,0.262815743,0.058718162,-9999999,*0000000000000100,33.9666844,-9999999,*0000000000000100,-9999999,-9999999,-9999999,2310.34,-9999999,*0000000000000100,1111.72,22.9,-9999999,-9999999,-9999999,-9999999,-9999999,-9999999,2333.39,-9999999,-9999999,7.632,53.88,2205.54,50.92,1.142,0.739
AT50-29,Oregon Offshore Shallow Profiler,CE04OSPS,44.3695,-124.96133,2024-08-09T07:03:31.000Z,CTD-001,*0000000000000100,597,AT50-29_CTD-001,*0000000000000100,3,*0000000000000100,2024-08-09T07:18:33.000Z,201.904,*0000000001000100,200.179,44.36946,-124.96136,7.1444,*0000000001000100,7.1441,*0000000001000100,3.457524,*0000000001000100,3.457399,*0000000001000100,33.977,33.9759,1.4584,*0000000011000100,6.77421,0.0409,*0000000001000100,0.199,95.1469,*0000000000000100,7.58,*0000000011000100,1.147734755,*0000000010000000,*0000000000001000,-9999999,-9999999,-9999999,-9999999,-9999999,2.591696252,57.71397442,36.43952369,0.077169101,0.03299892,-9999999,*0000000000000100,-9999999,-9999999,-9999999,-9999999,-9999999,-9999999,2304.45,-9999999,*0000000000000100,1166.93,22.7,-9999999,-9999999,-9999999,-9999999,-9999999,-9999999,2320.47,-9999999,-9999999,7.608,56.73,2199.68,48.03,1.073,0.695
AT50-29,Oregon Offshore Shallow Profiler,CE04OSPS,44.3695,-124.96133,2024-08-09T07:03:31.000Z,CTD-001,*0000000000000100,597,AT50-29_CTD-001,*0000000000000100,3,*0000000000000100,2024-08-09T07:18:33.000Z,201.904,*0000000001000100,200.179,44.36946,-124.96136,7.1444,*0000000001000100,7.1441,*0000000001000100,3.457524,*0000000001000100,3.457399,*0000000001000100,33.977,33.9759,1.4584,*0000000011000100,6.77421,0.0409,*0000000001000100,0.199,95.1469,*0000000000000100,7.58,*0000000001000100,1.145299685,*0000000010000000,*0000000000001000,-9999999,-9999999,-9999999,-9999999,-9999999,-9999999,-9999999,-9999999,-9999999,-9999999,-9999999,-9999999,-9999999,-9999999,-9999999,-9999999,-9999999,-9999999,-9999999,-9999999,-9999999,-9999999,-9999999,-9999999,-9999999,-9999999,-9999999,-9999999,-9999999,-9999999,-9999999,-9999999,-9999999,-9999999,-9999999,-9999999,-9999999,-9999999
AT50-29,Oregon Offshore Shallow Profiler,CE04OSPS,44.3695,-124.96133,2024-08-09T07:03:31.000Z,CTD-001,*0000000000000100,597,AT50-29_CTD-001,*0000000000000100,1,*0000000000000100,2024-08-09T07:15:34.000Z,222.193,*0000000001000100,220.283,44.36946,-124.96136,7.1196,*0000000001000100,7.1192,*0000000001000100,3.456751,*0000000011000100,3.456614,*0000000011000100,33.9831,33.9819,1.4752,*0000000001000100,6.77779,0.0416,*0000000001000100,0.1937,95.2736,*0000000000000100,7.585,*0000000011000100,-9999999,-9999999,-9999999,-9999999,-9999999,-9999999,-9999999,-9999999,2.58802711,57.53922102,36.68619104,0.064412216,0.111167678,-9999999,*0000000000000100,33.99489145,-9999999,*0000000000000100,-9999999,-9999999,-9999999,2299,-9999999,*0000000000000100,1050.01,22.8,-9999999,-9999999,-9999999,-9999999,-9999999,-9999999,2328.2,-9999999,-9999999,7.652,51.09,2194.86,53.05,1.18,0.764
AT50-29,Oregon Shelf BEP,CE02SHBP,44.63382,-124.30755,2024-08-16T14:08:55.857Z,J2-1621,*0010000000000000,80,AT50-29_J2-1621,*0000000000000100,Aft Port,*0000000000000100,2024-08-16T14:09:55.857Z,78.360825,*0000000000000100,-9999999,-9999999,-9999999,7.275149167,*0000000000000100,-9999999,-9999999,3.450527,*0000000010000100,-9999999,-9999999,33.83225083,-9999999,-9999999,-9999999,-9999999,-9999999,-9999999,-9999999,-9999999,-9999999,-9999999,-9999999,-9999999,-9999999,-9999999,-9999999,-9999999,-9999999,-9999999,-9999999,-9999999,-9999999,-9999999,-9999999,-9999999,-9999999,-9999999,33.88619702,-9999999,*0000000000000100,-9999999,-9999999,-9999999,2322.71,-9999999,*0000000000000100,1788.54,21.4,-9999999,-9999999,-9999999,-9999999,-9999999,-9999999,2284.21,-9999999,-9999999,7.43,86.64,2204.38,31.7,0.726,0.469
AT50-29,Oregon Shelf BEP,CE02SHBP,44.63381,-124.30754,2024-08-16T14:09:45.686Z,J2-1621,*0010000000000000,80,AT50-29_J2-1621,*0000000000000100,Forward Port,*0000000000000100,2024-08-16T14:10:45.686Z,78.36394167,*0000000000000100,-9999999,-9999999,-9999999,7.275156667,*0000000000000100,-9999999,-9999999,3.450527,*0000000000000100,-9999999,-9999999,33.83224667,-9999999,-9999999,-9999999,-9999999,-9999999,-9999999,-9999999,-9999999,-9999999,-9999999,-9999999,-0.013331242,-9999999,*0000000000001000,0.292755573,1.408610899,1.130773845,-9999999,*0000000000000100,-9999999,-9999999,-9999999,-9999999,-9999999,-9999999,-9999999,-9999999,-9999999,-9999999,-9999999,-9999999,-9999999,-9999999,-9999999,-9999999,-9999999,-9999999,-9999999,-9999999,-9999999,-9999999,-9999999,-9999999,-9999999,-9999999,-9999999,-9999999,-9999999,-9999999,-9999999,-9999999,-9999999
AT50-29,Oregon Shelf BEP,CE02SHBP,44.63381,-124.30754,2024-08-16T14:09:45.686Z,J2-1621,*0010000000000000,80,AT50-29_J2-1621,*0000000000000100,Forward Port,*0000000000000100,2024-08-16T14:10:45.686Z,78.36394167,*0000000000000100,-9999999,-9999999,-9999999,7.275156667,*0000000000000100,-9999999,-9999999,3.450527,*0000000000000100,-9999999,-9999999,33.83224667,-9999999,-9999999,-9999999,-9999999,-9999999,-9999999,-9999999,-9999999,-9999999,-9999999,-9999999,0.080906074,-9999999,*0000000000001000,-9999999,-9999999,-9999999,-9999999,-9999999,-9999999,-9999999,-9999999,-9999999,-9999999,-9999999,-9999999,-9999999,-9999999,-9999999,-9999999,-9999999,-9999999,-9999999,-9999999,-9999999,-9999999,-9999999,-9999999,-9999999,-9999999,-9999999,-9999999,-9999999,-9999999,-9999999,-9999999,-9999999,-9999999,-9999999,-9999999,-9999999,-9999999
AT50-29,Oregon Shelf BEP,CE02SHBP,44.63372,-124.30836,2024-08-19T03:33:39.733Z,J2-1623,*0010000000000000,82,AT50-29_J2-1623,*0000000000000100,Aft Starboard,*0000000000100000,2024-08-19T03:34:39.733Z,80.07520833,*0000000000000100,-9999999,-9999999,-9999999,7.27655,*0000000000000100,-9999999,-9999999,3.450723,*0000000010000100,-9999999,-9999999,33.83218667,-9999999,-9999999,-9999999,-9999999,-9999999,-9999999,-9999999,-9999999,-9999999,-9999999,-9999999,-9999999,-9999999,-9999999,-9999999,-9999999,-9999999,-9999999,-9999999,-9999999,-9999999,-9999999,-9999999,-9999999,-9999999,-9999999,33.88051899,-9999999,*0000000000000100,-9999999,-9999999,-9999999,2314.66,-9999999,*0000000000000100,1540.01,21.9,-9999999,-9999999,-9999999,-9999999,-9999999,-9999999,2295.82,-9999999,-9999999,7.495,74.59,2203.28,36.78,0.842,0.545
AT50-29,Oregon Shelf BEP,CE02SHBP,44.63372,-124.30836,2024-08-19T03:32:00.670Z,J2-1623,*0010000000000000,82,AT50-29_J2-1623,*0000000000000100,Forward Starboard,*0000000000000100,2024-08-19T03:33:00.670Z,79.70475,*0000000000000100,-9999999,-9999999,-9999999,7.277211667,*0000000000000100,-9999999,-9999999,3.45076225,*0000000000000100,-9999999,-9999999,33.83214167,-9999999,-9999999,-9999999,-9999999,-9999999,-9999999,-9999999,-9999999,-9999999,-9999999,-9999999,0.4968207,-9999999,*0000000000001000,0.206808983,0.851059252,1.148576942,-9999999,*0000000000000100,-9999999,-9999999,-9999999,-9999999,-9999999,-9999999,-9999999,-9999999,-9999999,-9999999,-9999999,-9999999,-9999999,-9999999,-9999999,-9999999,-9999999,-9999999,-9999999,-9999999,-9999999,-9999999,-9999999,-9999999,-9999999,-9999999,-9999999,-9999999,-9999999,-9999999,-9999999,-9999999,-9999999
AT50-29,Oregon Shelf BEP,CE02SHBP,44.63372,-124.30836,2024-08-19T03:32:00.670Z,J2-1623,*0010000000000000,82,AT50-29_J2-1623,*0000000000000100,Forward Starboard,*0000000000000100,2024-08-19T03:33:00.670Z,79.70475,*0000000000000100,-9999999,-9999999,-9999999,7.277211667,*0000000000000100,-9999999,-9999999,3.45076225,*0000000000000100,-9999999,-9999999,33.83214167,-9999999,-9999999,-9999999,-9999999,-9999999,-9999999,-9999999,-9999999,-9999999,-9999999,-9999999,0.497366942,-9999999,*0000000000001000,-9999999,-9999999,-9999999,-9999999,-9999999,-9999999,-9999999,-9999999,-9999999,-9999999,-9999999,-9999999,-9999999,-9999999,-9999999,-9999999,-9999999,-9999999,-9999999,-9999999,-9999999,-9999999,-9999999,-9999999,-9999999,-9999999,-9999999,-9999999,-9999999,-9999999,-9999999,-9999999,-9999999,-9999999,-9999999,-9999999,-9999999,-9999999
AT50-29,Slope Base Deep Profiler,RS01SBPD,44.53167,-125.38033,2024-08-23T09:16:46.000Z,CTD-005,*0000000000000100,2900,AT50-29_CTD-005,*0000000000000100,23,*0000000000000100,2024-08-23T11:42:09.000Z,202.139,*0000000001000100,200.408,44.53166,-125.3804,6.7571,*0000000001000100,6.7513,*0000000001000100,3.418281,*0000000001000100,3.417777,*0000000001000100,33.9279,33.9281,2.1853,*0000000011000100,6.83693,0.0238,*0000000011000100,0.0261,99.3495,*0000000000000100,-9999999,*0000000001000100,2.143123831,-9999999,*0000000000000100,0.002685831,0.042221262,1.045454545,-9999999,*0000000000000100,-9999999,-9999999,-9999999,-9999999,-9999999,-9999999,-9999999,-9999999,-9999999,-9999999,-9999999,-9999999,-9999999,-9999999,-9999999,-9999999,-9999999,-9999999,-9999999,-9999999,-9999999,-9999999,-9999999,-9999999,-9999999,-9999999,-9999999,-9999999,-9999999,-9999999,-9999999,-9999999,-9999999
AT50-29,Slope Base Deep Profiler,RS01SBPD,44.53167,-125.38033,2024-08-23T09:16:46.000Z,CTD-005,*0000000000000100,2900,AT50-29_CTD-005,*0000000000000100,22,*0000000000000100,2024-08-23T11:33:40.000Z,257.089,*0000000001000100,254.854,44.53166,-125.3804,6.3837,*0000000001000100,6.3837,*0000000001000100,3.39094,*0000000011000100,3.390979,*0000000011000100,33.9683,33.9687,1.7783,*0000000011000100,6.89438,0.0299,*0000000011000100,0.0234,99.4175,*0000000000000100,-9999999,*0000000001000100,1.592971312,-9999999,*0000000000000100,0.004700204,0.03510381,1.08974359,-9999999,*0000000000000100,-9999999,-9999999,-9999999,-9999999,-9999999,-9999999,-9999999,33.97549871,-9999999,*0000000000000100,-9999999,-9999999,-9999999,-9999999,-9999999,-9999999,-9999999,-9999999,-9999999,-9999999,-9999999,-9999999,-9999999,-9999999,-9999999,-9999999,-9999999,-9999999,-9999999,-9999999,-9999999,-9999999,-9999999
AT50-29,Slope Base Deep Profiler,RS01SBPD,44.53167,-125.38033,2024-08-23T09:16:46.000Z,CTD-005,*0000000000000100,2900,AT50-29_CTD-005,*0000000000000100,19,*0000000000000100,2024-08-23T11:27:47.000Z,504.319,*0000000001000100,499.638,44.53165,-125.3804,5.0723,*0000000001000100,5.0724,*0000000001000100,3.298888,*0000000001000100,3.298839,*0000000001000100,34.1242,34.1234,0.6253,*0000000011000100,7.10259,0.0412,*0000000001000100,0.0183,99.5444,*0000000000000100,-9999999,*0000000001000100,0.23446972,-9999999,*0000000000000100,-9999999,-9999999,-9999999,-9999999,-9999999,-9999999,-9999999,-9999999,-9999999,-9999999,-9999999,-9999999,-9999999,-9999999,-9999999,-9999999,-9999999,-9999999,-9999999,-9999999,-9999999,-9999999,-9999999,-9999999,-9999999,-9999999,-9999999,-9999999,-9999999,-9999999,-9999999,-9999999,-9999999,-9999999,-9999999,-9999999,-9999999,-9999999
AT50-29,Slope Base Deep Profiler,RS01SBPD,44.53167,-125.38033,2024-08-23T09:16:46.000Z,CTD-005,*0000000000000100,2900,AT50-29_CTD-005,*0000000000000100,17,*0000000000000100,2024-08-23T11:19:46.000Z,757.797,*0000000001000100,750.307,44.53165,-125.3804,4.1682,*0000000001000100,4.168,*0000000001000100,3.245237,*0000000011000100,3.245162,*0000000011000100,34.3012,34.3006,0.2241,*0000000011000100,7.24943,0.0344,*0000000011000100,0.0126,99.6858,*0000000000000100,-9999999,*0000000001000100,-0.253000269,-9999999,*0000000000000100,0.001342915,0.013456013,1.068965517,-9999999,*0000000000000100,-9999999,-9999999,-9999999,-9999999,-9999999,-9999999,-9999999,34.33268174,-9999999,*0000000000000100,-9999999,-9999999,-9999999,-9999999,-9999999,-9999999,-9999999,-9999999,-9999999,-9999999,-9999999,-9999999,-9999999,-9999999,-9999999,-9999999,-9999999,-9999999,-9999999,-9999999,-9999999,-9999999,-9999999
AT50-29,Slope Base Deep Profiler,RS01SBPD,44.53167,-125.38033,2024-08-23T09:16:46.000Z,CTD-005,*0000000000000100,2900,AT50-29_CTD-005,*0000000000000100,15,*0000000000000100,2024-08-23T11:11:33.000Z,1011.229,*0000000001000100,1000.627,44.53166,-125.3804,3.5511,*0000000001000100,3.551,*0000000001000100,3.210705,*0000000001000100,3.210626,*0000000001000100,34.4066,34.4057,0.2817,*0000000011000100,7.35365,0.0412,*0000000001000100,0.0104,99.7404,*0000000000000100,-9999999,*0000000001000100,-0.050901626,-9999999,*0000000000000100,-9999999,-9999999,-9999999,-9999999,-9999999,-9999999,-9999999,-9999999,-9999999,-9999999,-9999999,-9999999,-9999999,-9999999,-9999999,-9999999,-9999999,-9999999,-9999999,-9999999,-9999999,-9999999,-9999999,-9999999,-9999999,-9999999,-9999999,-9999999,-9999999,-9999999,-9999999,-9999999,-9999999,-9999999,-9999999,-9999999,-9999999,-9999999
AT50-29,Slope Base Deep Profiler,RS01SBPD,44.53167,-125.38033,2024-08-23T09:16:46.000Z,CTD-005,*0000000000000100,2900,AT50-29_CTD-005,*0000000000000100,13,*0000000000000100,2024-08-23T11:03:38.000Z,1264.017,*0000000001000100,1250.013,44.53166,-125.3804,3.0407,*0000000001000100,3.0407,*0000000001000100,3.182306,*0000000011000100,3.182224,*0000000011000100,34.4744,34.4734,0.4758,*0000000011000100,7.44288,0.0384,*0000000011000100,0.0099,99.7519,*0000000000000100,-9999999,*0000000001000100,0.027868073,-9999999,*0000000000000100,0.002014373,0.0092124,1.136363636,-9999999,*0000000000000100,-9999999,-9999999,-9999999,-9999999,-9999999,-9999999,-9999999,34.53211286,-9999999,*0000000000000100,-9999999,-9999999,-9999999,-9999999,-9999999,-9999999,-9999999,-9999999,-9999999,-9999999,-9999999,-9999999,-9999999,-9999999,-9999999,-9999999,-9999999,-9999999,-9999999,-9999999,-9999999,-9999999,-9999999
AT50-29,Slope Base Deep Profiler,RS01SBPD,44.53167,-125.38033,2024-08-23T09:16:46.000Z,CTD-005,*0000000000000100,2900,AT50-29_CTD-005,*0000000000000100,9,*0000000000000100,2024-08-23T10:48:23.000Z,1772.381,*0000000001000100,1750.641,44.53165,-125.3804,2.2821,*0000000001000100,2.2821,*0000000001000100,3.144254,*0000000001000100,3.144145,*0000000001000100,34.5612,34.5598,1.0952,*0000000011000100,7.57987,0.0315,*0000000011000100,0.0187,99.5334,*0000000000000100,-9999999,*0000000001000100,0.777815665,-9999999,*0000000000000100,0.004700204,0.024387345,1.122807018,-9999999,*0000000000000100,-9999999,-9999999,-9999999,-9999999,-9999999,-9999999,-9999999,-9999999,-9999999,-9999999,-9999999,-9999999,-9999999,-9999999,-9999999,-9999999,-9999999,-9999999,-9999999,-9999999,-9999999,-9999999,-9999999,-9999999,-9999999,-9999999,-9999999,-9999999,-9999999,-9999999,-9999999,-9999999,-9999999
AT50-29,Slope Base Deep Profiler,RS01SBPD,44.53167,-125.38033,2024-08-23T09:16:46.000Z,CTD-005,*0000000000000100,2900,AT50-29_CTD-005,*0000000000000100,8,*0000000000000100,2024-08-23T10:41:24.000Z,2025.508,*0000000001000100,1999.473,44.53166,-125.3804,1.98,*0000000001000100,1.9801,*0000000001000100,3.130837,*0000000001000100,3.130716,*0000000001000100,34.5934,34.5918,1.4148,*0000000011000100,7.63579,0.032,*0000000001000100,0.0133,99.6677,*0000000000000100,-9999999,*0000000001000100,1.133640977,-9999999,*0000000000000100,-9999999,-9999999,-9999999,-9999999,-9999999,-9999999,-9999999,-9999999,-9999999,-9999999,-9999999,-9999999,-9999999,-9999999,-9999999,-9999999,-9999999,-9999999,-9999999,-9999999,-9999999,-9999999,-9999999,-9999999,-9999999,-9999999,-9999999,-9999999,-9999999,-9999999,-9999999,-9999999,-9999999,-9999999,-9999999,-9999999,-9999999,-9999999
AT50-29,Slope Base Deep Profiler,RS01SBPD,44.53167,-125.38033,2024-08-23T09:16:46.000Z,CTD-005,*0000000000000100,2900,AT50-29_CTD-005,*0000000000000100,7,*0000000000000100,2024-08-23T10:40:54.000Z,2025.913,*0000000001000100,1999.871,44.53166,-125.3804,1.9782,*0000000001000100,1.9783,*0000000001000100,3.13072,*0000000011000100,3.130607,*0000000011000100,34.5937,34.5922,1.4153,*0000000001000100,7.63612,0.0372,*0000000011000100,0.013,99.6759,*0000000000000100,-9999999,*0000000001000100,-9999999,-9999999,-9999999,0.004028746,0.009749566,1.222222222,-9999999,*0000000000000100,-9999999,-9999999,-9999999,-9999999,-9999999,-9999999,-9999999,34.6049822,-9999999,*0000000000000100,-9999999,-9999999,-9999999,-9999999,-9999999,-9999999,-9999999,-9999999,-9999999,-9999999,-9999999,-9999999,-9999999,-9999999,-9999999,-9999999,-9999999,-9999999,-9999999,-9999999,-9999999,-9999999,-9999999
AT50-29,Slope Base Deep Profiler,RS01SBPD,44.53167,-125.38033,2024-08-23T09:16:46.000Z,CTD-005,*0000000000000100,2900,AT50-29_CTD-005,*0000000000000100,5,*0000000000000100,2024-08-23T10:29:17.000Z,2535.798,*0000000001000100,2500.226,44.53166,-125.3804,1.7377,*0000000001000100,1.7381,*0000000001000100,3.133166,*0000000001000100,3.133052,*0000000001000100,34.6339,34.6321,1.8875,*0000000011000100,7.6804,0.0282,*0000000001000100,0.0145,99.6387,*0000000000000100,-9999999,*0000000001000100,1.705376817,-9999999,*0000000000000100,-9999999,-9999999,-9999999,-9999999,-9999999,-9999999,-9999999,-9999999,-9999999,-9999999,-9999999,-9999999,-9999999,-9999999,-9999999,-9999999,-9999999,-9999999,-9999999,-9999999,-9999999,-9999999,-9999999,-9999999,-9999999,-9999999,-9999999,-9999999,-9999999,-9999999,-9999999,-9999999,-9999999,-9999999,-9999999,-9999999,-9999999,-9999999
AT50-29,Slope Base Deep Profiler,RS01SBPD,44.53167,-125.38033,2024-08-23T09:16:46.000Z,CTD-005,*0000000000000100,2900,AT50-29_CTD-005,*0000000000000100,3,*0000000000000100,2024-08-23T10:22:07.000Z,2789.841,*0000000001000100,2749.085,44.53164,-125.3804,1.7178,*0000000001000100,1.7183,*0000000001000100,3.141696,*0000000011000100,3.141564,*0000000011000100,34.6405,34.6384,1.9526,*0000000011000100,7.68391,0.03,*0000000001000100,0.0173,99.568,*0000000000000100,-9999999,*0000000001000100,1.807480773,-9999999,*0000000000000100,-9999999,-9999999,-9999999,-9999999,-9999999,-9999999,-9999999,-9999999,-9999999,-9999999,-9999999,-9999999,34.65724316,-9999999,*0000000000000100,-9999999,-9999999,-9999999,-9999999,-9999999,-9999999,-9999999,-9999999,-9999999,-9999999,-9999999,-9999999,-9999999,-9999999,-9999999,-9999999,-9999999,-9999999,-9999999,-9999999,-9999999,-9999999,-9999999
AT50-29,Slope Base Junction Box LJ01A,"CTDPFB101,DOSTAD101",44.50179,-125.40903,2024-08-15T03:30:36.149Z,J2-1617,*0010000000000000,2902,AT50-29_J2-1617,*0000000000000100,Aft Starboard,*0000000000000100,2024-08-15T03:31:36.149Z,2950.590575,*0000000000000100,-9999999,-9999999,-9999999,1.731626667,*0000000000000100,-9999999,-9999999,3.144395,*0000000010000100,-9999999,-9999999,34.58466083,-9999999,-9999999,-9999999,-9999999,-9999999,-9999999,-9999999,-9999999,-9999999,-9999999,-9999999,-9999999,-9999999,-9999999,0.003357289,0.015524103,1.135135135,-9999999,*0000000000000100,-9999999,-9999999,-9999999,-9999999,-9999999,-9999999,-9999999,34.66136956,-9999999,*0000000000000100,-9999999,-9999999,-9999999,-9999999,-9999999,-9999999,-9999999,-9999999,-9999999,-9999999,-9999999,-9999999,-9999999,-9999999,-9999999,-9999999,-9999999,-9999999,-9999999,-9999999,-9999999,-9999999,-9999999
AT50-29,Slope Base Junction Box LJ01A,"CTDPFB101,DOSTAD101",44.50179,-125.40903,2024-08-15T03:31:20.644Z,J2-1617,*0010000000000000,2902,AT50-29_J2-1617,*0000000000000100,Forward Starboard,*0000000000001000,2024-08-15T03:32:20.644Z,2950.601675,*0000000000000100,-9999999,-9999999,-9999999,1.732066667,*0000000000000100,-9999999,-9999999,3.144433,*0000000000000100,-9999999,-9999999,34.58464833,-9999999,-9999999,-9999999,-9999999,-9999999,-9999999,-9999999,-9999999,-9999999,-9999999,-9999999,1.852898232,-9999999,*0000000000001000,-9999999,-9999999,-9999999,-9999999,-9999999,-9999999,-9999999,-9999999,-9999999,-9999999,-9999999,-9999999,-9999999,-9999999,-9999999,-9999999,-9999999,-9999999,-9999999,-9999999,-9999999,-9999999,-9999999,-9999999,-9999999,-9999999,-9999999,-9999999,-9999999,-9999999,-9999999,-9999999,-9999999,-9999999,-9999999,-9999999,-9999999,-9999999
AT50-29,Slope Base Junction Box LJ01A,"CTDPFB101,DOSTAD101",44.50179,-125.40903,2024-08-15T03:31:20.644Z,J2-1617,*0010000000000000,2902,AT50-29_J2-1617,*0000000000000100,Forward Starboard,*0000000000001000,2024-08-15T03:32:20.644Z,2950.601675,*0000000000000100,-9999999,-9999999,-9999999,1.732066667,*0000000000000100,-9999999,-9999999,3.144433,*0000000000000100,-9999999,-9999999,34.58464833,-9999999,-9999999,-9999999,-9999999,-9999999,-9999999,-9999999,-9999999,-9999999,-9999999,-9999999,1.994798482,-9999999,*0000000000001000,-9999999,-9999999,-9999999,-9999999,-9999999,-9999999,-9999999,-9999999,-9999999,-9999999,-9999999,-9999999,-9999999,-9999999,-9999999,-9999999,-9999999,-9999999,-9999999,-9999999,-9999999,-9999999,-9999999,-9999999,-9999999,-9999999,-9999999,-9999999,-9999999,-9999999,-9999999,-9999999,-9999999,-9999999,-9999999,-9999999,-9999999,-9999999
AT50-29,Slope Base Shallow Profiler,RS01SBPS,44.51167,-125.39967,2024-08-10T08:15:39.000Z,CTD-003,*0000000000000100,3005,AT50-29_CTD-003,*0000000000000010,-9999999,-9999999,-9999999,-9999999,-9999999,-9999999,-9999999,-9999999,-9999999,-9999999,-9999999,-9999999,-9999999,-9999999,-9999999,-9999999,-9999999,-9999999,-9999999,-9999999,-9999999,-9999999,-9999999,-9999999,-9999999,-9999999,-9999999,-9999999,-9999999,-9999999,-9999999,-9999999,-9999999,-9999999,-9999999,-9999999,-9999999,-9999999,-9999999,-9999999,-9999999,-9999999,-9999999,-9999999,-9999999,-9999999,-9999999,-9999999,-9999999,-9999999,-9999999,-9999999,-9999999,-9999999,-9999999,-9999999,-9999999,-9999999,-9999999,-9999999,-9999999,-9999999,-9999999,-9999999,-9999999,-9999999,-9999999,-9999999,-9999999
AT50-29,Slope Base Shallow Profiler,RS01SBPS,44.50178,-125.40856,2024-08-09T12:15:04.482Z,J2-1605,*0010000000000001,2922,AT50-29_J2-1605,*0000000000000100,Aft,*0000000000000100,2024-08-09T12:16:04.482Z,190.7573167,*0000000000000100,-9999999,-9999999,-9999999,7.317421667,*0000000000000100,-9999999,-9999999,3.460856417,*0000000010000100,-9999999,-9999999,33.84903833,-9999999,-9999999,-9999999,-9999999,-9999999,-9999999,-9999999,-9999999,-9999999,-9999999,-9999999,-9999999,-9999999,-9999999,0.908482318,0.249406262,1.596297929,-9999999,*0000000000000100,2.185083441,44.83590728,31.92303042,-0.002103507,0.042249242,*0000000000000010,*0000000000000100,33.9075399,-9999999,*0000000000000100,-9999999,-9999999,-9999999,2259.34,-9999999,*0000000000000100,874.31,22.3,-9999999,-9999999,-9999999,-9999999,-9999999,-9999999,2310.74,-9999999,-9999999,7.725,42.29,2155.19,61.86,1.383,0.896
AT50-29,Slope Base Shallow Profiler,RS01SBPS,44.50178,-125.40856,2024-08-09T12:15:49.367Z,J2-1605,*0010000000000001,2922,AT50-29_J2-1605,*0000000000000100,Forward,*0000000000001000,2024-08-09T12:16:49.367Z,190.7402167,*0000000000000100,-9999999,-9999999,-9999999,7.314789167,*0000000000000100,-9999999,-9999999,3.460741833,*0000000000000100,-9999999,-9999999,33.85037417,-9999999,-9999999,-9999999,-9999999,-9999999,-9999999,-9999999,-9999999,-9999999,-9999999,-9999999,3.499898835,*0000000010000000,*0000000000001000,-9999999,-9999999,-9999999,-9999999,-9999999,-9999999,-9999999,-9999999,-9999999,-9999999,-9999999,-9999999,-9999999,-9999999,-9999999,-9999999,-9999999,-9999999,-9999999,-9999999,-9999999,-9999999,-9999999,-9999999,-9999999,-9999999,-9999999,-9999999,-9999999,-9999999,-9999999,-9999999,-9999999,-9999999,-9999999,-9999999,-9999999,-9999999
AT50-29,Slope Base Shallow Profiler,RS01SBPS,44.52467,-125.38783,2024-08-09T19:36:49.000Z,CTD-002,*0000000000000100,2923,AT50-20_CTD-002,*0000000000000100,23,*0000000000000100,2024-08-09T20:42:04.000Z,11.679,*0000000001000100,11.584,44.5247,-125.38778,17.909,*0000000001000100,17.9084,*0000000001000100,4.190553,*0000000011000100,4.190494,*0000000011000100,31.6794,31.6794,5.4667,*0000000011000100,5.48877,0.1586,*0000000001000100,0.1315,96.768,*0000000000000100,8.228,*0000000011000100,5.431768534,-9999999,*0000000000001000,-9999999,-9999999,-9999999,-9999999,*0000000000000100,0.248371399,2.939903874,0.426306297,0.003940576,0.038121148,-9999999,*0000000000000100,31.69065818,-9999999,*0000000000000100,-9999999,-9999999,-9999999,1975.41,-9999999,*0000000000000100,377.7,22.4,-9999999,-9999999,-9999999,-9999999,-9999999,-9999999,2192.61,-9999999,-9999999,8.057,13.22,1806.36,155.82,3.707,2.442
AT50-29,Slope Base Shallow Profiler,RS01SBPS,44.52467,-125.38783,2024-08-09T19:36:49.000Z,CTD-002,*0000000000000100,2923,AT50-20_CTD-002,*0000000000000100,23,*0000000000000100,2024-08-09T20:42:04.000Z,11.679,*0000000001000100,11.584,44.5247,-125.38778,17.909,*0000000001000100,17.9084,*0000000001000100,4.190553,*0000000001000100,4.190494,*0000000001000100,31.6794,31.6794,5.4667,*0000000011000100,5.48877,0.1586,*0000000001000100,0.1315,96.768,*0000000000000100,8.228,*0000000001000100,5.432314145,-9999999,*0000000000001000,-9999999,-9999999,-9999999,-9999999,-9999999,-9999999,-9999999,-9999999,-9999999,-9999999,-9999999,-9999999,-9999999,-9999999,-9999999,-9999999,-9999999,-9999999,-9999999,-9999999,-9999999,-9999999,-9999999,-9999999,-9999999,-9999999,-9999999,-9999999,-9999999,-9999999,-9999999,-9999999,-9999999,-9999999,-9999999,-9999999,-9999999,-9999999
AT50-29,Slope Base Shallow Profiler,RS01SBPS,44.52467,-125.38783,2024-08-09T19:36:49.000Z,CTD-002,*0000000000000100,2923,AT50-20_CTD-002,*0000000000000100,21,*0000000000000100,2024-08-09T20:38:08.000Z,21.598,*0000000001000100,21.423,44.5247,-125.38777,17.8094,*0000000001000100,17.8087,*0000000001000100,4.1821,*0000000001000100,4.181798,*0000000001000100,31.6818,31.6798,5.4649,*0000000011000100,5.49913,0.2327,*0000000011000100,0.1294,96.8179,*0000000000000100,8.221,*0000000011000100,5.405653089,-9999999,*0000000000000100,0.267240179,0.009857,1.732965009,-9999999,*0000000000000100,0.238675125,2.9067192,0.322319325,0.000965425,-8.09E-05,-9999999,*0000000000000100,-9999999,-9999999,-9999999,-9999999,-9999999,-9999999,1996.05,-9999999,*0000000000000100,381.52,22.8,-9999999,-9999999,-9999999,-9999999,-9999999,-9999999,2213.99,-9999999,-9999999,8.056,13.39,1825.76,156.9,3.726,2.454
AT50-29,Slope Base Shallow Profiler,RS01SBPS,44.52467,-125.38783,2024-08-09T19:36:49.000Z,CTD-002,*0000000000000100,2923,AT50-20_CTD-002,*0000000000000100,19,*0000000000000100,2024-08-09T20:34:03.000Z,41.689,*0000000001000100,41.348,44.5247,-125.38778,12.0152,*0000000001000100,12.0155,*0000000001000100,3.72606,*0000000011000100,3.726093,*0000000011000100,32.3099,32.3099,6.6586,*0000000001000100,6.15302,1.036,*0000000011000100,0.1396,96.5703,*0000000000000100,8.185,*0000000011000100,-9999999,-9999999,-9999999,0.130262801,0.074880967,1.482587065,*0000000000000001,*0000000000000100,0.217306789,2.313064497,0.409498621,0.02199363,18.95,-9999999,*0000000000000100,32.31909201,-9999999,*0000000000000100,-9999999,-9999999,-9999999,2006.24,-9999999,*0000000000000100,353.03,22.8,-9999999,-9999999,-9999999,-9999999,-9999999,-9999999,2197.22,-9999999,-9999999,8.079,14.73,1854.52,136.99,3.206,2.091
AT50-29,Slope Base Shallow Profiler,RS01SBPS,44.52467,-125.38783,2024-08-09T19:36:49.000Z,CTD-002,*0000000000000100,2923,AT50-20_CTD-002,*0000000000000100,17,*0000000000000100,2024-08-09T20:29:52.000Z,61.646,*0000000001000100,61.139,44.5247,-125.38777,9.736,*0000000001000100,9.7364,*0000000001000100,3.529368,*0000000001000100,3.529326,*0000000001000100,32.3624,32.3616,6.3539,*0000000011000100,6.45963,0.6034,*0000000011000100,0.0615,98.4748,*0000000000000100,8.122,*0000000011000100,6.304492622,-9999999,*0000000000000100,0.288726827,0.107272088,1.554123711,-9999999,*0000000000000100,0.802980516,4.316285872,5.017450963,0.133609365,0.67,-9999999,*0000000000000100,-9999999,-9999999,-9999999,-9999999,-9999999,-9999999,2040.33,-9999999,*0000000000000100,384.04,22.7,-9999999,-9999999,-9999999,-9999999,-9999999,-9999999,2203.67,-9999999,-9999999,8.045,17.26,1903.38,119.69,2.787,1.81
AT50-29,Slope Base Shallow Profiler,RS01SBPS,44.52467,-125.38783,2024-08-09T19:36:49.000Z,CTD-002,*0000000000000100,2923,AT50-20_CTD-002,*0000000000000100,15,*0000000000000100,2024-08-09T20:25:24.000Z,81.657,*0000000001000100,80.981,44.5247,-125.38778,9.0486,*0000000001000100,9.0479,*0000000001000100,3.495591,*0000000011000100,3.495827,*0000000011000100,32.6303,32.6334,5.3827,*0000000011000100,6.54697,0.2352,*0000000001000100,0.0357,99.1122,*0000000000000100,8.018,*0000000011000100,5.228240199,-9999999,*0000000000000100,-9999999,-9999999,-9999999,-9999999,-9999999,1.174960405,10.45471839,12.72216377,0.044465968,0.188034644,-9999999,*0000000000000100,32.63634508,-9999999,*0000000000000100,-9999999,-9999999,-9999999,2081.95,-9999999,*0000000000000100,450.35,22.5,-9999999,-9999999,-9999999,-9999999,-9999999,-9999999,2219.93,-9999999,-9999999,7.984,20.68,1956.3,104.97,2.428,1.576
AT50-29,Slope Base Shallow Profiler,RS01SBPS,44.52467,-125.38783,2024-08-09T19:36:49.000Z,CTD-002,*0000000000000100,2923,AT50-20_CTD-002,*0000000000000100,13,*0000000000000100,2024-08-09T20:20:53.000Z,101.242,*0000000001000100,100.4,44.5247,-125.38778,8.4779,*0000000001000100,8.4788,*0000000001000100,3.4815,*0000000001000100,3.481872,*0000000001000100,33.0026,33.0057,4.5739,*0000000011000100,6.61479,0.1802,*0000000011000100,0.0317,99.2094,*0000000000000100,7.922,*0000000011000100,4.435822872,-9999999,*0000000000000100,0.103404491,0.055811567,1.493589744,-9999999,*0000000000000100,1.507500657,18.22820601,18.88155312,0.031085569,0.146430809,-9999999,*0000000000000100,-9999999,-9999999,-9999999,-9999999,-9999999,-9999999,2156.48,-9999999,*0000000000000100,558.65,22.8,-9999999,-9999999,-9999999,-9999999,-9999999,-9999999,2266.51,-9999999,-9999999,7.906,26.09,2040.12,90.27,2.073,1.344
AT50-29,Slope Base Shallow Profiler,RS01SBPS,44.52467,-125.38783,2024-08-09T19:36:49.000Z,CTD-002,*0000000000000100,2923,AT50-20_CTD-002,*0000000000000100,11,*0000000000000100,2024-08-09T20:16:01.000Z,121.596,*0000000001000100,120.578,44.5247,-125.38776,8.0692,*0000000001000100,8.065,*0000000001000100,3.481007,*0000000011000100,3.480268,*0000000011000100,33.3736,33.3698,4.0109,*0000000011000100,6.65969,0.0607,*0000000001000100,0.026,99.3536,*0000000000000100,7.854,*0000000011000100,3.689527563,-9999999,*0000000000000100,-9999999,-9999999,-9999999,-9999999,-9999999,1.77019347,26.57997086,24.22098402,0.026513842,0.205008404,-9999999,*0000000000000100,33.56767524,-9999999,*0000000000000100,-9999999,-9999999,-9999999,2162.26,-9999999,*0000000000000100,639.78,22.8,-9999999,-9999999,-9999999,-9999999,-9999999,-9999999,2251.74,-9999999,-9999999,7.847,30.24,2053.14,78.89,1.799,1.166
AT50-29,Slope Base Shallow Profiler,RS01SBPS,44.52467,-125.38783,2024-08-09T19:36:49.000Z,CTD-002,*0000000000000100,2923,AT50-20_CTD-002,*0000000000000100,9,*0000000000000100,2024-08-09T20:10:54.000Z,141.248,*0000000001000100,140.06,44.5247,-125.38777,8.1501,*0000000001000100,8.1509,*0000000001000100,3.518585,*0000000001000100,3.518511,*0000000001000100,33.6872,33.6857,3.2098,*0000000001000100,6.634,0.0202,*0000000011000100,0.0296,99.2615,*0000000000000100,7.79,*0000000011000100,-9999999,-9999999,-9999999,0.010071866,0.042489846,1.145631068,-9999999,*0000000000000100,1.954350821,32.63973749,27.74428265,0.03300337,0.219127866,-9999999,*0000000000000100,-9999999,-9999999,-9999999,-9999999,-9999999,-9999999,2215.55,-9999999,*0000000000000100,736.83,22.7,-9999999,-9999999,-9999999,-9999999,-9999999,-9999999,2291.12,-9999999,-9999999,7.796,34.66,2108,72.89,1.651,1.071
AT50-29,Slope Base Shallow Profiler,RS01SBPS,44.52467,-125.38783,2024-08-09T19:36:49.000Z,CTD-002,*0000000000000100,2923,AT50-20_CTD-002,*0000000000000100,7,*0000000000000100,2024-08-09T20:04:36.000Z,161.751,*0000000001000100,160.382,44.5247,-125.38776,7.7555,*0000000001000100,7.7555,*0000000001000100,3.496176,*0000000001000100,3.496105,*0000000001000100,33.8184,33.8177,2.8352,*0000000011000100,6.6876,0.0284,*0000000011000100,0.0304,99.2429,*0000000000000100,7.754,*0000000011000100,2.578410342,*0000000010000000,*0000000000000100,0.011414782,0.040126314,1.168316832,-9999999,*0000000000000100,2.060197686,38.11211874,29.75195035,0.030444016,0.221179541,-9999999,*0000000000000100,-9999999,-9999999,-9999999,-9999999,-9999999,-9999999,2232.03,-9999999,*0000000000000100,795.93,22.5,-9999999,-9999999,-9999999,-9999999,-9999999,-9999999,2296.44,-9999999,-9999999,7.764,37.92,2126.54,67.57,1.523,0.987
AT50-29,Slope Base Shallow Profiler,RS01SBPS,44.52467,-125.38783,2024-08-09T19:36:49.000Z,CTD-002,*0000000000000100,2923,AT50-20_CTD-002,*0000000000000100,5,*0000000000000100,2024-08-09T19:59:54.000Z,181.815,*0000000001000100,180.268,44.5247,-125.38778,7.5531,*0000000001000100,7.5527,*0000000001000100,3.483092,*0000000001000100,3.48298,*0000000001000100,33.8645,33.8636,2.6226,*0000000001000100,6.71634,0.0278,*0000000001000100,0.0338,99.1596,*0000000000000100,7.734,*0000000011000100,-9999999,-9999999,-9999999,-9999999,-9999999,-9999999,-9999999,-9999999,2.164618642,41.98929355,31.26406628,0.035839295,0.247295138,-9999999,*0000000000000100,-9999999,-9999999,-9999999,-9999999,-9999999,-9999999,2254.78,-9999999,*0000000000000100,841.17,22.8,-9999999,-9999999,-9999999,-9999999,-9999999,-9999999,2312.36,-9999999,-9999999,7.743,40.35,2149.69,64.74,1.453,0.942
AT50-29,Slope Base Shallow Profiler,RS01SBPS,44.52467,-125.38783,2024-08-09T19:36:49.000Z,CTD-002,*0000000000000100,2923,AT50-20_CTD-002,*0000000000000100,3,*0000000000000100,2024-08-09T19:55:11.000Z,202.16,*0000000001000100,200.43,44.5247,-125.38778,7.3286,*0000000001000100,7.3272,*0000000001000100,3.46724,*0000000011000100,3.466994,*0000000011000100,33.902,33.9007,2.5352,*0000000011000100,6.74908,0.0333,*0000000011000100,0.0333,99.1711,*0000000000000100,7.725,*0000000011000100,2.255023852,*0000000010000000,*0000000000001000,0.008728951,0.043322453,1.12745098,*0000000000000001,*0000000000000100,2.169036673,44.44580924,31.78756773,0.022820151,0.203649022,-9999999,*0000000000000100,33.90558175,-9999999,*0000000000000100,-9999999,-9999999,-9999999,2247.08,-9999999,*0000000000000100,813.3,22.8,-9999999,-9999999,-9999999,-9999999,-9999999,-9999999,2307.48,-9999999,-9999999,7.754,39.31,2141.97,65.8,1.471,0.953
AT50-29,Slope Base Shallow Profiler,RS01SBPS,44.52467,-125.38783,2024-08-09T19:36:49.000Z,CTD-002,*0000000000000100,2923,AT50-20_CTD-002,*0000000000000100,3,*0000000000000100,2024-08-09T19:55:11.000Z,202.16,*0000000001000100,200.43,44.5247,-125.38778,7.3286,*0000000001000100,7.3272,*0000000001000100,3.46724,*0000000001000100,3.466994,*0000000001000100,33.902,33.9007,2.5352,*0000000011000100,6.74908,0.0333,*0000000001000100,0.0333,99.1711,*0000000000000100,7.725,*0000000001000100,2.269123649,*0000000010000000,*0000000000001000,-9999999,-9999999,-9999999,-9999999,-9999999,-9999999,-9999999,-9999999,-9999999,-9999999,-9999999,-9999999,-9999999,-9999999,-9999999,-9999999,-9999999,-9999999,-9999999,-9999999,-9999999,-9999999,-9999999,-9999999,-9999999,-9999999,-9999999,-9999999,-9999999,-9999999,-9999999,-9999999,-9999999,-9999999,-9999999,-9999999,-9999999,-9999999
AT50-29,Slope Base Shallow Profiler,RS01SBPS,44.52467,-125.38783,2024-08-09T19:36:49.000Z,CTD-002,*0000000000000100,2923,AT50-20_CTD-002,*0000000000000100,1,*0000000000000100,2024-08-09T19:49:49.000Z,222.379,*0000000001000100,220.465,44.52472,-125.38778,7.0563,*0000000001000100,7.055,*0000000001000100,3.44593,*0000000001000100,3.445718,*0000000001000100,33.9269,33.9258,2.3325,*0000000001000100,6.79013,0.0243,*0000000001000100,0.0291,99.276,*0000000000000100,7.702,*0000000011000100,-9999999,-9999999,-9999999,-9999999,-9999999,-9999999,-9999999,-9999999,2.337858539,48.725192,33.03038833,0.016251617,0.046618632,-9999999,*0000000000000100,-9999999,-9999999,-9999999,-9999999,-9999999,-9999999,2261.66,-9999999,*0000000000000100,870.22,22.8,-9999999,-9999999,-9999999,-9999999,-9999999,-9999999,2312.6,-9999999,-9999999,7.726,42.45,2157.6,61.61,1.371,0.888