target,method,hypothesis,test_lon,test_lat,observed,predicted,predicted_calibrated,observed_value,model_original,assessment_row_id
DIC_misfit,year,A3,-124.9498,47.966,-13.441598239410723,17.424395,-2.3768349,2239.3039029269107,2225.8623046875,3791
DIC_misfit,year,A3,-124.9498,47.966,15.365225514505255,13.903243,-3.6220837,2185.7490322979947,2201.1142578125,3793
DIC_misfit,year,A3,-124.9498,47.966,15.641447053131287,7.996379,-5.7110357,2154.6354084156187,2170.27685546875,3795
DIC_misfit,year,A3,-124.9498,47.966,17.034739445424293,11.047863,-4.6318836,2111.5887957108257,2128.62353515625,3797
DIC_misfit,year,A3,-124.9498,47.966,-15.40866828139815,5.2929797,-6.6670876,2116.978980781398,2101.5703125,3799
DIC_misfit,year,A3,-124.9498,47.966,-23.317995797655385,6.467905,-6.2515774,2105.5111110320304,2082.193115234375,3801
DIC_misfit,year,A3,-124.9498,47.966,19.72777542306312,23.894955,-0.0885334,2045.3422929363119,2065.070068359375,3803
DIC_misfit,year,A3,-124.9498,47.966,97.36334448288312,18.002563,-2.1723666,1926.1491066889919,2023.512451171875,3805
DIC_misfit,year,A3,-124.9498,47.966,52.41404924444441,-11.821889,-12.71973,1901.7434214586806,1954.157470703125,3807
DIC_misfit,year,A3,-122.8487,48.1882,0.38459525654388926,29.16016,1.7734976,2190.761644977831,2191.146240234375,3809
DIC_misfit,year,A3,-122.8487,48.1882,-19.206768840757377,38.155537,4.9546957,2163.3007629813824,2144.093994140625,3810
DIC_misfit,year,A3,-122.8487,48.1882,-85.52770652489971,39.09812,5.288039,2189.9864467592747,2104.458740234375,3811
DIC_misfit,year,A3,-122.8487,48.1882,-1.5891310379483912,37.754173,4.8127546,2077.3332716629484,2075.744140625,3812
DIC_misfit,year,A3,-122.8487,48.1882,-5.8575485021210625,39.70923,5.504156,2050.7814986974336,2044.9239501953125,3813
DIC_misfit,year,A3,-122.8487,48.1882,0.6806966028468651,37.673862,4.7843523,2025.9937418737156,2026.6744384765625,3814
DIC_misfit,year,A3,-122.8487,48.1882,-8.962255045128586,28.40632,1.5069036,2003.4424796545036,1994.480224609375,3815
DIC_misfit,year,A3,-123.483,48.2233,6.008116392671127,24.567522,0.1493187,2276.869325013579,2282.87744140625,3816
DIC_misfit,year,A3,-123.483,48.2233,3.7994866279268535,23.602085,-0.19210625,2272.026196965823,2275.82568359375,3817
DIC_misfit,year,A3,-123.483,48.2233,5.614083770289199,21.622364,-0.8922305,2254.842459198461,2260.45654296875,3818
DIC_misfit,year,A3,-123.483,48.2233,-7.455128987582611,19.425686,-1.6690817,2197.7825215657076,2190.327392578125,3819
DIC_misfit,year,A3,-123.483,48.2233,-9.988234652957999,26.108095,0.69414043,2153.235793246708,2143.24755859375,3820
DIC_misfit,year,A3,-123.483,48.2233,-39.579193032214334,28.16494,1.4215393,2143.4139098290893,2103.834716796875,3821
DIC_misfit,year,A3,-123.483,48.2233,-7.147943910864342,34.066116,3.50848,2077.5046333639893,2070.356689453125,3822
DIC_misfit,year,A3,-123.483,48.2233,12.179262710490093,33.13709,3.1799307,2041.46575682076,2053.64501953125,3823
DIC_misfit,year,A3,-123.483,48.2233,29.49258314387953,22.68132,-0.5177326,2018.1878367779955,2047.680419921875,3824
DIC_misfit,year,A3,-123.9827,48.272,8.153772082844625,24.84534,0.24756908,2297.6355345577804,2305.789306640625,3825
DIC_misfit,year,A3,-123.9827,48.272,8.84745437701713,24.84534,0.24756908,2296.142291716733,2304.98974609375,3826
DIC_misfit,year,A3,-123.9827,48.272,13.403086302299016,24.935701,0.2795248,2286.339345338326,2299.742431640625,3827
DIC_misfit,year,A3,-123.9827,48.272,-10.091140228855238,22.43827,-0.6036868,2260.1499781194802,2250.058837890625,3828
DIC_misfit,year,A3,-123.9827,48.272,-15.618960883827185,17.669214,-2.290255,2208.756900336952,2193.137939453125,3829
DIC_misfit,year,A3,-123.9827,48.272,7.2132394528994155,26.642683,0.8831959,2133.8292410158506,2141.04248046875,3830
DIC_misfit,year,A3,-123.9827,48.272,12.619967553061542,30.349693,2.1941738,2093.1256379156885,2105.74560546875,3831
DIC_misfit,year,A3,-123.9827,48.272,-5.503007895513747,33.7505,3.396863,2077.2241993017637,2071.72119140625,3832
DIC_misfit,year,A3,-123.9827,48.272,-11.913488624546517,31.022848,2.4322338,2069.4296019057965,2057.51611328125,3833
DIC_misfit,year,A3,-123.9827,48.272,-18.345810015076495,24.155119,0.0034732819,2065.093978960389,2046.7481689453125,3834
DIC_misfit,year,A3,-124.4333,48.3968,4.840597072275614,27.916388,1.3336391,2309.0729771464744,2313.91357421875,3835
DIC_misfit,year,A3,-124.4333,48.3968,8.786262862003696,27.916388,1.3336391,2301.9608074504963,2310.7470703125,3836
DIC_misfit,year,A3,-124.4333,48.3968,13.613650735002011,27.916388,1.3336391,2297.133419577498,2310.7470703125,3837
DIC_misfit,year,A3,-124.4333,48.3968,-0.9274887636524909,27.408062,1.1538706,2290.6818832949025,2289.75439453125,3838
DIC_misfit,year,A3,-124.4333,48.3968,-13.325363321116129,24.47056,0.11502838,2275.091964883616,2261.7666015625,3839
DIC_misfit,year,A3,-124.4333,48.3968,-18.086030011564617,18.520533,-1.9891877,2217.2046823553146,2199.11865234375,3840
DIC_misfit,year,A3,-124.4333,48.3968,-22.828631478012085,26.419231,0.8041725,2158.880633431137,2136.052001953125,3841
DIC_misfit,year,A3,-124.4333,48.3968,-12.621445943912477,30.20068,2.1414747,2117.5169537564125,2104.8955078125,3842
DIC_misfit,year,A3,-124.4333,48.3968,-12.551216325179212,33.033337,3.143239,2087.862983903304,2075.311767578125,3843
DIC_misfit,year,A3,-124.4333,48.3968,-16.3806910950766,28.065123,1.386239,2078.7730250794516,2062.392333984375,3844
DIC_misfit,year,A3,-124.4333,48.3968,-28.06461782400538,25.756886,0.5699358,2076.8456236833804,2048.781005859375,3845
DIC_misfit,year,A3,-124.7828,48.465,12.732372190519072,25.650536,0.5323248,2323.383350465731,2336.11572265625,3846
DIC_misfit,year,A3,-124.7828,48.465,9.761867445223743,27.981504,1.3566675,2323.0113259141513,2332.773193359375,3847
DIC_misfit,year,A3,-124.7828,48.465,9.351875690976613,27.981504,1.3566675,2323.4213176683984,2332.773193359375,3848
DIC_misfit,year,A3,-124.7828,48.465,7.689029288233996,28.304628,1.4709396,2307.788509774266,2315.4775390625,3849
DIC_misfit,year,A3,-124.7828,48.465,-5.650286064201282,27.071056,1.0346899,2292.7166923142013,2287.06640625,3850
DIC_misfit,year,A3,-124.7828,48.465,-4.942009878647241,19.637976,-1.5940061,2261.5235528473972,2256.58154296875,3851
DIC_misfit,year,A3,-124.7828,48.465,38.13681562567399,12.425895,-4.144545,2190.196680468076,2228.33349609375,3852
DIC_misfit,year,A3,-124.7828,48.465,15.66771784004095,6.9298897,-6.0881977,2163.744147394334,2179.411865234375,3853
DIC_misfit,year,A3,-124.7828,48.465,-3.0705685179414104,18.498274,-1.9970593,2140.2807735960664,2137.210205078125,3854
DIC_misfit,year,A3,-124.7828,48.465,-29.406622981714463,31.688486,2.667635,2108.8548651692145,2079.4482421875,3855
DIC_misfit,year,A3,-124.7828,48.465,-19.267381849850608,26.597263,0.86713314,2075.8931142717256,2056.625732421875,3856
DIC_misfit,year,A3,-124.7828,48.465,-25.608954130655093,30.83633,2.366272,2075.21173733378,2049.602783203125,3857
DIC_misfit,year,A3,-124.7828,48.465,-26.030001193056705,30.83633,2.366272,2075.6327843961817,2049.602783203125,3858
DIC_misfit,year,A3,-125.0163,48.2665,-0.4732563106476846,22.091974,-0.72615385,2335.5279438106477,2335.0546875,3859
DIC_misfit,year,A3,-125.0163,48.2665,4.699181101708291,26.14987,0.7089138,2331.0056528826667,2335.704833984375,3860
DIC_misfit,year,A3,-125.0163,48.2665,2.0252021111427894,26.14987,0.7089138,2333.679631873232,2335.704833984375,3861
DIC_misfit,year,A3,-125.0163,48.2665,2.2678736029729407,26.488478,0.8286619,2314.304147881402,2316.572021484375,3862
DIC_misfit,year,A3,-125.0163,48.2665,-2.2459283222083286,23.57441,-0.20189285,2287.9449029315833,2285.698974609375,3863
DIC_misfit,year,A3,-125.0163,48.2665,-35.657256454830076,12.826533,-4.00286,2275.06057676733,2239.4033203125,3864
DIC_misfit,year,A3,-125.0163,48.2665,-31.903769922673746,5.1964526,-6.7012243,2230.5746683601737,2198.6708984375,3865
DIC_misfit,year,A3,-125.0163,48.2665,-47.52901478403601,2.2083209,-7.757972,2202.853721815286,2155.32470703125,3866
DIC_misfit,year,A3,-125.0163,48.2665,-57.39687585119282,4.245467,-7.0375385,2189.827539913693,2132.4306640625,3867
DIC_misfit,year,A3,-125.0163,48.2665,-94.48334993908384,41.122063,6.0038023,2147.937451501584,2053.4541015625,3868
DIC_misfit,year,A3,-125.0163,48.2665,-18.66316387802317,49.277817,8.888069,2042.2360398545857,2023.5728759765625,3869
DIC_misfit,year,A3,-125.0163,48.2665,-0.6264930190486666,43.277264,6.7659855,2022.5498328627987,2021.92333984375,3870
DIC_misfit,year,A3,-125.0163,48.2665,-0.9518505327403091,42.803986,6.598612,2022.8751903764903,2021.92333984375,3871
DIC_misfit,year,A3,-124.9512,47.9645,4.089242856662622,19.592537,-1.6100755,2279.8685208152124,2283.957763671875,3872
DIC_misfit,year,A3,-124.9512,47.9645,4.00935777310724,12.257332,-4.2041574,2259.7831226956428,2263.79248046875,3873
DIC_misfit,year,A3,-124.9512,47.9645,2.1608423120733278,12.257332,-4.2041574,2261.6316381566767,2263.79248046875,3874
DIC_misfit,year,A3,-124.9512,47.9645,30.838803432545774,-0.23540722,-8.622191,2190.415102817454,2221.25390625,3875
DIC_misfit,year,A3,-124.9512,47.9645,52.19000250279805,-17.674187,-14.789385,2138.024841247202,2190.21484375,3876
DIC_misfit,year,A3,-124.9512,47.9645,38.04936121477067,-25.913319,-17.703138,2108.4254923008543,2146.474853515625,3877
DIC_misfit,year,A3,-124.9512,47.9645,15.419367097560553,-27.920824,-18.41309,2112.3201348555644,2127.739501953125,3878
DIC_misfit,year,A3,-124.9512,47.9645,-3.6293212446826146,-15.731048,-14.102197,2111.1576415571826,2107.5283203125,3879
DIC_misfit,year,A3,-124.9512,47.9645,112.79534187207514,37.075466,4.572731,1936.7698436747999,2049.565185546875,3880
DIC_misfit,year,A3,-124.9512,47.9645,113.82932495418527,42.264732,6.4079056,1907.8695275848772,2021.6988525390625,3881
DIC_misfit,year,A3,-124.9512,47.9645,110.04433627494836,42.239773,6.3990784,1908.6593990766141,2018.7037353515625,3882
DIC_misfit,year,A3,-124.9512,47.9645,109.62985254210389,50.2122,9.2185135,1907.9376523407086,2017.5675048828125,3883
DIC_misfit,year,A3,-124.9512,47.9645,109.6909550227108,42.91363,6.6373873,1907.5710078679142,2017.261962890625,3884
DIC_misfit,year,A3,-122.4549,47.8134,88.95403733370813,69.41694,16.010235,2092.560611103792,2181.5146484375,3885
DIC_misfit,year,A3,-122.4549,47.8134,88.40237599554257,69.017685,15.86904,2090.6698896294574,2179.072265625,3886
DIC_misfit,year,A3,-122.4549,47.8134,95.45935316063606,66.81753,15.090958,2068.663205433114,2164.12255859375,3887
DIC_misfit,year,A3,-122.4549,47.8134,68.93034835274648,59.917805,12.650883,2080.1211653191285,2149.051513671875,3888
DIC_misfit,year,A3,-122.4549,47.8134,58.85040614808713,51.463726,9.661114,2076.627132914413,2135.4775390625,3889
DIC_misfit,year,A3,-122.4549,47.8134,53.200560160700206,48.606384,8.6506195,2073.949098042425,2127.149658203125,3890
DIC_misfit,year,A3,-122.4549,47.8134,56.43661511759228,47.48969,8.255701,2067.1727598824077,2123.609375,3891
DIC_misfit,year,A3,-122.4549,47.8134,51.896125450603904,47.550617,8.277248,2066.672478065021,2118.568603515625,3892
DIC_misfit,year,A3,-122.4549,47.8134,50.67890888752572,46.81451,8.016926,2063.8415989249743,2114.5205078125,3893
DIC_misfit,year,A3,-122.4549,47.8134,44.66174402478873,14.742781,-3.325183,2064.8009024595863,2109.462646484375,3894
DIC_misfit,year,A3,-122.8864,48.2134,5.140490701513045,41.47277,6.1278296,2252.031140157862,2257.171630859375,3895
DIC_misfit,year,A3,-122.8864,48.2134,11.244737515808538,39.48176,5.423712,2215.0792370935665,2226.323974609375,3896
DIC_misfit,year,A3,-122.8864,48.2134,20.32290468863721,38.651657,5.130148,2177.909517186363,2198.232421875,3897
DIC_misfit,year,A3,-122.8864,48.2134,31.260566640871275,40.552517,5.8023834,2148.6903610935037,2179.950927734375,3898
DIC_misfit,year,A3,-122.8864,48.2134,21.29913327712211,43.014156,6.6729383,2151.119079613503,2172.418212890625,3899
DIC_misfit,year,A3,-122.8864,48.2134,21.21282295447736,42.525314,6.50006,2147.0137395455226,2168.2265625,3900
DIC_misfit,year,A3,-122.8864,48.2134,18.86517102983271,42.221756,6.392707,2145.9072899076673,2164.7724609375,3901
DIC_misfit,year,A3,-122.8864,48.2134,14.508450070789422,14.793069,-3.3073983,2144.2518038354606,2158.76025390625,3902
DIC_misfit,year,A3,-123.428,48.2305,40.331016055528835,33.282944,3.231512,2276.644569881971,2316.9755859375,3903
DIC_misfit,year,A3,-123.428,48.2305,44.30242286884777,30.998936,2.4237766,2265.6570497874022,2309.95947265625,3904
DIC_misfit,year,A3,-123.428,48.2305,25.01279919286071,28.224115,1.4424667,2255.2008238540143,2280.213623046875,3905
DIC_misfit,year,A3,-123.428,48.2305,6.033134360854092,30.205496,2.143178,2248.066475014146,2254.099609375,3906
DIC_misfit,year,A3,-123.428,48.2305,-9.818140023608976,27.919853,1.3348646,2240.257593148609,2230.439453125,3907
DIC_misfit,year,A3,-123.428,48.2305,-8.626601130438758,24.149136,0.0013580322,2229.8148335523138,2221.188232421875,3908
DIC_misfit,year,A3,-123.428,48.2305,-4.368252955255684,24.550047,0.14313889,2210.3164951427557,2205.9482421875,3909
DIC_misfit,year,A3,-123.428,48.2305,-1.2334847098286446,23.85302,-0.10336304,2201.4392952567036,2200.205810546875,3910
DIC_misfit,year,A3,-123.428,48.2305,32.8671487723841,17.617237,-2.3086367,2160.015907868241,2192.883056640625,3911
DIC_misfit,year,A3,-123.9722,48.2565,30.01372015405832,35.33679,3.9578505,2304.5917485959417,2334.60546875,3912
DIC_misfit,year,A3,-123.9722,48.2565,30.962869226244493,34.96832,3.8275423,2302.6772674925055,2333.64013671875,3913
DIC_misfit,year,A3,-123.9722,48.2565,38.33317970083044,34.43971,3.6406002,2288.1770742054196,2326.51025390625,3914
DIC_misfit,year,A3,-123.9722,48.2565,28.576268476846053,29.457508,1.8786535,2270.676905351279,2299.253173828125,3915
DIC_misfit,year,A3,-123.9722,48.2565,16.55708058360824,31.38488,2.5602655,2252.8564936351418,2269.41357421875,3916
DIC_misfit,year,A3,-123.9722,48.2565,9.434449291652982,24.056389,-0.03144169,2227.478636645847,2236.9130859375,3917
DIC_misfit,year,A3,-123.9722,48.2565,25.201023782301945,22.772972,-0.4853201,2196.017482077073,2221.218505859375,3918
DIC_misfit,year,A3,-123.9722,48.2565,12.424750798257719,27.23104,1.0912676,2181.1240773267423,2193.548828125,3919
DIC_misfit,year,A3,-123.9722,48.2565,11.275771102270937,27.45653,1.1710119,2166.479599991479,2177.75537109375,3920
DIC_misfit,year,A3,-123.9722,48.2565,4.207437214678976,20.27465,-1.3688469,2162.503988566571,2166.71142578125,3921
DIC_misfit,year,A3,-124.424,48.3969,31.835457232263252,36.447323,4.350589,2311.4763103458617,2343.311767578125,3922
DIC_misfit,year,A3,-124.424,48.3969,37.7401937686509,36.617195,4.4106646,2303.719278887599,2341.45947265625,3923
DIC_misfit,year,A3,-124.424,48.3969,31.722410272023808,33.4878,3.3039598,2276.486329962351,2308.208740234375,3924
DIC_misfit,year,A3,-124.424,48.3969,38.035525711603896,27.097471,1.0440311,2240.641232100896,2278.6767578125,3925
DIC_misfit,year,A3,-124.424,48.3969,72.47691911632955,25.007557,0.3049364,2163.0716648680454,2235.548583984375,3926
DIC_misfit,year,A3,-124.424,48.3969,29.87029580049648,23.642641,-0.17776299,2181.5303389651285,2211.400634765625,3927
DIC_misfit,year,A3,-124.424,48.3969,42.94431859810629,23.35644,-0.27897835,2151.7180349175187,2194.662353515625,3928
DIC_misfit,year,A3,-124.424,48.3969,83.64921948634628,22.15793,-0.7028284,2084.6063957480287,2168.255615234375,3929
DIC_misfit,year,A3,-124.424,48.3969,87.4496914089068,21.988657,-0.762692,2066.295914059843,2153.74560546875,3930
DIC_misfit,year,A3,-124.424,48.3969,72.11967509960323,18.535543,-1.9838791,2070.7182155253968,2142.837890625,3931
DIC_misfit,year,A3,-124.7935,48.4665,35.759357575411286,31.844614,2.7228498,2322.2645682058387,2358.02392578125,3932
DIC_misfit,year,A3,-124.7935,48.4665,37.02719366450992,31.14258,2.474577,2314.353909851115,2351.381103515625,3933
DIC_misfit,year,A3,-124.7935,48.4665,20.564931811622046,29.15482,1.7716084,2308.384531079003,2328.949462890625,3934
DIC_misfit,year,A3,-124.7935,48.4665,23.076598096172347,28.07863,1.391016,2285.9417124507027,2309.018310546875,3935
DIC_misfit,year,A3,-124.7935,48.4665,48.10259702748772,26.56954,0.85732937,2239.2511627381373,2287.353759765625,3936
DIC_misfit,year,A3,-124.7935,48.4665,100.77651943273895,23.958586,-0.0660305,2143.574310645386,2244.350830078125,3937
DIC_misfit,year,A3,-124.7935,48.4665,163.17633810503662,13.705257,-3.692101,2011.5585251762134,2174.73486328125,3938
DIC_misfit,year,A3,-124.7935,48.4665,125.08683530077315,6.620105,-6.1977525,2006.6377740742269,2131.724609375,3939
DIC_misfit,year,A3,-124.7935,48.4665,82.25601319925386,7.642205,-5.8362885,2002.8955981288711,2085.151611328125,3940
DIC_misfit,year,A3,-124.7935,48.4665,73.02987341389166,8.810389,-5.4231625,2001.3893160392333,2074.419189453125,3941
DIC_misfit,year,A3,-124.7935,48.4665,57.81936380448519,6.7802415,-6.1411204,2000.3486049455148,2058.16796875,3942
DIC_misfit,year,A3,-125.016,48.2666,23.42537537326416,25.190393,0.36959648,2327.698648064236,2351.1240234375,3943
DIC_misfit,year,A3,-125.016,48.2666,22.919721693620886,28.194815,1.4321051,2326.963579087629,2349.88330078125,3944
DIC_misfit,year,A3,-125.016,48.2666,19.87662561424804,28.671106,1.600544,2324.225425167002,2344.10205078125,3945
DIC_misfit,year,A3,-125.016,48.2666,22.944111324634832,34.897564,3.8025198,2314.498759769115,2337.44287109375,3946
DIC_misfit,year,A3,-125.016,48.2666,73.14927635428376,31.58907,2.6324768,2252.2237705207162,2325.373046875,3947
DIC_misfit,year,A3,-125.016,48.2666,91.27198763853903,29.455954,1.8781042,2189.664291658336,2280.936279296875,3948
DIC_misfit,year,A3,-125.016,48.2666,136.03696795208907,23.605759,-0.19080639,2105.078022282286,2241.114990234375,3949
DIC_misfit,year,A3,-125.016,48.2666,38.47485446422343,10.405142,-4.859181,2134.5026845982766,2172.9775390625,3950
DIC_misfit,year,A3,-125.016,48.2666,72.03907317542121,10.880924,-4.6909213,2007.7094619808288,2079.74853515625,3951
DIC_misfit,year,A3,-125.016,48.2666,71.6569361585357,16.541496,-2.6890702,1997.0618138414643,2068.71875,3952
DIC_misfit,year,A3,-125.016,48.2666,72.9034098820639,16.287737,-2.778812,1995.388094024186,2068.29150390625,3953
DIC_misfit,year,A3,-124.9507,47.9607,110.1357101423896,53.177944,10.2673435,2270.5928054826104,2380.728515625,3954
DIC_misfit,year,A3,-124.9507,47.9607,112.83698144968776,52.180565,9.914621,2264.9664853471872,2377.803466796875,3955
DIC_misfit,year,A3,-124.9507,47.9607,120.58997418159106,31.313704,2.5350943,2199.546256287159,2320.13623046875,3956
DIC_misfit,year,A3,-124.9507,47.9607,93.76569320165481,29.746166,1.9807377,2184.94744156397,2278.713134765625,3957
DIC_misfit,year,A3,-124.9507,47.9607,51.29377236995606,23.737171,-0.14433289,2194.416432708169,2245.710205078125,3958
DIC_misfit,year,A3,-124.9507,47.9607,14.063425872681819,11.917489,-4.3243423,2192.940236236693,2207.003662109375,3959
DIC_misfit,year,A3,-124.9507,47.9607,13.22236962915531,-7.9544497,-11.352017,2082.1269956052197,2095.349365234375,3960
DIC_misfit,year,A3,-124.9507,47.9607,21.06375903883736,-28.747627,-18.705486,1990.4971540471001,2011.5609130859375,3961
DIC_misfit,year,A3,-124.9507,47.9607,8.449846988366971,-31.577925,-19.706417,1988.601666683508,1997.051513671875,3962
DIC_misfit,year,A3,-124.9507,47.9607,1.2820584358803444,-27.489248,-18.260464,1992.6826632438072,1993.9647216796875,3963
DIC_misfit,year,A3,-124.9507,47.9607,7.815368777856747,-29.451265,-18.954327,1984.8012083705808,1992.6165771484375,3964
DIC_misfit,year,A3,-123.0257,48.2498,31.474563499853048,42.208965,6.3881836,2252.636764625147,2284.111328125,3965
DIC_misfit,year,A3,-123.0257,48.2498,29.945126524654825,41.671574,6.1981363,2229.753115662845,2259.6982421875,3966
DIC_misfit,year,A3,-123.0257,48.2498,29.516184037369385,39.321575,5.3670635,2206.0289819782556,2235.545166015625,3967
DIC_misfit,year,A3,-123.0257,48.2498,19.51914194144092,36.748722,4.457178,2199.656883449184,2219.176025390625,3968
DIC_misfit,year,A3,-123.0257,48.2498,-0.26429668091077474,36.607655,4.4072905,2203.651503712161,2203.38720703125,3969
DIC_misfit,year,A3,-123.0257,48.2498,10.336775105473407,38.009026,4.9028826,2177.2100998945266,2187.546875,3970
DIC_misfit,year,A3,-123.0257,48.2498,17.937219435881616,42.17413,6.375864,2151.6487180641184,2169.5859375,3971
DIC_misfit,year,A3,-123.0257,48.2498,26.068666517302972,43.44133,6.824007,2138.968686998322,2165.037353515625,3972
DIC_misfit,year,A3,-123.0257,48.2498,21.531054652547482,35.20669,3.9118423,2137.5949219099525,2159.1259765625,3973
DIC_misfit,year,A3,-126.605,48.1967,-13.18701706623142,-14.062779,-13.512217,2445.9480033943564,2432.760986328125,3975
DIC_misfit,year,A3,-126.605,48.1967,-7.5468941632511815,-15.334298,-13.961887,2421.590595335126,2414.043701171875,3976
DIC_misfit,year,A3,-126.605,48.1967,-28.196033533743048,-6.6136446,-10.877844,2386.657459314993,2358.46142578125,3977
DIC_misfit,year,A3,-126.605,48.1967,-23.27182618670804,-4.2930927,-10.057185,2366.123388686708,2342.8515625,3978
DIC_misfit,year,A3,-126.605,48.1967,-8.086861290069464,21.936245,-0.7812271,2335.6994101181945,2327.612548828125,3979
DIC_misfit,year,A3,-126.605,48.1967,35.17668714474394,27.840487,1.306797,2273.770578480256,2308.947265625,3980
DIC_misfit,year,A3,-126.605,48.1967,21.28714638656038,26.595573,0.86653614,2267.2692500978146,2288.556396484375,3981
DIC_misfit,year,A3,-126.605,48.1967,7.564310718519664,11.423457,-4.4990554,2235.6898396721053,2243.254150390625,3982
DIC_misfit,year,A3,-126.605,48.1967,2.096394033019351,0.19087596,-8.471437,2185.4018969826056,2187.498291015625,3983
DIC_misfit,year,A3,-126.605,48.1967,60.266561553322845,1.3591722,-8.058271,2127.231729462302,2187.498291015625,3984
DIC_misfit,year,A3,-126.605,48.1967,9.698608991804576,3.9432156,-7.144429,2097.8275140550704,2107.526123046875,3985
DIC_misfit,year,A3,-126.605,48.1967,1.6244559890906203,2.9174192,-7.5072002,2105.9016670577844,2107.526123046875,3986
DIC_misfit,year,A3,-126.605,48.1967,-29.994114819894094,-18.618412,-15.123308,2082.622288648019,2052.628173828125,3987
DIC_misfit,year,A3,-126.605,48.1967,-31.888835899682817,-27.787683,-18.366005,2049.8447685168703,2017.9559326171875,3988
DIC_misfit,year,A3,-126.605,48.1967,-4.25567082251473,-25.506863,-17.559395,2022.2116034397022,2017.9559326171875,3989
DIC_misfit,year,A3,-126.605,48.1967,-19.02450787315911,-24.67054,-17.263632,2005.2316611934716,1986.2071533203125,3990
DIC_misfit,year,A3,-126.605,48.1967,-17.066910731486814,-20.343168,-15.733265,2003.2740640517993,1986.2071533203125,3991
DIC_misfit,year,A3,-126.605,48.1967,-18.35883078626398,-12.015677,-12.788263,2003.510442114389,1985.151611328125,3992
DIC_misfit,year,A3,-126.4167,48.3033,-20.999889721431828,-14.1000805,-13.525408,2447.299694408932,2426.2998046875,3993
DIC_misfit,year,A3,-126.4167,48.3033,-10.468086160239636,-15.711175,-14.095169,2417.6883010039896,2407.22021484375,3995
DIC_misfit,year,A3,-126.4167,48.3033,-6.145420291256414,-7.992371,-11.365428,2371.5875589631314,2365.442138671875,3996
DIC_misfit,year,A3,-126.4167,48.3033,-6.084081350305496,-1.1709782,-8.953054,2350.3233391628055,2344.2392578125,3997
DIC_misfit,year,A3,-126.4167,48.3033,-5.456429793003281,22.110123,-0.7197356,2334.9981778398783,2329.541748046875,3998
DIC_misfit,year,A3,-126.4167,48.3033,-0.65725378304478,27.803186,1.2936058,2317.47732214242,2316.820068359375,3999
DIC_misfit,year,A3,-126.4167,48.3033,22.573452673869724,28.437721,1.5180082,2279.6472504511303,2302.220703125,4000
DIC_misfit,year,A3,-126.4167,48.3033,70.1440008204604,24.446732,0.106601715,2210.8972589451646,2281.041259765625,4001
DIC_misfit,year,A3,-126.4167,48.3033,52.021808563941704,7.0855446,-6.0331507,2166.5150566704333,2218.536865234375,4002
DIC_misfit,year,A3,-126.4167,48.3033,44.45709220518984,-1.3291228,-9.008983,2128.55804451356,2173.01513671875,4003
DIC_misfit,year,A3,-126.4167,48.3033,26.25285540009554,2.5736926,-7.628759,2094.7810801467795,2121.033935546875,4004
DIC_misfit,year,A3,-126.4167,48.3033,-23.8111119538994,-17.53686,-14.740819,2089.3535924226494,2065.54248046875,4005
DIC_misfit,year,A3,-126.4167,48.3033,-15.582689318753182,-17.53686,-14.740819,2081.125169787503,2065.54248046875,4006
DIC_misfit,year,A3,-126.4167,48.3033,-25.311759430007214,-27.06604,-18.110796,2038.1407389221947,2012.8289794921875,4007
DIC_misfit,year,A3,-126.4167,48.3033,-8.692053769379527,-23.067583,-16.69675,2000.2667608006295,1991.57470703125,4008
DIC_misfit,year,A3,-126.4167,48.3033,-1.1652165612479166,-22.626596,-16.540794,1992.739923592498,1991.57470703125,4009
DIC_misfit,year,A3,-126.4167,48.3033,-5.039635314328052,-17.779718,-14.826706,1991.962975158078,1986.92333984375,4010
DIC_misfit,year,A3,-126.4167,48.3033,-4.532936252817763,-10.950464,-12.411552,1991.4920426981303,1986.9591064453125,4012
DIC_misfit,year,A3,-126.3185,48.3655,-14.460487122104041,-17.153305,-14.605175,2441.299110168979,2426.838623046875,4013
DIC_misfit,year,A3,-126.3185,48.3655,-12.491535373565512,-17.185305,-14.616492,2417.4390451391905,2404.947509765625,4015
DIC_misfit,year,A3,-126.3185,48.3655,-17.790741582829924,-7.2125797,-11.089656,2380.98654236408,2363.19580078125,4016
DIC_misfit,year,A3,-126.3185,48.3655,-4.272064744084673,0.85051787,-8.238156,2348.4090276347097,2344.136962890625,4017
DIC_misfit,year,A3,-126.3185,48.3655,6.393127495243789,20.427227,-1.3148885,2327.742614692256,2334.1357421875,4018
DIC_misfit,year,A3,-126.3185,48.3655,52.69524247106756,25.957766,0.64097595,2275.0935758883074,2327.788818359375,4019
DIC_misfit,year,A3,-126.3185,48.3655,45.959800601383904,24.746883,0.21275043,2248.910804867366,2294.87060546875,4020
DIC_misfit,year,A3,-126.3185,48.3655,41.772188053987975,21.107225,-1.0744085,2231.407987727262,2273.18017578125,4021
DIC_misfit,year,A3,-126.3185,48.3655,12.475170553978842,9.049043,-5.338763,2204.246509133521,2216.7216796875,4022
DIC_misfit,year,A3,-126.3185,48.3655,27.541872102878642,-3.3199365,-9.71303,2149.5499247721214,2177.091796875,4023
DIC_misfit,year,A3,-126.3185,48.3655,0.8327512532669061,-14.566519,-13.690363,2073.735363981108,2074.568115234375,4024
DIC_misfit,year,A3,-126.3185,48.3655,11.157171190247482,-27.891815,-18.40283,2024.2510319347525,2035.408203125,4025
DIC_misfit,year,A3,-126.3185,48.3655,-13.584972752153362,-25.341835,-17.501034,2017.5909541974659,2004.0059814453125,4026
DIC_misfit,year,A3,-126.3185,48.3655,-21.555777713141424,-20.305557,-15.719964,2015.6090003693914,1994.05322265625,4027
DIC_misfit,year,A3,-126.3185,48.3655,-24.601653601725047,-17.517822,-14.734087,2015.937591101725,1991.3359375,4028
DIC_misfit,year,A3,-126.3185,48.3655,-25.858872677832323,-13.068116,-13.160456,2016.2958843965823,1990.43701171875,4029
DIC_misfit,year,A3,-126.2357,48.4392,-21.66147509677603,-5.4855366,-10.47889,2382.433203612401,2360.771728515625,4031
DIC_misfit,year,A3,-126.2357,48.4392,-16.127824160901582,-4.9230003,-10.279951,2373.0103925202766,2356.882568359375,4033
DIC_misfit,year,A3,-126.2357,48.4392,-7.426125562859397,4.6320176,-6.900836,2356.3470240003594,2348.9208984375,4034
DIC_misfit,year,A3,-126.2357,48.4392,-3.4047584016989276,24.860773,0.25302696,2340.711887307949,2337.30712890625,4035
DIC_misfit,year,A3,-126.2357,48.4392,43.62684902329056,29.534288,1.9058075,2286.5333072267094,2330.16015625,4036
DIC_misfit,year,A3,-126.2357,48.4392,64.38885091685734,29.534288,1.9058075,2255.6104166612677,2319.999267578125,4037
DIC_misfit,year,A3,-126.2357,48.4392,69.14929243651568,29.47789,1.8858624,2235.0716548291093,2304.220947265625,4038
DIC_misfit,year,A3,-126.2357,48.4392,59.23340690171153,20.730026,-1.2078042,2197.0610266920385,2256.29443359375,4039
DIC_misfit,year,A3,-126.2357,48.4392,47.80052802040791,5.386947,-6.6338563,2157.374520807717,2205.175048828125,4040
DIC_misfit,year,A3,-126.2357,48.4392,68.05374839831575,1.5980123,-7.9738064,2109.7646109766843,2177.818359375,4041
DIC_misfit,year,A3,-126.2357,48.4392,45.46428519062101,-2.1927612,-9.314406,2088.633371059379,2134.09765625,4042
DIC_misfit,year,A3,-126.2357,48.4392,-45.241859014009606,-21.219221,-16.04308,2079.1202769827596,2033.87841796875,4043
DIC_misfit,year,A3,-126.2357,48.4392,-30.70296175333351,-20.742954,-15.874649,2049.405720542396,2018.7027587890625,4044
DIC_misfit,year,A3,-126.2357,48.4392,-35.02411687860058,-4.017507,-9.959724,2029.631416683288,1994.6072998046875,4045
DIC_misfit,year,A3,-126.2357,48.4392,-46.36459617056312,31.918936,2.749133,2028.9544399205631,1982.58984375,4046
DIC_misfit,year,A3,-126.1298,48.4972,19.273780926405834,31.283236,2.5243187,2300.251365557969,2319.525146484375,4048
DIC_misfit,year,A3,-126.1298,48.4972,50.8433583878068,30.333529,2.1884565,2262.816553721568,2313.659912109375,4050
DIC_misfit,year,A3,-126.1298,48.4972,35.97734520858694,28.644754,1.5912247,2259.354197760163,2295.33154296875,4051
DIC_misfit,year,A3,-126.1298,48.4972,47.36274490613596,26.723963,0.9119406,2240.153368375114,2287.51611328125,4052
DIC_misfit,year,A3,-126.1298,48.4972,35.30333848879718,14.218159,-3.5107145,2203.715948620578,2239.019287109375,4053
DIC_misfit,year,A3,-126.1298,48.4972,35.379017657568966,12.198333,-4.2250223,2178.883433514306,2214.262451171875,4054
DIC_misfit,year,A3,-126.1298,48.4972,-17.692042009072793,20.066051,-1.4426179,2187.021875993448,2169.329833984375,4055
DIC_misfit,year,A3,-126.1298,48.4972,-0.7816450766681555,10.101206,-4.966667,2127.632719295418,2126.85107421875,4056
DIC_misfit,year,A3,-126.1298,48.4972,27.536369675414335,7.6985245,-5.816371,2071.6508861839607,2099.187255859375,4057
DIC_misfit,year,A3,-126.1298,48.4972,39.92000771428002,6.463647,-6.253083,2047.567541113845,2087.487548828125,4058
DIC_misfit,year,A3,-126.1298,48.4972,21.984711799976367,8.515499,-5.5274496,2031.9674366375236,2053.9521484375,4059
DIC_misfit,year,A3,-126.1298,48.4972,-45.26955325635663,41.435616,6.11469,2030.2595434907316,1984.989990234375,4060
DIC_misfit,year,A3,-126.009,48.5315,31.07687863660567,31.998304,2.7772017,2282.4582776133943,2313.53515625,4064
DIC_misfit,year,A3,-126.009,48.5315,30.984065115795147,26.568329,0.85690117,2258.50641339983,2289.490478515625,4065
DIC_misfit,year,A3,-126.009,48.5315,44.30523904263464,21.886772,-0.7987232,2228.0336281448654,2272.3388671875,4066
DIC_misfit,year,A3,-126.009,48.5315,55.030111466770904,18.590542,-1.9644289,2210.375161970729,2265.4052734375,4067
DIC_misfit,year,A3,-126.009,48.5315,52.93658471431627,20.053495,-1.4470582,2197.1017453638087,2250.038330078125,4068
DIC_misfit,year,A3,-126.009,48.5315,19.34685230899231,26.15258,0.70987225,2195.6636457378827,2215.010498046875,4069
DIC_misfit,year,A3,-126.009,48.5315,27.612235765723653,7.5428195,-5.871436,2113.9124224374013,2141.524658203125,4070
DIC_misfit,year,A3,-126.009,48.5315,88.29075011990335,7.482659,-5.8927116,2030.0583709738466,2118.34912109375,4071
DIC_misfit,year,A3,-126.009,48.5315,61.39422325573673,34.055595,3.5047588,1957.2562894395758,2018.6505126953125,4072
DIC_misfit,year,A3,-126.009,48.5315,78.10319389813571,54.410187,10.703123,1908.5143598128018,1986.6175537109375,4074
DIC_misfit,year,A3,-125.8987,48.6069,91.34693791328982,74.27328,17.727669,2298.61595271171,2389.962890625,4076
DIC_misfit,year,A3,-125.8987,48.6069,23.155331963349,33.89312,3.4473,2279.302919989776,2302.458251953125,4077
DIC_misfit,year,A3,-125.8987,48.6069,-22.22138714859966,15.7281885,-2.976695,2275.7165043360997,2253.4951171875,4078
DIC_misfit,year,A3,-125.8987,48.6069,-43.491653390281044,15.929077,-2.905651,2274.059768624656,2230.568115234375,4079
DIC_misfit,year,A3,-125.8987,48.6069,-55.740433548754936,20.32003,-1.3527985,2261.110550736255,2205.3701171875,4080
DIC_misfit,year,A3,-125.8987,48.6069,-66.07140285539799,10.460349,-4.839657,2219.059684105398,2152.98828125,4081
DIC_misfit,year,A3,-125.8987,48.6069,-66.90665543369732,6.5927415,-6.2074294,2198.3622218399473,2131.45556640625,4082
DIC_misfit,year,A3,-125.8987,48.6069,-107.37712748780905,27.606165,1.2239294,2194.611014206559,2087.23388671875,4083
DIC_misfit,year,A3,-125.8987,48.6069,-93.65813016697439,57.993706,11.970428,2114.3312258700994,2020.673095703125,4085
DIC_misfit,year,A3,-125.7877,48.6583,78.2849958409015,51.459896,9.659758,2264.1742326747235,2342.459228515625,4086
DIC_misfit,year,A3,-125.7877,48.6583,57.9724050120044,45.042004,7.3900824,2264.2675852223706,2322.239990234375,4087
DIC_misfit,year,A3,-125.7877,48.6583,-3.87719894670181,34.138393,3.5340405,2261.265626681077,2257.388427734375,4088
DIC_misfit,year,A3,-125.7877,48.6583,-17.836213938755918,26.09169,0.6883383,2235.971956126256,2218.1357421875,4089
DIC_misfit,year,A3,-125.7877,48.6583,-33.581620006405046,16.290243,-2.7779255,2200.591385631405,2167.009765625,4090
DIC_misfit,year,A3,-125.7877,48.6583,-65.68829789426309,28.53565,1.5526409,2194.861881878638,2129.173583984375,4091
DIC_misfit,year,A3,-125.7877,48.6583,-76.36931913246508,31.304506,2.5318413,2171.558772257465,2095.189453125,4092
DIC_misfit,year,A3,-125.7877,48.6583,-124.25513572099317,65.6472,14.677073,2147.7642909944307,2023.5091552734375,4094
DIC_misfit,year,A3,-125.6688,48.7133,56.31922240447511,49.90328,9.109264,2296.2772131424,2352.596435546875,4095
DIC_misfit,year,A3,-125.6688,48.7133,55.61165455237142,46.128582,7.774349,2290.9723298226286,2346.583984375,4097
DIC_misfit,year,A3,-125.6688,48.7133,51.69793931286313,40.8239,5.8983574,2281.606748187137,2333.3046875,4098
DIC_misfit,year,A3,-125.6688,48.7133,47.940677418408086,39.016773,5.2592707,2267.881344065967,2315.822021484375,4099
DIC_misfit,year,A3,-125.6688,48.7133,57.26014646247722,50.907913,9.46455,2238.143662131273,2295.40380859375,4100
DIC_misfit,year,A3,-125.6688,48.7133,32.5175491946361,36.89554,4.5091,2227.884550414739,2260.402099609375,4101
DIC_misfit,year,A3,-125.6688,48.7133,3.8013400793788605,25.276646,0.40009975,2214.895193123746,2218.696533203125,4102
DIC_misfit,year,A3,-125.6688,48.7133,-11.527152566958648,14.426906,-3.4368916,2189.4341349888336,2177.906982421875,4103
DIC_misfit,year,A3,-125.6688,48.7133,-32.6106751394741,25.893984,0.61841965,2171.342608733224,2138.73193359375,4104
DIC_misfit,year,A3,-125.6688,48.7133,36.9552464594849,28.373217,1.4951963,2083.62556408739,2120.580810546875,4105
DIC_misfit,year,A3,-125.6688,48.7133,22.16473982589173,47.58811,8.290508,2044.0774476741083,2066.2421875,4106
DIC_misfit,year,A3,-125.6688,48.7133,51.535583863186275,63.511227,13.92169,1955.2632442618137,2006.798828125,4108
DIC_misfit,year,A3,-125.574,48.7829,39.933107792713145,53.280296,10.303539,2297.033444941662,2336.966552734375,4109
DIC_misfit,year,A3,-125.574,48.7829,42.514174730420564,47.736526,8.342995,2292.6979834727044,2335.212158203125,4110
DIC_misfit,year,A3,-125.574,48.7829,45.00467453149304,37.777924,4.8211536,2257.597864531007,2302.6025390625,4111
DIC_misfit,year,A3,-125.574,48.7829,31.056835353756014,35.766243,4.109727,2237.254932224369,2268.311767578125,4112
DIC_misfit,year,A3,-125.574,48.7829,27.754402134725296,40.800346,5.890028,2222.1198654433997,2249.874267578125,4113
DIC_misfit,year,A3,-125.574,48.7829,21.883822148829495,40.480984,5.7770863,2216.4743321480455,2238.358154296875,4114
DIC_misfit,year,A3,-125.574,48.7829,-28.450371267096216,28.302507,1.47019,2203.528740407721,2175.078369140625,4115
DIC_misfit,year,A3,-125.574,48.7829,-24.399243000274055,34.548145,3.6789484,2160.990551594024,2136.59130859375,4116
DIC_misfit,year,A3,-125.574,48.7829,22.830391641325605,34.715534,3.7381449,2104.3995888274244,2127.22998046875,4117
DIC_misfit,year,A3,-125.574,48.7829,126.97976471691163,37.294273,4.650112,1970.9023153612134,2097.882080078125,4118
DIC_misfit,year,A3,-125.574,48.7829,75.99264015518838,67.11968,15.197813,1944.5550893369991,2020.5477294921875,4120
DIC_misfit,year,A3,-125.5236,48.8135,39.448848800546784,45.186584,7.4412136,2293.221073074453,2332.669921875,4121
DIC_misfit,year,A3,-125.5236,48.8135,43.1734994443691,42.010307,6.3179283,2274.269859930631,2317.443359375,4122
DIC_misfit,year,A3,-125.5236,48.8135,28.08691646716852,37.769295,4.818102,2234.2705054078315,2262.357421875,4123
DIC_misfit,year,A3,-125.5236,48.8135,35.539525956302896,40.978497,5.9530306,2225.291528731197,2260.8310546875,4124
DIC_misfit,year,A3,-125.5236,48.8135,23.468355096704272,40.818203,5.896343,2209.7535687314207,2233.221923828125,4125
DIC_misfit,year,A3,-125.5236,48.8135,1.7923312712860024,34.414776,3.6317825,2200.231594509964,2202.02392578125,4126
DIC_misfit,year,A3,-125.5236,48.8135,-19.773669230048654,39.86132,5.5579433,2167.9865598550487,2148.212890625,4127
DIC_misfit,year,A3,-125.5236,48.8135,-35.12819732245953,36.18024,4.256136,2151.9980703693345,2116.869873046875,4128
DIC_misfit,year,A3,-125.5236,48.8135,37.493778823130924,35.66492,4.0738945,2053.617549301869,2091.111328125,4129
DIC_misfit,year,A3,-125.5236,48.8135,70.90943376258178,90.79035,23.568901,1932.7169090108557,2003.6263427734375,4130
DIC_misfit,year,A3,-125.468,48.8372,39.986935417767654,46.878967,8.039721,2286.3907501291073,2326.377685546875,4132
DIC_misfit,year,A3,-125.468,48.8372,32.97766732440823,42.752144,6.5802774,2285.2391295505918,2318.216796875,4133
DIC_misfit,year,A3,-125.468,48.8372,44.05889243933916,38.43442,5.053323,2237.532172013786,2281.591064453125,4134
DIC_misfit,year,A3,-125.468,48.8372,40.139974101375174,41.84648,6.2599916,2232.231607929875,2272.37158203125,4135
DIC_misfit,year,A3,-125.468,48.8372,27.214242424336135,41.795414,6.241932,2212.893667731914,2240.10791015625,4136
DIC_misfit,year,A3,-125.468,48.8372,-4.710702339410545,33.273766,3.2282667,2186.8559660112855,2182.145263671875,4137
DIC_misfit,year,A3,-125.468,48.8372,-37.01354493972758,38.694527,5.1453085,2176.1219433772276,2139.1083984375,4138
DIC_misfit,year,A3,-125.468,48.8372,-22.91576147650403,35.603695,4.0522413,2136.249501710879,2113.333740234375,4139
DIC_misfit,year,A3,-125.468,48.8372,71.76011389511746,33.948307,3.466817,2007.1102474330075,2078.870361328125,4140
DIC_misfit,year,A3,-125.468,48.8372,-2.5383805164819933,76.36457,18.46725,1976.6642350086695,1974.1258544921875,4141
DIC_misfit,year,A3,-124.9112,48.3662,17.85766074043113,33.095528,3.1652327,2333.100102931444,2350.957763671875,4143
DIC_misfit,year,A3,-124.9112,48.3662,15.793282802730118,31.018919,2.4308443,2327.198172275395,2342.991455078125,4144
DIC_misfit,year,A3,-124.9112,48.3662,19.199104993363562,30.47526,2.2385798,2312.6104653191364,2331.8095703125,4145
DIC_misfit,year,A3,-124.9112,48.3662,3.3841703495959337,26.509745,0.8361826,2309.112167541029,2312.496337890625,4146
DIC_misfit,year,A3,-124.9112,48.3662,9.714367015410517,26.95095,0.9922142,2290.7895392345895,2300.50390625,4147
DIC_misfit,year,A3,-124.9112,48.3662,2.3858044921871624,19.550034,-1.6251063,2270.300963085938,2272.686767578125,4148
DIC_misfit,year,A3,-124.9112,48.3662,32.08293834933329,18.848799,-1.873097,2202.6209190725417,2234.703857421875,4149
DIC_misfit,year,A3,-124.9112,48.3662,126.20621190059182,26.907038,0.9766846,2087.165125990033,2213.371337890625,4150
DIC_misfit,year,A3,-124.9112,48.3662,87.45349396177016,26.092772,0.6887207,2068.81554900698,2156.26904296875,4151
DIC_misfit,year,A3,-124.9112,48.3662,57.190956719788346,71.71982,16.824642,2046.7831643739617,2103.97412109375,4153
DIC_misfit,year,A3,-124.9428,47.9715,-2.223002410836216,-7.569352,-11.215828,2170.952006317086,2168.72900390625,4154
DIC_misfit,year,A3,-124.9428,47.9715,-26.551406276505077,3.2219431,-7.399506,2164.66639651088,2138.114990234375,4155
DIC_misfit,year,A3,-124.9428,47.9715,-35.64614035032582,2.823671,-7.5403543,2152.961570037826,2117.3154296875,4156
DIC_misfit,year,A3,-124.9428,47.9715,-74.9736567995169,-2.7344475,-9.505973,2114.902123596392,2039.928466796875,4157
DIC_misfit,year,A3,-124.9428,47.9715,-86.87604991178637,41.49995,6.1374416,2031.7240723727239,1944.8480224609375,4159
DIC_misfit,year,A3,-125.1843,48.1387,12.960775910196844,26.600868,0.8684082,2330.187661589803,2343.1484375,4160
DIC_misfit,year,A3,-125.1843,48.1387,14.037165401477978,26.934692,0.9864645,2326.381047489147,2340.418212890625,4161
DIC_misfit,year,A3,-125.1843,48.1387,14.28622676577288,28.206285,1.436161,2317.846097452977,2332.13232421875,4162
DIC_misfit,year,A3,-125.1843,48.1387,12.100878093262509,32.993904,3.1292934,2309.8881355786125,2321.989013671875,4163
DIC_misfit,year,A3,-125.1843,48.1387,20.766196214584852,29.219355,1.7944317,2282.69742683229,2303.463623046875,4164
DIC_misfit,year,A3,-125.1843,48.1387,18.270036593022724,19.827032,-1.5271463,2250.8356762976023,2269.105712890625,4165
DIC_misfit,year,A3,-125.1843,48.1387,17.104403436130724,8.993941,-5.3582497,2224.8287020326193,2241.93310546875,4166
DIC_misfit,year,A3,-125.1843,48.1387,17.035746195732827,-1.0145448,-8.897733,2210.535054585517,2227.57080078125,4167
DIC_misfit,year,A3,-125.1843,48.1387,23.817308002412574,-1.8546445,-9.194832,2191.1543716850874,2214.9716796875,4168
DIC_misfit,year,A3,-125.1843,48.1387,-0.4263459507856169,13.336238,-3.8226042,2181.4971467320356,2181.07080078125,4169
DIC_misfit,year,A3,-125.1843,48.1387,-16.242459238268566,3.3246624,-7.3631797,2149.4443635351436,2133.201904296875,4170
DIC_misfit,year,A3,-125.1843,48.1387,-1.1488182181797129,3.9058206,-7.157654,2099.6280662650547,2098.479248046875,4171
DIC_misfit,year,A3,-125.1843,48.1387,45.521291045083444,10.633573,-4.7783966,2021.4691874705416,2066.990478515625,4172
DIC_misfit,year,A3,-125.1843,48.1387,26.532138489512818,88.99835,22.935165,2019.2967189323622,2045.828857421875,4174
DIC_misfit,year,A3,-125.3278,47.9552,-14.20107790623888,-3.3721104,-9.731482,2364.703031031239,2350.501953125,4175
DIC_misfit,year,A3,-125.3278,47.9552,-10.472994872203344,-1.1972798,-8.962357,2353.8248015128283,2343.351806640625,4176
DIC_misfit,year,A3,-125.3278,47.9552,-1.6344908321657385,19.274647,-1.7224965,2335.5502623165407,2333.915771484375,4177
DIC_misfit,year,A3,-125.3278,47.9552,4.132702852322836,22.376488,-0.62553596,2319.444445585177,2323.5771484375,4178
DIC_misfit,year,A3,-125.3278,47.9552,26.276416072757456,23.079912,-0.37677097,2293.9767577553675,2320.253173828125,4179
DIC_misfit,year,A3,-125.3278,47.9552,24.32162319591589,21.993269,-0.7610607,2286.289460788459,2310.611083984375,4180
DIC_misfit,year,A3,-125.3278,47.9552,33.306747719754185,17.582293,-2.3209944,2248.753799155246,2282.060546875,4181
DIC_misfit,year,A3,-125.3278,47.9552,33.58992111779207,10.880383,-4.691113,2235.348311304083,2268.938232421875,4182
DIC_misfit,year,A3,-125.3278,47.9552,42.01169352887882,0.6161319,-8.321047,2198.988306471121,2241.0,4183
DIC_misfit,year,A3,-125.3278,47.9552,24.754784274119174,-11.870764,-12.737015,2184.851416897756,2209.606201171875,4184
DIC_misfit,year,A3,-125.3278,47.9552,17.71366525101803,-19.804125,-15.542633,2173.361774202107,2191.075439453125,4185
DIC_misfit,year,A3,-125.3278,47.9552,-21.10685851754124,-28.285402,-18.542023,2133.4923565644162,2112.385498046875,4186
DIC_misfit,year,A3,-125.3278,47.9552,-32.347136964691344,-39.88929,-22.645716,2096.7338557146913,2064.38671875,4187
DIC_misfit,year,A3,-125.3278,47.9552,-70.82051001394939,-31.492922,-19.676355,2084.902175053012,2014.0816650390625,4188
DIC_misfit,year,A3,-125.3278,47.9552,-102.73070874893392,-13.82128,-13.426811,2063.9544636317464,1961.2237548828125,4189
DIC_misfit,year,A3,-125.3278,47.9552,-109.34240989468458,-0.6213193,-8.758669,2037.8077419259346,1928.46533203125,4190
DIC_misfit,year,A3,-125.5812,47.683,-20.42984121657446,-10.38647,-12.212097,2446.5484935603245,2426.11865234375,4192
DIC_misfit,year,A3,-125.5812,47.683,-19.910577605543494,-10.38647,-12.212097,2446.0292299492935,2426.11865234375,4193
DIC_misfit,year,A3,-125.5812,47.683,-11.182222164356972,-11.606707,-12.643631,2421.361421383107,2410.17919921875,4194
DIC_misfit,year,A3,-125.5812,47.683,-19.367685005611293,-0.5169412,-8.721756,2385.0485932087363,2365.680908203125,4195
DIC_misfit,year,A3,-125.5812,47.683,-21.49053762106587,2.896471,-7.514609,2363.383115746066,2341.892578125,4196
DIC_misfit,year,A3,-125.5812,47.683,-7.55109791912264,26.270918,0.75172234,2334.9976311222476,2327.446533203125,4197
DIC_misfit,year,A3,-125.5812,47.683,35.23990832126856,31.037008,2.4372416,2280.7544764443564,2315.994384765625,4198
DIC_misfit,year,A3,-125.5812,47.683,32.13151929203923,30.407412,2.2145853,2259.6065178173358,2291.738037109375,4199
DIC_misfit,year,A3,-125.5812,47.683,28.08213136713357,24.269022,0.04375553,2239.5738744922414,2267.656005859375,4200
DIC_misfit,year,A3,-125.5812,47.683,18.779226352504793,9.090571,-5.3240767,2211.70002169437,2230.479248046875,4201
DIC_misfit,year,A3,-125.5812,47.683,35.67434537846066,-7.131598,-11.061017,2156.5336624340393,2192.2080078125,4202
DIC_misfit,year,A3,-125.5812,47.683,43.448777542598236,-25.082102,-17.40918,2103.5438982386518,2146.99267578125,4203
DIC_misfit,year,A3,-125.5812,47.683,-3.9438206709100996,-22.27932,-16.417982,2091.77438707716,2087.83056640625,4204
DIC_misfit,year,A3,-125.5812,47.683,13.119250960168756,-22.155066,-16.374039,2074.7113154460812,2087.83056640625,4205
DIC_misfit,year,A3,-125.5812,47.683,-55.14689739086134,-36.255383,-21.360592,2069.1322489533613,2013.9853515625,4206
DIC_misfit,year,A3,-125.5812,47.683,-14.742238045899057,-31.140085,-19.551575,1974.5761003505866,1959.8338623046875,4207
DIC_misfit,year,A3,-125.5812,47.683,-10.647295835644627,-39.719852,-22.585794,1951.5310848981446,1940.8837890625,4208
DIC_misfit,year,A3,-125.5812,47.683,-7.091037732724772,-33.50076,-20.386423,1947.9748267952248,1940.8837890625,4209
DIC_misfit,year,A3,-125.5812,47.683,-1.5820475655491464,-16.945942,-14.531842,1941.6318522530491,1940.0498046875,4211
DIC_misfit,year,A3,-126.0995,47.1303,-9.530505192617056,-10.804749,-12.36002,2444.436755192617,2434.90625,4212
DIC_misfit,year,A3,-126.0995,47.1303,-5.412129162385554,-10.845478,-12.374424,2432.6523635373856,2427.240234375,4213
DIC_misfit,year,A3,-126.0995,47.1303,-7.9851108160705735,-10.797468,-12.357446,2424.7224155035706,2416.7373046875,4214
DIC_misfit,year,A3,-126.0995,47.1303,-13.443043875920921,-12.101491,-12.818611,2415.850514579046,2402.407470703125,4215
DIC_misfit,year,A3,-126.0995,47.1303,-17.327441077376534,-11.928568,-12.757457,2401.9231442023765,2384.595703125,4216
DIC_misfit,year,A3,-126.0995,47.1303,-26.212379591586796,-0.102368966,-8.575143,2382.360817091587,2356.1484375,4217
DIC_misfit,year,A3,-126.0995,47.1303,-31.603589634107266,1.2521157,-8.096132,2362.0684333841073,2330.46484375,4218
DIC_misfit,year,A3,-126.0995,47.1303,-9.481964921201325,26.593853,0.8659277,2334.1938789837013,2324.7119140625,4219
DIC_misfit,year,A3,-126.0995,47.1303,14.857557189132876,31.26261,2.517025,2294.832140076492,2309.689697265625,4221
DIC_misfit,year,A3,-126.0995,47.1303,20.058336784738003,30.116272,2.1116247,2266.495374152762,2286.5537109375,4222
DIC_misfit,year,A3,-126.0995,47.1303,-11.946185915207934,15.232925,-3.151844,2243.760883180833,2231.814697265625,4223
DIC_misfit,year,A3,-126.0995,47.1303,-56.14717869289143,-2.5629604,-9.445327,2230.7431259585164,2174.595947265625,4224
DIC_misfit,year,A3,-126.0995,47.1303,-13.350446096412725,-0.98551553,-8.887466,2187.9463933620377,2174.595947265625,4225
DIC_misfit,year,A3,-126.0995,47.1303,-9.664268946654374,-1.8995111,-9.210699,2139.9262318372794,2130.261962890625,4226
DIC_misfit,year,A3,-126.0995,47.1303,-83.668719268318,-24.45477,-17.187325,2126.173113799568,2042.50439453125,4227
DIC_misfit,year,A3,-126.0995,47.1303,-66.16130791364913,-24.436514,-17.18087,2108.665702444899,2042.50439453125,4228
DIC_misfit,year,A3,-126.0995,47.1303,-142.13615966710177,-29.288918,-18.896912,2102.2684838858518,1960.13232421875,4229
DIC_misfit,year,A3,-126.0995,47.1303,-69.1821903101511,-39.35071,-22.455248,2019.499084841401,1950.31689453125,4230
DIC_misfit,year,A3,-126.0995,47.1303,-15.668987981320242,-36.360767,-21.39786,1965.9858825125702,1950.31689453125,4231
DIC_misfit,year,A3,-126.0995,47.1303,-9.903077568924573,-35.991886,-21.267406,1960.2199721001746,1950.31689453125,4232
DIC_misfit,year,A3,-126.0995,47.1303,-7.298645488967168,-34.334564,-20.681297,1957.5197148249047,1950.2210693359375,4233
DIC_misfit,year,A3,-125.1988,47.1125,-10.565146934219683,-11.538578,-12.619537,2445.2631449810947,2434.697998046875,4235
DIC_misfit,year,A3,-125.1988,47.1125,-20.74328964534743,-11.490568,-12.602559,2434.4588658172224,2413.715576171875,4236
DIC_misfit,year,A3,-125.1988,47.1125,-25.025911949499914,-11.616178,-12.64698,2424.625765465125,2399.599853515625,4237
DIC_misfit,year,A3,-125.1988,47.1125,-26.16428912540823,-10.939159,-12.407555,2410.6650215472832,2384.500732421875,4238
DIC_misfit,year,A3,-125.1988,47.1125,-12.665083606917051,0.8391262,-8.242185,2371.393599231917,2358.728515625,4239
DIC_misfit,year,A3,-125.1988,47.1125,-12.373849227545634,6.502922,-6.239194,2357.2031949306706,2344.829345703125,4240
DIC_misfit,year,A3,-125.1988,47.1125,-0.36891170110584426,27.809084,1.2956915,2337.955337482356,2337.58642578125,4241
DIC_misfit,year,A3,-125.1988,47.1125,8.044462721741183,31.562033,2.6229153,2323.454072434509,2331.49853515625,4242
DIC_misfit,year,A3,-125.1988,47.1125,20.688372610309216,30.535969,2.2600498,2275.403912545941,2296.09228515625,4243
DIC_misfit,year,A3,-125.1988,47.1125,47.94312912281384,30.370724,2.2016106,2248.149156033436,2296.09228515625,4244
DIC_misfit,year,A3,-125.1988,47.1125,27.02871727722959,20.093296,-1.4329829,2223.4944760821454,2250.523193359375,4245
DIC_misfit,year,A3,-125.1988,47.1125,22.12686872353288,-6.708061,-10.911234,2184.752037526467,2206.87890625,4246
DIC_misfit,year,A3,-125.1988,47.1125,-21.79303237207114,-38.736767,-22.238129,2166.654360497071,2144.861328125,4247
DIC_misfit,year,A3,-125.1988,47.1125,-43.940379011079585,-28.011358,-18.445107,2142.7145489329546,2098.774169921875,4248
DIC_misfit,year,A3,-125.1988,47.1125,-20.920266107742464,-28.075327,-18.467728,2119.6944360296175,2098.774169921875,4249
DIC_misfit,year,A3,-125.1988,47.1125,-120.46211030747145,-38.317814,-22.089966,2099.5268075730964,1979.064697265625,4250
DIC_misfit,year,A3,-125.1988,47.1125,-166.97948335161482,-40.582832,-22.890985,2107.737784132865,1940.75830078125,4251
DIC_misfit,year,A3,-125.1988,47.1125,-136.8255168176761,-33.236324,-20.292906,2077.583817598926,1940.75830078125,4252
DIC_misfit,year,A3,-125.1988,47.1125,-76.63496036510651,-23.473808,-16.84041,2011.9147455213565,1935.27978515625,4253
DIC_misfit,year,A3,-125.1988,47.1125,-37.88225711697987,-17.734526,-14.810723,1973.4536682497924,1935.5714111328125,4255
DIC_misfit,year,A3,-125.0547,47.1225,-11.7449974459646,-12.249236,-12.870861,2444.7691673678396,2433.024169921875,4257
DIC_misfit,year,A3,-125.0547,47.1225,-21.107303823926486,-12.103162,-12.819201,2414.4307901520515,2393.323486328125,4258
DIC_misfit,year,A3,-125.0547,47.1225,-9.18051321385201,0.7341794,-8.279299,2366.954683135727,2357.774169921875,4259
DIC_misfit,year,A3,-125.0547,47.1225,-4.087404804633479,5.96265,-6.43026,2349.1640649608835,2345.07666015625,4260
DIC_misfit,year,A3,-125.0547,47.1225,4.01214456282878,27.584885,1.216404,2333.540833952796,2337.552978515625,4261
DIC_misfit,year,A3,-125.0547,47.1225,31.92122552169303,30.692455,2.3153906,2296.188637759557,2328.10986328125,4262
DIC_misfit,year,A3,-125.0547,47.1225,28.752207617795648,30.305632,2.1785908,2264.3259173822044,2293.078125,4263
DIC_misfit,year,A3,-125.0547,47.1225,3.730088379174049,23.903988,-0.08533859,2262.096083495826,2265.826171875,4264
DIC_misfit,year,A3,-125.0547,47.1225,-5.884314889223788,13.467905,-3.77604,2244.264197701724,2238.3798828125,4265
DIC_misfit,year,A3,-125.0547,47.1225,-8.46003199335837,-13.359248,-13.263414,2190.9490456652334,2182.489013671875,4266
DIC_misfit,year,A3,-125.0547,47.1225,-16.780168378094913,-42.13242,-23.438995,2148.09584220622,2131.315673828125,4267
DIC_misfit,year,A3,-125.0547,47.1225,8.798472816937647,-41.22598,-23.118433,2122.5172010111874,2131.315673828125,4268
DIC_misfit,year,A3,-125.0547,47.1225,3.5942357906301368,-32.756653,-20.123272,2103.765383349995,2107.359619140625,4269
DIC_misfit,year,A3,-125.0547,47.1225,-76.15587372612572,-38.057117,-21.997772,2094.232167671438,2018.0762939453125,4270
DIC_misfit,year,A3,-125.0547,47.1225,-120.31790596436076,-29.540956,-18.986046,2081.0260358471733,1960.7081298828125,4271
DIC_misfit,year,A3,-125.0547,47.1225,-110.47025047581246,-28.66021,-18.674572,2048.5583852414375,1938.088134765625,4272
DIC_misfit,year,A3,-125.0547,47.1225,-69.75510851814852,-19.667896,-15.494456,2007.8432432837735,1938.088134765625,4273
DIC_misfit,year,A3,-125.0547,47.1225,-38.80988139688952,-9.644872,-11.949832,1973.7136899906395,1934.90380859375,4275
DIC_misfit,year,A3,-124.9823,47.1095,-0.9790270607518323,6.379912,-6.2826962,2341.443626670127,2340.464599609375,4276
DIC_misfit,year,A3,-124.9823,47.1095,1.9920843971835893,6.379912,-6.2826962,2338.4725152121914,2340.464599609375,4277
DIC_misfit,year,A3,-124.9823,47.1095,7.2768864947029215,25.0028,0.30325413,2327.757537333422,2335.034423828125,4278
DIC_misfit,year,A3,-124.9823,47.1095,16.795221524119825,32.023735,2.7861958,2307.09003238213,2323.88525390625,4279
DIC_misfit,year,A3,-124.9823,47.1095,3.4284953918445353,32.32903,2.8941622,2304.6103229675305,2308.038818359375,4280
DIC_misfit,year,A3,-124.9823,47.1095,-8.373596737629214,31.139679,2.4735508,2300.953430722004,2292.579833984375,4281
DIC_misfit,year,A3,-124.9823,47.1095,8.840168982856994,17.682728,-2.2854757,2241.309489220268,2250.149658203125,4282
DIC_misfit,year,A3,-124.9823,47.1095,20.921485393937928,-3.1246014,-9.6439495,2201.862206012312,2222.78369140625,4283
DIC_misfit,year,A3,-124.9823,47.1095,-17.329988237525868,-24.883202,-17.33884,2178.814363237526,2161.484375,4284
DIC_misfit,year,A3,-124.9823,47.1095,-9.221087639269172,-47.07617,-25.187344,2138.324847404894,2129.103759765625,4285
DIC_misfit,year,A3,-124.9823,47.1095,-29.640530385869624,-46.270973,-24.902586,2126.1515167139946,2096.510986328125,4286
DIC_misfit,year,A3,-124.9823,47.1095,-66.56315138045466,-55.613842,-28.206675,2118.1617841929547,2051.5986328125,4287
DIC_misfit,year,A3,-124.9823,47.1095,-149.1851955036641,-39.09353,-22.364296,2113.9734035114766,1964.7882080078125,4288
DIC_misfit,year,A3,-124.9823,47.1095,-170.24411843275038,-39.45324,-22.491507,2115.512306909313,1945.2681884765625,4289
DIC_misfit,year,A3,-124.9823,47.1095,-152.04641607661188,-20.457489,-15.773695,2088.088408264112,1936.0419921875,4290
DIC_misfit,year,A3,-124.9823,47.1095,-68.50472457661681,-16.123144,-14.240861,2002.2367802406793,1933.7320556640625,4291
DIC_misfit,year,A3,-124.8168,47.1147,-39.51522581180416,31.401728,2.5662231,2348.509854718054,2308.99462890625,4293
DIC_misfit,year,A3,-124.8168,47.1147,-39.51237278489589,31.401728,2.5662231,2348.507001691146,2308.99462890625,4294
DIC_misfit,year,A3,-124.8168,47.1147,-38.03249060165035,19.19193,-1.751749,2316.1284378672754,2278.095947265625,4295
DIC_misfit,year,A3,-124.8168,47.1147,5.971685975477612,7.7179203,-5.809512,2243.3684019151474,2249.340087890625,4296
DIC_misfit,year,A3,-124.8168,47.1147,-3.956044594272953,-17.622456,-14.77109,2198.728261391148,2194.772216796875,4297
DIC_misfit,year,A3,-124.8168,47.1147,-28.764892095041887,-26.468912,-17.899624,2185.906737798167,2157.141845703125,4298
DIC_misfit,year,A3,-124.8168,47.1147,-33.73060661088448,-27.690002,-18.331459,2170.6693273140095,2136.938720703125,4299
DIC_misfit,year,A3,-124.8168,47.1147,-70.02533849450901,-54.44619,-27.793737,2152.243600213259,2082.21826171875,4300
DIC_misfit,year,A3,-124.8168,47.1147,-174.62972018715163,-52.342606,-27.049809,2166.8289389371516,1992.19921875,4301
DIC_misfit,year,A3,-124.8168,47.1147,-120.77058238560312,-50.312515,-26.331871,2087.2204114871656,1966.4498291015625,4302
DIC_misfit,year,A3,-124.8168,47.1147,-66.30598640285007,-33.737904,-20.47029,2008.4379444106626,1942.1319580078125,4303
DIC_misfit,year,A3,-124.7075,47.3435,-27.11653296491795,35.230415,3.9202318,2338.602128668043,2311.485595703125,4306
DIC_misfit,year,A3,-124.7075,47.3435,-2.666707084513291,31.363075,2.5525541,2295.6776934126383,2293.010986328125,4308
DIC_misfit,year,A3,-124.7075,47.3435,-2.7826466444525977,20.614983,-1.2484894,2254.0118946913276,2251.229248046875,4309
DIC_misfit,year,A3,-124.7075,47.3435,-32.20221579435429,4.3989887,-6.983246,2249.2446962631043,2217.04248046875,4310
DIC_misfit,year,A3,-124.7075,47.3435,-31.76756431625381,-1.6934614,-9.13783,2224.463365097504,2192.69580078125,4311
DIC_misfit,year,A3,-124.7075,47.3435,-21.13110605912152,3.6144886,-7.260683,2181.9553248091215,2160.82421875,4312
DIC_misfit,year,A3,-124.7075,47.3435,-38.37298877825788,-1.0147512,-8.897805,2137.478213387633,2099.105224609375,4313
DIC_misfit,year,A3,-124.7075,47.3435,-58.69106766055256,7.201076,-5.992293,2081.23928543399,2022.5482177734375,4314
DIC_misfit,year,A3,-124.7075,47.3435,-26.30111699494455,36.79099,4.472126,2027.1407166043196,2000.839599609375,4315
DIC_misfit,year,A3,-124.7075,47.3435,-7.222013303653057,56.80696,11.550737,1961.512540647403,1954.29052734375,4317
DIC_misfit,year,A3,-124.6403,47.1119,-26.728829800535095,41.865383,6.266676,2343.221017300535,2316.4921875,4318
DIC_misfit,year,A3,-124.6403,47.1119,-29.500764909483223,41.865383,6.266676,2345.992952409483,2316.4921875,4319
DIC_misfit,year,A3,-124.6403,47.1119,-33.570959176086944,36.43988,4.3479576,2332.050695504212,2298.479736328125,4320
DIC_misfit,year,A3,-124.6403,47.1119,-22.33085424840874,14.401164,-3.4459949,2266.1760690921587,2243.84521484375,4321
DIC_misfit,year,A3,-124.6403,47.1119,-30.536577684064014,4.60392,-6.9107723,2241.326128465314,2210.78955078125,4322
DIC_misfit,year,A3,-124.6403,47.1119,-36.40566406337257,-1.7517624,-9.158448,2227.1610351571226,2190.75537109375,4323
DIC_misfit,year,A3,-124.6403,47.1119,-28.00287421068151,3.9847505,-7.1297407,2183.0797785075565,2155.076904296875,4324
DIC_misfit,year,A3,-124.6403,47.1119,63.44457618162187,10.584195,-4.7958593,2053.723392568378,2117.16796875,4325
DIC_misfit,year,A3,-124.6403,47.1119,125.10461241600137,12.019344,-4.288321,1977.3109149277486,2102.41552734375,4326
DIC_misfit,year,A3,-124.6403,47.1119,131.157788025454,17.102882,-2.4905372,1944.580249083921,2075.738037109375,4327
DIC_misfit,year,A3,-124.3933,47.12,75.22173544426414,66.78219,15.078459,2297.554387602611,2372.776123046875,4330
DIC_misfit,year,A3,-124.3933,47.12,116.42329792868804,81.07513,20.133131,2264.644329024437,2381.067626953125,4331
DIC_misfit,year,A3,-124.3933,47.12,78.92660776271214,57.97966,11.965462,2243.868314112288,2322.794921875,4332
DIC_misfit,year,A3,-124.3933,47.12,57.87781516591167,60.94162,13.012953,2165.6671067090883,2223.544921875,4333
DIC_misfit,year,A3,-124.3933,47.12,135.82953356899293,85.55244,21.716524,2004.151911743507,2139.9814453125,4334
DIC_misfit,year,A3,-124.2683,46.1337,67.92913396854237,79.24621,19.486338,2339.3298992345826,2407.259033203125,4336
DIC_misfit,year,A3,-124.2683,46.1337,45.247664843045186,62.24697,13.474588,2329.61195429758,2374.859619140625,4337
DIC_misfit,year,A3,-124.2683,46.1337,21.190022495430185,55.101387,10.947565,2326.75577828582,2347.94580078125,4338
DIC_misfit,year,A3,-124.2683,46.1337,42.72201354176286,54.647903,10.787191,2307.188875130112,2349.910888671875,4339
DIC_misfit,year,A3,-124.2683,46.1337,-5.40352887127483,49.607838,9.004782,2310.641810121275,2305.23828125,4340
DIC_misfit,year,A3,-124.2683,46.1337,-97.98512128239099,43.209385,6.7419806,2283.281996282391,2185.296875,4341
DIC_misfit,year,A3,-124.2683,46.1337,-156.77359127699447,45.19459,7.444045,2281.9596264332445,2125.18603515625,4342
DIC_misfit,year,A3,-124.2683,46.1337,-157.91571740961172,52.815945,10.139322,2241.4149849877367,2083.499267578125,4343
DIC_misfit,year,A3,-124.2683,46.1337,-58.67436378479988,79.11995,19.441687,2094.09086769105,2035.41650390625,4344
DIC_misfit,year,A3,-124.0937,46.1312,97.95182885504755,82.99403,20.811749,2314.2400656762024,2412.19189453125,4346
DIC_misfit,year,A3,-124.0937,46.1312,86.7342071707144,90.18713,23.355576,2314.3116912667856,2401.0458984375,4347
DIC_misfit,year,A3,-124.0937,46.1312,71.88270471621172,89.81916,23.225443,2300.0584573931633,2371.941162109375,4348
DIC_misfit,year,A3,-124.0937,46.1312,120.69378540864182,134.56596,39.050068,2277.469056388233,2398.162841796875,4349
DIC_misfit,year,A3,-124.0937,46.1312,157.18426245848332,128.545,36.920765,2223.3911769946417,2380.575439453125,4350
DIC_misfit,year,A3,-124.0937,46.1312,50.572907514511826,73.31555,17.388971,2058.572844438613,2109.145751953125,4352
DIC_misfit,year,A3,-124.1075,46.1665,1238.1937726018682,167.37766,50.653862,1059.1724383356318,2297.3662109375,4354
DIC_misfit,year,A3,-124.1075,46.1665,1069.0243264103524,98.93049,26.447647,1056.9400290583976,2125.96435546875,4356
DIC_misfit,year,A3,-123.907,46.1905,245.32560506869254,311.7372,101.70636,1101.95674356412,1347.2823486328125,4358
DIC_misfit,year,A3,-123.907,46.1905,246.02147430452487,311.7372,101.70636,1101.2608743282876,1347.2823486328125,4359
DIC_misfit,year,A3,-124.0033,46.2485,358.7103880361974,316.65198,103.44446,1561.9302369638026,1920.640625,4361
DIC_misfit,year,A3,-124.0033,46.2485,348.3267325608981,316.65198,103.44446,1572.313892439102,1920.640625,4362
DIC_misfit,year,A3,-124.0033,46.2485,256.0281850636338,339.59628,111.55867,1575.3469370066787,1831.3751220703125,4363
DIC_misfit,year,A3,-124.0033,46.2485,225.61287855082514,340.6549,111.93305,1553.3273069960499,1778.940185546875,4364
DIC_misfit,year,A3,-124.0033,46.2485,206.92505497425623,346.86288,114.12849,1493.3120055726188,1700.237060546875,4365
DIC_misfit,year,A3,-124.0033,46.2485,202.26566538937118,346.86288,114.12849,1497.9713951575038,1700.237060546875,4366
DIC_misfit,year,A3,-124.1083,46.244,57.92103278852801,129.65154,37.312088,2263.703723070847,2321.624755859375,4367
DIC_misfit,year,A3,-124.1083,46.244,84.25217954222853,129.65154,37.312088,2237.3725763171465,2321.624755859375,4368
DIC_misfit,year,A3,-124.1083,46.244,69.51184200057241,130.01224,37.43965,2231.4578845619276,2300.9697265625,4369
DIC_misfit,year,A3,-124.1083,46.244,25.660445361402708,117.3395,32.957962,2196.5939491698473,2222.25439453125,4370
DIC_misfit,year,A3,-124.1083,46.244,15.810130351657335,130.5404,37.62644,2102.8331801952177,2118.643310546875,4371
DIC_misfit,year,A3,-124.1083,46.244,83.86064089735873,102.770294,27.805588,1940.9759069542038,2024.8365478515625,4372
DIC_misfit,year,A3,-124.1083,46.244,120.73439150436025,72.560585,17.121979,1853.1970049800148,1973.931396484375,4373
DIC_misfit,year,A3,-124.1083,46.244,151.72773023349896,72.560585,17.121979,1822.203666250876,1973.931396484375,4374
DIC_misfit,year,A3,-124.5222,46.1331,51.524098992972995,63.39718,13.881357,2346.473703741402,2397.997802734375,4375
DIC_misfit,year,A3,-124.5222,46.1331,-24.27907703349456,42.48908,6.4872456,2342.2373289866196,2317.958251953125,4376
DIC_misfit,year,A3,-124.5222,46.1331,-34.78054466263984,30.347147,2.1932726,2323.13161888139,2288.35107421875,4377
DIC_misfit,year,A3,-124.5222,46.1331,-34.02970099819595,14.573103,-3.385189,2279.057533029446,2245.02783203125,4378
DIC_misfit,year,A3,-124.5222,46.1331,-32.06607490739407,4.2452497,-7.037616,2242.605869829269,2210.539794921875,4379
DIC_misfit,year,A3,-124.5222,46.1331,-58.44923898469642,-0.6906162,-8.783175,2250.1980182815714,2191.748779296875,4380
DIC_misfit,year,A3,-124.5222,46.1331,-50.52837463717651,-9.998464,-12.074879,2197.3748101840515,2146.846435546875,4381
DIC_misfit,year,A3,-124.5222,46.1331,-64.72100537615142,-39.89271,-22.646927,2152.7647065480264,2088.043701171875,4382
DIC_misfit,year,A3,-124.5222,46.1331,-111.37959317560126,-38.654293,-22.208961,2131.9938509881013,2020.6142578125,4383
DIC_misfit,year,A3,-124.5222,46.1331,-31.6957596426887,-18.643223,-15.132082,1995.1754959708137,1963.479736328125,4384
DIC_misfit,year,A3,-124.5222,46.1331,67.06211339780975,-18.08866,-14.935963,1869.3860067193777,1936.4481201171875,4386
DIC_misfit,year,A3,-124.671,46.1249,35.00700218639031,39.656414,5.4854784,2332.9107224229847,2367.917724609375,4387
DIC_misfit,year,A3,-124.671,46.1249,20.48843942639087,42.480568,6.484236,2339.423425807984,2359.911865234375,4388
DIC_misfit,year,A3,-124.671,46.1249,40.76212822452226,42.07796,6.341854,2305.7608209942277,2346.52294921875,4389
DIC_misfit,year,A3,-124.671,46.1249,48.08684293686929,40.04473,5.6228065,2278.9990945631307,2327.0859375,4390
DIC_misfit,year,A3,-124.671,46.1249,6.316040152974438,23.383455,-0.26942348,2266.9158934407756,2273.23193359375,4391
DIC_misfit,year,A3,-124.671,46.1249,-43.38694787477971,-1.6929641,-9.137654,2267.7734224841547,2224.386474609375,4392
DIC_misfit,year,A3,-124.671,46.1249,-48.199025926824106,-10.641492,-12.302284,2228.195852098699,2179.996826171875,4393
DIC_misfit,year,A3,-124.671,46.1249,-78.51633836364726,-16.152777,-14.251341,2234.8769340667723,2156.360595703125,4394
DIC_misfit,year,A3,-124.671,46.1249,-55.800465256537336,-27.784235,-18.364784,2184.4572035377873,2128.65673828125,4395
DIC_misfit,year,A3,-124.671,46.1249,-78.15719817627496,-41.644917,-23.26659,2139.700655207525,2061.54345703125,4396
DIC_misfit,year,A3,-124.671,46.1249,-89.63663352251433,-45.05367,-24.472088,2105.4159303975143,2015.779296875,4397
DIC_misfit,year,A3,-124.671,46.1249,-86.57216869038416,-38.451416,-22.137215,2038.5335944716342,1951.96142578125,4398
DIC_misfit,year,A3,-124.671,46.1249,-65.22661641079662,-28.308657,-18.550245,2003.8035207076716,1938.576904296875,4399
DIC_misfit,year,A3,-124.671,46.1249,19.045013175339818,-17.262657,-14.643848,1910.2856753012227,1929.3306884765625,4400
DIC_misfit,year,A3,-124.671,46.1249,16.0316637018409,-17.262657,-14.643848,1913.2990247747216,1929.3306884765625,4401
DIC_misfit,year,A3,-124.909,46.1228,-10.590958534457059,-12.264447,-12.87624,2445.475968300082,2434.885009765625,4402
DIC_misfit,year,A3,-124.909,46.1228,-11.827159862557437,-12.264447,-12.87624,2446.7121696281824,2434.885009765625,4403
DIC_misfit,year,A3,-124.909,46.1228,-7.853866888347966,-12.261322,-12.875135,2415.619491888348,2407.765625,4404
DIC_misfit,year,A3,-124.909,46.1228,-5.787502292042063,-1.6259419,-9.113952,2371.524806979542,2365.7373046875,4406
DIC_misfit,year,A3,-124.909,46.1228,-7.2382798738563,5.265942,-6.6766496,2358.7382798738563,2351.5,4407
DIC_misfit,year,A3,-124.909,46.1228,8.771780142116768,23.994448,-0.053347588,2338.1544893891332,2346.92626953125,4408
DIC_misfit,year,A3,-124.909,46.1228,48.82154123741657,30.619152,2.2894669,2291.4003825907084,2340.221923828125,4409
DIC_misfit,year,A3,-124.909,46.1228,38.40795431198694,30.387959,2.2077055,2279.940922641138,2318.348876953125,4411
DIC_misfit,year,A3,-124.909,46.1228,-21.07981962779104,13.852968,-3.6398635,2270.207749315291,2249.1279296875,4412
DIC_misfit,year,A3,-124.909,46.1228,4.923633891543886,13.732599,-3.6824317,2244.204295795956,2249.1279296875,4413
DIC_misfit,year,A3,-124.909,46.1228,24.107704154264866,-13.6361,-13.361322,2170.598350533235,2194.7060546875,4414
DIC_misfit,year,A3,-124.909,46.1228,8.156170046093848,-26.943281,-18.067383,2136.850665891406,2145.0068359375,4415
DIC_misfit,year,A3,-124.909,46.1228,-28.944851271196967,-32.54696,-20.049114,2110.928249708697,2081.9833984375,4416
DIC_misfit,year,A3,-124.909,46.1228,-75.74388119540254,-38.3349,-22.096008,2092.5195159610275,2016.775634765625,4418
DIC_misfit,year,A3,-124.909,46.1228,-67.72923067829379,-36.662903,-21.50471,2084.504865443919,2016.775634765625,4419
DIC_misfit,year,A3,-124.909,46.1228,-42.58633813715801,-36.638065,-21.495926,1983.351474855908,1940.76513671875,4420
DIC_misfit,year,A3,-124.909,46.1228,-26.359953017068165,-30.044802,-19.16423,1967.1250897358182,1940.76513671875,4421
DIC_misfit,year,A3,-124.909,46.1228,-41.53575786968827,-23.833794,-16.967718,1975.3992832603133,1933.863525390625,4422
DIC_misfit,year,A3,-124.909,46.1228,-39.566105567565955,-23.833794,-16.967718,1973.429630958191,1933.863525390625,4423
DIC_misfit,year,A3,-125.1901,46.1307,-11.295817671713394,-12.617267,-13.001014,2446.0243332967134,2434.728515625,4424
DIC_misfit,year,A3,-125.1901,46.1307,-9.650231703737518,-12.617267,-13.001014,2444.3787473287375,2434.728515625,4425
DIC_misfit,year,A3,-125.1901,46.1307,-10.793183925947233,-12.617267,-13.001014,2427.6957718165722,2416.902587890625,4426
DIC_misfit,year,A3,-125.1901,46.1307,-18.40388605425869,-12.123695,-12.826464,2399.2957317573837,2380.891845703125,4427
DIC_misfit,year,A3,-125.1901,46.1307,-9.448868378525276,4.8773932,-6.8140593,2353.3678136910253,2343.9189453125,4428
DIC_misfit,year,A3,-125.1901,46.1307,-5.47928572818455,25.748075,0.56682014,2333.5703501813095,2328.091064453125,4429
DIC_misfit,year,A3,-125.1901,46.1307,27.99055767140362,31.794657,2.705182,2292.1630067817214,2320.153564453125,4430
DIC_misfit,year,A3,-125.1901,46.1307,11.989441328953944,29.506792,1.8960829,2268.497619217921,2280.487060546875,4431
DIC_misfit,year,A3,-125.1901,46.1307,-17.569471662834076,-0.90021884,-8.857301,2226.668836897209,2209.099365234375,4432
DIC_misfit,year,A3,-125.1901,46.1307,-1.8641003903953788,-0.98444027,-8.887086,2155.7891492185204,2153.925048828125,4433
DIC_misfit,year,A3,-125.1901,46.1307,57.280529979822404,-0.5752934,-8.742392,2096.6445188483026,2153.925048828125,4434
DIC_misfit,year,A3,-125.1901,46.1307,-4.22980168923641,-22.190815,-16.386683,2088.4019208298614,2084.172119140625,4435
DIC_misfit,year,A3,-125.1901,46.1307,-51.95141508730194,-34.255676,-20.653399,2067.451415087302,2015.5,4436
DIC_misfit,year,A3,-125.1901,46.1307,-26.010034007828153,-46.794563,-25.087753,1972.4205564687657,1946.4105224609375,4437
DIC_misfit,year,A3,-125.1901,46.1307,-24.884534930697555,-46.794563,-25.087753,1971.295057391635,1946.4105224609375,4438
DIC_misfit,year,A3,-125.1901,46.1307,-25.49726714288886,-46.794563,-25.087753,1971.9077896038264,1946.4105224609375,4439
DIC_misfit,year,A3,-125.1901,46.1307,-22.575657651669417,-37.788425,-21.902748,1971.851170346982,1949.2755126953125,4440
DIC_misfit,year,A3,-125.1901,46.1307,-21.837016127180505,-40.16099,-22.741802,1971.112528822493,1949.2755126953125,4441
DIC_misfit,year,A3,-125.1901,46.1307,-22.552371651657722,-39.481384,-22.501461,1971.8278843469702,1949.2755126953125,4442
DIC_misfit,year,A3,-124.1308,44.6525,96.22919971761712,74.31187,17.741316,2291.403612782383,2387.6328125,4443
DIC_misfit,year,A3,-124.1308,44.6525,103.0688056970198,102.82406,27.8246,2268.99711227173,2372.06591796875,4444
DIC_misfit,year,A3,-124.1308,44.6525,95.12178686658217,85.304306,21.628773,2263.524209227168,2358.64599609375,4445
DIC_misfit,year,A3,-124.1308,44.6525,135.49569955056768,65.79817,14.730463,2210.2181676369323,2345.7138671875,4446
DIC_misfit,year,A3,-124.1308,44.6525,154.69949701845053,68.042496,15.524164,2163.8793604034245,2318.578857421875,4448
DIC_misfit,year,A3,-124.2961,44.6533,36.792283124941605,49.243347,8.875879,2302.5124043750584,2339.3046875,4450
DIC_misfit,year,A3,-124.2961,44.6533,40.33147000914278,45.36227,7.5033436,2294.400951865857,2334.732421875,4451
DIC_misfit,year,A3,-124.2961,44.6533,38.03310814571432,44.040665,7.035961,2290.0052219324107,2328.038330078125,4452
DIC_misfit,year,A3,-124.2961,44.6533,42.31486644215693,43.373985,6.800191,2272.025465589093,2314.34033203125,4453
DIC_misfit,year,A3,-124.2961,44.6533,36.45831767340087,40.261066,5.699312,2262.882746779724,2299.341064453125,4454
DIC_misfit,year,A3,-124.2961,44.6533,49.81948035156165,33.569904,3.3329954,2213.4395528515633,2263.259033203125,4455
DIC_misfit,year,A3,-124.2961,44.6533,25.069065101326487,39.55264,5.448778,2195.7771263049235,2220.84619140625,4456
DIC_misfit,year,A3,-124.2961,44.6533,4.150418648498544,28.688438,1.6066742,2193.3591028358765,2197.509521484375,4457
DIC_misfit,year,A3,-124.2961,44.6533,-25.603433091038823,44.54785,7.2153263,2196.067544419164,2170.464111328125,4458
DIC_misfit,year,A3,-124.2961,44.6533,-0.9976351050695484,45.220943,7.4533644,2126.8277132300695,2125.830078125,4459
DIC_misfit,year,A3,-124.6529,44.6483,31.548694633997002,31.974197,2.7686768,2318.368785834753,2349.91748046875,4461
DIC_misfit,year,A3,-124.6529,44.6483,30.63701778156519,31.416965,2.5716124,2314.500677530935,2345.1376953125,4462
DIC_misfit,year,A3,-124.6529,44.6483,36.17415060093617,31.186655,2.4901638,2304.063642367814,2340.23779296875,4463
DIC_misfit,year,A3,-124.6529,44.6483,47.21520421754212,32.578148,2.9822626,2285.444463751208,2332.65966796875,4464
DIC_misfit,year,A3,-124.6529,44.6483,-2.827359112355225,22.547089,-0.56520367,2268.28805247173,2265.460693359375,4465
DIC_misfit,year,A3,-124.6529,44.6483,31.528579616392562,24.646889,0.17738724,2231.0646821023574,2262.59326171875,4466
DIC_misfit,year,A3,-124.6529,44.6483,25.8085729820873,7.0758843,-6.0365667,2205.1425988929127,2230.951171875,4467
DIC_misfit,year,A3,-124.6529,44.6483,8.841950324414938,-1.3957947,-9.03256,2192.088225456835,2200.93017578125,4468
DIC_misfit,year,A3,-124.6529,44.6483,-41.44106318597596,-4.3062453,-10.061836,2161.601707717226,2120.16064453125,4469
DIC_misfit,year,A3,-124.6529,44.6483,-14.277996797132346,-5.194945,-10.376123,2110.9115417190073,2096.633544921875,4470
DIC_misfit,year,A3,-124.6529,44.6483,-49.495163104140374,-32.70969,-20.106663,2101.1931611510154,2051.697998046875,4471
DIC_misfit,year,A3,-124.6529,44.6483,-86.0735318432271,-6.315241,-10.772314,2066.8712613354146,1980.7977294921875,4472
DIC_misfit,year,A3,-124.6529,44.6483,-71.39093526676947,0.43315592,-8.385756,2036.206975305832,1964.8160400390625,4473
DIC_misfit,year,A3,-124.6529,44.6483,-73.33690207724862,-1.1636475,-8.950462,2038.1529421163111,1964.8160400390625,4474
DIC_misfit,year,A3,-124.7731,44.655,45.36353461166664,32.109215,2.8164253,2301.8366607008334,2347.2001953125,4475
DIC_misfit,year,A3,-124.7731,44.655,40.5285505213933,31.9651,2.765459,2296.4633928379817,2336.991943359375,4476
DIC_misfit,year,A3,-124.7731,44.655,22.03789128771041,34.081005,3.5137453,2288.8546868372896,2310.892578125,4477
DIC_misfit,year,A3,-124.7731,44.655,33.686856877707214,32.760456,3.0467358,2265.627107966043,2299.31396484375,4478
DIC_misfit,year,A3,-124.7731,44.655,6.298525352776778,27.131542,1.0560799,2261.205380897223,2267.50390625,4479
DIC_misfit,year,A3,-124.7731,44.655,3.890967026857197,23.444405,-0.24786949,2232.084863051268,2235.975830078125,4480
DIC_misfit,year,A3,-124.7731,44.655,15.983599303066057,18.601643,-1.9605031,2188.049603821934,2204.033203125,4481
DIC_misfit,year,A3,-124.7731,44.655,-1.657318782839866,14.714638,-3.3351355,2184.033539485965,2182.376220703125,4482
DIC_misfit,year,A3,-124.7731,44.655,-17.654005367677655,-7.5223675,-11.199212,2145.2665541958027,2127.612548828125,4483
DIC_misfit,year,A3,-124.7731,44.655,-44.465240862673454,-41.921345,-23.36435,2083.9859928157985,2039.520751953125,4484
DIC_misfit,year,A3,-124.7731,44.655,-46.599259986335255,-40.75121,-22.950531,2036.2171799082103,1989.617919921875,4485
DIC_misfit,year,A3,-124.7731,44.655,-54.56057572656891,-24.412153,-17.172255,2019.443388226569,1964.8828125,4486
DIC_misfit,year,A3,-124.7731,44.655,-53.45061001898716,-9.641196,-11.948532,2017.4601315033622,1964.009521484375,4487
DIC_misfit,year,A3,-124.7731,44.655,-53.14489588072365,-9.641196,-11.948532,2017.1544173650987,1964.009521484375,4488
DIC_misfit,year,A3,-124.9985,44.6596,-10.331666552063325,-13.390491,-13.274464,2438.3216567864383,2427.989990234375,4489
DIC_misfit,year,A3,-124.9985,44.6596,-11.026047914407172,-13.691577,-13.380941,2427.411545961282,2416.385498046875,4490
DIC_misfit,year,A3,-124.9985,44.6596,-10.043558639812545,-13.452699,-13.296463,2393.9698281710625,2383.92626953125,4491
DIC_misfit,year,A3,-124.9985,44.6596,-7.024171623620532,5.9827785,-6.4231415,2353.5051286548705,2346.48095703125,4492
DIC_misfit,year,A3,-124.9985,44.6596,20.342797748118755,25.713223,0.5544939,2320.4838624081312,2340.82666015625,4493
DIC_misfit,year,A3,-124.9985,44.6596,52.603484185154684,30.009855,2.0739908,2284.0654611273453,2336.6689453125,4494
DIC_misfit,year,A3,-124.9985,44.6596,34.4170630155686,29.126177,1.7614794,2264.9249780000564,2299.342041015625,4495
DIC_misfit,year,A3,-124.9985,44.6596,7.370849293664833,27.048597,1.0267467,2279.354248362585,2286.72509765625,4496
DIC_misfit,year,A3,-124.9985,44.6596,12.484275278027326,15.590686,-3.0253224,2225.4964376125977,2237.980712890625,4498
DIC_misfit,year,A3,-124.9985,44.6596,-13.15458535803873,4.995564,-6.7722683,2183.2397904361637,2170.085205078125,4499
DIC_misfit,year,A3,-124.9985,44.6596,-21.511511093727677,-11.097592,-12.463584,2157.0483763281027,2135.536865234375,4500
DIC_misfit,year,A3,-124.9985,44.6596,0.9704424321885199,-11.097592,-12.463584,2134.5664228021865,2135.536865234375,4501
DIC_misfit,year,A3,-124.9985,44.6596,1.4673171488520893,-27.475943,-18.255756,2113.774870351148,2115.2421875,4502
DIC_misfit,year,A3,-124.9985,44.6596,17.056611635993704,-24.34987,-17.150227,2050.8774703952563,2067.93408203125,4503
DIC_misfit,year,A3,-124.9985,44.6596,-36.502646128788,-43.69599,-23.991947,2028.622275035038,1992.11962890625,4504
DIC_misfit,year,A3,-124.9985,44.6596,-48.3077825838302,-33.443146,-20.366047,2002.7019476228927,1954.3941650390625,4505
DIC_misfit,year,A3,-124.9985,44.6596,-53.38354081519469,-29.207247,-18.86803,2000.7529255808197,1947.369384765625,4506
DIC_misfit,year,A3,-124.9985,44.6596,-53.5831489626255,-29.207247,-18.86803,2000.9525337282505,1947.369384765625,4507
DIC_misfit,year,A3,-125.1141,44.6553,-15.402198256101201,-13.244637,-13.222882,2399.221778334226,2383.819580078125,4508
DIC_misfit,year,A3,-125.1141,44.6553,-9.72700437703952,-2.9871001,-9.595323,2377.6911157051645,2367.964111328125,4509
DIC_misfit,year,A3,-125.1141,44.6553,-2.6809934980360595,-0.19415921,-8.607604,2354.772546232411,2352.091552734375,4510
DIC_misfit,year,A3,-125.1141,44.6553,3.6501888014913675,22.52755,-0.5721135,2336.3734928391336,2340.023681640625,4511
DIC_misfit,year,A3,-125.1141,44.6553,36.61374688830301,30.294813,2.1747656,2290.572044127322,2327.185791015625,4512
DIC_misfit,year,A3,-125.1141,44.6553,27.42226138166916,29.31732,1.8290768,2272.438334321456,2299.860595703125,4513
DIC_misfit,year,A3,-125.1141,44.6553,4.673544309684985,26.305155,0.7638302,2275.86136779969,2280.534912109375,4514
DIC_misfit,year,A3,-125.1141,44.6553,-5.989741253327793,7.4211,-5.914482,2240.202387737703,2234.212646484375,4516
DIC_misfit,year,A3,-125.1141,44.6553,-14.156078126172815,-16.31226,-14.307741,2188.430003907423,2174.27392578125,4517
DIC_misfit,year,A3,-125.1141,44.6553,-18.783810425549746,-6.74396,-10.923929,2157.1768768317997,2138.39306640625,4518
DIC_misfit,year,A3,-125.1141,44.6553,-35.341189183390725,-42.417164,-23.539694,1986.6453884021407,1951.30419921875,4520
DIC_misfit,year,A3,-125.1141,44.6553,-37.10484175504189,-33.064014,-20.231968,1979.2389970284794,1942.1341552734375,4521
DIC_misfit,year,A3,-125.1141,44.6553,-47.2059219531975,-29.520693,-18.97888,1989.6253555469475,1942.41943359375,4522
DIC_misfit,year,A3,-125.3673,44.6622,-1.4585096366590733,-13.660199,-13.369844,2443.490980339784,2442.032470703125,4525
DIC_misfit,year,A3,-125.3673,44.6622,-9.452057076947312,-13.174474,-13.198069,2425.6031801238223,2416.151123046875,4526
DIC_misfit,year,A3,-125.3673,44.6622,-21.254313998876114,-3.826097,-9.892033,2384.983073764501,2363.728759765625,4527
DIC_misfit,year,A3,-125.3673,44.6622,-17.356402647662435,2.863244,-7.5263596,2366.2067444445374,2348.850341796875,4528
DIC_misfit,year,A3,-125.3673,44.6622,2.053375202560801,24.411167,0.09402466,2330.189300578689,2332.24267578125,4529
DIC_misfit,year,A3,-124.1302,44.6513,91.38694517690556,115.11985,32.172985,2329.0947442762194,2420.481689453125,4532
DIC_misfit,year,A3,-124.1302,44.6513,80.8815978433363,86.280075,21.973852,2325.3022400472887,2406.183837890625,4538
DIC_misfit,year,A3,-124.1302,44.6513,67.0800139921871,99.298256,26.57771,2298.410708664063,2365.49072265625,4539
DIC_misfit,year,A3,-124.1302,44.6513,67.92420077369479,120.751686,34.164673,2273.960076570055,2341.88427734375,4540
DIC_misfit,year,A3,-124.1302,44.6513,82.3705313309556,126.4962,36.196213,2256.5562264815444,2338.9267578125,4541
DIC_misfit,year,A3,-124.2952,44.6513,62.79711498095685,63.76035,14.009792,2324.497318612793,2387.29443359375,4543
DIC_misfit,year,A3,-124.2952,44.6513,54.34024968824724,48.25295,8.525627,2276.8763030461278,2331.216552734375,4547
DIC_misfit,year,A3,-124.2952,44.6513,52.722042312597296,42.607647,6.5291767,2262.1883580780277,2314.910400390625,4548
DIC_misfit,year,A3,-124.2952,44.6513,74.93849177669563,44.698856,7.268729,2238.6564789264294,2313.594970703125,4549
DIC_misfit,year,A3,-124.2952,44.6513,66.36845826374565,35.562008,4.0374994,2222.8119616581293,2289.180419921875,4550
DIC_misfit,year,A3,-124.2952,44.6513,17.325185495514233,36.618874,4.4112577,2228.4521582544858,2245.77734375,4551
DIC_misfit,year,A3,-124.2952,44.6513,62.41930761134927,47.988335,8.432047,2155.9132119199007,2218.33251953125,4552
DIC_misfit,year,A3,-124.2952,44.6513,63.22038762811053,49.80066,9.072973,2150.5337627625145,2213.754150390625,4553
DIC_misfit,year,A3,-124.6517,44.6515,27.133630425003503,32.203167,2.8496513,2324.4364379343715,2351.570068359375,4554
DIC_misfit,year,A3,-124.6517,44.6515,30.453729047118486,31.819824,2.7140827,2313.1485658747565,2343.602294921875,4555
DIC_misfit,year,A3,-124.6517,44.6515,32.85658629751515,31.344273,2.545905,2298.17832581186,2331.034912109375,4556
DIC_misfit,year,A3,-124.6517,44.6515,20.567310179217657,30.749836,2.3356829,2266.5110589614073,2287.078369140625,4557
DIC_misfit,year,A3,-124.6517,44.6515,22.696386898231594,18.68777,-1.9300442,2231.8167966955184,2254.51318359375,4558
DIC_misfit,year,A3,-124.6517,44.6515,20.360608317008428,12.061234,-4.2735066,2221.4631221517416,2241.82373046875,4559
DIC_misfit,year,A3,-124.6517,44.6515,48.39499023510098,-0.7085564,-8.78952,2169.944853514899,2218.33984375,4560
DIC_misfit,year,A3,-124.6517,44.6515,-33.69529544921579,-28.000809,-18.441376,2163.775129433591,2130.079833984375,4561
DIC_misfit,year,A3,-124.6517,44.6515,-143.9579377055452,-43.9304,-24.074848,2168.32829903367,2024.370361328125,4562
DIC_misfit,year,A3,-124.6517,44.6515,-69.92813818691593,-22.279905,-16.418188,2068.404700686916,1998.4765625,4563
DIC_misfit,year,A3,-124.6517,44.6515,-32.75546916392477,-14.098005,-13.524674,2028.0929935779873,1995.3375244140625,4564
DIC_misfit,year,A3,-124.7703,44.6508,61.33466604168643,43.98903,7.0177,2308.2861835676886,2369.620849609375,4565
DIC_misfit,year,A3,-124.7703,44.6508,66.64143995959603,43.98903,7.0177,2302.657144024779,2369.298583984375,4566
DIC_misfit,year,A3,-124.7703,44.6508,71.67697498007283,42.155865,6.369405,2291.535915644927,2363.212890625,4567
DIC_misfit,year,A3,-124.7703,44.6508,235.65291544048796,41.62717,6.182433,2114.686195887637,2350.339111328125,4568
DIC_misfit,year,A3,-124.7703,44.6508,70.73287284253911,40.43249,5.7599363,2265.662390829336,2336.395263671875,4569
DIC_misfit,year,A3,-124.7703,44.6508,45.64440970109854,32.015675,2.7833452,2249.1944574864015,2294.8388671875,4570
DIC_misfit,year,A3,-124.7703,44.6508,36.44988296514157,22.354746,-0.63322496,2218.8455271911084,2255.29541015625,4571
DIC_misfit,year,A3,-124.7703,44.6508,-18.106339663756444,-6.586021,-10.868074,2206.0963298981314,2187.989990234375,4572
DIC_misfit,year,A3,-124.7703,44.6508,-69.97983389082856,-35.58351,-21.122986,2162.6036131877036,2092.623779296875,4573
DIC_misfit,year,A3,-124.7703,44.6508,-67.45247545734537,-42.625435,-23.613348,2102.801718621408,2035.3492431640625,4574
DIC_misfit,year,A3,-124.7703,44.6508,2.107232968346807,-16.748993,-14.462192,2008.2055111722782,2010.312744140625,4575
DIC_misfit,year,A3,-124.7703,44.6508,9.738625037036854,-6.036612,-10.673778,1993.8819804317131,2003.62060546875,4576
DIC_misfit,year,A3,-124.1693,44.2002,83.48408672350934,67.82927,15.448757,2296.5664503858657,2380.050537109375,4577
DIC_misfit,year,A3,-124.1693,44.2002,86.97298741337772,67.82927,15.448757,2293.0775496959973,2380.050537109375,4578
DIC_misfit,year,A3,-124.1693,44.2002,75.08842785448587,59.252415,12.415569,2289.379101442389,2364.467529296875,4579
DIC_misfit,year,A3,-124.1693,44.2002,45.01445678220534,62.75473,13.654156,2256.2411584521697,2301.255615234375,4580
DIC_misfit,year,A3,-124.1693,44.2002,88.10887917383252,66.34249,14.92296,2205.3618239511675,2293.470703125,4581
DIC_misfit,year,A3,-124.2592,44.2,93.6520797327239,81.40347,20.24925,2308.816670267276,2402.46875,4583
DIC_misfit,year,A3,-124.2592,44.2,72.53222152609897,59.463814,12.49033,2278.262456208276,2350.794677734375,4585
DIC_misfit,year,A3,-124.2592,44.2,58.78221190132763,58.514065,12.154453,2277.1628564580474,2335.945068359375,4587
DIC_misfit,year,A3,-124.2592,44.2,24.030523259259553,65.08178,14.477114,2276.0993595532404,2300.1298828125,4588
DIC_misfit,year,A3,-124.2592,44.2,123.80721545026017,62.043877,13.402763,2128.84366345599,2252.65087890625,4589
DIC_misfit,year,A3,-124.2592,44.2,93.36964002989725,67.452614,15.315554,2105.8742564544777,2199.243896484375,4590
DIC_misfit,year,A3,-124.4218,44.1998,84.26918201150966,78.152534,19.099562,2328.3362867384903,2412.60546875,4593
DIC_misfit,year,A3,-124.4218,44.1998,66.60163643023179,50.391884,9.282059,2289.425219038518,2356.02685546875,4594
DIC_misfit,year,A3,-124.4218,44.1998,2.072519547189131,39.629555,5.47598,2291.515126937186,2293.587646484375,4595
DIC_misfit,year,A3,-124.4218,44.1998,6.934806744163325,39.459793,5.415944,2280.6574784120867,2287.59228515625,4596
DIC_misfit,year,A3,-124.4218,44.1998,67.09072282245643,49.320328,8.903105,2197.7569334275436,2264.84765625,4597
DIC_misfit,year,A3,-124.4218,44.1998,129.3635060336942,56.497364,11.44125,2085.279560372556,2214.64306640625,4598
DIC_misfit,year,A3,-124.4218,44.1998,126.3671361595375,81.09396,20.139793,2054.4141138404625,2180.78125,4599
DIC_misfit,year,A3,-124.5758,44.2007,24.559476187833752,48.39574,8.576126,2353.0306117027912,2377.590087890625,4601
DIC_misfit,year,A3,-124.5758,44.2007,23.282255173106023,44.576096,7.225315,2350.463838576894,2373.74609375,4602
DIC_misfit,year,A3,-124.5758,44.2007,13.809540170459968,40.34113,5.727627,2345.709746938915,2359.519287109375,4603
DIC_misfit,year,A3,-124.5758,44.2007,-13.57742189422379,32.30684,2.8863144,2318.788603534849,2305.211181640625,4604
DIC_misfit,year,A3,-124.5758,44.2007,-22.764675495832307,21.004684,-1.110672,2288.4560817458323,2265.69140625,4605
DIC_misfit,year,A3,-124.5758,44.2007,68.29646951818677,16.144358,-2.8295178,2178.2438136849382,2246.540283203125,4606
DIC_misfit,year,A3,-124.5758,44.2007,102.74267145214571,14.572866,-3.3852725,2119.3125043291043,2222.05517578125,4607
DIC_misfit,year,A3,-124.5758,44.2007,129.4614698514963,31.357,2.5504055,2040.6557176485037,2170.1171875,4608
DIC_misfit,year,A3,-124.5758,44.2007,123.17495858843427,36.656643,4.424615,2028.4932543021907,2151.668212890625,4609
DIC_misfit,year,A3,-124.9765,44.1983,25.866636307506724,27.743996,1.2726736,2335.8755511924933,2361.7421875,4611
DIC_misfit,year,A3,-124.9765,44.1983,57.581907700229294,32.602234,2.9907808,2300.9425063622707,2358.5244140625,4612
DIC_misfit,year,A3,-124.9765,44.1983,75.81626639558226,32.416122,2.924962,2279.1507746200427,2354.967041015625,4613
DIC_misfit,year,A3,-124.9765,44.1983,83.27717980887655,34.36988,3.6159058,2254.1151541754984,2337.392333984375,4614
DIC_misfit,year,A3,-124.9765,44.1983,89.16441503491114,34.36988,3.6159058,2235.540418949464,2324.704833984375,4615
DIC_misfit,year,A3,-124.9765,44.1983,122.1490918886384,31.871593,2.7323904,2177.0657518613616,2299.21484375,4616
DIC_misfit,year,A3,-124.9765,44.1983,112.03242595827896,26.148733,0.70851135,2163.751753729221,2275.7841796875,4617
DIC_misfit,year,A3,-124.9765,44.1983,74.31192019077434,13.153822,-3.887115,2136.5935973873507,2210.905517578125,4618
DIC_misfit,year,A3,-124.9765,44.1983,50.14478144046916,9.546167,-5.1629558,2112.393060356406,2162.537841796875,4619
DIC_misfit,year,A3,-124.9765,44.1983,5.913162109593486,-32.376793,-19.988934,2063.0485078122815,2068.961669921875,4620
DIC_misfit,year,A3,-124.9765,44.1983,23.74393111778636,-27.698006,-18.33429,2000.6171528665886,2024.361083984375,4621
DIC_misfit,year,A3,-124.9765,44.1983,13.887249103294835,-15.969975,-14.186693,2000.3626288263927,2014.2498779296875,4622
DIC_misfit,year,A3,-126.67,48.65,90.90041913695882,21.669035,-0.87572575,1980.4682332067912,2071.36865234375,4623
DIC_misfit,year,A3,-126.67,48.65,126.01151925973431,19.203806,-1.7475495,1945.3571330840157,2071.36865234375,4624
DIC_misfit,year,A3,-126.67,48.65,47.54033499431239,16.691324,-2.636084,2028.0048310213126,2075.545166015625,4625
DIC_misfit,year,A3,-126.67,48.65,59.23564409741698,13.116978,-3.900145,2040.570508246333,2099.80615234375,4626
DIC_misfit,year,A3,-126.67,48.65,170.23915310644406,15.645072,-3.0060892,1994.734967987306,2164.97412109375,4628
DIC_misfit,year,A3,-126.67,48.65,156.74795528759205,17.188206,-2.4603624,2051.461029087408,2208.208984375,4630
DIC_misfit,year,A3,-126.67,48.65,184.7880042342913,25.771332,0.57504463,2069.7998863907087,2254.587890625,4631
DIC_misfit,year,A3,-126.67,48.65,267.3271025229992,31.850262,2.7248468,2024.4160615395008,2291.7431640625,4633
DIC_misfit,year,A3,-126.67,48.65,229.67286708276197,31.850262,2.7248468,2062.070296979738,2291.7431640625,4634
DIC_misfit,year,A3,-126.67,48.65,260.64060965614726,32.270576,2.8734903,2044.9499665157277,2305.590576171875,4636
DIC_misfit,year,A3,-126.67,48.65,40.1849711630407,31.069208,2.4486284,2277.2093159463343,2317.394287109375,4637
DIC_misfit,year,A3,-126.67,48.65,19.778531029377064,25.947155,0.6372242,2315.668978736248,2335.447509765625,4638
DIC_misfit,year,A3,-126.67,48.65,-4.7556654161353435,2.1531854,-7.7774706,2359.1055189317603,2354.349853515625,4639
DIC_misfit,year,A3,-126.67,48.65,-30.77176135747004,-16.392101,-14.335978,2409.400423466845,2378.628662109375,4640
DIC_misfit,year,A3,-126.67,48.65,-33.04330801432798,-16.645884,-14.425727,2432.361667389328,2399.318359375,4641
DIC_misfit,year,A3,-126.67,48.65,-22.290948627573016,-16.191086,-14.264889,2449.663751361948,2427.372802734375,4642
DIC_misfit,year,A3,-126.67,48.65,-13.391385455759519,-16.150356,-14.250484,2457.3025182682595,2443.9111328125,4643
DIC_misfit,year,A3,-126.67,48.65,-13.71885410338973,-16.150356,-14.250484,2457.6299869158897,2443.9111328125,4644
DIC_misfit,year,A3,-126.67,48.65,5.098863781270211,-16.058132,-14.21787,2440.58814793748,2445.68701171875,4645
DIC_misfit,year,A3,-125.9982,48.5998,2.344446623913427,17.441813,-2.370675,2068.9382682198366,2071.28271484375,4646
DIC_misfit,year,A3,-125.9982,48.5998,3.227974031607573,16.836905,-2.5845995,2068.1353072183924,2071.36328125,4647
DIC_misfit,year,A3,-125.9982,48.5998,4.445005911004046,10.905472,-4.68224,2073.415101510871,2077.860107421875,4648
DIC_misfit,year,A3,-125.9982,48.5998,-35.018504274325096,10.742538,-4.7398615,2135.368113649325,2100.349609375,4649
DIC_misfit,year,A3,-125.9982,48.5998,-18.20710375570343,13.544563,-3.74893,2147.8313713338284,2129.624267578125,4650
DIC_misfit,year,A3,-125.9982,48.5998,-19.424661738481063,13.544563,-3.74893,2149.048929316606,2129.624267578125,4651
DIC_misfit,year,A3,-125.9982,48.5998,-2.065014998229799,12.977219,-3.9495707,2209.414380232605,2207.349365234375,4652
DIC_misfit,year,A3,-125.9982,48.5998,3.8437171174059586,16.923239,-2.5540676,2217.756380538844,2221.60009765625,4653
DIC_misfit,year,A3,-126.6732,48.6542,90.76063912991253,18.811836,-1.8861685,1980.4261284482125,2071.186767578125,4654
DIC_misfit,year,A3,-126.6732,48.6542,125.82027598090008,16.34661,-2.7579918,1945.366491597225,2071.186767578125,4655
DIC_misfit,year,A3,-126.6732,48.6542,47.35342973557158,17.011417,-2.5228834,2028.0242558113034,2075.377685546875,4656
DIC_misfit,year,A3,-126.6732,48.6542,57.81451752814837,13.116978,-3.900145,2040.5297207531016,2098.34423828125,4657
DIC_misfit,year,A3,-126.6732,48.6542,168.42522573641645,15.645072,-3.0060892,1994.7747254354585,2163.199951171875,4658
DIC_misfit,year,A3,-126.6732,48.6542,154.84267472905458,16.61847,-2.661849,2051.5008311303204,2206.343505859375,4659
DIC_misfit,year,A3,-126.6732,48.6542,186.10876162658406,26.705227,0.90531445,2069.757693451541,2255.866455078125,4660
DIC_misfit,year,A3,-126.6732,48.6542,264.65477196762913,31.688622,2.6676826,2024.4257944386209,2289.08056640625,4661
DIC_misfit,year,A3,-126.6732,48.6542,227.05209588112803,31.688622,2.6676826,2062.028470525122,2289.08056640625,4662
DIC_misfit,year,A3,-126.6732,48.6542,261.8258920750184,32.433258,2.9310226,2044.9612172999816,2306.787109375,4663
DIC_misfit,year,A3,-126.6732,48.6542,37.58435931064332,30.93614,2.4015694,2277.2195957674817,2314.803955078125,4664
DIC_misfit,year,A3,-126.6732,48.6542,19.90075745687227,25.947155,0.6372242,2315.6390374650027,2335.539794921875,4665
DIC_misfit,year,A3,-126.6732,48.6542,-6.532349564618016,2.1531854,-7.7774706,2359.065552689618,2352.533203125,4666
DIC_misfit,year,A3,-126.6732,48.6542,-29.889087974927406,-16.392101,-14.335978,2409.4301035999274,2379.541015625,4667
DIC_misfit,year,A3,-126.6732,48.6542,-33.929914529826874,-16.645884,-14.425727,2432.383039529827,2398.453125,4668
DIC_misfit,year,A3,-126.6732,48.6542,-23.372341098888683,-16.191086,-14.264889,2449.6955832863887,2426.3232421875,4669
DIC_misfit,year,A3,-126.6732,48.6542,-13.541037530132144,-16.150356,-14.250484,2457.322775811382,2443.78173828125,4670
DIC_misfit,year,A3,-126.6732,48.6542,-13.827263078320811,-16.150356,-14.250484,2457.609001359571,2443.78173828125,4671
DIC_misfit,year,A3,-126.6732,48.6542,4.943340038255883,-16.058132,-14.21787,2440.547382617994,2445.49072265625,4672
DIC_misfit,year,A3,-125.5003,48.5768,162.4680676744183,15.896352,-2.9172244,1900.9013170912067,2063.369384765625,4673
DIC_misfit,year,A3,-125.5003,48.5768,107.49739046895479,-3.677082,-9.839334,1976.7057345310452,2084.203125,4674
DIC_misfit,year,A3,-125.5003,48.5768,90.86773626139211,15.503087,-3.0563016,2126.867859441733,2217.735595703125,4675
DIC_misfit,year,A3,-124.9512,47.9645,287.96280441934186,25.973833,0.6466589,2050.703943627533,2338.666748046875,40310
DIC_misfit,year,A3,-124.9512,47.9645,35.89955167088783,4.145001,-7.0730686,2171.298690516612,2207.1982421875,40311
DIC_misfit,year,A3,-124.9512,47.9645,-12.812098082384182,-3.4569795,-9.761495,2133.712976988634,2120.90087890625,40312
DIC_misfit,year,A3,-124.9512,47.9645,-0.3783602862047246,-9.873569,-12.03071,2047.2095370440172,2046.8311767578125,40313
DIC_misfit,year,A3,-124.9512,47.9645,-8.959855107647172,-18.881998,-15.216524,2028.9657144826472,2020.005859375,40314
DIC_misfit,year,A3,-124.9512,47.9645,56.887261519170806,25.973833,0.6466589,2281.779486527704,2338.666748046875,40315
DIC_misfit,year,A3,-124.9512,47.9645,78.87358086098538,25.973833,0.6466589,2259.7931671858896,2338.666748046875,40316
DIC_misfit,year,A3,-124.9512,47.9645,76.90413655492785,6.1694937,-6.35711,2156.817787273197,2233.721923828125,40317
DIC_misfit,year,A3,-124.9512,47.9645,44.95112302589132,-5.6810465,-10.548033,2095.7607910366087,2140.7119140625,40318
DIC_misfit,year,A3,-124.9512,47.9645,7.792140392367401,-8.767923,-11.639701,2039.039036365445,2046.8311767578125,40319
DIC_misfit,year,A3,-124.9512,47.9645,9.00926694077657,-17.7527,-14.817151,2012.171763332661,2021.1810302734375,40320
DIC_misfit,year,A3,-124.4333,48.3968,54.24656871182833,42.415466,6.461212,2317.4653453506717,2371.7119140625,40321
DIC_misfit,year,A3,-124.4333,48.3968,20.860093410197805,42.00488,6.3160086,2294.645765964802,2315.505859375,40322
DIC_misfit,year,A3,-124.4333,48.3968,16.40084939911185,30.116793,2.1118088,2263.900908413388,2280.3017578125,40323
DIC_misfit,year,A3,-124.4333,48.3968,35.17877785500559,23.765306,-0.1343832,2207.6063783949944,2242.78515625,40324
DIC_misfit,year,A3,-124.4333,48.3968,17.178470998821922,24.363115,0.077031136,2210.588130563678,2227.7666015625,40325
DIC_misfit,year,A3,-124.4333,48.3968,-3.380604792353097,8.255687,-5.619332,2204.634999323603,2201.25439453125,40326
DIC_misfit,year,A3,-124.2677,48.352,54.94433175287486,42.67777,6.553975,2317.467777622125,2372.412109375,40327
DIC_misfit,year,A3,-124.2677,48.352,49.85827122277442,38.680122,5.140215,2277.0726369803506,2326.930908203125,40328
DIC_misfit,year,A3,-124.2677,48.352,14.710812037935739,22.95613,-0.4205475,2220.6698031964393,2235.380615234375,40330
DIC_misfit,year,A3,-124.2677,48.352,7.853103086396914,23.75661,-0.13745785,2210.628098085478,2218.481201171875,40331
DIC_misfit,year,A3,-124.2677,48.352,-21.782667423421117,8.073941,-5.6836057,2213.072218204671,2191.28955078125,40332
DIC_misfit,year,A3,-124.1005,48.2985,57.501206542405725,50.477314,9.312269,2315.8047016607193,2373.305908203125,40333
DIC_misfit,year,A3,-124.1005,48.2985,30.921237134738476,41.498413,6.136898,2291.3595245840115,2322.28076171875,40334
DIC_misfit,year,A3,-124.1005,48.2985,8.267968831246435,28.643799,1.5908871,2265.1380370281286,2273.406005859375,40335
DIC_misfit,year,A3,-124.1005,48.2985,9.052714129904416,23.946712,-0.07022858,2233.3210651669706,2242.373779296875,40336
DIC_misfit,year,A3,-124.1005,48.2985,1.7317188287056524,25.408663,0.44678688,2219.0951854681693,2220.826904296875,40337
DIC_misfit,year,A3,-124.1005,48.2985,24.1526152397887,2.988987,-7.4818907,2175.4801972602113,2199.6328125,40338
DIC_misfit,year,A3,-123.483,48.2233,51.63626577377954,43.864784,6.9737606,2307.5631971168455,2359.199462890625,40339
DIC_misfit,year,A3,-123.483,48.2233,37.61436412440662,36.060104,4.2136497,2290.3980870474684,2328.012451171875,40340
DIC_misfit,year,A3,-123.483,48.2233,70.68211339515392,32.787846,3.0564213,2219.012710823596,2289.69482421875,40341
DIC_misfit,year,A3,-123.483,48.2233,54.022468607036444,22.791168,-0.4788847,2171.4370040492136,2225.45947265625,40342
DIC_misfit,year,A3,-123.483,48.2233,70.98304220653472,23.103977,-0.36826038,2139.4439597465903,2210.427001953125,40343
DIC_misfit,year,A3,-123.483,48.2233,51.76385586346396,9.170945,-5.2956524,2133.622618745911,2185.386474609375,40344
DIC_misfit,year,A3,-123.0193,48.2728,43.61505879693459,44.20892,7.0954638,2279.6178513593154,2323.23291015625,40345
DIC_misfit,year,A3,-123.0193,48.2728,43.364704108867954,47.558655,8.280092,2271.514446281757,2314.879150390625,40346
DIC_misfit,year,A3,-123.0193,48.2728,58.888125573703746,39.884247,5.5660515,2216.5037201294213,2275.391845703125,40347
DIC_misfit,year,A3,-123.0193,48.2728,78.30197967594995,39.076923,5.2805424,2121.680686339675,2199.982666015625,40348
DIC_misfit,year,A3,-123.0193,48.2728,56.79421411657768,45.388878,7.5127544,2110.8376218209223,2167.6318359375,40349
DIC_misfit,year,A3,-123.0193,48.2728,56.78754987009188,18.38606,-2.0367436,2093.391405208033,2150.178955078125,40350
DIC_misfit,year,A3,-122.4535,47.7028,71.19378377425801,54.76884,10.82996,2133.537417397617,2204.731201171875,40351
DIC_misfit,year,A3,-122.4535,47.7028,67.72027837248652,55.13695,10.960142,2118.2826513150135,2186.0029296875,40352
DIC_misfit,year,A3,-122.4535,47.7028,68.13012384182866,58.06018,11.993937,2103.9855988144213,2172.11572265625,40353
DIC_misfit,year,A3,-122.4535,47.7028,51.617455946837254,49.00299,8.790878,2095.1449952250377,2146.762451171875,40354
DIC_misfit,year,A3,-122.4535,47.7028,49.51716673971259,47.91227,8.405148,2080.8280481040374,2130.34521484375,40355
DIC_misfit,year,A3,-122.4535,47.7028,8.887570557137678,29.301039,1.8233185,2070.5147731928623,2079.40234375,40356
DIC_misfit,year,A3,-124.9512,47.9645,63.498195823025526,28.630133,1.5860538,2277.2337377707245,2340.73193359375,40357
DIC_misfit,year,A3,-124.9512,47.9645,65.14123477604653,28.630133,1.5860538,2275.5906988177035,2340.73193359375,40358
DIC_misfit,year,A3,-124.9512,47.9645,45.894849656435326,20.121656,-1.4229531,2215.1151601091897,2261.010009765625,40359
DIC_misfit,year,A3,-124.9512,47.9645,45.725098529055686,19.622118,-1.5996141,2215.2849112365693,2261.010009765625,40360
DIC_misfit,year,A3,-124.9512,47.9645,-3.181837184523374,4.5454907,-6.9314356,2170.5346203876484,2167.352783203125,40361
DIC_misfit,year,A3,-124.9512,47.9645,-8.988514448072237,4.6707387,-6.887142,2176.3412976511972,2167.352783203125,40362
DIC_misfit,year,A3,-124.9512,47.9645,-24.19555480911231,11.828781,-4.3557134,2085.0290509028623,2060.83349609375,40363
DIC_misfit,year,A3,-124.9512,47.9645,48.92721220434487,25.677921,0.5420103,1982.5290866237801,2031.456298828125,40364
DIC_misfit,year,A3,-124.9512,47.9645,106.52967266862856,47.323322,8.196867,1883.871328307934,1990.4010009765625,40365
DIC_misfit,year,A3,-124.9512,47.9645,105.90999943617703,47.323322,8.196867,1884.4910015403855,1990.4010009765625,40366
DIC_misfit,year,A3,-124.9512,47.9645,78.70504139322793,38.123512,4.943371,1894.047155872397,1972.752197265625,40367
DIC_misfit,year,A3,-124.9512,47.9645,79.11480519930888,38.123512,4.943371,1893.6373920663161,1972.752197265625,40368
DIC_misfit,year,A3,-124.7828,48.465,190.0664270532111,29.022358,1.7247639,2166.181619821789,2356.248046875,40369
DIC_misfit,year,A3,-124.7828,48.465,38.600791075638426,29.086594,1.7474804,2318.0193261118616,2356.6201171875,40370
DIC_misfit,year,A3,-124.7828,48.465,139.98609710469145,18.494024,-1.9985623,2007.9528677390585,2147.93896484375,40371
DIC_misfit,year,A3,-124.7828,48.465,144.9122391262656,18.494024,-1.9985623,2003.0267257174844,2147.93896484375,40372
DIC_misfit,year,A3,-124.7828,48.465,162.69385104119374,39.398777,5.3943653,1947.0815395838063,2109.775390625,40373
DIC_misfit,year,A3,-124.7828,48.465,161.6783667068794,39.352585,5.37803,1948.0970239181206,2109.775390625,40374
DIC_misfit,year,A3,-124.7828,48.465,138.5052899283587,57.710197,11.870167,1947.1499835091413,2085.6552734375,40375
DIC_misfit,year,A3,-124.7828,48.465,104.81302851139935,52.952126,10.187483,1980.8422449261006,2085.6552734375,40376
DIC_misfit,year,A3,-124.4333,48.3968,42.34547104331887,32.28207,2.877555,2308.753405909806,2351.098876953125,40377
DIC_misfit,year,A3,-124.4333,48.3968,48.29976219463879,32.28207,2.877555,2302.799114758486,2351.098876953125,40378
DIC_misfit,year,A3,-124.4333,48.3968,50.37940015267259,32.752495,3.0439196,2094.5527287535774,2144.93212890625,40379
DIC_misfit,year,A3,-124.4333,48.3968,43.90104563979958,29.867468,2.0236359,2095.2461711570754,2139.147216796875,40380
DIC_misfit,year,A3,-124.4333,48.3968,96.4563441296284,34.065624,3.5083055,2030.0707554797466,2126.527099609375,40382
DIC_misfit,year,A3,-124.4333,48.3968,100.18627433776055,26.365902,0.78531265,2033.0583545684894,2133.24462890625,40383
DIC_misfit,year,A3,-124.4333,48.3968,103.83981381926742,34.245358,3.571868,2015.6089166494826,2119.44873046875,40385
DIC_misfit,year,A3,-124.4333,48.3968,97.86452973514702,29.073898,1.7429905,2016.421847217978,2114.286376953125,40386
DIC_misfit,year,A3,-123.9827,48.272,59.674675329640195,39.49002,5.426634,2289.45618404536,2349.130859375,40388
DIC_misfit,year,A3,-123.9827,48.272,58.54355010827658,39.49002,5.426634,2290.5873092667234,2349.130859375,40389
DIC_misfit,year,A3,-123.9827,48.272,65.21510155894748,23.84474,-0.10629177,2098.7575546910525,2163.97265625,40390
DIC_misfit,year,A3,-123.9827,48.272,35.551277958839364,23.84474,-0.10629177,2128.4213782911606,2163.97265625,40391
DIC_misfit,year,A3,-123.9827,48.272,35.45460359679737,29.045624,1.7329922,2123.7409530438276,2159.195556640625,40393
DIC_misfit,year,A3,-123.9827,48.272,33.40544734289824,29.045624,1.7329922,2125.7901092977268,2159.195556640625,40394
DIC_misfit,year,A3,-123.9827,48.272,31.178796059499746,21.607386,-0.8975277,2124.0150515967503,2155.19384765625,40396
DIC_misfit,year,A3,-123.9827,48.272,1.779654782646503,22.065672,-0.7354555,2153.4141928736035,2155.19384765625,40397
DIC_misfit,year,A3,-123.483,48.2233,55.78715372453007,34.268578,3.58008,2273.53218221297,2329.3193359375,40399
DIC_misfit,year,A3,-123.483,48.2233,90.3939133903582,34.268578,3.58008,2238.925422547142,2329.3193359375,40400
DIC_misfit,year,A3,-123.483,48.2233,25.34496619731135,30.434605,2.2242022,2112.9592330214386,2138.30419921875,40401
DIC_misfit,year,A3,-123.483,48.2233,86.79510198428034,30.434605,2.2242022,2051.5090972344697,2138.30419921875,40402
DIC_misfit,year,A3,-123.483,48.2233,14.879637423819986,30.806402,2.355688,2114.727052029305,2129.606689453125,40404
DIC_misfit,year,A3,-123.483,48.2233,17.133560698986457,30.806402,2.355688,2112.4731287541385,2129.606689453125,40405
DIC_misfit,year,A3,-123.483,48.2233,11.739839343183576,24.60248,0.16168213,2112.1222212036914,2123.862060546875,40407
DIC_misfit,year,A3,-123.483,48.2233,10.006643850339515,24.41176,0.09423447,2113.8554166965355,2123.862060546875,40408
DIC_misfit,year,A3,-123.0193,48.2728,32.27941157927353,42.308758,6.4234753,2222.3826977957265,2254.662109375,40410
DIC_misfit,year,A3,-123.0193,48.2728,30.419713198409227,42.308758,6.4234753,2224.242396176591,2254.662109375,40411
DIC_misfit,year,A3,-123.0193,48.2728,96.20033478642085,43.95964,7.007307,2027.7608468542041,2123.961181640625,40412
DIC_misfit,year,A3,-123.0193,48.2728,47.700683488227696,43.95964,7.007307,2076.2604981523973,2123.961181640625,40413
DIC_misfit,year,A3,-123.0193,48.2728,55.46368947933206,43.080162,6.6962805,2065.551935520668,2121.015625,40415
DIC_misfit,year,A3,-123.0193,48.2728,45.29244615103062,43.080162,6.6962805,2074.6423683020944,2119.934814453125,40416
DIC_misfit,year,A3,-123.0193,48.2728,44.43417977880745,43.40264,6.8103247,2072.6456542055676,2117.079833984375,40418
DIC_misfit,year,A3,-123.0193,48.2728,28.0100244193286,43.486027,6.839814,2087.2739111275464,2115.283935546875,40419
DIC_misfit,year,A3,-122.4535,47.7028,100.88963221393033,78.50938,19.225758,2055.9853677860697,2156.875,40421
DIC_misfit,year,A3,-122.4535,47.7028,77.12106766242914,78.50938,19.225758,2079.753932337571,2156.875,40422
DIC_misfit,year,A3,-122.4535,47.7028,139.3050305995207,72.52843,17.110607,1930.4571764317293,2069.76220703125,40425
DIC_misfit,year,A3,-122.4535,47.7028,74.95401603607638,71.98286,16.917665,1994.8081909951736,2069.76220703125,40426
DIC_misfit,year,A3,-122.4535,47.7028,10.108928696864268,41.96953,6.303507,1938.3324775531357,1948.44140625,40427
DIC_misfit,year,A3,-122.4535,47.7028,10.539291366010275,41.96953,6.303507,1937.9021148839897,1948.44140625,40428
DIC_misfit,year,A3,-122.4535,47.7028,-48.67238488377939,57.590103,11.827696,1881.316305782217,1832.6439208984375,40429
DIC_misfit,year,A3,-122.4535,47.7028,-85.51687849440805,65.83381,14.743067,1864.8395103303455,1779.3226318359375,40430
DIC_misfit,year,A3,-122.4535,47.7028,52.15298953379215,12.398791,-4.1541305,1668.2926891771453,1720.4456787109375,40431
DIC_misfit,year,A3,-122.4535,47.7028,52.85911584169685,7.276654,-5.9655647,1667.5865628692407,1720.4456787109375,40432
DIC_misfit,year,A3,-122.3732,47.884,73.88119491187945,59.243652,12.41247,2055.0104066506206,2128.8916015625,40433
DIC_misfit,year,A3,-122.3732,47.884,79.91201094089456,54.44884,10.716793,2042.3760749966054,2122.2880859375,40435
DIC_misfit,year,A3,-122.3732,47.884,39.52195361521149,49.98065,9.136627,2016.2485541972885,2055.7705078125,40439
DIC_misfit,year,A3,-122.3732,47.884,38.33870660796401,48.791817,8.716198,1997.7656635092235,2036.1043701171875,40441
DIC_misfit,year,A3,-122.3732,47.884,-41.75454500149249,64.28738,14.196173,1963.75344636868,1921.9989013671875,40443
DIC_misfit,year,A3,-122.4544,47.7047,84.99146860928181,69.47745,16.031633,2045.9741075625932,2130.965576171875,40445
DIC_misfit,year,A3,-122.4544,47.7047,73.78833053268522,64.94668,14.429335,2046.2062983735648,2119.99462890625,40447
DIC_misfit,year,A3,-122.4544,47.7047,70.61350784718229,59.193306,12.394665,2040.3982109028177,2111.01171875,40448
DIC_misfit,year,A3,-122.4544,47.7047,63.83429324047643,52.49784,10.026825,2035.7767907438986,2099.611083984375,40449
DIC_misfit,year,A3,-122.4544,47.7047,50.54787109708286,51.294525,9.6012745,2032.7409472622921,2083.288818359375,40450
DIC_misfit,year,A3,-122.4544,47.7047,51.97787401051778,51.297726,9.602407,2030.1534736457322,2082.13134765625,40451
DIC_misfit,year,A3,-122.4544,47.7047,50.917338751633224,49.75342,9.056267,2025.1664014827418,2076.083740234375,40452
DIC_misfit,year,A3,-122.4544,47.7047,48.49507165420755,48.658497,8.669048,2012.3645474864175,2060.859619140625,40453
DIC_misfit,year,A3,-122.4544,47.7047,18.275387553690507,52.98255,10.198242,2010.006228657247,2028.2816162109375,40454
DIC_misfit,year,A3,-122.4544,47.7047,3.350739297217615,49.485035,8.961353,2009.7799980074699,2013.1307373046875,40456
DIC_misfit,year,A3,-122.3049,48.018,37.55980543242731,60.39284,12.818878,2090.4472746456977,2128.007080078125,40457
DIC_misfit,year,A3,-122.3049,48.018,30.704827538595964,52.207405,9.924114,2058.915289648904,2089.6201171875,40459
DIC_misfit,year,A3,-122.3049,48.018,33.80859033164984,43.045246,6.6839323,2022.1931186527252,2056.001708984375,40462
DIC_misfit,year,A3,-122.3049,48.018,16.905991091014585,45.82342,7.6664295,1999.6521143777354,2016.55810546875,40464
DIC_misfit,year,A3,-122.3049,48.018,-3.034401601855052,81.22334,20.185547,1771.41892308623,1768.384521484375,40468
DIC_misfit,year,A3,-122.491,48.1082,85.50370186924897,56.386967,11.402208,2047.335653599501,2132.83935546875,40469
DIC_misfit,year,A3,-122.491,48.1082,52.95495549145335,51.8685,9.80426,2053.7664800554217,2106.721435546875,40472
DIC_misfit,year,A3,-122.491,48.1082,44.85985749879683,51.31941,9.610075,2036.3642635949532,2081.22412109375,40474
DIC_misfit,year,A3,-122.491,48.1082,22.044796589503676,49.550415,8.984474,2033.3768342698713,2055.421630859375,40476
DIC_misfit,year,A3,-122.491,48.1082,-9.571845638795367,95.907074,25.378422,1784.6740184903579,1775.1021728515625,40480
DIC_misfit,year,A3,-122.5562,48.2437,59.59471936884165,61.67053,13.270731,2065.4711985999083,2125.06591796875,40481
DIC_misfit,year,A3,-122.5562,48.2437,40.30897925826321,51.016235,9.502859,2062.620952382362,2102.929931640625,40483
DIC_misfit,year,A3,-122.5562,48.2437,41.907399946649775,58.56135,12.171175,2043.1489965377252,2085.056396484375,40485
DIC_misfit,year,A3,-122.5562,48.2437,72.08243602218226,64.99935,14.447962,1804.8673930793802,1876.9498291015625,40488
DIC_misfit,year,A3,-122.5562,48.2437,-29.30940842970699,107.1985,29.371616,1789.6430265937695,1760.3336181640625,40489
DIC_misfit,year,A3,-122.5562,48.2437,-32.63390998325326,108.64812,29.88427,1780.2735584207533,1747.6396484375,40492
DIC_misfit,year,A3,-122.6882,48.1462,126.99383654921235,40.842663,5.904993,2026.1672962632877,2153.1611328125,40493
DIC_misfit,year,A3,-122.6882,48.1462,20.05483216435482,41.61831,6.1792994,2024.3761981090827,2044.4310302734375,40497
DIC_misfit,year,A3,-122.6882,48.1462,6.140276172184713,39.49415,5.428094,2024.6917550778153,2030.83203125,40499
DIC_misfit,year,A3,-122.6882,48.1462,5.177358153512614,38.975998,5.24485,2020.9594826667999,2026.1368408203125,40504
DIC_misfit,year,A3,-122.8551,48.1908,45.13511655450793,38.474308,5.0674286,2196.728897117367,2241.864013671875,40505
DIC_misfit,year,A3,-122.8551,48.1908,20.390465569993466,41.248196,6.0484095,2105.6488410706315,2126.039306640625,40510
DIC_misfit,year,A3,-122.8551,48.1908,16.366375711583714,42.061462,6.3360195,2089.1021301477913,2105.468505859375,40512
DIC_misfit,year,A3,-122.8551,48.1908,31.322316637083077,41.996613,6.3130856,2063.315622816042,2094.637939453125,40516
DIC_misfit,year,A3,-123.0212,48.2723,42.1950774271063,38.201927,4.9711018,2210.0751862447687,2252.270263671875,40517
DIC_misfit,year,A3,-123.0212,48.2723,54.29759417170226,38.07997,4.927973,2189.5815562189227,2243.879150390625,40518
DIC_misfit,year,A3,-123.0212,48.2723,58.33810232646101,32.380505,2.912366,2131.652620329789,2189.99072265625,40519
DIC_misfit,year,A3,-123.0212,48.2723,29.563674910087684,41.577896,6.1650066,2091.9399871992873,2121.503662109375,40520
DIC_misfit,year,A3,-123.0212,48.2723,21.822383623912174,41.668736,6.197132,2084.154667157338,2105.97705078125,40521
DIC_misfit,year,A3,-123.0212,48.2723,13.823247179134796,43.57772,6.872241,2078.711420789615,2092.53466796875,40523
DIC_misfit,year,A3,-123.0212,48.2723,14.433748700010256,43.92565,6.995287,2074.7940345031147,2089.227783203125,40525
DIC_misfit,year,A3,-123.0212,48.2723,14.702970275667212,44.24814,7.109333,2073.401277771208,2088.104248046875,40528
DIC_misfit,year,A3,-122.7195,48.3742,81.35887290024584,37.47081,4.7125435,2120.132582177879,2201.491455078125,40529
DIC_misfit,year,A3,-122.7195,48.3742,52.107883656294234,43.128197,6.7132683,2091.2668722030808,2143.374755859375,40531
DIC_misfit,year,A3,-122.7195,48.3742,36.611762603331044,41.546856,6.15403,2057.925102631044,2094.536865234375,40533
DIC_misfit,year,A3,-122.7195,48.3742,33.926855325250926,43.486034,6.839817,2048.238427877874,2082.165283203125,40535
DIC_misfit,year,A3,-122.7195,48.3742,21.292819740074037,46.00705,7.731369,2046.728176353676,2068.02099609375,40539
DIC_misfit,year,A3,-122.6266,47.9862,82.44865255383866,36.724438,4.4485903,2100.8965622899113,2183.34521484375,40541
DIC_misfit,year,A3,-122.6266,47.9862,44.76128113496975,42.001705,6.314886,2022.3087872244053,2067.070068359375,40545
DIC_misfit,year,A3,-122.6266,47.9862,11.398802143901548,41.545197,6.1534433,2020.758302348286,2032.1571044921875,40547
DIC_misfit,year,A3,-122.6266,47.9862,-27.08304889216538,47.152786,8.136557,2016.9733076812279,1989.8902587890625,40551
DIC_misfit,year,A3,-122.6054,47.8989,46.84928370658827,55.075138,10.938282,2104.8028159027867,2151.652099609375,40553
DIC_misfit,year,A3,-122.6054,47.8989,58.178375872673314,55.075138,10.938282,2093.4737237367017,2151.652099609375,40555
DIC_misfit,year,A3,-122.6054,47.8989,64.51373979244408,54.07629,10.585041,2084.715019973181,2149.228759765625,40556
DIC_misfit,year,A3,-122.6054,47.8989,51.00853887638368,55.40896,11.056337,2071.5676329986163,2122.576171875,40557
DIC_misfit,year,A3,-122.6054,47.8989,57.94538445939543,52.940956,10.183533,2043.7811780406046,2101.7265625,40558
DIC_misfit,year,A3,-122.6054,47.8989,50.24965219947899,52.704376,10.099867,2030.822125144271,2081.07177734375,40560
DIC_misfit,year,A3,-122.6054,47.8989,5.928992896331465,51.00688,9.49955,2025.263511986481,2031.1925048828125,40561
DIC_misfit,year,A3,-122.6054,47.8989,-9.228826784650437,49.181915,8.854155,2010.350530886213,2001.1217041015625,40562
DIC_misfit,year,A3,-122.6054,47.8989,-14.009640235504776,54.699024,10.805271,1996.7768521495673,1982.7672119140625,40564
DIC_misfit,year,A3,-122.7198,47.8003,45.47135632903064,69.04291,15.877958,2074.7539854678444,2120.225341796875,40565
DIC_misfit,year,A3,-122.7198,47.8003,80.88946572902273,62.612297,13.603785,2003.7362666928523,2084.625732421875,40569
DIC_misfit,year,A3,-122.7198,47.8003,3.2450958990141316,53.836582,10.500269,1999.4040740228609,2002.649169921875,40571
DIC_misfit,year,A3,-122.7198,47.8003,-35.44719888050099,62.12666,13.432039,1973.091730130501,1937.64453125,40576
DIC_misfit,year,A3,-123.1349,47.3713,69.76223315381594,68.57818,15.713608,2152.735325439934,2222.49755859375,40577
DIC_misfit,year,A3,-123.1349,47.3713,53.921012380511456,66.01608,14.807528,2151.9989094944885,2205.919921875,40578
DIC_misfit,year,A3,-123.1349,47.3713,33.7062646192162,62.145138,13.438576,2124.676547880784,2158.3828125,40582
DIC_misfit,year,A3,-123.1349,47.3713,30.213879609998457,61.415813,13.180651,2112.4528684368765,2142.666748046875,40584
DIC_misfit,year,A3,-123.1349,47.3713,-5.4596458414062,82.095985,20.494156,2110.159352872656,2104.69970703125,40586
DIC_misfit,year,A3,-123.1349,47.3713,80.17543637837662,85.45875,21.683392,1953.9571319809984,2034.132568359375,40588
DIC_misfit,year,A3,-123.1074,47.4256,49.71061217457509,76.16308,18.395994,2179.21736634105,2228.927978515625,40589
DIC_misfit,year,A3,-123.1074,47.4256,71.36577887805925,75.67681,18.224026,2155.8759203406908,2227.24169921875,40591
DIC_misfit,year,A3,-123.1074,47.4256,75.33182032027389,74.77329,17.9045,2133.531949210976,2208.86376953125,40592
DIC_misfit,year,A3,-123.1074,47.4256,49.40563169840971,70.92108,16.542171,2122.6449054109653,2172.050537109375,40593
DIC_misfit,year,A3,-123.1074,47.4256,37.531134780510456,69.696945,16.109259,2113.7340019382395,2151.26513671875,40594
DIC_misfit,year,A3,-123.1074,47.4256,12.831546769204579,64.92417,14.421375,2111.1257286214204,2123.957275390625,40595
DIC_misfit,year,A3,-123.1074,47.4256,4.823789052677057,85.97613,21.866362,2088.250673837948,2093.074462890625,40597
DIC_misfit,year,A3,-123.1074,47.4256,-29.136012231626182,115.98628,32.479397,2019.6008559816262,1990.46484375,40600
DIC_misfit,year,A3,-123.0075,47.5465,60.920771441230045,77.70987,18.943014,2163.241582074395,2224.162353515625,40601
DIC_misfit,year,A3,-123.0075,47.5465,99.26197284628188,77.63418,18.916246,2121.779042778718,2221.041015625,40604
DIC_misfit,year,A3,-123.0075,47.5465,57.13780609358764,69.013855,15.867683,2075.3123892189124,2132.4501953125,40609
DIC_misfit,year,A3,-123.0075,47.5465,33.791693995523474,63.997517,14.093666,2066.6553274888515,2100.447021484375,40610
DIC_misfit,year,A3,-123.0075,47.5465,-93.28002333174959,103.80842,28.172718,2024.420282120812,1931.1402587890625,40612
DIC_misfit,year,A3,-122.94,47.6066,53.167508959785664,76.28754,18.440008,2162.6457234620893,2215.813232421875,40613
DIC_misfit,year,A3,-122.94,47.6066,116.7563235527964,75.52039,18.168709,2101.0664303534536,2217.82275390625,40617
DIC_misfit,year,A3,-122.94,47.6066,107.35134987241554,72.23971,17.008501,2083.1508473932095,2190.502197265625,40618
DIC_misfit,year,A3,-122.94,47.6066,57.961089632491166,66.69836,15.048813,2051.490814664384,2109.451904296875,40621
DIC_misfit,year,A3,-122.94,47.6066,47.05799877809568,61.97479,13.37833,2028.4647063000293,2075.522705078125,40622
DIC_misfit,year,A3,-122.94,47.6066,-94.00470588816893,91.34229,23.764095,1958.116766435044,1864.112060546875,40624
DIC_misfit,year,A3,-122.8599,47.6621,114.40351930998622,71.79481,16.851164,2089.536422096264,2203.93994140625,40626
DIC_misfit,year,A3,-122.8599,47.6621,91.841152606773,72.93376,17.253952,2069.605624736977,2161.44677734375,40627
DIC_misfit,year,A3,-122.8599,47.6621,63.9872272419243,69.043526,15.878178,2057.6580364299507,2121.645263671875,40628
DIC_misfit,year,A3,-122.8599,47.6621,43.55356681003241,63.345974,13.863249,2053.1690894399676,2096.72265625,40630
DIC_misfit,year,A3,-122.8599,47.6621,38.97137449080492,57.926712,11.946735,2024.861145040445,2063.83251953125,40631
DIC_misfit,year,A3,-122.8599,47.6621,-69.88404560326944,65.56422,14.647726,2020.263806345457,1950.3797607421875,40633
DIC_misfit,year,A3,-122.8599,47.6621,-103.23348870748237,77.23507,18.775103,2010.5636889027949,1907.3302001953125,40635
DIC_misfit,year,A3,-122.7603,47.736,102.84886583526759,79.67464,19.63785,2060.2634388522324,2163.1123046875,40637
DIC_misfit,year,A3,-122.7603,47.736,98.71223404401098,79.67464,19.63785,2064.400070643489,2163.1123046875,40638
DIC_misfit,year,A3,-122.7603,47.736,84.88110611854836,76.24982,18.426668,2053.1901829439516,2138.0712890625,40639
DIC_misfit,year,A3,-122.7603,47.736,60.922599034935956,63.405262,13.884216,2036.673592371314,2097.59619140625,40641
DIC_misfit,year,A3,-122.7603,47.736,21.716882182433437,53.30243,10.311367,1993.7616334425666,2015.478515625,40644
DIC_misfit,year,A3,-122.7603,47.736,-74.11632709109222,92.82889,24.28983,1960.2426698645297,1886.1263427734375,40647
DIC_misfit,year,A3,-123.0576,47.4899,50.69039274863371,77.14058,18.741686,2175.3386599857413,2226.029052734375,40649
DIC_misfit,year,A3,-123.0576,47.4899,99.11985349760835,77.465904,18.856735,2124.4594922055167,2223.579345703125,40653
DIC_misfit,year,A3,-123.0576,47.4899,107.18708080588067,73.44238,17.433825,2093.4445109909943,2200.631591796875,40654
DIC_misfit,year,A3,-123.0576,47.4899,55.96692691139242,70.08342,16.245934,2086.7869793386076,2142.75390625,40656
DIC_misfit,year,A3,-123.0576,47.4899,42.892457535299854,69.095085,15.896412,2077.3682846522,2120.2607421875,40657
DIC_misfit,year,A3,-123.0576,47.4899,-39.48637352170522,107.431145,29.453888,2014.4442592638927,1974.9578857421875,40660
DIC_misfit,year,A3,-123.0239,47.3558,46.001847343562986,82.26948,20.555511,2155.100447578312,2201.102294921875,40661
DIC_misfit,year,A3,-123.0239,47.3558,42.79943552213081,80.03507,19.765318,2154.944705102869,2197.744140625,40663
DIC_misfit,year,A3,-123.0239,47.3558,41.88193096125269,77.13268,18.738894,2138.1144069293723,2179.996337890625,40665
DIC_misfit,year,A3,-123.0239,47.3558,23.789951272482085,73.96848,17.619879,2132.722499899393,2156.512451171875,40667
DIC_misfit,year,A3,-123.0239,47.3558,177.384100395941,70.3535,16.341448,1950.782159369684,2128.166259765625,40669
DIC_misfit,year,A3,-123.0239,47.3558,67.5354956434428,111.71622,30.969296,1872.3646508409322,1939.900146484375,40671
DIC_misfit,year,A3,-122.4436,47.5589,78.2950465244594,71.94781,16.905272,2051.4884007411656,2129.783447265625,40673
DIC_misfit,year,A3,-122.4436,47.5589,84.17392590336317,72.45574,17.084902,2044.3490233153868,2128.52294921875,40675
DIC_misfit,year,A3,-122.4436,47.5589,74.03515598389049,60.76786,12.951504,2039.4589846411095,2113.494140625,40678
DIC_misfit,year,A3,-122.4436,47.5589,58.79303222108638,58.95084,12.308918,2037.4926123101636,2096.28564453125,40679
DIC_misfit,year,A3,-122.4436,47.5589,60.28168997981561,52.0954,9.884504,2018.7822748639344,2079.06396484375,40681
DIC_misfit,year,A3,-122.4436,47.5589,58.038640415652026,50.499844,9.320238,2004.445978724973,2062.484619140625,40682
DIC_misfit,year,A3,-122.4436,47.5589,45.62494853823159,49.55067,8.984564,1985.943044625831,2031.5679931640625,40684
DIC_misfit,year,A3,-122.4061,47.4566,82.94061642318047,65.76124,14.7174015,2048.7620202955695,2131.70263671875,40685
DIC_misfit,year,A3,-122.4061,47.4566,83.00345052087664,66.30446,14.909512,2046.7458170572484,2129.749267578125,40687
DIC_misfit,year,A3,-122.4061,47.4566,79.40850463757329,74.51784,17.814157,2039.2741125499267,2118.6826171875,40690
DIC_misfit,year,A3,-122.4061,47.4566,69.72423352892179,59.034348,12.3384495,2019.2901707679532,2089.014404296875,40692
DIC_misfit,year,A3,-122.4061,47.4566,60.60857610031485,53.208084,10.278002,2019.9680840559352,2080.57666015625,40693
DIC_misfit,year,A3,-122.4061,47.4566,47.74978661724913,51.641003,9.723806,2007.4992368202509,2055.2490234375,40694
DIC_misfit,year,A3,-122.4061,47.4566,13.456846739268485,54.615818,10.775845,1995.6474013076065,2009.104248046875,40696
DIC_misfit,year,A3,-122.3617,47.3951,76.51357369869947,66.96944,15.14468,2055.6497563794255,2132.163330078125,40697
DIC_misfit,year,A3,-122.3617,47.3951,76.16485865425375,68.841896,15.806871,2054.4418307988713,2130.606689453125,40699
DIC_misfit,year,A3,-122.3617,47.3951,42.45103558819801,73.21627,17.35386,2073.479872614927,2115.930908203125,40702
DIC_misfit,year,A3,-122.3617,47.3951,64.57111289902991,64.79315,14.37504,2040.22136756972,2104.79248046875,40703
DIC_misfit,year,A3,-122.3617,47.3951,56.868409110871426,53.96395,10.545313,2026.5153799516286,2083.3837890625,40705
DIC_misfit,year,A3,-122.3617,47.3951,128.9063076765426,53.698494,10.451435,1940.6557040422074,2069.56201171875,40706
DIC_misfit,year,A3,-122.3617,47.3951,45.18076198168478,56.91843,11.590158,1972.9673093073777,2018.1480712890625,40708
DIC_misfit,year,A3,-122.4999,47.3208,76.03665613394696,61.719852,13.288174,2049.661830194178,2125.698486328125,40709
DIC_misfit,year,A3,-122.4999,47.3208,77.87842937767118,63.17306,13.802097,2042.8491096848288,2120.7275390625,40712
DIC_misfit,year,A3,-122.4999,47.3208,67.95083835978949,64.22213,14.1730995,2041.0616128120855,2109.012451171875,40714
DIC_misfit,year,A3,-122.4999,47.3208,66.59670780316696,53.409615,10.349274,2018.097628134333,2084.6943359375,40716
DIC_misfit,year,A3,-122.4999,47.3208,63.009472849709255,52.04739,9.867525,2011.8142576190407,2074.82373046875,40717
DIC_misfit,year,A3,-122.4999,47.3208,73.20985316574706,51.14535,9.548521,1963.2216653889404,2036.4315185546875,40719
DIC_misfit,year,A3,-122.6329,47.183,72.54075515742807,66.981155,15.148823,2014.566178436322,2087.10693359375,40721
DIC_misfit,year,A3,-122.6329,47.183,71.96677844246483,61.462757,13.197252,2004.1496766356602,2076.116455078125,40724
DIC_misfit,year,A3,-122.6329,47.183,69.79814591339459,60.02949,12.69038,2000.1034654147304,2069.901611328125,40726
DIC_misfit,year,A3,-122.6329,47.183,64.08735054346403,52.413364,9.99695,1987.615042034661,2051.702392578125,40728
DIC_misfit,year,A3,-122.6329,47.183,48.93517859182566,52.14858,9.903309,1981.7183858612993,2030.653564453125,40729
DIC_misfit,year,A3,-122.6329,47.183,44.20317999085569,57.217167,11.6958065,1956.6635192278943,2000.86669921875,40731
DIC_misfit,year,A3,-122.7862,47.1673,70.47827812356013,67.030235,15.166182,2005.5522394545649,2076.030517578125,40733
DIC_misfit,year,A3,-122.7862,47.1673,72.2391655731119,62.848885,13.687454,2003.390717239388,2075.6298828125,40734
DIC_misfit,year,A3,-122.7862,47.1673,71.3995722099487,60.753296,12.946352,1999.1165410713013,2070.51611328125,40735
DIC_misfit,year,A3,-122.7862,47.1673,64.61431502144524,52.62206,10.070755,1989.0731849785548,2053.6875,40738
DIC_misfit,year,A3,-122.7862,47.1673,53.49963149189375,52.874905,10.160173,1979.7954124534187,2033.2950439453125,40739
DIC_misfit,year,A3,-122.7862,47.1673,17.214261363539208,59.71157,12.577948,1950.6216761364608,1967.8359375,40743
DIC_misfit,year,A3,-122.7085,47.2776,71.26746959786169,74.777664,17.906044,2020.7095811833883,2091.97705078125,40745
DIC_misfit,year,A3,-122.7085,47.2776,70.26239226418375,71.33235,16.687616,2019.7039163295663,2089.96630859375,40747
DIC_misfit,year,A3,-122.7085,47.2776,64.41465749946906,61.161453,13.090696,2013.301406953656,2077.716064453125,40748
DIC_misfit,year,A3,-122.7085,47.2776,86.03079149469818,59.39748,12.466871,1980.1811225678018,2066.2119140625,40750
DIC_misfit,year,A3,-122.7085,47.2776,100.25727844067296,52.39637,9.99094,1955.606002809327,2055.86328125,40751
DIC_misfit,year,A3,-122.7085,47.2776,139.6450173997871,52.451794,10.010542,1894.270998225213,2033.916015625,40752
DIC_misfit,year,A3,-122.7085,47.2776,136.46643367499428,55.57119,11.11371,1870.1916473796932,2006.6580810546875,40753
DIC_misfit,year,A3,-122.7085,47.2776,128.65557508149345,52.962788,10.191254,1853.038150504444,1981.6937255859375,40755
DIC_misfit,year,A3,-122.3023,48.0151,82.53960907344026,72.93419,17.254103,2083.1232327234347,2165.662841796875,40757
DIC_misfit,year,A3,-122.3023,48.0151,104.80962613112251,70.74056,16.47833,2042.0705008220025,2146.880126953125,40759
DIC_misfit,year,A3,-122.3023,48.0151,49.69985994875469,61.04919,13.050995,2015.8726498168703,2065.572509765625,40762
DIC_misfit,year,A3,-122.3023,48.0151,16.564544465735707,40.25524,5.6972523,1977.5265199873893,1994.091064453125,40764
DIC_misfit,year,A3,-122.3023,48.0151,260.4050820598675,95.50396,25.235863,1502.8366171588825,1763.24169921875,40768
DIC_misfit,year,A3,-122.4872,48.1073,110.62732212673018,75.2573,18.075668,2078.14172084202,2188.76904296875,40769
DIC_misfit,year,A3,-122.4872,48.1073,82.48909108150474,71.50344,16.748121,2065.4947956372453,2147.98388671875,40772
DIC_misfit,year,A3,-122.4872,48.1073,42.77883580009393,63.756084,14.008284,2037.514377090531,2080.293212890625,40774
DIC_misfit,year,A3,-122.4872,48.1073,42.210927521286294,48.884567,8.748999,1965.4517922052762,2007.6627197265625,40776
DIC_misfit,year,A3,-122.4872,48.1073,301.431822740328,115.9461,32.465187,1436.4242563612345,1737.8560791015625,40780
DIC_misfit,year,A3,-122.3672,47.8849,112.21315354615353,79.772514,19.672464,2067.2328913757215,2179.446044921875,40781
DIC_misfit,year,A3,-122.3672,47.8849,116.59652444588937,78.30571,19.153732,2051.2862880541106,2167.8828125,40783
DIC_misfit,year,A3,-122.3672,47.8849,62.128763906944414,66.836296,15.097595,2003.8414509368056,2065.97021484375,40787
DIC_misfit,year,A3,-122.3672,47.8849,38.86752011094086,49.947323,9.12484,1996.3226654359341,2035.190185546875,40789
DIC_misfit,year,A3,-122.3672,47.8849,3.318306832805092,43.88086,6.9794455,1889.910697073445,1893.22900390625,40791
DIC_misfit,year,A3,-122.4428,47.5523,109.15664914692252,81.57542,20.310057,2071.3714270249525,2180.528076171875,40793
DIC_misfit,year,A3,-122.4428,47.5523,108.84190613704777,81.15038,20.159746,2068.5623907379522,2177.404296875,40794
DIC_misfit,year,A3,-122.4428,47.5523,90.22063163912162,79.570984,19.601194,2057.8697003921284,2148.09033203125,40798
DIC_misfit,year,A3,-122.4428,47.5523,82.0537497996429,73.55371,17.473196,2035.369101762857,2117.4228515625,40799
DIC_misfit,year,A3,-122.4428,47.5523,82.62200717973246,64.72514,14.350988,1986.9807760233925,2069.602783203125,40801
DIC_misfit,year,A3,-122.4428,47.5523,13.133366826429437,30.349358,2.1940546,1988.4149730173206,2001.54833984375,40802
DIC_misfit,year,A3,-122.4428,47.5523,-14.445452171897387,25.664919,0.5374117,1959.70192189846,1945.2564697265625,40804
DIC_misfit,year,A3,-122.5521,48.2413,93.93813694258552,73.839005,17.57409,2097.0972634480395,2191.035400390625,40805
DIC_misfit,year,A3,-122.5521,48.2413,91.51515383622973,71.24597,16.657068,2084.8981762418953,2176.413330078125,40806
DIC_misfit,year,A3,-122.5521,48.2413,78.52286261806148,67.67179,15.393066,2060.9380748819385,2139.4609375,40808
DIC_misfit,year,A3,-122.5521,48.2413,71.74807969239009,68.47951,15.678713,2050.498746479485,2122.246826171875,40810
DIC_misfit,year,A3,-122.5521,48.2413,24.26022520225206,55.328785,11.027985,2006.0824261649354,2030.3426513671875,40812
DIC_misfit,year,A3,-122.5521,48.2413,229.88715005826157,79.65412,19.630594,1713.667415371426,1943.5545654296875,40814
DIC_misfit,year,A3,-122.5521,48.2413,151.89101054579464,128.30746,36.83676,1618.0214650401429,1769.9124755859375,40816
DIC_misfit,year,A3,-122.6176,47.9796,110.7877322168938,56.42833,11.416836,2074.106310751856,2184.89404296875,40817
DIC_misfit,year,A3,-122.6176,47.9796,53.54386802779118,51.600986,9.709656,2025.2222452534588,2078.76611328125,40822
DIC_misfit,year,A3,-122.6176,47.9796,23.395065106333504,40.452183,5.766901,2017.4699251280415,2040.864990234375,40824
DIC_misfit,year,A3,-122.6176,47.9796,22.400196836536907,31.546322,2.6173592,1977.5518295306506,1999.9520263671875,40826
DIC_misfit,year,A3,-122.6176,47.9796,-12.49121448873916,41.303238,6.067875,1961.6529576528017,1949.1617431640625,40828
DIC_misfit,year,A3,-122.6026,47.8955,84.51369857741429,79.18308,19.464012,2083.4030494694607,2167.916748046875,40829
DIC_misfit,year,A3,-122.6026,47.8955,88.05638506700461,79.18308,19.464012,2079.8603629798704,2167.916748046875,40831
DIC_misfit,year,A3,-122.6026,47.8955,95.86589293677343,79.42499,19.549562,2071.4419683913516,2167.307861328125,40832
DIC_misfit,year,A3,-122.6026,47.8955,110.72219910201625,77.41303,18.838037,2040.8012383979838,2151.5234375,40833
DIC_misfit,year,A3,-122.6026,47.8955,90.62891233608275,68.53676,15.698959,2025.6042419607923,2116.233154296875,40834
DIC_misfit,year,A3,-122.6026,47.8955,67.54290679382484,57.866093,11.925299,2017.9675912530502,2085.510498046875,40836
DIC_misfit,year,A3,-122.6026,47.8955,48.515905758564486,43.76849,6.939707,1983.2326293976855,2031.74853515625,40837
DIC_misfit,year,A3,-122.6026,47.8955,1.125762517657222,47.476967,8.251204,1968.6908878729678,1969.816650390625,40838
DIC_misfit,year,A3,-122.6026,47.8955,-18.721880845792157,46.598694,7.9406033,1953.0686826036047,1934.3468017578125,40840
DIC_misfit,year,A3,-122.8643,48.1933,77.07762866652956,51.85592,9.79981,2207.1667560990954,2284.244384765625,40841
DIC_misfit,year,A3,-122.8643,48.1933,61.30812560268623,52.727966,10.10821,2089.5795697098138,2150.8876953125,40846
DIC_misfit,year,A3,-122.8643,48.1933,78.02126343462965,44.380608,7.1561813,2041.9316174247454,2119.952880859375,40848
DIC_misfit,year,A3,-122.8643,48.1933,52.5733783915623,41.65868,6.193576,2035.0027934834377,2087.576171875,40852
DIC_misfit,year,A3,-123.0203,48.2717,74.77140523939534,47.78855,8.361395,2231.4351377293547,2306.20654296875,40853
DIC_misfit,year,A3,-123.0203,48.2717,65.75672938684374,50.655304,9.375216,2226.8565518631563,2292.61328125,40854
DIC_misfit,year,A3,-123.0203,48.2717,108.10342029771891,40.528404,5.7938566,2124.478122671031,2232.58154296875,40855
DIC_misfit,year,A3,-123.0203,48.2717,51.46523830220349,44.790154,7.301016,2057.7850058384215,2109.250244140625,40858
DIC_misfit,year,A3,-123.0203,48.2717,26.580134670301504,41.84097,6.2580423,2048.4721114234485,2075.05224609375,40860
DIC_misfit,year,A3,-123.0203,48.2717,21.377425455416642,46.369644,7.8596,2043.5527503258334,2064.93017578125,40862
DIC_misfit,year,A3,-123.0203,48.2717,22.416546097892024,46.149643,7.7817974,2040.053912886483,2062.470458984375,40864
DIC_misfit,year,A3,-122.7166,48.3691,71.59703945025967,50.273033,9.240026,2181.8287417997403,2253.42578125,40865
DIC_misfit,year,A3,-122.7166,48.3691,85.37127211763436,45.04931,7.392666,2138.6582688979906,2224.029541015625,40867
DIC_misfit,year,A3,-122.7166,48.3691,46.06621703538485,41.950794,6.2968817,2050.43598023024,2096.502197265625,40870
DIC_misfit,year,A3,-122.7166,48.3691,22.546868922069507,39.092197,5.285944,2041.0009826404305,2063.5478515625,40872
DIC_misfit,year,A3,-122.7166,48.3691,7.020037538009774,40.77678,5.881694,2040.0366030869902,2047.056640625,40874
DIC_misfit,year,A3,-122.4554,47.7045,114.87154123161326,80.65415,19.984255,2061.6435954871367,2176.51513671875,40877
DIC_misfit,year,A3,-122.4554,47.7045,105.39438871642506,79.57931,19.604137,2063.603169877325,2168.99755859375,40879
DIC_misfit,year,A3,-122.4554,47.7045,100.71357904658407,77.809425,18.978222,2059.985883844041,2160.699462890625,40880
DIC_misfit,year,A3,-122.4554,47.7045,96.04058078023581,77.99214,19.04284,2054.379829376014,2150.42041015625,40881
DIC_misfit,year,A3,-122.4554,47.7045,80.29028591345741,72.23093,17.005396,2042.1762668209176,2122.466552734375,40882
DIC_misfit,year,A3,-122.4554,47.7045,73.89345960421201,69.08368,15.892378,2027.442966177038,2101.33642578125,40883
DIC_misfit,year,A3,-122.4554,47.7045,28.53047805278402,30.608513,2.2857046,1979.601357884716,2008.1318359375,40885
DIC_misfit,year,A3,-122.4554,47.7045,-42.68933460996254,22.144623,-0.7075348,1964.8410680084,1922.1517333984375,40886
DIC_misfit,year,A3,-122.4554,47.7045,-68.1534366840483,13.245901,-3.8545513,1968.1318302387358,1899.9783935546875,40888
DIC_misfit,year,A3,-122.7195,47.801,93.98113865536698,79.713326,19.651533,2073.138246110258,2167.119384765625,40889
DIC_misfit,year,A3,-122.7195,47.801,53.74522742094632,68.47521,15.677195,2059.4661983603037,2113.21142578125,40894
DIC_misfit,year,A3,-122.7195,47.801,1.234889592642503,39.647552,5.4823446,2020.446140680795,2021.6810302734375,40896
DIC_misfit,year,A3,-122.7195,47.801,-37.57047238206292,-7.749601,-11.2795725,1921.365638397688,1883.795166015625,40900
DIC_misfit,year,A3,-123.1315,47.3712,125.87496956344557,106.46399,29.111855,2155.8804015303044,2281.75537109375,40901
DIC_misfit,year,A3,-123.1315,47.3712,109.33681049014649,103.772095,28.159874,2153.2308164629785,2262.567626953125,40902
DIC_misfit,year,A3,-123.1315,47.3712,84.86981130691493,92.82118,24.287102,2156.82232736496,2241.692138671875,40905
DIC_misfit,year,A3,-123.1315,47.3712,69.25730180453502,73.49126,17.451109,2120.66091108609,2189.918212890625,40907
DIC_misfit,year,A3,-123.1315,47.3712,168.79043024590487,73.52046,17.461437,1786.4305170197201,1955.220947265625,40909
DIC_misfit,year,A3,-123.1315,47.3712,2.8073192597894376,26.548527,0.84989834,1744.5686573027106,1747.3759765625,40911
DIC_misfit,year,A3,-123.0084,47.5465,90.87973569914675,117.241005,32.92313,2184.8211920352283,2275.700927734375,40925
DIC_misfit,year,A3,-123.0084,47.5465,152.0681408331302,113.40928,31.568047,2116.968236119995,2269.036376953125,40928
DIC_misfit,year,A3,-123.0084,47.5465,52.07588839870914,75.12866,18.030174,2086.712197538791,2138.7880859375,40933
DIC_misfit,year,A3,-123.0084,47.5465,-21.987329917550596,49.67653,9.029074,2035.8076424175506,2013.8203125,40934
DIC_misfit,year,A3,-123.0084,47.5465,43.29367204767959,-2.4938705,-9.420893,1711.9450974835704,1755.23876953125,40936
DIC_misfit,year,A3,-122.9404,47.6062,94.45637789714692,116.77495,32.75831,2176.747967805978,2271.204345703125,40937
DIC_misfit,year,A3,-122.9404,47.6062,137.90352831649216,110.78425,30.63971,2119.345250980383,2257.248779296875,40940
DIC_misfit,year,A3,-122.9404,47.6062,126.84414357839114,86.24387,21.961048,2102.200290015359,2229.04443359375,40942
DIC_misfit,year,A3,-122.9404,47.6062,63.3840709378801,77.576836,18.895967,2079.28633921837,2142.67041015625,40945
DIC_misfit,year,A3,-122.9404,47.6062,19.22473265679423,50.784126,9.420774,2005.2650134369558,2024.48974609375,40946
DIC_misfit,year,A3,-122.9404,47.6062,21.316356757435187,-2.127078,-9.291178,1718.0223883597523,1739.3387451171875,40948
DIC_misfit,year,A3,-122.8605,47.6613,90.3496347559335,110.41067,30.507591,2171.0029043065665,2261.3525390625,40949
DIC_misfit,year,A3,-122.8605,47.6613,135.36106343285564,106.60891,29.163109,2113.4868369577694,2248.847900390625,40950
DIC_misfit,year,A3,-122.8605,47.6613,122.41830466537613,84.03471,21.179783,2094.360992209624,2216.779296875,40951
DIC_misfit,year,A3,-122.8605,47.6613,82.48393851978517,77.41395,18.838362,2085.756295855215,2168.240234375,40952
DIC_misfit,year,A3,-122.8605,47.6613,66.46146271407952,75.600975,18.197206,2074.9989865046705,2141.46044921875,40954
DIC_misfit,year,A3,-122.8605,47.6613,-9.137645577487092,43.228054,6.748583,2028.072704171237,2018.93505859375,40956
DIC_misfit,year,A3,-122.8605,47.6613,71.93700743400404,-20.389551,-15.749668,1756.7786908081835,1828.7156982421875,40957
DIC_misfit,year,A3,-122.8605,47.6613,40.17561297480461,-26.917416,-18.058235,1719.556930970508,1759.7325439453125,40959
DIC_misfit,year,A3,-122.7606,47.7367,134.85370735188144,88.0021,22.582842,2080.7700719449936,2215.623779296875,40961
DIC_misfit,year,A3,-122.7606,47.7367,137.94204864242374,88.0021,22.582842,2077.6817306544513,2215.623779296875,40962
DIC_misfit,year,A3,-122.7606,47.7367,105.6296403974502,81.03389,20.118547,2075.8308088213,2181.46044921875,40963
DIC_misfit,year,A3,-122.7606,47.7367,119.12729587093509,77.66351,18.92662,2036.436180691565,2155.5634765625,40964
DIC_misfit,year,A3,-122.7606,47.7367,161.9192752137924,70.44993,16.37555,1962.8736935362076,2124.79296875,40966
DIC_misfit,year,A3,-122.7606,47.7367,115.74353203395276,44.21599,7.0979633,1921.7347394504222,2037.478271484375,40968
DIC_misfit,year,A3,-122.7606,47.7367,-44.39838146893385,-26.44685,-17.89182,1863.8804371329963,1819.4820556640625,40972
DIC_misfit,year,A3,-122.679,48.1371,52.58955976156403,47.480633,8.252499,2149.275430472811,2201.864990234375,40973
DIC_misfit,year,A3,-122.679,48.1371,12.657150922321762,47.50565,8.261347,2096.6802514214282,2109.33740234375,40978
DIC_misfit,year,A3,-122.679,48.1371,50.630052807727,40.055634,5.6266613,2027.829663989148,2078.459716796875,40980
DIC_misfit,year,A3,-122.679,48.1371,22.17030305883054,34.15213,3.5388985,2022.360336589607,2044.5306396484375,40984
DIC_misfit,year,A3,-123.0222,47.3572,149.91639531708051,123.61974,35.17896,2170.8448351516695,2320.76123046875,40985
DIC_misfit,year,A3,-123.0222,47.3572,148.06204098759963,123.44775,35.11813,2168.8796094030254,2316.941650390625,40987
DIC_misfit,year,A3,-123.0222,47.3572,111.45818513227687,112.58801,31.277607,2179.487371508348,2290.945556640625,40989
DIC_misfit,year,A3,-123.0222,47.3572,91.98058179467489,81.49739,20.282463,2121.941293205325,2213.921875,40991
DIC_misfit,year,A3,-123.0222,47.3572,218.65768519025983,41.013126,5.9652777,1718.8871146144277,1937.5447998046875,40993
DIC_misfit,year,A3,-123.0222,47.3572,46.271328040922754,18.813011,-1.8857532,1692.6322364122022,1738.903564453125,40995
DIC_misfit,year,A3,-122.4069,47.4554,104.54906743526772,81.55077,20.301342,2078.6286669397323,2183.177734375,40997
DIC_misfit,year,A3,-122.4069,47.4554,109.2018087099209,80.98941,20.102818,2069.654392461954,2178.856201171875,40999
DIC_misfit,year,A3,-122.4069,47.4554,112.23806623244127,79.87184,19.707592,2047.4955763456837,2159.733642578125,41002
DIC_misfit,year,A3,-122.4069,47.4554,78.39391000570276,66.6782,15.041683,2009.9400743692972,2088.333984375,41004
DIC_misfit,year,A3,-122.4069,47.4554,59.92027748669125,62.258022,13.478497,2004.8026229039338,2064.722900390625,41005
DIC_misfit,year,A3,-122.4069,47.4554,6.6632454340449385,25.124962,0.34645653,1979.175133472205,1985.83837890625,41006
DIC_misfit,year,A3,-122.4069,47.4554,-15.74732926069737,45.63463,7.599663,1924.8818507450724,1909.134521484375,41008
DIC_misfit,year,A3,-122.3594,47.3931,105.49808472557197,80.98922,20.10275,2077.574180899428,2183.072265625,41009
DIC_misfit,year,A3,-122.3594,47.3931,108.71703713139368,80.42786,19.904224,2071.0866738061063,2179.8037109375,41011
DIC_misfit,year,A3,-122.3594,47.3931,90.9912147457253,79.24909,19.487358,2063.8547325198997,2154.845947265625,41014
DIC_misfit,year,A3,-122.3594,47.3931,89.14737406306313,76.66624,18.573935,2039.5652724213119,2128.712646484375,41015
DIC_misfit,year,A3,-122.3594,47.3931,56.73859302955702,63.667755,13.977045,2006.578301501693,2063.31689453125,41017
DIC_misfit,year,A3,-122.3594,47.3931,33.2947379540301,35.213196,3.9141426,1979.692810874095,2012.987548828125,41018
DIC_misfit,year,A3,-122.3594,47.3931,-29.442896190975034,38.43011,5.051799,1929.52468330035,1900.081787109375,41020
DIC_misfit,year,A3,-122.4985,47.3167,83.77301339077121,80.27249,19.849281,2095.196224890479,2178.96923828125,41021
DIC_misfit,year,A3,-122.4985,47.3167,89.44004449922886,79.10181,19.43527,2074.084125422646,2163.524169921875,41024
DIC_misfit,year,A3,-122.4985,47.3167,82.06452091212509,76.009705,18.341753,2047.95085994725,2130.015380859375,41026
DIC_misfit,year,A3,-122.4985,47.3167,21.009760315820813,65.04824,14.465252,2047.8649955435542,2068.874755859375,41028
DIC_misfit,year,A3,-122.4985,47.3167,-14.506093870955965,43.630646,6.890958,2035.4195460193935,2020.9134521484375,41029
DIC_misfit,year,A3,-122.4985,47.3167,-62.87771918685621,16.520662,-2.6964383,1929.9134857884187,1867.0357666015625,41031
DIC_misfit,year,A3,-122.6323,47.182,81.46363280486321,69.51985,16.046629,2018.7912500076368,2100.2548828125,41033
DIC_misfit,year,A3,-122.6323,47.182,87.7307650780815,68.0398,15.523212,2000.8873989844185,2088.6181640625,41036
DIC_misfit,year,A3,-122.6323,47.182,91.0998636667739,65.939476,14.780436,1987.170400005101,2078.270263671875,41038
DIC_misfit,year,A3,-122.6323,47.182,78.0413062610246,62.167114,13.446346,1978.0956566296004,2056.136962890625,41040
DIC_misfit,year,A3,-122.6323,47.182,70.66218730392711,48.98093,8.783077,1964.500410352323,2035.16259765625,41041
DIC_misfit,year,A3,-122.6323,47.182,57.77498300236448,35.039833,3.8528328,1933.4278978570105,1991.202880859375,41043
DIC_misfit,year,A3,-122.7852,47.1671,100.8680510583431,71.234406,16.652977,1989.882193082282,2090.750244140625,41045
DIC_misfit,year,A3,-122.7852,47.1671,97.92602998431994,71.234406,16.652977,1992.058100875055,2089.984130859375,41046
DIC_misfit,year,A3,-122.7852,47.1671,94.9966636849972,69.85531,16.165262,1986.5050452993778,2081.501708984375,41047
DIC_misfit,year,A3,-122.7852,47.1671,88.52196304476865,65.16807,14.507629,1970.2702732833563,2058.792236328125,41050
DIC_misfit,year,A3,-122.7852,47.1671,66.88377476616665,43.327496,6.7837496,1954.8963766010208,2021.7801513671875,41052
DIC_misfit,year,A3,-122.7852,47.1671,62.54642297228884,40.67134,5.844405,1927.3254031995862,1989.871826171875,41054
DIC_misfit,year,A3,-122.7852,47.1671,57.954041178227726,46.440365,7.884611,1920.7221062827098,1978.6761474609375,41056
DIC_misfit,year,A3,-122.7089,47.2769,95.24830387055613,75.10506,18.021826,2019.9745965200689,2115.222900390625,41057
DIC_misfit,year,A3,-122.7089,47.2769,95.68374292301928,74.80408,17.915386,2018.6773410613557,2114.361083984375,41059
DIC_misfit,year,A3,-122.7089,47.2769,95.84404790852159,70.05435,16.235655,1998.6515575602284,2094.49560546875,41062
DIC_misfit,year,A3,-122.7089,47.2769,91.31856626636568,68.7729,15.782473,1986.1355352961343,2077.4541015625,41063
DIC_misfit,year,A3,-122.7089,47.2769,77.23993978687326,61.758167,13.3017235,1980.3594254475017,2057.599365234375,41064
DIC_misfit,year,A3,-122.7089,47.2769,154.69250686431928,43.509552,6.848134,1847.0624980184932,2001.7550048828125,41065
DIC_misfit,year,A3,-122.7089,47.2769,110.25422798864702,71.56739,16.770737,1829.997480995728,1940.251708984375,41067
DIC_misfit,year,A3,-122.7089,47.2769,107.39140402530825,71.56739,16.770737,1832.8603049590668,1940.251708984375,41068
DIC_misfit,year,A3,-123.0574,47.4899,88.40844450290479,118.31903,33.30437,2197.401125809595,2285.8095703125,41069
DIC_misfit,year,A3,-123.0574,47.4899,143.99734507549283,117.35689,32.96411,2133.462860002632,2277.460205078125,41073
DIC_misfit,year,A3,-123.0574,47.4899,124.99041207900336,91.70159,23.891163,2115.6841484678716,2240.674560546875,41074
DIC_misfit,year,A3,-123.0574,47.4899,42.48403506196564,77.72954,18.94997,2114.2569317349094,2156.740966796875,41076
DIC_misfit,year,A3,-123.0574,47.4899,242.00733200347418,57.36316,11.747437,1830.1376875277758,2072.14501953125,41077
DIC_misfit,year,A3,-123.0574,47.4899,55.2608223185548,13.435604,-3.7874632,1713.8102226033202,1769.071044921875,41080
DIC_misfit,year,A3,-122.45264,47.70974,89.26350326243346,69.84294,16.160889,2093.3644264250665,2182.6279296875,41081
DIC_misfit,year,A3,-122.45264,47.70974,83.80690127293883,71.38144,16.704975,2094.134749117686,2177.941650390625,41083
DIC_misfit,year,A3,-122.45264,47.70974,75.87515709698846,67.381676,15.290466,2090.5606339186365,2166.435791015625,41084
DIC_misfit,year,A3,-122.45264,47.70974,71.66093665794506,67.427155,15.306551,2087.166700060805,2158.82763671875,41085
DIC_misfit,year,A3,-122.45264,47.70974,55.06324055273217,63.803997,14.025227,2092.837882494143,2147.901123046875,41086
DIC_misfit,year,A3,-122.45264,47.70974,72.50400233166192,66.55254,14.997246,2071.668605090213,2144.172607421875,41087
DIC_misfit,year,A3,-122.45264,47.70974,63.4056013583654,64.13623,14.142721,2070.4371720791346,2133.8427734375,41088
DIC_misfit,year,A3,-122.45264,47.70974,56.42627751372356,48.628613,8.65848,2055.0969158456514,2111.523193359375,41089
DIC_misfit,year,A3,-122.45264,47.70974,46.290002299757134,50.37214,9.275076,2045.9551148877429,2092.2451171875,41090
DIC_misfit,year,A3,-122.45264,47.70974,45.319939098539635,48.293755,8.540058,2044.1846995733354,2089.504638671875,41091
DIC_misfit,year,A3,-122.36654,47.8827,82.30403674017816,72.55604,17.12037,2101.664957400447,2183.968994140625,41093
DIC_misfit,year,A3,-122.36654,47.8827,90.02169049676377,71.4252,16.720453,2083.8965223938612,2173.918212890625,41095
DIC_misfit,year,A3,-122.36654,47.8827,53.23200078584409,50.602493,9.356539,2047.138360542281,2100.370361328125,41100
DIC_misfit,year,A3,-122.36654,47.8827,34.319532364410406,52.955254,10.188589,2034.5464344324646,2068.865966796875,41101
DIC_misfit,year,A3,-122.36654,47.8827,172.89550526955964,44.976757,7.367008,1873.5068384804404,2046.40234375,41103
DIC_misfit,year,A3,-122.30578,48.0174,72.98813374320207,67.99657,15.507921,2106.924708053673,2179.912841796875,41105
DIC_misfit,year,A3,-122.30578,48.0174,71.91945466479456,66.118286,14.843672,2099.4264926008304,2171.345947265625,41107
DIC_misfit,year,A3,-122.30578,48.0174,42.790627689671965,49.1488,8.842443,2069.958639888453,2112.749267578125,41110
DIC_misfit,year,A3,-122.30578,48.0174,49.06937274559232,39.481926,5.423771,2008.0817503012827,2057.151123046875,41112
DIC_misfit,year,A3,-122.30578,48.0174,106.66495004777494,33.683144,3.373042,1882.76595815535,1989.430908203125,41116
DIC_misfit,year,A3,-122.49156,48.10942,93.76054231205717,74.04009,17.645205,2103.321733078568,2197.082275390625,41117
DIC_misfit,year,A3,-122.49156,48.10942,90.79123998017985,69.225464,15.94252,2096.186543222945,2186.977783203125,41120
DIC_misfit,year,A3,-122.49156,48.10942,86.9206245760206,60.369614,12.810663,2057.8242484708544,2144.744873046875,41122
DIC_misfit,year,A3,-122.49156,48.10942,252.78481412752126,43.15645,6.723259,1820.8868167318537,2073.671630859375,41124
DIC_misfit,year,A3,-122.49156,48.10942,193.48059252476196,43.382145,6.8030767,1793.7761213424255,1987.2567138671875,41126
DIC_misfit,year,A3,-122.49156,48.10942,173.8390388653488,41.160374,6.017351,1789.6376457049637,1963.4766845703125,41128
DIC_misfit,year,A3,-122.7171,48.37612,52.208442789191395,41.390804,6.0988426,2185.9854048670586,2238.19384765625,41129
DIC_misfit,year,A3,-122.7171,48.37612,211.9597480177913,42.032703,6.3258486,1999.2917168259587,2211.25146484375,41131
DIC_misfit,year,A3,-122.7171,48.37612,47.832366532176366,51.735455,9.75721,2121.0992740928236,2168.931640625,41135
DIC_misfit,year,A3,-122.7171,48.37612,48.28379863695727,47.969303,8.425316,2115.8036037067927,2164.08740234375,41137
DIC_misfit,year,A3,-122.7171,48.37612,52.72128310311655,47.036945,8.095591,2107.6065977562585,2160.327880859375,41139
DIC_misfit,year,A3,-123.02076,48.27268,44.830572375135944,47.824116,8.373972,2248.957757702989,2293.788330078125,41141
DIC_misfit,year,A3,-123.02076,48.27268,34.70662099507172,47.09247,8.115225,2239.5621778330533,2274.268798828125,41142
DIC_misfit,year,A3,-123.02076,48.27268,27.0618513645868,40.01872,5.6136065,2199.225258010413,2226.287109375,41143
DIC_misfit,year,A3,-123.02076,48.27268,50.96900584165405,41.16018,6.0172825,2150.627429705221,2201.596435546875,41144
DIC_misfit,year,A3,-123.02076,48.27268,47.79307496038837,40.31077,5.7168894,2143.0370031646116,2190.830078125,41146
DIC_misfit,year,A3,-123.02076,48.27268,37.834069430235104,42.03917,6.3281355,2142.01138955414,2179.845458984375,41148
DIC_misfit,year,A3,-123.02076,48.27268,33.563295555030436,43.884663,6.980791,2140.6393411637196,2174.20263671875,41150
DIC_misfit,year,A3,-123.02076,48.27268,38.717473449413774,44.55217,7.216853,2132.677057800586,2171.39453125,41152
DIC_misfit,year,A3,-122.86666,48.19324,64.0357798132909,45.646027,7.603695,2208.831651827334,2272.867431640625,41153
DIC_misfit,year,A3,-122.86666,48.19324,49.88934723089551,40.703075,5.855628,2142.0000570659795,2191.889404296875,41158
DIC_misfit,year,A3,-122.86666,48.19324,47.73693513002718,47.90995,8.404327,2140.307254323098,2188.044189453125,41160
DIC_misfit,year,A3,-122.86666,48.19324,45.22312167223117,41.94958,6.2964525,2137.439231843394,2182.662353515625,41164
DIC_misfit,year,A3,-122.68643,48.14672,68.16492657295066,40.957355,5.945554,2128.2132472551743,2196.378173828125,41165
DIC_misfit,year,A3,-122.68643,48.14672,59.90723509532472,41.92375,6.287318,2116.3647375609253,2176.27197265625,41169
DIC_misfit,year,A3,-122.68643,48.14672,56.75916516276857,44.400898,7.163357,2113.3406883528564,2170.099853515625,41171
DIC_misfit,year,A3,-122.68643,48.14672,56.196646031211,43.920834,6.9935827,2108.629525843789,2164.826171875,41175
DIC_misfit,year,A3,-122.6212,47.98406,72.76051993833698,48.27494,8.533405,2104.891335530413,2177.65185546875,41177
DIC_misfit,year,A3,-122.6212,47.98406,79.6497352680367,43.58179,6.873681,2065.9188682475883,2145.568603515625,41182
DIC_misfit,year,A3,-122.6212,47.98406,73.9450772601399,43.532627,6.8562946,2063.75560633361,2137.70068359375,41184
DIC_misfit,year,A3,-122.6212,47.98406,78.14480181040744,42.33834,6.433937,2053.7399638145926,2131.884765625,41186
DIC_misfit,year,A3,-122.6212,47.98406,66.77461915274125,41.002724,5.9615984,2061.7800683472587,2128.5546875,41188
DIC_misfit,year,A3,-122.60412,47.89546,55.50261214370312,63.23736,13.824837,2111.298901528172,2166.801513671875,41189
DIC_misfit,year,A3,-122.60412,47.89546,55.62891831555589,63.23736,13.824837,2111.172595356319,2166.801513671875,41191
DIC_misfit,year,A3,-122.60412,47.89546,57.98430321518117,63.23736,13.824837,2108.796702644194,2166.781005859375,41192
DIC_misfit,year,A3,-122.60412,47.89546,56.76505582004256,62.306007,13.495466,2104.7376297268324,2161.502685546875,41193
DIC_misfit,year,A3,-122.60412,47.89546,46.08407073229,60.36094,12.807596,2099.571446845835,2145.655517578125,41194
DIC_misfit,year,A3,-122.60412,47.89546,44.69987019940709,58.258167,12.063955,2089.741291909968,2134.441162109375,41195
DIC_misfit,year,A3,-122.60412,47.89546,46.30826416111813,52.33067,9.967707,2069.121667479507,2115.429931640625,41197
DIC_misfit,year,A3,-122.60412,47.89546,67.3943179713774,51.223244,9.576067,2028.6596371067476,2096.053955078125,41198
DIC_misfit,year,A3,-122.60412,47.89546,60.33229715626885,48.925594,8.763508,2024.4260036249811,2084.75830078125,41199
DIC_misfit,year,A3,-122.55274,48.2428,74.70323047669126,75.395935,18.124695,2131.5291913983087,2206.232421875,41201
DIC_misfit,year,A3,-122.55274,48.2428,66.85037421124161,71.05255,16.588665,2136.1681804762584,2203.0185546875,41202
DIC_misfit,year,A3,-122.55274,48.2428,51.508416257241606,67.12798,15.200748,2128.0262517115084,2179.53466796875,41203
DIC_misfit,year,A3,-122.55274,48.2428,49.38903972311664,62.593994,13.597313,2109.9532454331334,2159.34228515625,41205
DIC_misfit,year,A3,-122.55274,48.2428,35.83591357429532,57.462,11.7823925,2049.0803461913297,2084.916259765625,41207
DIC_misfit,year,A3,-122.55274,48.2428,161.4305614398388,60.41023,12.825027,1814.7266651226612,1976.1572265625,41209
DIC_misfit,year,A3,-122.55274,48.2428,220.44476450563116,99.62493,26.693237,1701.3234239709313,1921.7681884765625,41211
DIC_misfit,year,A3,-122.7214,47.79946,59.60682483791561,71.036026,16.58282,2105.8394642245844,2165.4462890625,41213
DIC_misfit,year,A3,-122.7214,47.79946,66.02680376317176,60.55482,12.876162,2074.2549345180782,2140.28173828125,41218
DIC_misfit,year,A3,-122.7214,47.79946,38.43208839805402,51.42152,9.646187,2058.495645976946,2096.927734375,41219
DIC_misfit,year,A3,-122.7214,47.79946,46.372277444990914,46.146126,7.780554,2014.290076070634,2060.662353515625,41223
DIC_misfit,year,A3,-122.76152,47.7355,91.07291980467289,76.6392,18.564373,2097.548906367202,2188.621826171875,41225
DIC_misfit,year,A3,-122.76152,47.7355,89.1659288903329,76.6392,18.564373,2099.455897281542,2188.621826171875,41226
DIC_misfit,year,A3,-122.76152,47.7355,61.64081962617274,69.17601,15.92503,2089.2974127957023,2150.938232421875,41228
DIC_misfit,year,A3,-122.76152,47.7355,58.00345388851156,60.15229,12.7338085,2079.5663703302384,2137.56982421875,41230
DIC_misfit,year,A3,-122.76152,47.7355,47.98082959433941,52.693394,10.0959835,2055.7149711869106,2103.69580078125,41232
DIC_misfit,year,A3,-122.76152,47.7355,-4.805630194499145,32.96846,3.1202955,2020.2627835148116,2015.4571533203125,41236
DIC_misfit,year,A3,-122.85972,47.66098,153.16864160868045,114.60454,31.990746,2115.1211533131946,2268.289794921875,41237
DIC_misfit,year,A3,-122.85972,47.66098,119.26271943170923,101.05926,27.200481,2120.1293704120408,2239.39208984375,41238
DIC_misfit,year,A3,-122.85972,47.66098,88.85116128283153,82.88011,20.771461,2120.1493269984185,2209.00048828125,41239
DIC_misfit,year,A3,-122.85972,47.66098,82.86667982649124,76.90863,18.659657,2114.9609568922588,2197.82763671875,41240
DIC_misfit,year,A3,-122.85972,47.66098,87.24617138447638,72.611984,17.140156,2100.4821000998986,2187.728271484375,41242
DIC_misfit,year,A3,-122.85972,47.66098,48.08026899871402,53.117558,10.245987,2052.729301313786,2100.8095703125,41244
DIC_misfit,year,A3,-122.85972,47.66098,68.23395090335157,35.875008,4.1481905,1910.667782495086,1978.9017333984375,41246
DIC_misfit,year,A3,-122.85972,47.66098,67.40100633654288,36.96603,4.534029,1898.2546333118946,1965.6556396484375,41248
DIC_misfit,year,A3,-122.93898,47.60732,161.772806251568,124.60073,35.525883,2119.968648826557,2281.741455078125,41249
DIC_misfit,year,A3,-122.93898,47.60732,143.9322544433203,116.43707,32.63882,2120.3543666504297,2264.28662109375,41252
DIC_misfit,year,A3,-122.93898,47.60732,107.85461448839396,97.24416,25.85128,2127.262817152231,2235.117431640625,41253
DIC_misfit,year,A3,-122.93898,47.60732,69.64926137485236,80.587006,19.960508,2137.0133362813976,2206.66259765625,41255
DIC_misfit,year,A3,-122.93898,47.60732,99.65666782045082,59.910748,12.648386,2055.743478663924,2155.400146484375,41256
DIC_misfit,year,A3,-122.93898,47.60732,-59.36191120485546,43.259792,6.7598066,2035.053927806418,1975.6920166015625,41260
DIC_misfit,year,A3,-123.00732,47.54838,161.9594020958375,125.48325,35.837986,2123.6292209510375,2285.588623046875,41261
DIC_misfit,year,A3,-123.00732,47.54838,156.34086972123623,124.20472,35.385834,2124.1391107475138,2280.47998046875,41264
DIC_misfit,year,A3,-123.00732,47.54838,93.7554141136352,100.55369,27.02169,2144.134234323865,2237.8896484375,41266
DIC_misfit,year,A3,-123.00732,47.54838,73.397290108589,82.06304,20.482506,2148.204760672661,2221.60205078125,41269
DIC_misfit,year,A3,-123.00732,47.54838,70.70951421609425,63.573723,13.94379,2098.3100170339058,2169.01953125,41270
DIC_misfit,year,A3,-123.00732,47.54838,-31.0789382232997,56.03214,11.276724,2027.7907302154872,1996.7117919921875,41272
DIC_misfit,year,A3,-123.05594,47.49096,179.2268588982638,132.7598,38.41132,2121.644967273611,2300.871826171875,41273
DIC_misfit,year,A3,-123.05594,47.49096,147.7670202449135,123.22217,35.038357,2134.5750207707115,2282.342041015625,41277
DIC_misfit,year,A3,-123.05594,47.49096,86.56438329644061,111.24531,30.802761,2175.9566127973094,2262.52099609375,41278
DIC_misfit,year,A3,-123.05594,47.49096,82.99812008310573,84.41053,21.31269,2153.3468506200193,2236.344970703125,41280
DIC_misfit,year,A3,-123.05594,47.49096,93.07369199092909,66.7489,15.066687,2113.932411524696,2207.006103515625,41281
DIC_misfit,year,A3,-123.05594,47.49096,36.808042622022185,69.95899,16.201931,2023.3714007373528,2060.179443359375,41284
DIC_misfit,year,A3,-123.10922,47.42576,165.32543495258778,133.21638,38.572792,2150.071537703662,2315.39697265625,41285
DIC_misfit,year,A3,-123.10922,47.42576,138.06704310017813,134.06775,38.873875,2172.103855337322,2310.1708984375,41287
DIC_misfit,year,A3,-123.10922,47.42576,94.73832168047602,114.80577,32.061913,2184.011922460149,2278.750244140625,41288
DIC_misfit,year,A3,-123.10922,47.42576,76.75498590471807,104.27466,28.337605,2171.170795345282,2247.92578125,41289
DIC_misfit,year,A3,-123.10922,47.42576,85.16772372793139,102.36021,27.66056,2160.8366708033186,2246.00439453125,41290
DIC_misfit,year,A3,-123.10922,47.42576,42.2052803621973,77.12018,18.73447,2101.5356864346777,2143.740966796875,41293
DIC_misfit,year,A3,-123.10922,47.42576,19.06773954385585,83.638885,21.039799,2026.8974704170816,2045.9652099609375,41295
DIC_misfit,year,A3,-123.13382,47.37096,113.00209094228694,120.049286,33.91627,2190.690291870213,2303.6923828125,41297
DIC_misfit,year,A3,-123.13382,47.37096,91.6152176143487,107.997986,29.65435,2198.3232589481513,2289.9384765625,41299
DIC_misfit,year,A3,-123.13382,47.37096,86.80071051661571,101.10577,27.21693,2181.4612523740093,2268.261962890625,41302
DIC_misfit,year,A3,-123.13382,47.37096,58.402433352554,93.56097,24.548725,2178.792879147446,2237.1953125,41303
DIC_misfit,year,A3,-123.13382,47.37096,26.284870426188718,57.6401,11.845375,2141.4182545738113,2167.703125,41305
DIC_misfit,year,A3,-123.13382,47.37096,159.9540099581693,51.246063,9.584137,1873.4228210965182,2033.3768310546875,41307
DIC_misfit,year,A3,-123.02252,47.35682,120.1578182525991,130.47115,37.601944,2200.256000106776,2320.413818359375,41309
DIC_misfit,year,A3,-123.02252,47.35682,118.16173951689916,129.94249,37.414986,2202.252078842476,2320.413818359375,41311
DIC_misfit,year,A3,-123.02252,47.35682,98.84704761049261,127.42924,36.526176,2205.2623273895074,2304.109375,41313
DIC_misfit,year,A3,-123.02252,47.35682,69.87560264133072,111.8659,31.022232,2204.7865067336693,2274.662109375,41315
DIC_misfit,year,A3,-123.02252,47.35682,-11.095283161230782,65.15888,14.504379,2205.806953083106,2194.711669921875,41317
DIC_misfit,year,A3,-123.02252,47.35682,326.35066946613165,39.083733,5.2829504,1675.4957660807434,2001.846435546875,41319
DIC_misfit,year,A3,-122.44816,47.55912,85.66687139993701,72.881744,17.235556,2099.791624693813,2185.45849609375,41321
DIC_misfit,year,A3,-122.44816,47.55912,83.51342193127357,72.87518,17.233236,2098.3713436937264,2181.884765625,41323
DIC_misfit,year,A3,-122.44816,47.55912,69.46297223708916,70.225334,16.296122,2090.060953544161,2159.52392578125,41326
DIC_misfit,year,A3,-122.44816,47.55912,73.83756929578612,68.30386,15.616596,2079.016678751089,2152.854248046875,41327
DIC_misfit,year,A3,-122.44816,47.55912,73.73139862771404,65.30107,14.554665,2071.700241997286,2145.431640625,41329
DIC_misfit,year,A3,-122.44816,47.55912,64.0868477915592,59.45212,12.486195,2074.928533067816,2139.015380859375,41330
DIC_misfit,year,A3,-122.44816,47.55912,63.745248633525534,53.535606,10.393829,2063.8253080070995,2127.570556640625,41332
DIC_misfit,year,A3,-122.40806,47.45758,80.91107874363888,72.74626,17.187643,2104.836723990736,2185.747802734375,41333
DIC_misfit,year,A3,-122.40806,47.45758,76.91222374924837,72.506676,17.102915,2104.3668289851266,2181.279052734375,41335
DIC_misfit,year,A3,-122.40806,47.45758,74.95464206085444,72.106026,16.961226,2093.2753384078956,2168.22998046875,41338
DIC_misfit,year,A3,-122.40806,47.45758,75.823160109328,65.326546,14.563673,2066.103109421922,2141.92626953125,41340
DIC_misfit,year,A3,-122.40806,47.45758,70.2702973747405,57.406204,11.762659,2057.4184233283845,2127.688720703125,41341
DIC_misfit,year,A3,-122.40806,47.45758,55.50607722550035,49.305237,8.897768,2040.4502216026247,2095.956298828125,41342
DIC_misfit,year,A3,-122.40806,47.45758,54.46215206919169,58.01576,11.978228,2029.8356994933083,2084.2978515625,41343
DIC_misfit,year,A3,-122.40806,47.45758,64.75625285467208,57.37299,11.750914,2014.324801832828,2079.0810546875,41344
DIC_misfit,year,A3,-122.6319,47.1826,90.31985019739386,69.9179,16.187399,2054.836155661981,2145.156005859375,41345
DIC_misfit,year,A3,-122.6319,47.1826,98.19217475743585,69.71724,16.116434,2042.4306279769391,2140.622802734375,41346
DIC_misfit,year,A3,-122.6319,47.1826,90.64865521981528,65.37154,14.579584,2037.4453389208097,2128.093994140625,41350
DIC_misfit,year,A3,-122.6319,47.1826,86.90286901286117,56.27169,11.361441,2022.4963009090138,2109.399169921875,41352
DIC_misfit,year,A3,-122.6319,47.1826,83.78001787150015,50.17196,9.204283,2019.0944938472499,2102.87451171875,41353
DIC_misfit,year,A3,-122.6319,47.1826,81.53593095351448,49.386955,8.926666,2010.1117741246105,2091.647705078125,41355
DIC_misfit,year,A3,-122.7877,47.1687,93.71967429041933,70.09242,16.249117,2037.0115268814557,2130.731201171875,41357
DIC_misfit,year,A3,-122.7877,47.1687,93.67129288220076,69.92764,16.190844,2036.5394004771742,2130.210693359375,41358
DIC_misfit,year,A3,-122.7877,47.1687,90.99402561824013,64.886795,14.408157,2029.4781423505099,2120.47216796875,41359
DIC_misfit,year,A3,-122.7877,47.1687,96.58357992686433,57.546356,11.812223,2015.1664200731357,2111.75,41361
DIC_misfit,year,A3,-122.7877,47.1687,79.11603794906455,49.906265,9.110319,2014.7665304103105,2093.882568359375,41363
DIC_misfit,year,A3,-122.7877,47.1687,75.94954490155715,47.79853,8.3649235,2004.1781406453179,2080.127685546875,41367
DIC_misfit,year,A3,-122.7086,47.2767,82.84900188240772,72.744576,17.187046,2064.5150117894673,2147.364013671875,41369
DIC_misfit,year,A3,-122.7086,47.2767,83.48890229133167,72.744576,17.187046,2063.7247207555433,2147.213623046875,41371
DIC_misfit,year,A3,-122.7086,47.2767,75.57421063783113,68.56324,15.708324,2060.846443659044,2136.420654296875,41372
DIC_misfit,year,A3,-122.7086,47.2767,87.98359409391787,67.86203,15.460344,2047.3640621560821,2135.34765625,41374
DIC_misfit,year,A3,-122.7086,47.2767,88.43237631002239,67.23766,15.239536,2042.0078092368526,2130.440185546875,41375
DIC_misfit,year,A3,-122.7086,47.2767,70.75637108711226,64.27774,14.192766,2052.8569101628877,2123.61328125,41376
DIC_misfit,year,A3,-122.7086,47.2767,115.79954183165114,51.261738,9.58968,1992.3947941058489,2108.1943359375,41377
DIC_misfit,year,A3,-122.7086,47.2767,111.34206630400217,52.028103,9.860704,1966.2516836959978,2077.59375,41379
DIC_misfit,year,A3,-122.36036,47.39252,79.1953380179607,73.08108,17.30605,2106.2253162789143,2185.420654296875,41381
DIC_misfit,year,A3,-122.36036,47.39252,80.02444628340572,72.56633,17.12401,2103.2148115290943,2183.2392578125,41384
DIC_misfit,year,A3,-122.36036,47.39252,74.44058074010763,70.8573,16.519615,2090.8140579317674,2165.254638671875,41386
DIC_misfit,year,A3,-122.36036,47.39252,73.75406023708001,68.189384,15.576111,2079.59652570042,2153.3505859375,41387
DIC_misfit,year,A3,-122.36036,47.39252,73.36616958170907,57.655354,11.850771,2056.482707371416,2129.848876953125,41389
DIC_misfit,year,A3,-122.36036,47.39252,57.3853356864206,50.889515,9.458044,2050.5756018135794,2107.9609375,41390
DIC_misfit,year,A3,-122.36036,47.39252,74.44556420132608,65.07891,14.476099,2008.573967048674,2083.01953125,41392
DIC_misfit,year,A3,-122.50268,47.32016,75.55531113197458,72.45947,17.08622,2105.4107533211504,2180.966064453125,41393
DIC_misfit,year,A3,-122.50268,47.32016,72.04629844225565,72.06051,16.945127,2096.3433499952444,2168.3896484375,41396
DIC_misfit,year,A3,-122.50268,47.32016,68.0675884696816,69.10292,15.899181,2087.3699115303184,2155.4375,41398
DIC_misfit,year,A3,-122.50268,47.32016,69.84377151794524,65.03253,14.459696,2069.6664823883048,2139.51025390625,41400
DIC_misfit,year,A3,-122.50268,47.32016,68.62898996482818,57.340054,11.739265,2059.517738550797,2128.146728515625,41401
DIC_misfit,year,A3,-122.50268,47.32016,35.59044165678847,59.2296,12.407499,2039.5211306088365,2075.111572265625,41403
DIC_misfit,year,A3,-126.67,48.65,11.290417895422252,16.727951,-2.6231308,2061.6014278077027,2072.891845703125,41405
DIC_misfit,year,A3,-126.67,48.65,11.615616106161724,14.350142,-3.4640388,2061.4495694407133,2073.065185546875,41406
DIC_misfit,year,A3,-126.67,48.65,19.93585451532863,9.222427,-5.277446,2062.7089208752964,2082.644775390625,41407
DIC_misfit,year,A3,-126.67,48.65,34.31962933863997,17.895226,-2.2103262,2065.143993708235,2099.463623046875,41408
DIC_misfit,year,A3,-126.67,48.65,8.07828446687563,20.219519,-1.3883443,2199.1004264706244,2207.1787109375,41409
DIC_misfit,year,A3,-126.67,48.65,38.402982898040136,34.391354,3.623499,2239.66537647696,2278.068359375,41410
DIC_misfit,year,A3,-126.67,48.65,65.75332904363677,40.300186,5.713147,2246.6211826751132,2312.37451171875,41411
DIC_misfit,year,A3,-126.67,48.65,64.19076348821955,36.287968,4.2942333,2260.0624103399055,2324.253173828125,41412
DIC_misfit,year,A3,-126.67,48.65,43.614692205756455,36.287968,4.2942333,2280.6384816223685,2324.253173828125,41413
DIC_misfit,year,A3,-126.67,48.65,50.98711355934029,33.725334,3.3879623,2282.7716755031597,2333.7587890625,41414
DIC_misfit,year,A3,-126.67,48.65,35.54949881204675,32.674976,3.0165052,2308.3845832192033,2343.93408203125,41415
DIC_misfit,year,A3,-126.67,48.65,27.456353883901556,26.57528,0.8593588,2325.5971129129734,2353.053466796875,41416
DIC_misfit,year,A3,-126.67,48.65,-0.39700269265358656,3.576221,-7.2742167,2361.3506159739036,2360.95361328125,41417
DIC_misfit,year,A3,-126.67,48.65,-20.15887129796829,-14.493604,-13.6645775,2431.3795744229683,2411.220703125,41419
DIC_misfit,year,A3,-126.67,48.65,-11.984699424695464,-16.159372,-14.253674,2447.6487619246955,2435.6640625,41420
DIC_misfit,year,A3,-126.67,48.65,-17.271053418679458,-14.390484,-13.628109,2465.0303307624295,2447.75927734375,41421
DIC_misfit,year,A3,-126.67,48.65,-16.86568712050348,-14.390484,-13.628109,2464.6249644642535,2447.75927734375,41422
DIC_misfit,year,A3,-126.67,48.65,-19.818535506949047,-14.426022,-13.6406765,2469.306084335074,2449.487548828125,41423
