target,method,hypothesis,test_lon,test_lat,observed,predicted,predicted_calibrated,observed_value,model_original,assessment_row_id
DO_misfit,year,A3,-122.8487,48.1882,6.353584914765349,-16.807863,-14.483011,170.87920317117215,177.2327880859375,3809
DO_misfit,year,A3,-122.8487,48.1882,13.100067036284969,-13.0072975,-13.1389475,194.0543213914494,207.15438842773438,3810
DO_misfit,year,A3,-122.8487,48.1882,-0.7897371218235776,-11.546491,-12.622335,230.56262530541733,229.77288818359375,3811
DO_misfit,year,A3,-122.8487,48.1882,-1.4143608443226583,-10.815154,-12.3637,245.8558281294789,244.44146728515625,3812
DO_misfit,year,A3,-122.8487,48.1882,-11.997218662811974,-10.124519,-12.119458,271.5744891706245,259.5772705078125,3813
DO_misfit,year,A3,-122.8487,48.1882,-34.593077795452416,-9.970617,-12.065031,301.8983451294368,267.3052673339844,3814
DO_misfit,year,A3,-122.8487,48.1882,-27.47612532822143,-10.036777,-12.0884285,305.4589744493152,277.98284912109375,3815
DO_misfit,year,A3,-123.483,48.2233,-8.758200943176178,-25.79351,-17.660769,112.97560816973868,104.2174072265625,3816
DO_misfit,year,A3,-123.483,48.2233,-7.518000965040841,-24.588758,-17.23471,118.08867967597834,110.5706787109375,3817
DO_misfit,year,A3,-123.483,48.2233,-8.523947034193128,-25.281721,-17.479774,132.21510914356813,123.691162109375,3818
DO_misfit,year,A3,-123.483,48.2233,-3.397464065861186,-15.76894,-14.115597,178.73903205902525,175.34156799316406,3819
DO_misfit,year,A3,-123.483,48.2233,2.9751986393146126,-11.942,-12.762207,205.2799283138104,208.255126953125,3820
DO_misfit,year,A3,-123.483,48.2233,25.640792848258684,-11.432249,-12.581934,210.2732391341632,235.91403198242188,3821
DO_misfit,year,A3,-123.483,48.2233,2.2309608439223894,-11.733339,-12.688415,257.72976303303074,259.9607238769531,3822
DO_misfit,year,A3,-123.483,48.2233,-25.4608234716909,-11.556635,-12.625923,297.64765208497215,272.18682861328125,3823
DO_misfit,year,A3,-123.483,48.2233,-37.0549590875716,-11.481844,-12.599474,313.9153106500716,276.8603515625,3824
DO_misfit,year,A3,-123.9827,48.272,-14.40994182620804,-30.686356,-19.391113,96.88205638919632,82.47211456298828,3825
DO_misfit,year,A3,-123.9827,48.272,-14.558324206669056,-30.587297,-19.356083,97.79123436291906,83.23291015625,3826
DO_misfit,year,A3,-123.9827,48.272,-20.61623713437612,-30.39721,-19.288858,108.863521069923,88.24728393554688,3827
DO_misfit,year,A3,-123.9827,48.272,2.1281547384960504,-23.795105,-16.954037,132.1226844949024,134.25083923339844,3828
DO_misfit,year,A3,-123.9827,48.272,7.365382036913559,-13.76254,-13.406038,169.2416125919927,176.60699462890625,3829
DO_misfit,year,A3,-123.9827,48.272,-13.292978429779453,-11.70826,-12.679545,226.0156194209904,212.72264099121094,3830
DO_misfit,year,A3,-123.9827,48.272,-20.32084154230313,-11.432249,-12.581934,260.1301066790219,239.80926513671875,3831
DO_misfit,year,A3,-123.9827,48.272,-8.99407003331254,-12.012651,-12.787193,276.97005269932816,267.9759826660156,3832
DO_misfit,year,A3,-123.9827,48.272,-4.678427114306032,-10.315517,-12.187004,285.24791563969666,280.5694885253906,3833
DO_misfit,year,A3,-123.9827,48.272,5.80368664348282,-8.470883,-11.534653,284.7311033955797,290.5347900390625,3834
DO_misfit,year,A3,-124.4333,48.3968,-15.467471303948074,-28.918516,-18.765923,90.53777617455354,75.07030487060547,3835
DO_misfit,year,A3,-124.4333,48.3968,-22.000033343450227,-31.398037,-19.6428,99.96018501581351,77.96015167236328,3836
DO_misfit,year,A3,-124.4333,48.3968,-22.0000816571942,-31.398037,-19.6428,99.96023332955748,77.96015167236328,3837
DO_misfit,year,A3,-124.4333,48.3968,-4.729376811481657,-25.93113,-17.709438,102.60463621089572,97.87525939941406,3838
DO_misfit,year,A3,-124.4333,48.3968,8.730488318821628,-23.278337,-16.771282,115.29980037746743,124.03028869628906,3839
DO_misfit,year,A3,-124.4333,48.3968,14.709904464230618,-14.204432,-13.562311,157.88811799670688,172.5980224609375,3840
DO_misfit,year,A3,-124.4333,48.3968,8.91622479788927,-11.358451,-12.555836,208.19974199898573,217.115966796875,3841
DO_misfit,year,A3,-124.4333,48.3968,-5.545300102103965,-9.97637,-12.067065,245.05784282671334,239.51254272460938,3842
DO_misfit,year,A3,-124.4333,48.3968,5.734221600879039,-12.591797,-12.992006,264.24755940498034,269.9817810058594,3843
DO_misfit,year,A3,-124.4333,48.3968,3.0375968145805246,-14.919303,-13.8151245,278.85604942565385,281.8936462402344,3844
DO_misfit,year,A3,-124.4333,48.3968,7.569084634648675,-20.292994,-15.715521,280.68802596105445,288.2571105957031,3845
DO_misfit,year,A3,-124.7828,48.465,-21.812295113338607,-29.614223,-19.011957,76.89782062603392,55.08552551269531,3846
DO_misfit,year,A3,-124.7828,48.465,-19.896492202453132,-31.642246,-19.729164,77.9064943386836,58.01000213623047,3847
DO_misfit,year,A3,-124.7828,48.465,-19.99923346981724,-31.642246,-19.729164,78.00923560604771,58.01000213623047,3848
DO_misfit,year,A3,-124.7828,48.465,-12.402326023769191,-29.441319,-18.95081,86.40208951253872,73.99976348876953,3849
DO_misfit,year,A3,-124.7828,48.465,1.1943738426848824,-25.996546,-17.73257,99.72798943856512,100.92236328125,3850
DO_misfit,year,A3,-124.7828,48.465,4.238565558424682,-26.377518,-17.867302,124.7390192804425,128.9775848388672,3851
DO_misfit,year,A3,-124.7828,48.465,-26.981054231406574,-17.330708,-14.667913,178.14064590621126,151.1595916748047,3852
DO_misfit,year,A3,-124.7828,48.465,-12.347378591159895,-11.248015,-12.516781,199.49050603256615,187.14312744140625,3853
DO_misfit,year,A3,-124.7828,48.465,-2.940499888317703,-10.595647,-12.286072,221.8677459820677,218.92724609375,3854
DO_misfit,year,A3,-124.7828,48.465,27.61232292008137,-11.312566,-12.539609,240.7836426560905,268.3959655761719,3855
DO_misfit,year,A3,-124.7828,48.465,-4.343081318671921,-18.179426,-14.968061,293.6444424026563,289.3013610839844,3856
DO_misfit,year,A3,-124.7828,48.465,-1.1296417658101632,-24.021366,-17.034054,295.17126774237266,294.0416259765625,3857
DO_misfit,year,A3,-124.7828,48.465,0.3026135592995729,-25.994547,-17.731865,293.7390124172629,294.0416259765625,3858
DO_misfit,year,A3,-125.0163,48.2665,-14.835982153689798,-23.452787,-16.832977,71.25966913489097,56.42368698120117,3859
DO_misfit,year,A3,-125.0163,48.2665,-17.766328884972083,-27.992388,-18.438396,73.5988026398549,55.83247375488281,3860
DO_misfit,year,A3,-125.0163,48.2665,-17.76637293591726,-27.992388,-18.438396,73.59884669080007,55.83247375488281,3861
DO_misfit,year,A3,-125.0163,48.2665,-12.479376572914717,-29.861195,-19.099297,85.28114201480925,72.80176544189453,3862
DO_misfit,year,A3,-125.0163,48.2665,-1.0456679967934548,-27.569878,-18.288979,103.42328487911767,102.37761688232422,3863
DO_misfit,year,A3,-125.0163,48.2665,31.70377718579533,-20.241802,-15.697417,113.86597073900936,145.5697479248047,3864
DO_misfit,year,A3,-125.0163,48.2665,27.323673288274904,-14.73846,-13.75117,150.75056072051416,178.07423400878906,3865
DO_misfit,year,A3,-125.0163,48.2665,39.70278311523265,-7.282188,-11.114273,168.74013375488454,208.4429168701172,3866
DO_misfit,year,A3,-125.0163,48.2665,46.665486121729714,-7.802902,-11.298423,181.6139633411609,228.27944946289062,3867
DO_misfit,year,A3,-125.0163,48.2665,81.77345383618186,-18.112738,-14.944477,213.51246535327127,295.2859191894531,3868
DO_misfit,year,A3,-125.0163,48.2665,-35.896484060383614,-36.965405,-21.611689,353.127044363118,317.2305603027344,3869
DO_misfit,year,A3,-125.0163,48.2665,-24.99940163096238,-36.011032,-21.274178,343.0846067090874,318.085205078125,3870
DO_misfit,year,A3,-125.0163,48.2665,-23.875565988254266,-36.011032,-21.274178,341.96077106637927,318.085205078125,3871
DO_misfit,year,A3,-124.9512,47.9645,-17.153455229663166,-27.197037,-18.157124,120.36604830827645,103.21259307861328,3872
DO_misfit,year,A3,-124.9512,47.9645,-10.287563286932283,-26.391853,-17.872372,132.76533886066275,122.47777557373047,3873
DO_misfit,year,A3,-124.9512,47.9645,-10.287579376627434,-26.391853,-17.872372,132.7653549503579,122.47777557373047,3874
DO_misfit,year,A3,-124.9512,47.9645,-33.36649015109998,-18.185099,-14.970068,195.80734708469373,162.44085693359375,3875
DO_misfit,year,A3,-124.9512,47.9645,-44.10288306963699,-12.503156,-12.960659,236.88576576006668,192.7828826904297,3876
DO_misfit,year,A3,-124.9512,47.9645,-31.337138050681688,-1.4155312,-9.03954,265.43781554091606,234.10067749023438,3877
DO_misfit,year,A3,-124.9512,47.9645,-12.978089976283059,-3.0355647,-9.612462,256.8622299909315,243.88414001464844,3878
DO_misfit,year,A3,-124.9512,47.9645,18.027976502736635,-5.761535,-10.576497,236.56609393183368,254.5940704345703,3879
DO_misfit,year,A3,-124.9512,47.9645,-55.603587575705774,-29.105408,-18.832016,360.3030809839089,304.6994934082031,3880
DO_misfit,year,A3,-124.9512,47.9645,-51.24676876253733,-45.51089,-24.633785,376.00497799105295,324.7582092285156,3881
DO_misfit,year,A3,-124.9512,47.9645,-48.77568012651972,-46.03476,-24.81905,375.28266865191034,326.5069885253906,3882
DO_misfit,year,A3,-124.9512,47.9645,-48.57751398413484,-46.03476,-24.81905,375.4863884958536,326.90887451171875,3883
DO_misfit,year,A3,-124.9512,47.9645,-46.5354630874312,-45.84108,-24.750555,373.42736982571245,326.89190673828125,3884
DO_misfit,year,A3,-122.4549,47.8134,-45.45076070674739,-28.593813,-18.65109,184.34852682002864,138.89776611328125,3885
DO_misfit,year,A3,-122.4549,47.8134,-45.28181960101588,-28.55131,-18.636059,185.86235548968776,140.58053588867188,3886
DO_misfit,year,A3,-122.4549,47.8134,-35.97714963140879,-25.480513,-17.550077,187.54842343511973,151.57127380371094,3887
DO_misfit,year,A3,-122.4549,47.8134,-27.187798787179474,-20.184143,-15.677026,190.16262178522635,162.97482299804688,3888
DO_misfit,year,A3,-122.4549,47.8134,-16.98289480288213,-16.25816,-14.288609,190.13320913393682,173.1503143310547,3889
DO_misfit,year,A3,-122.4549,47.8134,-9.49631280737529,-11.200879,-12.500111,189.08031244116435,179.58399963378906,3890
DO_misfit,year,A3,-122.4549,47.8134,-10.626511245604831,-10.826842,-12.367834,192.64012208544858,182.01361083984375,3891
DO_misfit,year,A3,-122.4549,47.8134,-8.321048849751264,-10.893666,-12.391466,193.9519387423294,185.63088989257812,3892
DO_misfit,year,A3,-122.4549,47.8134,-9.67794264356894,-8.462417,-11.531658,199.776102433608,190.09815979003906,3893
DO_misfit,year,A3,-122.4549,47.8134,-6.2739677159365215,-1.9874098,-9.241784,203.45234296007715,197.17837524414062,3894
DO_misfit,year,A3,-122.8864,48.2134,-1.3054011062240818,-29.115292,-18.83551,103.71263529811861,102.40723419189453,3895
DO_misfit,year,A3,-122.8864,48.2134,0.7300037688599303,-21.672312,-16.203314,120.26883656317132,120.99884033203125,3896
DO_misfit,year,A3,-122.8864,48.2134,-3.155672712789965,-19.300358,-15.364477,141.5118586258759,138.35618591308594,3897
DO_misfit,year,A3,-122.8864,48.2134,-14.048888493820414,-15.951456,-14.180143,164.1887047780001,150.1398162841797,3898
DO_misfit,year,A3,-122.8864,48.2134,-10.58427665496012,-15.690468,-14.087846,166.0221886422648,155.4379119873047,3899
DO_misfit,year,A3,-122.8864,48.2134,-8.475642246040962,-15.6201515,-14.062979,167.24257950190034,158.76693725585938,3900
DO_misfit,year,A3,-122.8864,48.2134,-8.954182988652974,-15.019003,-13.850384,170.30847681189516,161.3542938232422,3901
DO_misfit,year,A3,-122.8864,48.2134,-1.4975447654315133,-12.665959,-13.018234,169.07821798320495,167.58067321777344,3902
DO_misfit,year,A3,-123.428,48.2305,-35.722707093705,-38.37387,-22.10979,99.59164935444718,63.86894226074219,3903
DO_misfit,year,A3,-123.428,48.2305,-34.68451005036687,-36.661587,-21.504244,103.46965867097234,68.78514862060547,3904
DO_misfit,year,A3,-123.428,48.2305,-18.246018935509554,-34.153152,-20.617142,107.33188014156424,89.08586120605469,3905
DO_misfit,year,A3,-123.428,48.2305,-10.698861307736863,-27.19169,-18.155231,114.07026786291264,103.37140655517578,3906
DO_misfit,year,A3,-123.428,48.2305,2.260121869443438,-19.275986,-15.355858,115.18218464911125,117.44230651855469,3907
DO_misfit,year,A3,-123.428,48.2305,9.2384723734789,-17.029991,-14.561565,114.54141959429454,123.77989196777344,3908
DO_misfit,year,A3,-123.428,48.2305,9.50462384116561,-17.291666,-14.654106,126.38873248207658,135.8933563232422,3909
DO_misfit,year,A3,-123.428,48.2305,8.235934419191693,-16.942995,-14.5308,132.41431887670674,140.65025329589844,3910
DO_misfit,year,A3,-123.428,48.2305,-12.947106587927834,-15.329779,-13.960289,162.8693172812872,149.92221069335938,3911
DO_misfit,year,A3,-123.9722,48.2565,-30.97812643234343,-33.563805,-20.408718,83.00022878830046,52.02210235595703,3912
DO_misfit,year,A3,-123.9722,48.2565,-31.2481084407369,-33.563805,-20.408718,84.12028556476034,52.87217712402344,3913
DO_misfit,year,A3,-123.9722,48.2565,-35.75163154527186,-32.875744,-20.165386,94.88715629502772,59.13552474975586,3914
DO_misfit,year,A3,-123.9722,48.2565,-33.32572184597913,-35.75706,-21.18436,109.01712809597913,75.69140625,3915
DO_misfit,year,A3,-123.9722,48.2565,-17.545096603870036,-30.016964,-19.154385,111.5397407689091,93.99464416503906,3916
DO_misfit,year,A3,-123.9722,48.2565,2.2266867430712836,-19.070362,-15.283139,118.44472286386231,120.6714096069336,3917
DO_misfit,year,A3,-123.9722,48.2565,-4.959111929513995,-16.849098,-14.497593,140.3327233797093,135.3736114501953,3918
DO_misfit,year,A3,-123.9722,48.2565,18.8744241233465,-25.443575,-17.537014,147.3760183815363,166.2504425048828,3919
DO_misfit,year,A3,-123.9722,48.2565,8.467415415806045,-22.865976,-16.62545,179.21642247481896,187.683837890625,3920
DO_misfit,year,A3,-123.9722,48.2565,19.70671626093784,-19.357407,-15.384652,187.2018378162106,206.90855407714844,3921
DO_misfit,year,A3,-124.424,48.3969,-25.409801699627607,-37.648727,-21.853344,69.87347815226433,44.46367645263672,3922
DO_misfit,year,A3,-124.424,48.3969,-34.92334874300725,-36.181522,-21.334469,81.1530469241596,46.229698181152344,3923
DO_misfit,year,A3,-124.424,48.3969,-23.114042036868867,-31.446892,-19.660076,99.29464506421262,76.18060302734375,3924
DO_misfit,year,A3,-124.424,48.3969,-23.287717561835933,-28.250092,-18.529533,120.07833645832031,96.79061889648438,3925
DO_misfit,year,A3,-124.424,48.3969,-62.396499081084954,-21.242548,-16.051329,180.13635961575292,117.73986053466797,3926
DO_misfit,year,A3,-124.424,48.3969,-30.927650293949227,-16.997734,-14.550158,165.0189741464883,134.09132385253906,3927
DO_misfit,year,A3,-124.424,48.3969,-41.03873888362389,-14.373927,-13.622253,188.95933214534264,147.92059326171875,3928
DO_misfit,year,A3,-124.424,48.3969,-67.07104361351381,-16.131592,-14.243849,240.1809068947638,173.10986328125,3929
DO_misfit,year,A3,-124.424,48.3969,-56.14937852810482,-21.174097,-16.027122,247.1239116091595,190.9745330810547,3930
DO_misfit,year,A3,-124.424,48.3969,-39.041664133891146,-13.996968,-13.488943,246.51163483701615,207.469970703125,3931
DO_misfit,year,A3,-124.7935,48.4665,-34.50296215094875,-38.20699,-22.050774,64.85853771247218,30.355575561523438,3932
DO_misfit,year,A3,-124.7935,48.4665,-33.9277491885768,-38.14352,-22.028328,71.82902863803969,37.90127944946289,3933
DO_misfit,year,A3,-124.7935,48.4665,-11.307642562894486,-33.222195,-20.28791,72.83363591006245,61.52599334716797,3934
DO_misfit,year,A3,-124.7935,48.4665,-18.047773112287544,-31.891632,-19.817358,94.3704430951977,76.32266998291016,3935
DO_misfit,year,A3,-124.7935,48.4665,-43.36369934360562,-34.664585,-20.798008,134.64241638462124,91.27871704101562,3936
DO_misfit,year,A3,-124.7935,48.4665,-67.1617830369926,-27.259806,-18.179321,189.76307087878948,122.60128784179688,3937
DO_misfit,year,A3,-124.7935,48.4665,-81.26000177191958,-18.75159,-15.170406,256.35904657172426,175.0990447998047,3938
DO_misfit,year,A3,-124.7935,48.4665,-52.85560372352393,-5.302446,-10.414141,256.9462714481333,204.09066772460938,3939
DO_misfit,year,A3,-124.7935,48.4665,-25.697661778312977,1.5079706,-8.00565,259.7786706894458,234.0810089111328,3940
DO_misfit,year,A3,-124.7935,48.4665,-20.02297643098558,-0.11816058,-8.580728,260.79267552766527,240.7696990966797,3941
DO_misfit,year,A3,-124.7935,48.4665,-9.63393559442676,0.59635353,-8.328041,261.1998383043877,251.56590270996094,3942
DO_misfit,year,A3,-125.016,48.2666,-20.60247316353903,-34.820187,-20.853035,59.21798601143942,38.61551284790039,3943
DO_misfit,year,A3,-125.016,48.2666,-16.986555889130067,-37.935287,-21.954685,56.93568690109296,39.94913101196289,3944
DO_misfit,year,A3,-125.016,48.2666,-8.916277430975384,-36.980103,-21.616886,54.756548427069134,45.84027099609375,3945
DO_misfit,year,A3,-125.016,48.2666,-13.217422338383933,-37.067875,-21.647926,63.16190704907729,49.94448471069336,3946
DO_misfit,year,A3,-125.016,48.2666,-71.0946797624063,-44.88152,-24.41121,127.90077107100005,56.80609130859375,3947
DO_misfit,year,A3,-125.016,48.2666,-79.37056842159507,-35.647415,-21.145584,173.05179705929038,93.68122863769531,3948
DO_misfit,year,A3,-125.016,48.2666,-130.69986311853984,-29.583307,-19.001022,259.3026310628758,128.60276794433594,3949
DO_misfit,year,A3,-125.016,48.2666,-25.3131803743546,-13.88255,-13.448479,213.6347898714249,188.3216094970703,3950
DO_misfit,year,A3,-125.016,48.2666,-5.441645411983359,-8.9569,-11.706532,270.26070669128023,264.8190612792969,3951
DO_misfit,year,A3,-125.016,48.2666,2.6722681677945843,-5.269351,-10.402437,271.87063954704917,274.54290771484375,3952
DO_misfit,year,A3,-125.016,48.2666,2.8149398863843658,-3.9371307,-9.931299,272.27517852181876,275.0901184082031,3953
DO_misfit,year,A3,-124.9507,47.9607,-93.59432399915872,-66.09441,-31.91311,113.7606524293345,20.16632843017578,3954
DO_misfit,year,A3,-124.9507,47.9607,-96.71702433261032,-65.966896,-31.868013,119.6032071176445,22.88618278503418,3955
DO_misfit,year,A3,-124.9507,47.9607,-111.02846737976756,-45.622547,-24.673271,174.57205029602733,63.543582916259766,3956
DO_misfit,year,A3,-124.9507,47.9607,-107.22431913914241,-34.95246,-20.899815,206.45819059910335,99.23387145996094,3957
DO_misfit,year,A3,-124.9507,47.9607,-58.57647740588729,-34.091248,-20.59525,183.6374667857701,125.06098937988281,3958
DO_misfit,year,A3,-124.9507,47.9607,-9.93475657549746,-23.601145,-16.885443,164.60127574053652,154.66651916503906,3959
DO_misfit,year,A3,-124.9507,47.9607,6.777262570121366,2.5786283,-7.627013,221.080006716988,227.85726928710938,3960
DO_misfit,year,A3,-124.9507,47.9607,-5.019591603051083,4.9895215,-6.7744055,267.1602166030511,262.140625,3961
DO_misfit,year,A3,-124.9507,47.9607,-11.488451631863427,3.0116823,-7.4738646,275.1228205283478,263.6343688964844,3962
DO_misfit,year,A3,-124.9507,47.9607,-10.703650253152716,2.871477,-7.523448,274.50690342698084,263.8032531738281,3963
DO_misfit,year,A3,-124.9507,47.9607,-10.184332055998311,0.7414295,-8.276735,273.9950925540452,263.8107604980469,3964
DO_misfit,year,A3,-123.0257,48.2498,-16.941585766340012,-34.66081,-20.796673,102.32726691868376,85.38568115234375,3965
DO_misfit,year,A3,-123.0257,48.2498,-14.55501689820521,-28.545347,-18.63395,117.13948192506068,102.58446502685547,3966
DO_misfit,year,A3,-123.0257,48.2498,-17.053929856932655,-21.353205,-16.090462,133.8913398300772,116.83740997314453,3967
DO_misfit,year,A3,-123.0257,48.2498,-8.313635165958686,-20.42367,-15.761734,134.59546499994306,126.28182983398438,3968
DO_misfit,year,A3,-123.0257,48.2498,1.2656983533084656,-16.783184,-14.474283,134.0764799914181,135.34217834472656,3969
DO_misfit,year,A3,-123.0257,48.2498,-1.1854350508758955,-16.273104,-14.293894,145.89182543173527,144.70639038085938,3970
DO_misfit,year,A3,-123.0257,48.2498,4.201544008785135,-15.548938,-14.037794,152.62825945801174,156.82980346679688,3971
DO_misfit,year,A3,-123.0257,48.2498,-16.540633950551097,-15.911854,-14.166139,178.17912272008235,161.63848876953125,3972
DO_misfit,year,A3,-123.0257,48.2498,-6.612557371149364,-14.359217,-13.617051,178.99477477837593,172.38221740722656,3973
DO_misfit,year,A3,-126.605,48.1967,0.7941184221144102,-0.17788458,-8.601849,12.79634616986557,13.59046459197998,3974
DO_misfit,year,A3,-126.605,48.1967,0.794179366222652,-0.17788458,-8.601849,12.796285225757329,13.59046459197998,3975
DO_misfit,year,A3,-126.605,48.1967,0.47936544475059684,0.03665067,-8.525979,13.604441546826552,14.083806991577148,3976
DO_misfit,year,A3,-126.605,48.1967,9.12415143571668,-1.5182292,-9.075859,29.644082817213008,38.76823425292969,3977
DO_misfit,year,A3,-126.605,48.1967,9.025434736173729,-3.7300751,-9.858075,41.56147169693174,50.58690643310547,3978
DO_misfit,year,A3,-126.605,48.1967,-2.1197068912756407,-24.693314,-17.271687,64.77486588785767,62.65515899658203,3979
DO_misfit,year,A3,-126.605,48.1967,-73.29250300922817,-39.808212,-22.617043,153.20131648579067,79.9088134765625,3980
DO_misfit,year,A3,-126.605,48.1967,-31.08616265653356,-34.933002,-20.892933,127.77977380155309,96.69361114501953,3981
DO_misfit,year,A3,-126.605,48.1967,-21.24160432897341,-32.174183,-19.917282,159.78748750768435,138.54588317871094,3982
DO_misfit,year,A3,-126.605,48.1967,-25.994601066601746,-19.028648,-15.268387,212.16597252656268,186.17137145996094,3983
DO_misfit,year,A3,-126.605,48.1967,-79.8608401005556,-23.39321,-16.811907,266.03221156051654,186.17137145996094,3984
DO_misfit,year,A3,-126.605,48.1967,-28.42488191187107,-7.4831843,-11.185355,268.29219148218357,239.8673095703125,3985
DO_misfit,year,A3,-126.605,48.1967,-5.226678257528334,-7.168822,-11.074182,245.09398782784083,239.8673095703125,3986
DO_misfit,year,A3,-126.605,48.1967,17.886851554262364,6.492658,-6.2428236,259.5847976156595,277.4716491699219,3987
DO_misfit,year,A3,-126.605,48.1967,25.422560703290173,18.53073,-1.9855814,285.7508401756161,311.17340087890625,3988
DO_misfit,year,A3,-126.605,48.1967,27.436892848920706,18.53073,-1.9855814,283.73650802998554,311.17340087890625,3989
DO_misfit,year,A3,-126.605,48.1967,27.23209838788955,17.839132,-2.2301636,283.0674316414073,310.2995300292969,3990
DO_misfit,year,A3,-126.605,48.1967,27.96507575106307,16.475267,-2.712492,282.3344542782338,310.2995300292969,3991
DO_misfit,year,A3,-126.605,48.1967,23.853386838717938,14.529269,-3.4006906,282.1196661397977,305.9730529785156,3992
DO_misfit,year,A3,-126.4167,48.3033,1.808437129627272,-0.17788458,-8.601849,12.073964336742357,13.882401466369629,3993
DO_misfit,year,A3,-126.4167,48.3033,1.7053425045798853,-0.17788458,-8.601849,12.177058961789744,13.882401466369629,3994
DO_misfit,year,A3,-126.4167,48.3033,0.776682332429699,0.03665067,-8.525979,14.839397951688953,15.616080284118652,3995
DO_misfit,year,A3,-126.4167,48.3033,-5.817334141792905,-1.9266001,-9.220279,38.49378296381439,32.676448822021484,3996
DO_misfit,year,A3,-126.4167,48.3033,-11.436009408971437,-12.177006,-12.845316,56.4126977939812,44.976688385009766,3997
DO_misfit,year,A3,-126.4167,48.3033,-5.337563951624915,-25.910805,-17.70225,64.4640860158339,59.126522064208984,3998
DO_misfit,year,A3,-126.4167,48.3033,-7.055445434070947,-38.21058,-22.052042,78.00279498241079,70.94734954833984,3999
DO_misfit,year,A3,-126.4167,48.3033,-36.07831862925633,-38.540497,-22.168716,118.53795913218602,82.45964050292969,4000
DO_misfit,year,A3,-126.4167,48.3033,-85.99757417098127,-36.83053,-21.56399,187.89495118514142,101.89737701416016,4001
DO_misfit,year,A3,-126.4167,48.3033,-77.52426555943887,-27.918736,-18.41235,232.364872248892,154.84060668945312,4002
DO_misfit,year,A3,-126.4167,48.3033,-64.14613947857276,-18.74793,-15.169112,262.6993163584556,198.5531768798828,4003
DO_misfit,year,A3,-126.4167,48.3033,-41.94126119548088,-6.9643517,-11.001871,282.374397181809,240.43313598632812,4004
DO_misfit,year,A3,-126.4167,48.3033,-17.01613361071577,6.492658,-6.2428236,290.4460957689189,273.4299621582031,4005
DO_misfit,year,A3,-126.4167,48.3033,-12.960587665234812,6.492658,-6.2428236,286.39054982343794,273.4299621582031,4006
DO_misfit,year,A3,-126.4167,48.3033,29.946601428212603,18.25856,-2.0818338,271.7520985229593,301.6986999511719,4007
DO_misfit,year,A3,-126.4167,48.3033,25.249038695892125,17.500433,-2.349944,280.0844573978579,305.33349609375,4008
DO_misfit,year,A3,-126.4167,48.3033,29.272305301633708,17.3067,-2.4184575,276.0611907921163,305.33349609375,4009
DO_misfit,year,A3,-126.4167,48.3033,19.25049192310047,13.676567,-3.7022471,278.0700036823683,297.32049560546875,4010
DO_misfit,year,A3,-126.4167,48.3033,21.453767313867047,13.396444,-3.801312,274.7137741900392,296.16754150390625,4011
DO_misfit,year,A3,-126.4167,48.3033,18.46447115913145,13.396444,-3.801312,277.7030703447748,296.16754150390625,4012
DO_misfit,year,A3,-126.3185,48.3655,1.9783883734659078,-0.17788458,-8.601849,12.485616143135655,14.464004516601562,4013
DO_misfit,year,A3,-126.3185,48.3655,1.9785247920012736,-0.17788458,-8.601849,12.485479724600289,14.464004516601562,4014
DO_misfit,year,A3,-126.3185,48.3655,2.316865922880739,0.39534098,-8.399129,13.810403821992308,16.127269744873047,4015
DO_misfit,year,A3,-126.3185,48.3655,1.2183952975388976,-1.9266001,-9.220279,31.599639828193524,32.81803512573242,4016
DO_misfit,year,A3,-126.3185,48.3655,-10.152907031721618,-14.494245,-13.6648035,56.94889320725873,46.79598617553711,4017
DO_misfit,year,A3,-126.3185,48.3655,-20.457934441859805,-25.750235,-17.645464,75.46656710177191,55.00863265991211,4018
DO_misfit,year,A3,-126.3185,48.3655,-79.81046049308418,-38.358086,-22.104208,140.2294477672541,60.41898727416992,4019
DO_misfit,year,A3,-126.3185,48.3655,-57.80995017351867,-40.013508,-22.689644,148.42770224871398,90.61775207519531,4020
DO_misfit,year,A3,-126.3185,48.3655,-56.49715267963907,-35.52478,-21.102215,167.20670162983438,110.70954895019531,4021
DO_misfit,year,A3,-126.3185,48.3655,-30.777334722902623,-26.462093,-17.897213,188.99994519653544,158.2226104736328,4022
DO_misfit,year,A3,-126.3185,48.3655,-50.88789675777852,-22.343418,-16.440649,244.16022036617696,193.27232360839844,4023
DO_misfit,year,A3,-126.3185,48.3655,-18.183310767608248,5.369894,-6.639887,295.2078774179989,277.0245666503906,4024
DO_misfit,year,A3,-126.3185,48.3655,10.021998896581806,16.684462,-2.6385107,287.34940002919944,297.37139892578125,4025
DO_misfit,year,A3,-126.3185,48.3655,15.358916066098175,18.040161,-2.15907,288.21118281085495,303.5700988769531,4026
DO_misfit,year,A3,-126.3185,48.3655,12.454524938502402,14.133626,-3.5406094,286.3785133915757,298.8330383300781,4027
DO_misfit,year,A3,-126.3185,48.3655,16.61735805117246,12.655499,-4.063346,279.4536258355463,296.07098388671875,4028
DO_misfit,year,A3,-126.3185,48.3655,15.873770172335469,12.928068,-3.9669528,278.77054745461766,294.6443176269531,4029
DO_misfit,year,A3,-126.3185,48.3655,9.616377785107716,12.928068,-3.9669528,285.0279398418454,294.6443176269531,4030
DO_misfit,year,A3,-126.2357,48.4392,4.322747917905751,-7.242115,-11.100101,30.060949591859874,34.383697509765625,4031
DO_misfit,year,A3,-126.2357,48.4392,3.8082060857086013,-7.242115,-11.100101,30.575491424057024,34.383697509765625,4032
DO_misfit,year,A3,-126.2357,48.4392,1.4464914850797328,-7.3150663,-11.1259,35.30285238699058,36.74934387207031,4033
DO_misfit,year,A3,-126.2357,48.4392,-7.328717963577027,-16.74031,-14.459121,48.22559525239539,40.89687728881836,4034
DO_misfit,year,A3,-126.2357,48.4392,-9.135955585042751,-27.21767,-18.164421,59.2220876346033,50.08613204956055,4035
DO_misfit,year,A3,-126.2357,48.4392,-62.5383976293151,-36.66798,-21.506504,119.66999324088737,57.131595611572266,4036
DO_misfit,year,A3,-126.2357,48.4392,-74.5865860782427,-40.68037,-22.92548,141.43786629064505,66.85128021240234,4037
DO_misfit,year,A3,-126.2357,48.4392,-78.1510450370001,-40.453487,-22.845242,160.7629072196173,82.61186218261719,4038
DO_misfit,year,A3,-126.2357,48.4392,-73.03073513083015,-36.07496,-21.296783,198.43561183981453,125.40487670898438,4039
DO_misfit,year,A3,-126.2357,48.4392,-66.71407445626517,-25.560736,-17.57845,235.59436925606985,168.8802947998047,4040
DO_misfit,year,A3,-126.2357,48.4392,-75.25543657457064,-16.893822,-14.51341,272.11850420152376,196.86306762695312,4041
DO_misfit,year,A3,-126.2357,48.4392,-47.97315195681358,-5.5997767,-10.519291,283.2017438757589,235.2285919189453,4042
DO_misfit,year,A3,-126.2357,48.4392,9.126863701524428,16.880322,-2.5692453,289.19939972620995,298.3262634277344,4043
DO_misfit,year,A3,-126.2357,48.4392,26.26059232631917,17.582182,-2.3210335,280.2142001541496,306.47479248046875,4044
DO_misfit,year,A3,-126.2357,48.4392,32.326460595901494,14.803312,-3.3037758,285.9246075193329,318.2510681152344,4045
DO_misfit,year,A3,-126.2357,48.4392,33.14518598817335,18.230473,-2.0917668,286.4074873516704,319.55267333984375,4046
DO_misfit,year,A3,-126.2357,48.4392,40.120985541957566,18.230473,-2.0917668,279.4316877978862,319.55267333984375,4047
DO_misfit,year,A3,-126.1298,48.4972,-32.387836342288765,-38.477882,-22.146574,100.68222415967158,68.29438781738281,4048
DO_misfit,year,A3,-126.1298,48.4972,-34.123604558615995,-38.477882,-22.146574,102.41799237599881,68.29438781738281,4049
DO_misfit,year,A3,-126.1298,48.4972,-65.69685830430615,-38.50191,-22.155071,138.92001046495068,73.22315216064453,4050
DO_misfit,year,A3,-126.1298,48.4972,-48.51369540611864,-39.533382,-22.51985,136.8963248006499,88.38262939453125,4051
DO_misfit,year,A3,-126.1298,48.4972,-62.10457429546622,-39.141476,-22.381252,156.67418489116935,94.56961059570312,4052
DO_misfit,year,A3,-126.1298,48.4972,-43.942372298061656,-30.060167,-19.169664,183.0015153644679,139.05914306640625,4053
DO_misfit,year,A3,-126.1298,48.4972,-48.26635173585419,-25.579819,-17.585197,211.5981693628073,163.33181762695312,4054
DO_misfit,year,A3,-126.1298,48.4972,23.40769101078297,-5.7500534,-10.572436,184.01262759273266,207.42031860351562,4055
DO_misfit,year,A3,-126.1298,48.4972,9.715302884243698,-2.005555,-9.248201,238.49993759427193,248.21524047851562,4056
DO_misfit,year,A3,-126.1298,48.4972,-8.15446847362557,4.677257,-6.884837,281.82609933300057,273.671630859375,4057
DO_misfit,year,A3,-126.1298,48.4972,-19.738038572543076,9.252871,-5.26668,302.7400222151212,283.0019836425781,4058
DO_misfit,year,A3,-126.1298,48.4972,3.7672065229192526,3.2117658,-7.4031053,305.80408253958075,309.5712890625,4059
DO_misfit,year,A3,-126.1298,48.4972,22.549217510152005,12.111486,-4.2557354,305.2098462105511,327.7590637207031,4060
DO_misfit,year,A3,-126.1298,48.4972,24.56773093401307,12.266838,-4.200795,303.19133278669005,327.7590637207031,4061
DO_misfit,year,A3,-126.1298,48.4972,24.567846367179982,12.266838,-4.200795,303.19121735352314,327.7590637207031,4062
DO_misfit,year,A3,-126.009,48.5315,-36.0162251996349,-30.069712,-19.173038,111.42207847111928,75.40585327148438,4063
DO_misfit,year,A3,-126.009,48.5315,-35.400071390841404,-30.069712,-19.173038,110.80592466232578,75.40585327148438,4064
DO_misfit,year,A3,-126.009,48.5315,-35.74259087778813,-28.415924,-18.58818,132.55557915903813,96.81298828125,4065
DO_misfit,year,A3,-126.009,48.5315,-44.66686464179139,-27.292658,-18.190939,156.34927583563905,111.68241119384766,4066
DO_misfit,year,A3,-126.009,48.5315,-54.93729040904486,-29.61393,-19.011852,172.2042429236933,117.26695251464844,4067
DO_misfit,year,A3,-126.009,48.5315,-44.951786522918724,-28.781406,-18.717434,177.60025454049685,132.64846801757812,4068
DO_misfit,year,A3,-126.009,48.5315,-8.28135797705508,-18.776237,-15.179123,175.66745111670352,167.38609313964844,4069
DO_misfit,year,A3,-126.009,48.5315,-12.611837658605396,1.6259972,-7.9639096,265.70740345450383,253.09556579589844,4070
DO_misfit,year,A3,-126.009,48.5315,14.610625462215353,6.8038683,-6.132765,266.2690742448159,280.87969970703125,4071
DO_misfit,year,A3,-126.009,48.5315,68.6735531698132,3.582262,-7.27208,266.1303103555774,334.8038635253906,4072
DO_misfit,year,A3,-126.009,48.5315,56.187544585580895,18.49009,-1.9999537,266.5020306097316,322.6895751953125,4073
DO_misfit,year,A3,-126.009,48.5315,56.18993130602894,18.49009,-1.9999537,266.49964388928356,322.6895751953125,4074
DO_misfit,year,A3,-125.8987,48.6069,-64.79075937011854,-57.1931,-28.765177,77.40841035583631,12.617650985717773,4075
DO_misfit,year,A3,-125.8987,48.6069,-64.78996082065247,-57.1931,-28.765177,77.40761180637024,12.617650985717773,4076
DO_misfit,year,A3,-125.8987,48.6069,-5.841884929054913,-29.103487,-18.831337,87.29288895737523,81.45100402832031,4077
DO_misfit,year,A3,-125.8987,48.6069,39.114108535258055,-26.705976,-17.98346,88.84499028065991,127.95909881591797,4078
DO_misfit,year,A3,-125.8987,48.6069,55.3526745898439,-20.559702,-15.809841,90.49243344238266,145.84510803222656,4079
DO_misfit,year,A3,-125.8987,48.6069,52.911176767453924,-17.975748,-14.89603,107.24347105969451,160.15464782714844,4080
DO_misfit,year,A3,-125.8987,48.6069,52.563528259912545,-4.0948114,-9.987063,147.9304750359859,200.49400329589844,4081
DO_misfit,year,A3,-125.8987,48.6069,49.57000555894274,0.05224414,-8.520464,167.4893816480885,217.05938720703125,4082
DO_misfit,year,A3,-125.8987,48.6069,77.25587333998294,-7.3898735,-11.152355,171.77089057603268,249.02676391601562,4083
DO_misfit,year,A3,-125.8987,48.6069,128.83576468745366,17.91224,-2.2043095,163.2735797949682,292.1093444824219,4084
DO_misfit,year,A3,-125.8987,48.6069,42.99314343327069,17.91224,-2.2043095,249.1162010491512,292.1093444824219,4085
DO_misfit,year,A3,-125.7877,48.6583,-62.5010119820393,-62.46724,-30.630365,103.41890825279125,40.91789627075195,4086
DO_misfit,year,A3,-125.7877,48.6583,-52.056186333934704,-57.153973,-28.751339,106.3998485958976,54.34366226196289,4087
DO_misfit,year,A3,-125.7877,48.6583,-32.10147491648942,-30.568155,-19.349312,131.95333496287614,99.85186004638672,4088
DO_misfit,year,A3,-125.7877,48.6583,20.691563210966507,-18.825525,-15.196553,105.85399190377959,126.5455551147461,4089
DO_misfit,year,A3,-125.7877,48.6583,12.394524631969972,-18.364515,-15.033518,153.51341909361597,165.90794372558594,4090
DO_misfit,year,A3,-125.7877,48.6583,39.626077240933,-12.335791,-12.90147,154.0842041311373,193.7102813720703,4091
DO_misfit,year,A3,-125.7877,48.6583,35.19924682005632,-23.600723,-16.885292,185.7104516662718,220.90969848632812,4092
DO_misfit,year,A3,-125.7877,48.6583,91.34445770164197,14.219242,-3.5103312,195.49941436867053,286.8438720703125,4093
DO_misfit,year,A3,-125.7877,48.6583,83.19564917325468,14.219242,-3.5103312,203.64822289705782,286.8438720703125,4094
DO_misfit,year,A3,-125.6688,48.7133,-46.156534251737185,-50.519768,-26.405165,78.39093213992078,32.234397888183594,4095
DO_misfit,year,A3,-125.6688,48.7133,-47.34741355435354,-50.519768,-26.405165,79.58181144253713,32.234397888183594,4096
DO_misfit,year,A3,-125.6688,48.7133,-43.7953900349206,-43.78459,-24.023281,81.45451250196162,37.659122467041016,4097
DO_misfit,year,A3,-125.6688,48.7133,-40.77561559568704,-38.94504,-22.311783,89.5069769848472,48.731361389160156,4098
DO_misfit,year,A3,-125.6688,48.7133,-39.74167391070911,-39.857014,-22.6343,100.78674455890247,61.04507064819336,4099
DO_misfit,year,A3,-125.6688,48.7133,-51.365610612544785,-41.36257,-23.166739,123.40101863256432,72.03540802001953,4100
DO_misfit,year,A3,-125.6688,48.7133,-29.68668135823529,-32.01086,-19.859524,129.27104720296185,99.58436584472656,4101
DO_misfit,year,A3,-125.6688,48.7133,-16.715654006733303,-23.808105,-16.958633,143.56466828895987,126.84901428222656,4102
DO_misfit,year,A3,-125.6688,48.7133,-4.980611323817385,-17.960554,-14.890657,163.60786962459864,158.62725830078125,4103
DO_misfit,year,A3,-125.6688,48.7133,13.155633658740726,-18.223967,-14.983813,172.4018156820796,185.5574493408203,4104
DO_misfit,year,A3,-125.6688,48.7133,36.588150389754304,-13.509647,-13.316603,160.49160730067538,197.0797576904297,4105
DO_misfit,year,A3,-125.6688,48.7133,-48.30102640180547,-31.821869,-19.792686,293.8335733988758,245.5325469970703,4106
DO_misfit,year,A3,-125.6688,48.7133,137.29917990092744,2.8984668,-7.5139027,161.91908181782256,299.21826171875,4107
DO_misfit,year,A3,-125.6688,48.7133,-86.2058160860675,2.8984668,-7.5139027,385.4240778048175,299.21826171875,4108
DO_misfit,year,A3,-125.574,48.7829,0.6553346460437126,-36.169617,-21.33026,52.189437692823475,52.84477233886719,4109
DO_misfit,year,A3,-125.574,48.7829,-31.474421599074205,-35.906296,-21.237137,86.36756429926952,54.89314270019531,4110
DO_misfit,year,A3,-125.574,48.7829,-23.421008262437056,-31.705208,-19.75143,103.59935298899956,80.1783447265625,4111
DO_misfit,year,A3,-125.574,48.7829,-17.60709998661015,-32.29076,-19.95851,119.59651801639531,101.98941802978516,4112
DO_misfit,year,A3,-125.574,48.7829,-21.756188121993347,-31.66657,-19.737766,131.2371604120324,109.48097229003906,4113
DO_misfit,year,A3,-125.574,48.7829,-25.019834428952805,-26.840172,-18.030918,140.17674818627702,115.15691375732422,4114
DO_misfit,year,A3,-125.574,48.7829,9.987683695261524,-19.962027,-15.5984745,149.58777101665254,159.57545471191406,4115
DO_misfit,year,A3,-125.574,48.7829,-10.94082845895926,-23.202148,-16.744339,190.93480123727957,179.9939727783203,4116
DO_misfit,year,A3,-125.574,48.7829,-111.11896304367656,-21.985361,-16.314024,298.5065668034422,187.38760375976562,4117
DO_misfit,year,A3,-125.574,48.7829,-156.67434040269677,-28.215084,-18.517155,371.35302082261865,214.67868041992188,4118
DO_misfit,year,A3,-125.574,48.7829,-76.41243525419549,-38.384995,-22.113724,360.2722985354455,283.85986328125,4119
DO_misfit,year,A3,-125.574,48.7829,-98.43757878478254,-38.384995,-22.113724,382.29744206603254,283.85986328125,4120
DO_misfit,year,A3,-125.5236,48.8135,-22.273507785296943,-35.93978,-21.248978,79.30808420131257,57.034576416015625,4121
DO_misfit,year,A3,-125.5236,48.8135,-21.181711785441337,-32.865295,-20.161694,89.03956853592962,67.85785675048828,4122
DO_misfit,year,A3,-125.5236,48.8135,-13.441549867473825,-31.85057,-19.802837,118.76998004325507,105.32843017578125,4123
DO_misfit,year,A3,-125.5236,48.8135,-24.64316450175241,-32.308193,-19.964674,125.65206037577585,101.00889587402344,4124
DO_misfit,year,A3,-125.5236,48.8135,-23.302226200868233,-26.840172,-18.030918,138.29415430145417,114.99192810058594,4125
DO_misfit,year,A3,-125.5236,48.8135,-14.36815433992436,-21.738878,-16.226856,152.42938786043217,138.0612335205078,4126
DO_misfit,year,A3,-125.5236,48.8135,0.2063260647803702,-17.374237,-14.683308,176.95967430143057,177.16600036621094,4127
DO_misfit,year,A3,-125.5236,48.8135,14.221772829212483,-13.71103,-13.387821,185.03658898719377,199.25836181640625,4128
DO_misfit,year,A3,-125.5236,48.8135,-67.96262747305241,-31.015627,-19.50756,288.97303396719303,221.01040649414062,4129
DO_misfit,year,A3,-125.5236,48.8135,-62.27996084160583,-20.533268,-15.800493,362.41768667168395,300.1377258300781,4130
DO_misfit,year,A3,-125.5236,48.8135,33.90987741583416,-20.533268,-15.800493,266.22784841424397,300.1377258300781,4131
DO_misfit,year,A3,-125.468,48.8372,-21.71653486449226,-34.60737,-20.777775,83.33554578978523,61.61901092529297,4132
DO_misfit,year,A3,-125.468,48.8372,-16.323088241827236,-32.71384,-20.108131,84.03908403040145,67.71599578857422,4133
DO_misfit,year,A3,-125.468,48.8372,-24.656950992039796,-37.400623,-21.765602,113.91744140952026,89.26049041748047,4134
DO_misfit,year,A3,-125.468,48.8372,-23.652930391758233,-34.55533,-20.759369,117.92844308707073,94.2755126953125,4135
DO_misfit,year,A3,-125.468,48.8372,-25.482649649778097,-31.644009,-19.729786,134.31361278454372,108.83096313476562,4136
DO_misfit,year,A3,-125.468,48.8372,-7.2000215445089,-22.26337,-16.412342,161.59751299958702,154.39749145507812,4137
DO_misfit,year,A3,-125.468,48.8372,20.907058544478673,-16.898663,-14.515121,167.2623445316932,188.16940307617188,4138
DO_misfit,year,A3,-125.468,48.8372,-18.316631362531837,-14.376251,-13.6230755,228.9021721340162,210.58554077148438,4139
DO_misfit,year,A3,-125.468,48.8372,-65.67532411496859,-22.988194,-16.668674,311.33761659543734,245.66229248046875,4140
DO_misfit,year,A3,-125.468,48.8372,9.724317749424927,-4.8896,-10.268139,312.2724168697157,321.9967346191406,4141
DO_misfit,year,A3,-125.468,48.8372,10.957119547308537,-4.8896,-10.268139,311.0396150718321,321.9967346191406,4142
DO_misfit,year,A3,-124.9112,48.3662,-23.432434846270382,-42.66772,-23.628304,60.29186706672937,36.859432220458984,4143
DO_misfit,year,A3,-124.9112,48.3662,-20.316501787166203,-40.68467,-22.927,64.1543046741291,43.83780288696289,4144
DO_misfit,year,A3,-124.9112,48.3662,-16.286623952714976,-35.022327,-20.924522,69.59905147346693,53.31242752075195,4145
DO_misfit,year,A3,-124.9112,48.3662,-4.002787128209164,-29.528406,-18.981607,74.3765511662951,70.37376403808594,4146
DO_misfit,year,A3,-124.9112,48.3662,-4.5538975450324415,-36.896698,-21.58739,85.71344344346994,81.1595458984375,4147
DO_misfit,year,A3,-124.9112,48.3662,3.8593207760685857,-29.94208,-19.127903,102.32515798369704,106.18447875976562,4148
DO_misfit,year,A3,-124.9112,48.3662,-26.113191594109423,-28.02251,-18.44905,167.89100836657036,141.77781677246094,4149
DO_misfit,year,A3,-124.9112,48.3662,-103.0476789849613,-36.8961,-21.58718,265.57210830625036,162.52442932128906,4150
DO_misfit,year,A3,-124.9112,48.3662,-63.03075485105603,-26.867462,-18.04057,283.64479904050916,220.61404418945312,4151
DO_misfit,year,A3,-124.9112,48.3662,-32.402171802722705,-37.50194,-21.801434,303.7248036386602,271.3226318359375,4152
DO_misfit,year,A3,-124.9112,48.3662,-31.923859519417704,-37.50194,-21.801434,303.2464913553552,271.3226318359375,4153
DO_misfit,year,A3,-124.9428,47.9715,-0.024015912732039624,-1.6406708,-9.119161,207.3806443307008,207.35662841796875,4154
DO_misfit,year,A3,-124.9428,47.9715,21.3766228145694,0.42548853,-8.388467,207.28693614539154,228.66355895996094,4155
DO_misfit,year,A3,-124.9428,47.9715,29.029708241299858,0.86360705,-8.233527,213.4401556503017,242.46986389160156,4156
DO_misfit,year,A3,-124.9428,47.9715,52.51384198001938,13.832436,-3.6471248,241.80415118404312,294.3179931640625,4157
DO_misfit,year,A3,-124.9428,47.9715,100.23780845991865,9.638227,-5.1303988,245.51963782914385,345.7574462890625,4158
DO_misfit,year,A3,-124.9428,47.9715,100.21733327719306,9.638227,-5.1303988,245.54011301186944,345.7574462890625,4159
DO_misfit,year,A3,-125.1843,48.1387,-21.212542213276933,-32.607883,-20.07066,66.34041086562068,45.12786865234375,4160
DO_misfit,year,A3,-125.1843,48.1387,-19.395761005460884,-32.91858,-20.180536,67.20496510702338,47.8092041015625,4161
DO_misfit,year,A3,-125.1843,48.1387,-20.94493459397934,-32.641346,-20.082493,77.26496099168442,56.32002639770508,4162
DO_misfit,year,A3,-125.1843,48.1387,-16.20512408944478,-32.16341,-19.913471,82.48133105965962,66.27620697021484,4163
DO_misfit,year,A3,-125.1843,48.1387,-29.432443881699896,-29.471073,-18.961332,112.95388248033271,83.52143859863281,4164
DO_misfit,year,A3,-125.1843,48.1387,-27.011537820791517,-25.723017,-17.635838,142.6022055454009,115.59066772460938,4165
DO_misfit,year,A3,-125.1843,48.1387,-22.156661483552796,-23.692348,-16.917698,162.69496104409967,140.53829956054688,4166
DO_misfit,year,A3,-125.1843,48.1387,-21.776600582408946,-15.378734,-13.977602,176.7196547816277,154.94305419921875,4167
DO_misfit,year,A3,-125.1843,48.1387,-26.53319633547764,-14.236658,-13.573709,192.96112907473545,166.4279327392578,4168
DO_misfit,year,A3,-125.1843,48.1387,1.8073487184787211,-7.820627,-11.304691,194.60616446511503,196.41351318359375,4169
DO_misfit,year,A3,-125.1843,48.1387,20.820456320215186,0.04634297,-8.522552,211.478417581152,232.2988739013672,4170
DO_misfit,year,A3,-125.1843,48.1387,-13.974176613110444,1.6846437,-7.943169,273.17818662287607,259.2040100097656,4171
DO_misfit,year,A3,-125.1843,48.1387,-37.303585045536295,-17.36676,-14.680664,320.5390586783488,283.2354736328125,4172
DO_misfit,year,A3,-125.1843,48.1387,3.9970431136118805,-28.358648,-18.567924,300.52349521646624,304.5205383300781,4173
DO_misfit,year,A3,-125.1843,48.1387,-16.950105857575977,-28.358648,-18.567924,321.4706441876541,304.5205383300781,4174
DO_misfit,year,A3,-125.3278,47.9552,0.008758344824194353,-10.975491,-12.420403,40.31550618154299,40.32426452636719,4175
DO_misfit,year,A3,-125.3278,47.9552,-2.543037091043651,-8.956392,-11.706352,47.62786832883662,45.08483123779297,4176
DO_misfit,year,A3,-125.3278,47.9552,-7.211550299856093,-23.068773,-16.69717,61.48078781816664,54.26923751831055,4177
DO_misfit,year,A3,-125.3278,47.9552,-9.42378794409646,-29.763699,-19.06482,74.10877787329568,64.68498992919922,4178
DO_misfit,year,A3,-125.3278,47.9552,-31.569489512606864,-31.427052,-19.65306,99.43887427823186,67.869384765625,4179
DO_misfit,year,A3,-125.3278,47.9552,-29.14935848414217,-30.948875,-19.483955,104.83448574244295,75.68512725830078,4180
DO_misfit,year,A3,-125.3278,47.9552,-40.43075761169939,-31.093552,-19.535118,141.59961137146502,101.16885375976562,4181
DO_misfit,year,A3,-125.3278,47.9552,-40.72693901990871,-29.516806,-18.977505,156.0524242494009,115.32548522949219,4182
DO_misfit,year,A3,-125.3278,47.9552,-49.18031085281913,-27.563763,-18.286816,190.99772418289726,141.81741333007812,4183
DO_misfit,year,A3,-125.3278,47.9552,-33.719256326877485,-14.4080925,-13.634336,202.97947971554936,169.26022338867188,4184
DO_misfit,year,A3,-125.3278,47.9552,-20.079157688875682,-11.486143,-12.600994,202.93191037442256,182.85275268554688,4185
DO_misfit,year,A3,-125.3278,47.9552,5.045432205440392,5.0898933,-6.738909,241.32811820959867,246.37355041503906,4186
DO_misfit,year,A3,-125.3278,47.9552,16.23759594961348,13.062837,-3.919292,260.2156206031209,276.4532165527344,4187
DO_misfit,year,A3,-125.3278,47.9552,46.52823834331264,17.256569,-2.4361863,262.32918353168736,308.857421875,4188
DO_misfit,year,A3,-125.3278,47.9552,45.966178287709624,-1.9582483,-9.231471,277.4376913411966,323.40386962890625,4189
DO_misfit,year,A3,-125.3278,47.9552,26.60970375984391,4.1045113,-7.0873876,291.59241416007796,318.2021179199219,4190
DO_misfit,year,A3,-125.3278,47.9552,22.39342256344395,4.1045113,-7.0873876,295.8086953564779,318.2021179199219,4191
DO_misfit,year,A3,-125.5812,47.683,0.17469970483965547,0.10789207,-8.500785,13.519123155878118,13.693822860717773,4192
DO_misfit,year,A3,-125.5812,47.683,0.17471775889693753,0.10789207,-8.500785,13.519105101820836,13.693822860717773,4193
DO_misfit,year,A3,-125.5812,47.683,2.2491931387308153,0.32242736,-8.424914,13.295123153078267,15.544316291809082,4194
DO_misfit,year,A3,-125.5812,47.683,3.390692419684491,-0.9861559,-8.887692,28.511067681633868,31.90176010131836,4195
DO_misfit,year,A3,-125.5812,47.683,7.242275210088621,-6.4000206,-10.802296,42.64047625475513,49.88275146484375,4196
DO_misfit,year,A3,-125.5812,47.683,-2.3222006471889642,-21.37387,-16.09777,65.28657900412256,62.964378356933594,4197
DO_misfit,year,A3,-125.5812,47.683,-50.557870131558616,-28.989664,-18.791082,123.01298640353127,72.45511627197266,4198
DO_misfit,year,A3,-125.5812,47.683,-40.41614365713187,-29.133791,-18.842052,134.96013474599906,94.54399108886719,4199
DO_misfit,year,A3,-125.5812,47.683,-36.75594215185771,-26.34771,-17.85676,152.60113410742412,115.8451919555664,4200
DO_misfit,year,A3,-125.5812,47.683,-39.16206760497252,-18.15241,-14.958508,187.66188449950377,148.49981689453125,4201
DO_misfit,year,A3,-125.5812,47.683,-53.572128921599756,-9.165133,-11.780173,237.84980836495913,184.27767944335938,4202
DO_misfit,year,A3,-125.5812,47.683,-45.527823764589755,4.569334,-6.9230037,273.8535378759179,228.32571411132812,4203
DO_misfit,year,A3,-125.5812,47.683,-8.991161381257768,9.818738,-5.0665617,280.17142871524214,271.1802673339844,4204
DO_misfit,year,A3,-125.5812,47.683,-13.622224849106715,9.818738,-5.0665617,284.8024921830911,271.1802673339844,4205
DO_misfit,year,A3,-125.5812,47.683,21.465567776971113,17.261047,-2.4346023,265.212929537482,286.6784973144531,4206
DO_misfit,year,A3,-125.5812,47.683,7.520260194306445,16.80671,-2.5952783,286.7456394638967,294.2658996582031,4207
DO_misfit,year,A3,-125.5812,47.683,-2.833937661374023,9.918892,-5.031142,291.470412270749,288.636474609375,4208
DO_misfit,year,A3,-125.5812,47.683,-8.140750697369242,7.9374714,-5.731868,296.77722530674424,288.636474609375,4209
DO_misfit,year,A3,-125.5812,47.683,-4.013801614374927,1.6400348,-7.9589453,285.2282486358593,281.2144470214844,4210
DO_misfit,year,A3,-125.5812,47.683,-9.661899724963916,1.6400348,-7.9589453,290.8763467464483,281.2144470214844,4211
DO_misfit,year,A3,-126.0995,47.1303,0.7821820641706978,0.060922377,-8.517395,12.69327989566817,13.475461959838867,4212
DO_misfit,year,A3,-126.0995,47.1303,1.0815269970876962,0.060922377,-8.517395,12.37728571653535,13.458812713623047,4213
DO_misfit,year,A3,-126.0995,47.1303,1.147203428117244,0.27545768,-8.441525,12.371032732161076,13.51823616027832,4214
DO_misfit,year,A3,-126.0995,47.1303,0.17326128245749395,0.27545768,-8.441525,14.425448777662135,14.598710060119629,4215
DO_misfit,year,A3,-126.0995,47.1303,0.7965071437509437,0.606411,-8.324484,18.743301129564486,19.53980827331543,4216
DO_misfit,year,A3,-126.0995,47.1303,11.825397136850786,-2.1385036,-9.295218,27.687507983998824,39.51290512084961,4217
DO_misfit,year,A3,-126.0995,47.1303,19.96960969599745,-2.7672455,-9.517571,40.22336820927599,60.19297790527344,4218
DO_misfit,year,A3,-126.0995,47.1303,1.2150393975311289,-18.867567,-15.211422,64.15614590520325,65.37118530273438,4219
DO_misfit,year,A3,-126.0995,47.1303,-25.385789039858764,-31.2145,-19.577892,103.9836970598783,78.59790802001953,4220
DO_misfit,year,A3,-126.0995,47.1303,-25.3857100402209,-31.2145,-19.577892,103.98361806024043,78.59790802001953,4221
DO_misfit,year,A3,-126.0995,47.1303,-31.82334501051068,-25.483753,-17.551224,130.45316678785443,98.62982177734375,4222
DO_misfit,year,A3,-126.0995,47.1303,-14.122004933100442,-15.057462,-13.863985,158.86759514306138,144.74559020996094,4223
DO_misfit,year,A3,-126.0995,47.1303,33.75203121753458,-4.488788,-10.126392,159.23612796215292,192.9881591796875,4224
DO_misfit,year,A3,-126.0995,47.1303,-10.823357575331556,-6.4904985,-10.834293,203.81151675501906,192.9881591796875,4225
DO_misfit,year,A3,-126.0995,47.1303,8.85373848441182,5.560988,-6.572307,236.43610221383037,245.2898406982422,4226
DO_misfit,year,A3,-126.0995,47.1303,32.736760840779255,16.932297,-2.5508642,251.887567772502,284.62432861328125,4227
DO_misfit,year,A3,-126.0995,47.1303,28.257832668514084,16.932297,-2.5508642,256.36649594476717,284.62432861328125,4228
DO_misfit,year,A3,-126.0995,47.1303,37.922926417949924,18.70081,-1.9254332,255.50395346486258,293.4268798828125,4229
DO_misfit,year,A3,-126.0995,47.1303,-24.930022337780713,4.9591665,-6.78514,298.5667105702026,273.6366882324219,4230
DO_misfit,year,A3,-126.0995,47.1303,-15.087412834417421,4.4385624,-6.9692507,288.7241010668393,273.6366882324219,4231
DO_misfit,year,A3,-126.0995,47.1303,-18.27175472697212,4.2887077,-7.022247,291.908442959394,273.6366882324219,4232
DO_misfit,year,A3,-126.0995,47.1303,-13.61755296130724,1.6097641,-7.9696503,281.0787040843541,267.4611511230469,4233
DO_misfit,year,A3,-126.0995,47.1303,-13.61743730146992,1.6097641,-7.9696503,281.0785884245168,267.4611511230469,4234
DO_misfit,year,A3,-125.1988,47.1125,0.09589934271870781,0.12334355,-8.49532,14.808831454095257,14.904730796813965,4235
DO_misfit,year,A3,-125.1988,47.1125,3.657003146546419,0.696569,-8.2926,12.067605274779265,15.724608421325684,4236
DO_misfit,year,A3,-125.1988,47.1125,4.770979431039146,0.696569,-8.2926,13.710681411856362,18.481660842895508,4237
DO_misfit,year,A3,-125.1988,47.1125,6.331872224835529,0.040679768,-8.524554,16.58832621571623,22.920198440551758,4238
DO_misfit,year,A3,-125.1988,47.1125,-3.3996846195480472,-3.7148116,-9.852676,38.759898852946485,35.36021423339844,4239
DO_misfit,year,A3,-125.1988,47.1125,-1.9916205151322046,-11.50898,-12.60907,46.18739840819861,44.195777893066406,4240
DO_misfit,year,A3,-125.1988,47.1125,-10.397737494576646,-22.032663,-16.330751,60.813570014107896,50.41583251953125,4241
DO_misfit,year,A3,-125.1988,47.1125,-14.817214958195422,-33.504112,-20.387608,71.31383513641808,56.496620178222656,4242
DO_misfit,year,A3,-125.1988,47.1125,-27.7535580592551,-35.205345,-20.989246,117.91999330095432,90.16643524169922,4243
DO_misfit,year,A3,-125.1988,47.1125,-61.00416261500985,-35.205345,-20.989246,151.17059785670907,90.16643524169922,4244
DO_misfit,year,A3,-125.1988,47.1125,-41.18232797093415,-24.439905,-17.182068,171.6106116623404,130.42828369140625,4245
DO_misfit,year,A3,-125.1988,47.1125,-28.291248565850424,-9.962388,-12.06212,202.5883371888973,174.29708862304688,4246
DO_misfit,year,A3,-125.1988,47.1125,14.69691112363742,5.0622926,-6.7486696,220.8003117767532,235.49722290039062,4247
DO_misfit,year,A3,-125.1988,47.1125,44.03828835384908,13.901296,-3.6227722,238.39738059146342,282.4356689453125,4248
DO_misfit,year,A3,-125.1988,47.1125,16.39699238924385,13.901296,-3.6227722,266.03867655606865,282.4356689453125,4249
DO_misfit,year,A3,-125.1988,47.1125,25.89842666634388,19.63094,-1.5964942,273.0666612242811,298.965087890625,4250
DO_misfit,year,A3,-125.1988,47.1125,42.31467356810671,19.78065,-1.5435495,255.3376701818933,297.65234375,4251
DO_misfit,year,A3,-125.1988,47.1125,17.376749600270557,19.26004,-1.7276621,280.27559414972944,297.65234375,4252
DO_misfit,year,A3,-125.1988,47.1125,-18.298235659545924,1.4361556,-8.031047,295.03850055212405,276.7402648925781,4253
DO_misfit,year,A3,-125.1988,47.1125,-15.287204999372022,-0.488467,-8.711686,288.3086283392158,273.02142333984375,4254
DO_misfit,year,A3,-125.1988,47.1125,-23.257706371245717,-0.488467,-8.711686,296.27912971108947,273.02142333984375,4255
DO_misfit,year,A3,-125.0547,47.1225,0.22427921560248798,0.12334355,-8.49532,14.963760564060598,15.188039779663086,4256
DO_misfit,year,A3,-125.0547,47.1225,0.2449171357262685,0.12334355,-8.49532,14.943122643936817,15.188039779663086,4257
DO_misfit,year,A3,-125.0547,47.1225,5.888040568034009,0.696569,-8.2926,14.067947362263842,19.95598793029785,4258
DO_misfit,year,A3,-125.0547,47.1225,-0.7234403503230595,-3.9418292,-9.932961,36.56748408201251,35.84404373168945,4259
DO_misfit,year,A3,-125.0547,47.1225,-3.513478602155743,-11.50898,-12.60907,48.501592005476056,44.98811340332031,4260
DO_misfit,year,A3,-125.0547,47.1225,-10.237084002944428,-22.032663,-16.330751,61.09133204981943,50.854248046875,4261
DO_misfit,year,A3,-125.0547,47.1225,-39.830332597396236,-32.62967,-20.078363,99.56624110569702,59.73590850830078,4262
DO_misfit,year,A3,-125.0547,47.1225,-40.28936823815803,-35.122818,-20.96006,129.83614405602913,89.5467758178711,4263
DO_misfit,year,A3,-125.0547,47.1225,-10.497526751556123,-24.906828,-17.347195,125.60353718856784,115.10601043701172,4264
DO_misfit,year,A3,-125.0547,47.1225,-3.7096603605429834,-17.307968,-14.659872,142.08128816816017,138.3716278076172,4265
DO_misfit,year,A3,-125.0547,47.1225,-10.125430647197504,-6.64657,-10.889488,200.35287815696313,190.22744750976562,4266
DO_misfit,year,A3,-125.0547,47.1225,-8.320267836836223,5.467311,-6.605436,240.70657459953154,232.3863067626953,4267
DO_misfit,year,A3,-125.0547,47.1225,-22.72196111449506,5.1782947,-6.707646,255.10826787719037,232.3863067626953,4268
DO_misfit,year,A3,-125.0547,47.1225,-3.5077638169000807,7.5547457,-5.867218,272.2906007309626,268.7828369140625,4269
DO_misfit,year,A3,-125.0547,47.1225,22.381169114719455,19.31379,-1.7086539,277.48089143215554,299.862060546875,4270
DO_misfit,year,A3,-125.0547,47.1225,20.05802167572176,20.375837,-1.3330626,281.73812090240324,301.796142578125,4271
DO_misfit,year,A3,-125.0547,47.1225,16.80407208513759,10.547691,-4.8087683,272.1438038914249,288.9478759765625,4272
DO_misfit,year,A3,-125.0547,47.1225,-10.19065884093743,8.410519,-5.5645757,299.13853481749993,288.9478759765625,4273
DO_misfit,year,A3,-125.0547,47.1225,-20.325957222462478,-0.88786316,-8.852932,299.2208546834,278.8948974609375,4274
DO_misfit,year,A3,-125.0547,47.1225,-20.32640596090789,-0.88786316,-8.852932,299.2213034218454,278.8948974609375,4275
DO_misfit,year,A3,-124.9823,47.1095,-7.559963801739421,-11.908649,-12.750412,56.56157741868278,49.00161361694336,4276
DO_misfit,year,A3,-124.9823,47.1095,-10.434519965249443,-11.908649,-12.750412,59.4361335821928,49.00161361694336,4277
DO_misfit,year,A3,-124.9823,47.1095,-13.22652596470283,-24.569834,-17.228018,66.31055611607002,53.08403015136719,4278
DO_misfit,year,A3,-124.9823,47.1095,-21.2314271662393,-32.641933,-20.0827,84.70872590281157,63.477298736572266,4279
DO_misfit,year,A3,-124.9823,47.1095,-13.625351812244972,-36.84289,-21.568363,87.3153008478895,73.68994903564453,4280
DO_misfit,year,A3,-124.9823,47.1095,2.0141234512795876,-34.04439,-20.578678,85.92499398036104,87.93911743164062,4281
DO_misfit,year,A3,-124.9823,47.1095,-21.25277290492386,-22.597347,-16.53045,150.52605781703323,129.27328491210938,4282
DO_misfit,year,A3,-124.9823,47.1095,-40.17475090152331,-11.997596,-12.781868,196.15676078921862,155.9820098876953,4283
DO_misfit,year,A3,-124.9823,47.1095,17.37049273924916,3.5116146,-7.2970643,201.0029356054774,218.37342834472656,4284
DO_misfit,year,A3,-124.9823,47.1095,4.206107638227792,7.9136634,-5.740288,242.78116653169408,246.98727416992188,4285
DO_misfit,year,A3,-124.9823,47.1095,23.114139488636425,9.787382,-5.0776505,249.24251944691045,272.3566589355469,4286
DO_misfit,year,A3,-124.9823,47.1095,32.55774426280652,16.9109,-2.5584311,255.30745959461535,287.8652038574219,4287
DO_misfit,year,A3,-124.9823,47.1095,69.11581322205888,21.514162,-0.9304962,232.30026343809737,301.41607666015625,4288
DO_misfit,year,A3,-124.9823,47.1095,62.691623652801894,18.368233,-2.0430484,236.67293933547936,299.36456298828125,4289
DO_misfit,year,A3,-124.9823,47.1095,32.84756121332566,7.3003216,-5.9571953,257.80893292729934,290.656494140625,4290
DO_misfit,year,A3,-124.9823,47.1095,-16.433227477648245,-1.2481096,-8.980332,294.8514098506951,278.4181823730469,4291
DO_misfit,year,A3,-124.9823,47.1095,-6.384116458425865,-1.2481096,-8.980332,284.80229883147274,278.4181823730469,4292
DO_misfit,year,A3,-124.8168,47.1147,36.41260579691208,-25.113153,-17.420162,42.11376139058792,78.5263671875,4293
DO_misfit,year,A3,-124.8168,47.1147,38.62105883563636,-25.113153,-17.420162,39.90530835186364,78.5263671875,4294
DO_misfit,year,A3,-124.8168,47.1147,31.65864751676189,-25.244982,-17.466782,74.8423519339217,106.5009994506836,4295
DO_misfit,year,A3,-124.8168,47.1147,-13.658493266244193,-21.508158,-16.145262,148.19248984827544,134.53399658203125,4296
DO_misfit,year,A3,-124.8168,47.1147,-4.746108879898742,-6.1193795,-10.703048,188.55331408009405,183.8072052001953,4297
DO_misfit,year,A3,-124.8168,47.1147,23.363620822741183,6.8508506,-6.11615,194.98226540772757,218.34588623046875,4298
DO_misfit,year,A3,-124.8168,47.1147,22.405988558165234,10.413567,-4.856201,212.46071066058477,234.86669921875,4299
DO_misfit,year,A3,-124.8168,47.1147,50.42185547450285,16.543598,-2.6883268,225.0305981387784,275.45245361328125,4300
DO_misfit,year,A3,-124.8168,47.1147,128.01501941251794,27.616392,1.2275467,179.85131359529456,307.8663330078125,4301
DO_misfit,year,A3,-124.8168,47.1147,37.37382390650265,26.77941,0.9315491,271.28535578099735,308.6591796875,4302
DO_misfit,year,A3,-124.8168,47.1147,-13.639546967205945,19.42088,-1.6707816,322.09792099064344,308.4583740234375,4303
DO_misfit,year,A3,-124.8168,47.1147,-1.9519055940322687,15.045017,-3.2182975,315.54956184403227,313.59765625,4304
DO_misfit,year,A3,-124.8168,47.1147,-1.9481539923337436,15.045017,-3.2182975,315.54581024233374,313.59765625,4305
DO_misfit,year,A3,-124.7075,47.3435,26.64568885080125,-24.687555,-17.26965,48.57752434499953,75.22321319580078,4306
DO_misfit,year,A3,-124.7075,47.3435,22.18856976374714,-24.687555,-17.26965,53.03464343205364,75.22321319580078,4307
DO_misfit,year,A3,-124.7075,47.3435,-4.6440755078005935,-24.015955,-17.032139,97.61456500975372,92.97048950195312,4308
DO_misfit,year,A3,-124.7075,47.3435,3.3739979414854417,-19.915537,-15.582034,128.302134260663,131.67613220214844,4309
DO_misfit,year,A3,-124.7075,47.3435,32.23418875245875,-11.014002,-12.434022,130.07791451902563,162.31210327148438,4310
DO_misfit,year,A3,-124.7075,47.3435,30.97736841648026,-7.43118,-11.166964,152.493884024926,183.47125244140625,4311
DO_misfit,year,A3,-124.7075,47.3435,18.93575090212005,-2.9214175,-9.572094,191.43270307737214,210.3684539794922,4312
DO_misfit,year,A3,-124.7075,47.3435,24.696521087115315,10.170276,-4.9422407,230.73032827811906,255.42684936523438,4313
DO_misfit,year,A3,-124.7075,47.3435,75.07163132996388,15.431936,-3.0814643,242.89156447081737,317.96319580078125,4314
DO_misfit,year,A3,-124.7075,47.3435,15.178753034778197,-7.1077366,-11.052579,319.1993292406124,334.3780822753906,4315
DO_misfit,year,A3,-124.7075,47.3435,95.74184230511878,13.279783,-3.8425694,246.37915989214684,342.1210021972656,4316
DO_misfit,year,A3,-124.7075,47.3435,-13.291096683396347,11.43614,-4.4945703,355.412098880662,342.1210021972656,4317
DO_misfit,year,A3,-124.6403,47.1119,24.72501672326208,-24.328327,-17.142609,46.283184875859014,71.0082015991211,4318
DO_misfit,year,A3,-124.6403,47.1119,27.569592762648725,-24.328327,-17.142609,43.43860883647237,71.0082015991211,4319
DO_misfit,year,A3,-124.6403,47.1119,33.96591526838812,-24.873226,-17.335312,51.424023086104064,85.38993835449219,4320
DO_misfit,year,A3,-124.6403,47.1119,11.492994437264755,-18.791214,-15.18442,124.7202776574618,136.21327209472656,4321
DO_misfit,year,A3,-124.6403,47.1119,18.299192496892317,-10.515141,-12.257601,150.45164673650612,168.75083923339844,4322
DO_misfit,year,A3,-124.6403,47.1119,42.2525546381776,-6.7423105,-10.9233465,144.6941464116271,186.9467010498047,4323
DO_misfit,year,A3,-124.6403,47.1119,30.18030245857844,-3.0032983,-9.601051,186.48229519767156,216.66259765625,4324
DO_misfit,year,A3,-124.6403,47.1119,-72.56439767602063,2.8893223,-7.5171366,318.36301217797376,245.79861450195312,4325
DO_misfit,year,A3,-124.6403,47.1119,-134.54093560517867,-3.6628518,-9.834301,392.0480767184599,257.50714111328125,4326
DO_misfit,year,A3,-124.6403,47.1119,-128.2376551469922,-23.156855,-16.728321,407.7663111528516,279.5286560058594,4327
DO_misfit,year,A3,-124.6403,47.1119,-73.77815858357559,-15.516177,-14.026209,399.16313783162246,325.3849792480469,4328
DO_misfit,year,A3,-124.6403,47.1119,-73.77791134261201,-15.516177,-14.026209,399.1628905906589,325.3849792480469,4329
DO_misfit,year,A3,-124.3933,47.12,-10.963703774174235,-49.698395,-26.114687,49.85220780249455,38.88850402832031,4330
DO_misfit,year,A3,-124.3933,47.12,-43.8718731691676,-49.261864,-25.96031,122.2423565676051,78.3704833984375,4331
DO_misfit,year,A3,-124.3933,47.12,-20.756836892823088,-56.773106,-28.616646,158.42208957836996,137.66525268554688,4332
DO_misfit,year,A3,-124.3933,47.12,-21.588482906058175,-40.440758,-22.84074,240.63993554277693,219.05145263671875,4333
DO_misfit,year,A3,-124.3933,47.12,-56.05779169814332,-38.1525,-22.031502,336.4749059559558,280.4171142578125,4334
DO_misfit,year,A3,-124.3933,47.12,-42.84319535658511,-38.1525,-22.031502,323.2603096143976,280.4171142578125,4335
DO_misfit,year,A3,-124.2683,46.1337,-48.583103802931795,-50.906063,-26.541777,48.83231779648114,0.24921399354934692,4336
DO_misfit,year,A3,-124.2683,46.1337,-44.92985023272274,-47.4566,-25.32188,56.199436795833094,11.269586563110352,4337
DO_misfit,year,A3,-124.2683,46.1337,-17.132845420347465,-39.247356,-22.418697,57.6734795756209,40.54063415527344,4338
DO_misfit,year,A3,-124.2683,46.1337,-32.59530527192919,-41.57476,-23.24178,77.10135919648974,44.50605392456055,4339
DO_misfit,year,A3,-124.2683,46.1337,17.253399276729425,-40.044308,-22.700537,65.70598945618073,82.95938873291016,4340
DO_misfit,year,A3,-124.2683,46.1337,108.96988099152696,-10.572577,-12.277913,89.45736510222304,198.42724609375,4341
DO_misfit,year,A3,-124.2683,46.1337,162.16932729011194,-2.1332064,-9.2933445,91.83245798820836,254.0017852783203,4342
DO_misfit,year,A3,-124.2683,46.1337,136.81758992931864,-9.788071,-12.000474,152.34729654529073,289.1648864746094,4343
DO_misfit,year,A3,-124.2683,46.1337,0.5895047344671696,-24.22125,-17.104742,240.80917690615783,241.398681640625,4344
DO_misfit,year,A3,-124.2683,46.1337,55.61937877677903,-24.22125,-17.104742,185.77930286384597,241.398681640625,4345
DO_misfit,year,A3,-124.0937,46.1312,-62.58416088822445,-52.041294,-26.943249,63.87438091042599,1.290220022201538,4346
DO_misfit,year,A3,-124.0937,46.1312,-51.563056939814665,-52.88257,-27.240765,58.604592794154264,7.0415358543396,4347
DO_misfit,year,A3,-124.0937,46.1312,-43.97838495345954,-52.164608,-26.98686,70.47970293136481,26.501317977905273,4348
DO_misfit,year,A3,-124.0937,46.1312,-65.21219166677777,-65.35354,-31.6511,95.62229832571332,30.410106658935547,4349
DO_misfit,year,A3,-124.0937,46.1312,-96.45222123254166,-71.27912,-33.746674,150.99784119714127,54.54561996459961,4350
DO_misfit,year,A3,-124.0937,46.1312,-26.527869649990606,-46.34242,-24.927853,204.87859291659217,178.35072326660156,4351
DO_misfit,year,A3,-124.0937,46.1312,-53.7631959137118,-52.864723,-27.234453,244.33202831117273,190.56883239746094,4352
DO_misfit,year,A3,-124.1075,46.1665,-154.87330746274142,-76.63144,-35.63951,269.25998043637424,114.38667297363281,4354
DO_misfit,year,A3,-124.1075,46.1665,-95.36448819851074,-65.271355,-31.622036,270.1889663479248,174.82447814941406,4356
DO_misfit,year,A3,-123.907,46.1905,-17.59783011031999,-14.915024,-13.813612,265.29291372848405,247.69508361816406,4358
DO_misfit,year,A3,-123.907,46.1905,-16.839328545832814,-14.915024,-13.813612,264.5344121639969,247.69508361816406,4359
DO_misfit,year,A3,-124.0033,46.2485,-52.56087640689876,-63.339424,-30.938812,202.02514032291438,149.46426391601562,4361
DO_misfit,year,A3,-124.0033,46.2485,-53.83092994119593,-63.339424,-30.938812,203.29519385721156,149.46426391601562,4362
DO_misfit,year,A3,-124.0033,46.2485,-35.04635749322816,-38.14466,-22.02873,204.41027961236878,169.36392211914062,4363
DO_misfit,year,A3,-124.0033,46.2485,-25.3560688392825,-35.401875,-21.05875,207.1338550941653,181.7777862548828,4364
DO_misfit,year,A3,-124.0033,46.2485,-14.273585496458423,-25.702715,-17.628658,213.65259855798186,199.37901306152344,4365
DO_misfit,year,A3,-124.0033,46.2485,-13.913174898596452,-25.702715,-17.628658,213.2921879601199,199.37901306152344,4366
DO_misfit,year,A3,-124.1083,46.244,-28.891126485951204,-50.798904,-26.503881,101.07414040196683,72.18301391601562,4367
DO_misfit,year,A3,-124.1083,46.244,-32.01157469860716,-50.798904,-26.503881,104.19458861462279,72.18301391601562,4368
DO_misfit,year,A3,-124.1083,46.244,-34.2904942732262,-52.16111,-26.985622,117.64433033279651,83.35383605957031,4369
DO_misfit,year,A3,-124.1083,46.244,-32.08081189543168,-47.42964,-25.312347,153.05028668791215,120.96947479248047,4370
DO_misfit,year,A3,-124.1083,46.244,-64.11447844889668,-72.30929,-34.11099,214.6401437320998,150.52566528320312,4371
DO_misfit,year,A3,-124.1083,46.244,-142.78859944183534,-93.34425,-41.549965,292.52448506195253,149.7358856201172,4372
DO_misfit,year,A3,-124.1083,46.244,-141.28572469545696,-99.29134,-43.653145,301.98926168276165,160.7035369873047,4373
DO_misfit,year,A3,-124.1083,46.244,-139.67773747337083,-99.29134,-43.653145,300.3812744606755,160.7035369873047,4374
DO_misfit,year,A3,-124.5222,46.1331,-36.54476103438696,-50.216198,-26.297808,42.98906645430883,6.444305419921875,4375
DO_misfit,year,A3,-124.5222,46.1331,29.662913585349834,-24.540401,-17.21761,42.757000660255635,72.41991424560547,4376
DO_misfit,year,A3,-124.5222,46.1331,41.397668529328264,-22.55062,-16.513926,59.146208118620955,100.54387664794922,4377
DO_misfit,year,A3,-124.5222,46.1331,33.75627606444708,-22.421858,-16.46839,106.45388323731073,140.2101593017578,4378
DO_misfit,year,A3,-124.5222,46.1331,38.79077152384377,-10.344336,-12.197196,133.11560054646873,171.9063720703125,4379
DO_misfit,year,A3,-124.5222,46.1331,70.49307596251708,-5.310661,-10.417046,117.89683187439698,188.38990783691406,4380
DO_misfit,year,A3,-124.5222,46.1331,47.982736628649434,8.890186,-5.3949423,178.12892718970994,226.11166381835938,4381
DO_misfit,year,A3,-124.5222,46.1331,48.56359332469839,17.681585,-2.28588,221.399388853036,269.9629821777344,4382
DO_misfit,year,A3,-124.5222,46.1331,66.8840616919151,26.672712,0.893816,237.27557575925678,304.1596374511719,4383
DO_misfit,year,A3,-124.5222,46.1331,12.59023312892026,18.742462,-1.9107027,302.829993921861,315.42022705078125,4384
DO_misfit,year,A3,-124.5222,46.1331,1.3324701705236635,10.992314,-4.6515284,306.17180229041384,307.5042724609375,4385
DO_misfit,year,A3,-124.5222,46.1331,-49.23910548109137,10.992314,-4.6515284,356.74337794202887,307.5042724609375,4386
DO_misfit,year,A3,-124.671,46.1249,-37.95171555359573,-36.829597,-21.56366,62.609846199347686,24.658130645751953,4387
DO_misfit,year,A3,-124.671,46.1249,-19.717714047656806,-42.6289,-23.614574,53.011312222705634,33.29359817504883,4388
DO_misfit,year,A3,-124.671,46.1249,-41.37343326660208,-41.312946,-23.149189,85.26158252807669,43.88814926147461,4389
DO_misfit,year,A3,-124.671,46.1249,-53.40291979025483,-31.15018,-19.555145,116.36874010275483,62.9658203125,4390
DO_misfit,year,A3,-124.671,46.1249,-13.03483111570391,-26.437117,-17.888378,125.55068499753985,112.51585388183594,4391
DO_misfit,year,A3,-124.671,46.1249,45.54828846654402,-10.747333,-12.339715,113.14226329126848,158.6905517578125,4392
DO_misfit,year,A3,-124.671,46.1249,49.88389254416819,-3.2771301,-9.697891,150.318301669699,200.2021942138672,4393
DO_misfit,year,A3,-124.671,46.1249,92.44502487201814,8.088394,-5.6784945,130.91415176372405,223.3591766357422,4394
DO_misfit,year,A3,-124.671,46.1249,59.35977287445962,12.407913,-4.1509047,185.8573444351107,245.2171173095703,4395
DO_misfit,year,A3,-124.671,46.1249,60.57361297698213,22.399817,-0.6172857,231.45479888825224,292.0284118652344,4396
DO_misfit,year,A3,-124.671,46.1249,50.79997696059155,27.501467,1.186903,256.6827806077678,307.4827575683594,4397
DO_misfit,year,A3,-124.671,46.1249,18.380232888933335,25.950233,0.63831234,292.7997292692698,311.1799621582031,4398
DO_misfit,year,A3,-124.671,46.1249,9.047151847231078,23.099796,-0.36973953,299.0647561117533,308.1119079589844,4399
DO_misfit,year,A3,-124.671,46.1249,-37.83984651495399,2.2803936,-7.7324834,327.2319668762821,289.3921203613281,4400
DO_misfit,year,A3,-124.671,46.1249,-37.86789687717089,2.2803936,-7.7324834,327.260017238499,289.3921203613281,4401
DO_misfit,year,A3,-124.909,46.1228,1.832020494772424,0.33351117,-8.420995,14.354800489114295,16.18682098388672,4402
DO_misfit,year,A3,-124.909,46.1228,1.3263649365435892,0.33351117,-8.420995,14.86045604734313,16.18682098388672,4403
DO_misfit,year,A3,-124.909,46.1228,4.049926376669772,0.34185627,-8.418043,13.758488082558744,17.808414459228516,4404
DO_misfit,year,A3,-124.909,46.1228,-1.0606703373256785,-3.2755284,-9.697325,27.493535480147944,26.432865142822266,4405
DO_misfit,year,A3,-124.909,46.1228,-5.155404098959977,-5.326997,-10.422823,36.22848416182619,31.07308006286621,4406
DO_misfit,year,A3,-124.909,46.1228,-1.710160088083306,-11.105855,-12.466506,44.77991945697979,43.069759368896484,4407
DO_misfit,year,A3,-124.909,46.1228,-19.99984578684287,-27.632921,-18.311272,67.0364859540792,47.03664016723633,4408
DO_misfit,year,A3,-124.909,46.1228,-52.99463673335917,-33.58773,-20.41718,106.87379093868144,53.879154205322266,4409
DO_misfit,year,A3,-124.909,46.1228,-46.18108682488045,-31.054104,-19.521168,117.8248246178492,71.64373779296875,4410
DO_misfit,year,A3,-124.909,46.1228,-42.90287733823797,-31.054104,-19.521168,114.54661513120672,71.64373779296875,4411
DO_misfit,year,A3,-124.909,46.1228,10.145814749890704,-23.354822,-16.798332,121.38720526964055,131.53302001953125,4412
DO_misfit,year,A3,-124.909,46.1228,-10.096506768085817,-23.07693,-16.700054,141.62952678761707,131.53302001953125,4413
DO_misfit,year,A3,-124.909,46.1228,-32.50642810514023,-7.864999,-11.320383,217.44978748014023,184.943359375,4414
DO_misfit,year,A3,-124.909,46.1228,-7.180414498081035,5.345758,-6.6484227,246.09174567483885,238.9113311767578,4415
DO_misfit,year,A3,-124.909,46.1228,6.581436030980171,12.518365,-4.1118436,265.4300996135511,272.01153564453125,4416
DO_misfit,year,A3,-124.909,46.1228,16.966668023094826,21.869091,-0.804976,275.3183051214364,292.28497314453125,4417
DO_misfit,year,A3,-124.909,46.1228,15.931302959469008,21.869091,-0.804976,276.35367018506224,292.28497314453125,4418
DO_misfit,year,A3,-124.909,46.1228,9.51165068649533,21.806255,-0.827198,282.7733224580359,292.28497314453125,4419
DO_misfit,year,A3,-124.909,46.1228,-21.905070120831454,14.943406,-3.254232,310.1802776403627,288.27520751953125,4420
DO_misfit,year,A3,-124.909,46.1228,-10.740091054519098,13.038333,-3.9279575,299.01529857405035,288.27520751953125,4421
DO_misfit,year,A3,-124.909,46.1228,-2.663413908900509,0.7116529,-8.287266,279.15920248311926,276.49578857421875,4422
DO_misfit,year,A3,-124.909,46.1228,-2.6598263209819493,0.7116529,-8.287266,279.1556148952007,276.49578857421875,4423
DO_misfit,year,A3,-125.1901,46.1307,4.855653728161602,0.696569,-8.2926,12.383888279284687,17.23954200744629,4424
DO_misfit,year,A3,-125.1901,46.1307,3.307635780587402,0.696569,-8.2926,13.931906226858887,17.23954200744629,4425
DO_misfit,year,A3,-125.1901,46.1307,5.464924627184228,0.696569,-8.2926,11.29880065357749,16.76372528076172,4426
DO_misfit,year,A3,-125.1901,46.1307,3.7335828280204453,-0.39436308,-8.678406,19.072434093976625,22.80601692199707,4427
DO_misfit,year,A3,-125.1901,46.1307,0.637940678442682,-9.9514065,-12.058237,47.956118312035834,48.594058990478516,4428
DO_misfit,year,A3,-125.1901,46.1307,-7.370691179706725,-21.327757,-16.081463,68.57394587941376,61.20325469970703,4429
DO_misfit,year,A3,-125.1901,46.1307,-33.94577392916207,-31.28999,-19.604588,103.20846924166207,69.2626953125,4430
DO_misfit,year,A3,-125.1901,46.1307,-17.818928517624883,-29.029688,-18.805237,120.78386382035926,102.96493530273438,4431
DO_misfit,year,A3,-125.1901,46.1307,6.233420960810491,-11.404692,-12.572189,163.97200811633795,170.20542907714844,4432
DO_misfit,year,A3,-125.1901,46.1307,-4.0193075671502925,0.048134208,-8.521918,224.9974112048456,220.9781036376953,4433
DO_misfit,year,A3,-125.1901,46.1307,-63.501304073559936,0.048134208,-8.521918,284.47940771125525,220.9781036376953,4434
DO_misfit,year,A3,-125.1901,46.1307,3.5837050807164132,7.950592,-5.727228,276.07434545639296,279.6580505371094,4435
DO_misfit,year,A3,-125.1901,46.1307,-22.115607352139932,14.716307,-3.3345451,308.6360541294837,286.52044677734375,4436
DO_misfit,year,A3,-125.1901,46.1307,7.831930676233071,8.925442,-5.382474,272.2644438354857,280.09637451171875,4437
DO_misfit,year,A3,-125.1901,46.1307,9.520444919054967,8.925442,-5.382474,270.5759295926638,280.09637451171875,4438
DO_misfit,year,A3,-125.1901,46.1307,9.520620932782833,8.925442,-5.382474,270.5757535789359,280.09637451171875,4439
DO_misfit,year,A3,-125.1901,46.1307,-0.12768027964546036,2.2118363,-7.7567286,264.5914864319892,264.46380615234375,4440
DO_misfit,year,A3,-125.1901,46.1307,-0.12467033532652749,1.4599396,-8.022635,264.5884764876703,264.46380615234375,4441
DO_misfit,year,A3,-125.1901,46.1307,-0.022239978671109384,1.6670793,-7.949381,264.48604613101486,264.46380615234375,4442
DO_misfit,year,A3,-124.1308,44.6525,-97.18315843274945,-52.795746,-27.21006,108.0463376395976,10.863179206848145,4443
DO_misfit,year,A3,-124.1308,44.6525,-89.15787480530781,-59.59198,-29.613537,116.92940877137227,27.771533966064453,4444
DO_misfit,year,A3,-124.1308,44.6525,-69.93242193136955,-58.552227,-29.245829,121.03809286032462,51.10567092895508,4445
DO_misfit,year,A3,-124.1308,44.6525,-137.77950848633924,-67.164055,-32.291386,214.8643626123158,77.08485412597656,4446
DO_misfit,year,A3,-124.1308,44.6525,-137.60852487979344,-79.39051,-36.61525,274.9102979510825,137.30177307128906,4447
DO_misfit,year,A3,-124.1308,44.6525,-141.78499586166464,-78.809105,-36.409637,279.0867689329537,137.30177307128906,4448
DO_misfit,year,A3,-124.1308,44.6525,-108.64556200549569,-79.39051,-36.61525,245.94733507678475,137.30177307128906,4449
DO_misfit,year,A3,-124.2961,44.6533,-36.91274511873297,-36.568386,-21.471283,87.96657049715094,51.05382537841797,4450
DO_misfit,year,A3,-124.2961,44.6533,-36.91082617613543,-34.06236,-20.585032,92.87667700621355,55.965850830078125,4451
DO_misfit,year,A3,-124.2961,44.6533,-33.285338497514985,-31.705364,-19.751484,96.22025976216342,62.93492126464844,4452
DO_misfit,year,A3,-124.2961,44.6533,-34.98051253716527,-29.084494,-18.82462,112.07687179009496,77.09635925292969,4453
DO_misfit,year,A3,-124.2961,44.6533,-34.021297263080996,-27.912745,-18.410233,122.6993978490185,88.6781005859375,4454
DO_misfit,year,A3,-124.2961,44.6533,-75.42736814183914,-31.224815,-19.58154,191.44702909154617,116.01966094970703,4455
DO_misfit,year,A3,-124.2961,44.6533,-44.502165102956354,-24.81735,-17.315552,203.84156634807354,159.3394012451172,4456
DO_misfit,year,A3,-124.2961,44.6533,-3.8323049622622705,-14.285752,-13.59107,204.37979031382477,200.5474853515625,4457
DO_misfit,year,A3,-124.2961,44.6533,22.76846428523214,-14.095421,-13.52376,209.2469776092991,232.01544189453125,4458
DO_misfit,year,A3,-124.2961,44.6533,61.70814681230155,-24.464525,-17.190775,209.0835401994172,270.79168701171875,4459
DO_misfit,year,A3,-124.2961,44.6533,61.70844192168522,-24.464525,-17.190775,209.08324509003353,270.79168701171875,4460
DO_misfit,year,A3,-124.6529,44.6483,-30.485674439259753,-35.051895,-20.934978,75.56233459550975,45.07666015625,4461
DO_misfit,year,A3,-124.6529,44.6483,-26.909879100388437,-33.84888,-20.509537,77.70160807377711,50.79172897338867,4462
DO_misfit,year,A3,-124.6529,44.6483,-26.041207927940164,-37.480034,-21.793686,86.85448612618235,60.81327819824219,4463
DO_misfit,year,A3,-124.6529,44.6483,-33.58202580577924,-35.642227,-21.14375,108.26816777355268,74.68614196777344,4464
DO_misfit,year,A3,-124.6529,44.6483,10.813714780352157,-24.88032,-17.33782,125.13878460929628,135.95249938964844,4465
DO_misfit,year,A3,-124.6529,44.6483,-39.81507289754262,-26.970179,-18.076895,179.49915492879262,139.68408203125,4466
DO_misfit,year,A3,-124.6529,44.6483,-32.2202802219079,-15.886141,-14.157045,196.54398017307977,164.32369995117188,4467
DO_misfit,year,A3,-124.6529,44.6483,-24.03219257232348,-10.838935,-12.37211,211.65768085357348,187.62548828125,4468
DO_misfit,year,A3,-124.6529,44.6483,9.500741001241977,11.792248,-4.3686333,236.2344579733674,245.73519897460938,4469
DO_misfit,year,A3,-124.6529,44.6483,-10.589253382424602,13.94532,-3.6072035,285.65181441758085,275.06256103515625,4470
DO_misfit,year,A3,-124.6529,44.6483,24.852177332168424,27.533518,1.1982384,285.7536576287691,310.6058349609375,4471
DO_misfit,year,A3,-124.6529,44.6483,18.88560233495849,14.487076,-3.4156122,305.42875923730713,324.3143615722656,4472
DO_misfit,year,A3,-124.6529,44.6483,1.785391212509012,12.716856,-4.0416474,313.377694724991,315.1630859375,4473
DO_misfit,year,A3,-124.6529,44.6483,0.7813249313239226,12.716856,-4.0416474,314.3817610061761,315.1630859375,4474
DO_misfit,year,A3,-124.7731,44.655,-42.289382577625375,-36.32946,-21.386787,93.1502529389535,50.860870361328125,4475
DO_misfit,year,A3,-124.7731,44.655,-36.32252133189654,-37.376247,-21.756983,102.15748989879107,65.83496856689453,4476
DO_misfit,year,A3,-124.7731,44.655,-21.564353841591114,-32.345566,-19.97789,117.29789723758721,95.7335433959961,4477
DO_misfit,year,A3,-124.7731,44.655,-21.797952811954758,-32.131298,-19.902115,132.2634145429118,110.46546173095703,4478
DO_misfit,year,A3,-124.7731,44.655,-7.88252618546926,-26.835598,-18.0293,147.78328302140676,139.9007568359375,4479
DO_misfit,year,A3,-124.7731,44.655,10.913327725319675,-20.717607,-15.8656845,157.65010306081314,168.5634307861328,4480
DO_misfit,year,A3,-124.7731,44.655,-7.053761522062501,-12.379182,-12.916816,197.8427782456953,190.7890167236328,4481
DO_misfit,year,A3,-124.7731,44.655,-8.563548527726738,0.83233804,-8.244586,213.0889544115158,204.52540588378906,4482
DO_misfit,year,A3,-124.7731,44.655,6.004511612806908,11.192152,-4.5808563,246.6707813559431,252.67529296875,4483
DO_misfit,year,A3,-124.7731,44.655,16.564939836922008,26.856556,0.9588318,287.41558994823424,303.98052978515625,4484
DO_misfit,year,A3,-124.7731,44.655,23.850785162563852,26.89257,0.9715681,293.5955344175143,317.4463195800781,4485
DO_misfit,year,A3,-124.7731,44.655,28.11319895204332,26.659355,0.88909245,284.36662892881606,312.4798278808594,4486
DO_misfit,year,A3,-124.7731,44.655,28.560876005493355,19.017433,-1.8134599,284.03970993200664,312.6005859375,4487
DO_misfit,year,A3,-124.7731,44.655,28.56066950243485,19.017433,-1.8134599,284.03991643506515,312.6005859375,4488
DO_misfit,year,A3,-124.9985,44.6596,2.9518291280572466,-1.5352762,-9.081888,12.687235660761113,15.63906478881836,4489
DO_misfit,year,A3,-124.9985,44.6596,3.816336999706568,-1.5352762,-9.081888,12.278294195361791,16.09463119506836,4490
DO_misfit,year,A3,-124.9985,44.6596,2.3260588897665677,-3.540919,-9.79118,20.863693688968784,23.18975257873535,4491
DO_misfit,year,A3,-124.9985,44.6596,0.24884545073012276,-13.46576,-13.301083,45.271978981642924,45.52082443237305,4492
DO_misfit,year,A3,-124.9985,44.6596,-22.86816865156669,-28.35649,-18.567162,76.6949165458538,53.82674789428711,4493
DO_misfit,year,A3,-124.9985,44.6596,-49.12909522777484,-40.228737,-22.76576,109.06592384105609,59.93682861328125,4494
DO_misfit,year,A3,-124.9985,44.6596,-42.49441154640914,-32.40053,-19.99733,138.65629966896773,96.1618881225586,4495
DO_misfit,year,A3,-124.9985,44.6596,-25.23578649048696,-29.840645,-19.09203,140.79089360718618,115.55510711669922,4496
DO_misfit,year,A3,-124.9985,44.6596,-20.135732909371484,-28.404785,-18.58424,146.5908644401332,126.45513153076172,4497
DO_misfit,year,A3,-124.9985,44.6596,13.270502852079886,-20.813017,-15.8994255,160.1298114789748,173.4003143310547,4498
DO_misfit,year,A3,-124.9985,44.6596,24.119248519613933,-0.7101896,-8.790097,194.6517780917142,218.77102661132812,4499
DO_misfit,year,A3,-124.9985,44.6596,15.590495797117171,3.5960162,-7.2672157,215.39708354858595,230.98757934570312,4500
DO_misfit,year,A3,-124.9985,44.6596,-5.115241396687509,3.5960162,-7.2672157,236.10282074239063,230.98757934570312,4501
DO_misfit,year,A3,-124.9985,44.6596,-2.8081567921310864,6.8796163,-6.1059766,253.08283025404515,250.27467346191406,4502
DO_misfit,year,A3,-124.9985,44.6596,-26.661004950791437,12.050689,-4.277236,304.61306183555706,277.9520568847656,4503
DO_misfit,year,A3,-124.9985,44.6596,-11.614577399022778,21.69583,-0.86624956,313.4435568912103,301.8289794921875,4504
DO_misfit,year,A3,-124.9985,44.6596,-0.21374460482650193,21.741098,-0.85024023,303.96417185092025,303.75042724609375,4505
DO_misfit,year,A3,-124.9985,44.6596,-4.1210917804093015,15.007331,-3.231625,301.4286174151749,297.3075256347656,4506
DO_misfit,year,A3,-124.9985,44.6596,-4.1203134531926935,15.007331,-3.231625,301.4278390879583,297.3075256347656,4507
DO_misfit,year,A3,-125.1141,44.6553,1.8626992619523826,-2.6063528,-9.460672,18.176702746104258,20.03940200805664,4508
DO_misfit,year,A3,-125.1141,44.6553,0.40854101476267246,-6.050481,-10.678682,30.301383683113304,30.709924697875977,4509
DO_misfit,year,A3,-125.1141,44.6553,-3.902297121608349,-14.709398,-13.740892,44.6965476098896,40.79425048828125,4510
DO_misfit,year,A3,-125.1141,44.6553,-3.58154039816457,-27.151745,-18.141106,56.137120537324726,52.555580139160156,4511
DO_misfit,year,A3,-125.1141,44.6553,-46.06859614815585,-33.361237,-20.337082,108.97993495430819,62.911338806152344,4512
DO_misfit,year,A3,-125.1141,44.6553,-31.38703442853972,-32.584312,-20.062325,116.48262311262175,85.09558868408203,4513
DO_misfit,year,A3,-125.1141,44.6553,-41.809654383403114,-29.494776,-18.969715,147.05139174912577,105.24173736572266,4514
DO_misfit,year,A3,-125.1141,44.6553,-27.236323852871607,-24.593945,-17.236546,151.4518008426177,124.2154769897461,4515
DO_misfit,year,A3,-125.1141,44.6553,-5.05474818107939,-16.453703,-14.357763,147.56057703850126,142.50582885742188,4516
DO_misfit,year,A3,-125.1141,44.6553,11.544003429248676,0.6803833,-8.298325,195.1701536752435,206.7141571044922,4517
DO_misfit,year,A3,-125.1141,44.6553,14.677034779473757,4.80196,-6.840736,218.40543897540906,233.0824737548828,4518
DO_misfit,year,A3,-125.1141,44.6553,9.612387806059303,11.274485,-4.5517397,256.46604236972195,266.07843017578125,4519
DO_misfit,year,A3,-125.1141,44.6553,8.494880789269132,23.358652,-0.27819538,300.49547565604337,308.9903564453125,4520
DO_misfit,year,A3,-125.1141,44.6553,0.9786242306208237,16.104218,-2.8437133,299.9064160525823,300.8850402832031,4521
DO_misfit,year,A3,-125.1141,44.6553,-8.401786996404041,15.581444,-3.0285912,306.96257801202904,298.560791015625,4522
DO_misfit,year,A3,-125.1141,44.6553,-8.403171031840998,15.581444,-3.0285912,306.963962047466,298.560791015625,4523
DO_misfit,year,A3,-125.3673,44.6622,2.8444463313275055,-0.09461527,-8.572401,15.066745608980112,17.911191940307617,4524
DO_misfit,year,A3,-125.3673,44.6622,2.968312729512757,-0.09461527,-8.572401,14.94287921079486,17.911191940307617,4525
DO_misfit,year,A3,-125.3673,44.6622,2.8299036520272143,0.696569,-8.2926,13.440072010204231,16.269975662231445,4526
DO_misfit,year,A3,-125.3673,44.6622,8.19071796616073,-2.7212045,-9.501289,25.06337138930802,33.25408935546875,4527
DO_misfit,year,A3,-125.3673,44.6622,7.099606147127275,-11.512042,-12.610153,37.672488579435225,44.7720947265625,4528
DO_misfit,year,A3,-125.3673,44.6622,-11.971959600964354,-25.446125,-17.537916,70.97289420179443,59.00093460083008,4529
DO_misfit,year,A3,-124.1302,44.6513,-68.88917556511991,-63.275528,-30.916216,69.80704435813063,0.9178687930107117,4530
DO_misfit,year,A3,-124.1302,44.6513,-68.88917556511991,-63.275528,-30.916216,69.80704435813063,0.9178687930107117,4531
DO_misfit,year,A3,-124.1302,44.6513,-69.19724537926793,-63.275528,-30.916216,70.11511417227864,0.9178687930107117,4532
DO_misfit,year,A3,-124.1302,44.6513,-68.88917556511991,-63.275528,-30.916216,69.80704435813063,0.9178687930107117,4533
DO_misfit,year,A3,-124.1302,44.6513,-68.88917556511991,-63.275528,-30.916216,69.80704435813063,0.9178687930107117,4534
DO_misfit,year,A3,-124.1302,44.6513,-68.88917556511991,-63.275528,-30.916216,69.80704435813063,0.9178687930107117,4535
DO_misfit,year,A3,-124.1302,44.6513,-68.88917556511991,-63.275528,-30.916216,69.80704435813063,0.9178687930107117,4536
DO_misfit,year,A3,-124.1302,44.6513,-68.88914433320143,-63.275528,-30.916216,69.80701312621214,0.9178687930107117,4537
DO_misfit,year,A3,-124.1302,44.6513,-68.77219533086742,-64.081085,-31.2011,74.83424567342723,6.0620503425598145,4538
DO_misfit,year,A3,-124.1302,44.6513,-76.83553147573426,-59.9164,-29.728268,112.39046693105652,35.554935455322266,4539
DO_misfit,year,A3,-124.1302,44.6513,-47.176950398613286,-66.56471,-32.07943,142.95633119695313,95.77938079833984,4540
DO_misfit,year,A3,-124.1302,44.6513,-38.41908674305256,-64.95338,-31.509584,147.7623103148299,109.34322357177734,4541
DO_misfit,year,A3,-124.2952,44.6513,-47.18275130458237,-51.48225,-26.745544,73.7217985457933,26.539047241210938,4542
DO_misfit,year,A3,-124.2952,44.6513,-45.611854556095025,-51.48225,-26.745544,72.15090179730596,26.539047241210938,4543
DO_misfit,year,A3,-124.2952,44.6513,-31.331896545088547,-51.776375,-26.849562,62.83811640898015,31.5062198638916,4544
DO_misfit,year,A3,-124.2952,44.6513,-38.10851533155936,-51.776375,-26.849562,69.61473519545096,31.5062198638916,4545
DO_misfit,year,A3,-124.2952,44.6513,-46.0144980100054,-51.776375,-26.849562,77.520717873897,31.5062198638916,4546
DO_misfit,year,A3,-124.2952,44.6513,-41.472155569984466,-37.779408,-21.899559,111.89842510123447,70.42626953125,4547
DO_misfit,year,A3,-124.2952,44.6513,-37.70578910283342,-36.199955,-21.340988,125.11372519902483,87.4079360961914,4548
DO_misfit,year,A3,-124.2952,44.6513,-64.9394838024732,-37.023872,-21.632366,146.64723984495367,81.70775604248047,4549
DO_misfit,year,A3,-124.2952,44.6513,-58.64462622120175,-29.888685,-19.10902,156.14989813282284,97.5052719116211,4550
DO_misfit,year,A3,-124.2952,44.6513,-6.949462170562356,-26.526918,-17.920137,140.7772819947811,133.82781982421875,4551
DO_misfit,year,A3,-124.2952,44.6513,-58.75611644606565,-47.250286,-25.248919,238.49296336989377,179.73684692382812,4552
DO_misfit,year,A3,-124.2952,44.6513,-48.36794766482976,-41.3958,-23.17849,242.372159090611,194.00421142578125,4553
DO_misfit,year,A3,-124.6517,44.6515,-28.201337516541926,-34.88655,-20.876507,73.557985007997,45.35664749145508,4554
DO_misfit,year,A3,-124.6517,44.6515,-27.614706198442406,-37.830784,-21.917728,82.71520058320803,55.100494384765625,4555
DO_misfit,year,A3,-124.6517,44.6515,-30.721452547606376,-36.14152,-21.320324,99.20800192504778,68.4865493774414,4556
DO_misfit,year,A3,-124.6517,44.6515,-11.1246181692605,-29.624884,-19.015728,126.33820306916284,115.21358489990234,4557
DO_misfit,year,A3,-124.6517,44.6515,-33.49331263982336,-25.856344,-17.682991,174.88346461736242,141.39015197753906,4558
DO_misfit,year,A3,-124.6517,44.6515,-21.994878339795036,-25.363619,-17.50874,171.5787559032716,149.58387756347656,4559
DO_misfit,year,A3,-124.6517,44.6515,-67.57262360165427,-15.986446,-14.192518,231.33631073544333,163.76368713378906,4560
DO_misfit,year,A3,-124.6517,44.6515,45.20608086921598,14.375191,-3.4551802,209.92598395011996,255.13206481933594,4561
DO_misfit,year,A3,-124.6517,44.6515,110.7077933752129,28.285236,1.4640818,196.58935628299022,307.2971496582031,4562
DO_misfit,year,A3,-124.6517,44.6515,43.68127591995051,21.407887,-0.96808004,262.1598190507526,305.8410949707031,4563
DO_misfit,year,A3,-124.6517,44.6515,17.161670200104652,11.415345,-4.5019245,286.0840268213797,303.2456970214844,4564
DO_misfit,year,A3,-124.7703,44.6508,-55.621496992783875,-46.967045,-25.14875,88.20238764830145,32.58089065551758,4565
DO_misfit,year,A3,-124.7703,44.6508,-57.77146718435975,-50.983826,-26.569279,91.23910329275819,33.46763610839844,4566
DO_misfit,year,A3,-124.7703,44.6508,-69.27172315856545,-48.432667,-25.667065,108.7783645465049,39.50664138793945,4567
DO_misfit,year,A3,-124.7703,44.6508,-82.89468402626133,-42.77447,-23.666054,136.2756692862711,53.380985260009766,4568
DO_misfit,year,A3,-124.7703,44.6508,-73.92312521081465,-40.551495,-22.879902,140.29733938317793,66.37421417236328,4569
DO_misfit,year,A3,-124.7703,44.6508,-50.877988360287134,-31.363808,-19.630695,156.55050422942776,105.67251586914062,4570
DO_misfit,year,A3,-124.7703,44.6508,-23.178840044577385,-26.566347,-17.934082,165.77204072817113,142.59320068359375,4571
DO_misfit,year,A3,-124.7703,44.6508,36.053661508570514,-5.2887745,-10.409306,162.4567449855701,198.51040649414062,4572
DO_misfit,year,A3,-124.7703,44.6508,71.18231628007723,18.11298,-2.133318,204.9181781046884,276.1004943847656,4573
DO_misfit,year,A3,-124.7703,44.6508,61.914110415582456,27.322393,1.1235743,240.01707244574567,301.9311828613281,4574
DO_misfit,year,A3,-124.7703,44.6508,18.750697430940477,11.034111,-4.6367474,288.2442671686689,306.9949645996094,4575
DO_misfit,year,A3,-124.7703,44.6508,10.12117262270533,8.797589,-5.4276886,294.9196293792478,305.0408020019531,4576
DO_misfit,year,A3,-124.1693,44.2002,-83.56226820409051,-74.508156,-34.888615,120.4175614780163,36.85529327392578,4577
DO_misfit,year,A3,-124.1693,44.2002,-87.76067634561586,-74.508156,-34.888615,124.61596961954164,36.85529327392578,4578
DO_misfit,year,A3,-124.1693,44.2002,-79.89201711677299,-68.55613,-32.78369,127.64848684333549,47.7564697265625,4579
DO_misfit,year,A3,-124.1693,44.2002,-31.161322815642762,-72.500725,-34.178688,182.174079163299,151.01275634765625,4580
DO_misfit,year,A3,-124.1693,44.2002,-62.212747578570315,-73.19658,-34.424778,242.86272621626563,180.6499786376953,4581
DO_misfit,year,A3,-124.1693,44.2002,-61.453183922329515,-73.19658,-34.424778,242.10316256002483,180.6499786376953,4582
DO_misfit,year,A3,-124.2592,44.2,-95.35633654116471,-81.26502,-37.278168,101.58505863665421,6.228722095489502,4583
DO_misfit,year,A3,-124.2592,44.2,-92.33731763659307,-81.26502,-37.278168,98.56603973208257,6.228722095489502,4584
DO_misfit,year,A3,-124.2592,44.2,-81.35279378448601,-60.85839,-30.0614,131.3229323342907,49.97013854980469,4585
DO_misfit,year,A3,-124.2592,44.2,-76.10183215848329,-63.646637,-31.047459,142.77940631619813,66.67757415771484,4586
DO_misfit,year,A3,-124.2592,44.2,-76.20323252200575,-63.646637,-31.047459,142.8808066797206,66.67757415771484,4587
DO_misfit,year,A3,-124.2592,44.2,-63.81722689267724,-75.37052,-35.19359,162.08881807920068,98.27159118652344,4588
DO_misfit,year,A3,-124.2592,44.2,-157.60366017579412,-95.50946,-42.31569,309.05779225587224,151.45413208007812,4589
DO_misfit,year,A3,-124.2592,44.2,-92.94037059303525,-81.629196,-37.40696,324.9898395871759,232.04946899414062,4590
DO_misfit,year,A3,-124.2592,44.2,-87.47128979815767,-81.629196,-37.40696,319.5207587922983,232.04946899414062,4591
DO_misfit,year,A3,-124.4218,44.1998,-66.5350522032317,-64.81954,-31.462254,70.44335284143055,3.9083006381988525,4592
DO_misfit,year,A3,-124.4218,44.1998,-68.33235287333541,-64.81954,-31.462254,72.24065351153426,3.9083006381988525,4593
DO_misfit,year,A3,-124.4218,44.1998,-72.44515064188114,-49.220375,-25.945637,118.11089160867802,45.665740966796875,4594
DO_misfit,year,A3,-124.4218,44.1998,-28.161445038335273,-26.99048,-18.084076,140.52518405200715,112.36373901367188,4595
DO_misfit,year,A3,-124.4218,44.1998,-25.962321220784673,-29.52853,-18.981651,138.10596746101905,112.14364624023438,4596
DO_misfit,year,A3,-124.4218,44.1998,-96.44712752603638,-69.20791,-33.01419,220.86323470377076,124.41610717773438,4597
DO_misfit,year,A3,-124.4218,44.1998,-88.41932595483632,-60.42025,-29.906452,291.5474692653832,203.12814331054688,4598
DO_misfit,year,A3,-124.4218,44.1998,-45.1864177813772,-52.872585,-27.237234,305.2509624591116,260.0645446777344,4599
DO_misfit,year,A3,-124.4218,44.1998,-43.658249252472444,-53.054817,-27.30168,303.7227939302068,260.0645446777344,4600
DO_misfit,year,A3,-124.5758,44.2007,-9.712844042207365,-43.914265,-24.069141,37.35148539962924,27.638641357421875,4601
DO_misfit,year,A3,-124.5758,44.2007,-9.495302071351468,-44.690117,-24.34352,40.88254343487686,31.38724136352539,4602
DO_misfit,year,A3,-124.5758,44.2007,3.331068578178744,-38.3779,-22.111214,42.08168166596188,45.412750244140625,4603
DO_misfit,year,A3,-124.5758,44.2007,29.881003897471018,-22.062408,-16.34127,71.87885328026336,101.75985717773438,4604
DO_misfit,year,A3,-124.5758,44.2007,3.4548230285659827,-30.914293,-19.471725,130.42434262084808,133.87916564941406,4605
DO_misfit,year,A3,-124.5758,44.2007,-88.67580385425356,-50.32315,-26.33563,239.4036480925348,150.72784423828125,4606
DO_misfit,year,A3,-124.5758,44.2007,-104.9167176128488,-43.62526,-23.966934,278.6566162944894,173.73989868164062,4607
DO_misfit,year,A3,-124.5758,44.2007,-80.31581734458166,-29.32927,-18.911182,315.4029602889176,235.08714294433594,4608
DO_misfit,year,A3,-124.5758,44.2007,-69.91410615229887,-43.995808,-24.097977,324.1426828124551,254.22857666015625,4609
DO_misfit,year,A3,-124.5758,44.2007,-70.71297960379485,-43.995808,-24.097977,324.9415562639511,254.22857666015625,4610
DO_misfit,year,A3,-124.9765,44.1983,-30.217483820817975,-38.703835,-22.226482,68.47542220582774,38.257938385009766,4611
DO_misfit,year,A3,-124.9765,44.1983,-52.99487772779996,-49.62652,-26.089268,95.57034006910855,42.575462341308594,4612
DO_misfit,year,A3,-124.9765,44.1983,-72.22545833217556,-56.16875,-28.402918,120.07964915859158,47.854190826416016,4613
DO_misfit,year,A3,-124.9765,44.1983,-90.4872845822077,-69.67292,-33.178642,157.5847653561335,67.09748077392578,4614
DO_misfit,year,A3,-124.9765,44.1983,-112.5653028712122,-68.894325,-32.903294,191.65001203869267,79.08470916748047,4615
DO_misfit,year,A3,-124.9765,44.1983,-100.11278721134013,-69.02968,-32.95116,211.25304600040263,111.1402587890625,4616
DO_misfit,year,A3,-124.9765,44.1983,-90.45629844272275,-65.119385,-31.568293,221.1557002981915,130.69940185546875,4617
DO_misfit,year,A3,-124.9765,44.1983,-58.31860456197063,-43.057186,-23.766037,245.3103190395097,186.99171447753906,4618
DO_misfit,year,A3,-124.9765,44.1983,-41.96367596582854,-21.400297,-16.107117,262.04953717188323,220.0858612060547,4619
DO_misfit,year,A3,-124.9765,44.1983,-3.0459573278549783,15.695401,-2.9882903,294.5513894567612,291.50543212890625,4620
DO_misfit,year,A3,-124.9765,44.1983,24.96894807666132,11.586426,-4.441422,286.4182589545887,311.38720703125,4621
DO_misfit,year,A3,-124.9765,44.1983,23.680607052986545,11.970727,-4.3055143,286.3145711696697,309.99517822265625,4622
DO_misfit,year,A3,-126.67,48.65,-14.640919628140239,-9.606368,-11.936215,306.9818009757965,292.34088134765625,4623
DO_misfit,year,A3,-126.67,48.65,-17.723154037724782,-8.133238,-11.415245,310.06403538538103,292.34088134765625,4624
DO_misfit,year,A3,-126.67,48.65,-16.72097921111549,-1.6467285,-9.121303,306.4968886349436,289.7759094238281,4625
DO_misfit,year,A3,-126.67,48.65,-29.5238574801499,-4.722512,-10.209048,300.358360653978,270.8345031738281,4626
DO_misfit,year,A3,-126.67,48.65,-81.1766898069148,-15.1091585,-13.882267,298.16405552957104,216.98736572265625,4628
DO_misfit,year,A3,-126.67,48.65,-46.66647831788379,-22.957489,-16.657814,223.1276904760869,176.46121215820312,4630
DO_misfit,year,A3,-126.67,48.65,-37.412723050874035,-30.618382,-19.367077,168.7096896036084,131.29696655273438,4631
DO_misfit,year,A3,-126.67,48.65,-65.70334936656346,-36.492092,-21.444302,165.15784002818455,99.4544906616211,4633
DO_misfit,year,A3,-126.67,48.65,-49.7148034403408,-36.492092,-21.444302,149.1692941019619,99.4544906616211,4634
DO_misfit,year,A3,-126.67,48.65,-52.46534340036632,-37.984974,-21.972258,137.59047310007335,85.12512969970703,4636
DO_misfit,year,A3,-126.67,48.65,-34.87599120292232,-33.799114,-20.491936,107.61625609550045,72.74026489257812,4637
DO_misfit,year,A3,-126.67,48.65,-33.05153846086807,-27.730555,-18.3458,90.27027320207901,57.21873474121094,4638
DO_misfit,year,A3,-126.67,48.65,-1.3643680939802323,-10.127281,-12.120435,45.57316173411695,44.20879364013672,4639
DO_misfit,year,A3,-126.67,48.65,12.506403288429869,-0.701559,-8.7870455,14.315309205466615,26.821712493896484,4640
DO_misfit,year,A3,-126.67,48.65,10.173866429385084,0.35555983,-8.4131975,8.969417414609056,19.14328384399414,4641
DO_misfit,year,A3,-126.67,48.65,3.348460697305388,-0.21766567,-8.615917,11.24882457338553,14.597285270690918,4642
DO_misfit,year,A3,-126.67,48.65,-3.99002189165401,-1.7180889,-9.14654,19.321990199149127,15.331968307495117,4643
DO_misfit,year,A3,-126.67,48.65,-4.403466945855101,-1.7180889,-9.14654,19.735435253350218,15.331968307495117,4644
DO_misfit,year,A3,-126.67,48.65,-7.326810236118362,-5.120698,-10.349866,24.18675362601094,16.859943389892578,4645
DO_misfit,year,A3,-125.9982,48.5998,12.469971301461669,1.5288117,-7.998279,277.76895081767896,290.2389221191406,4646
DO_misfit,year,A3,-125.9982,48.5998,11.445017035163744,3.9854827,-7.129482,278.6971033261644,290.1421203613281,4647
DO_misfit,year,A3,-125.9982,48.5998,11.991148819317402,5.957591,-6.4320493,273.7059947353701,285.6971435546875,4648
DO_misfit,year,A3,-125.9982,48.5998,51.191797369697895,5.728986,-6.512895,222.15332592131773,273.3451232910156,4649
DO_misfit,year,A3,-125.9982,48.5998,34.98960153857618,5.648786,-6.5412574,214.58414418896288,249.57374572753906,4650
DO_misfit,year,A3,-125.9982,48.5998,30.680774672819638,5.648786,-6.5412574,218.89297105471942,249.57374572753906,4651
DO_misfit,year,A3,-125.9982,48.5998,-0.6688516036380747,-16.9123,-14.519945,175.918103922974,175.24925231933594,4652
DO_misfit,year,A3,-125.9982,48.5998,-10.191219101433717,-16.926098,-14.524824,171.82441307116028,161.63319396972656,4653
DO_misfit,year,A3,-126.6732,48.6542,-14.890249477652333,-9.606368,-11.936215,307.08412765148046,292.1938781738281,4654
DO_misfit,year,A3,-126.6732,48.6542,-17.972515573673206,-8.133238,-11.415245,310.16639374750133,292.1938781738281,4655
DO_misfit,year,A3,-126.6732,48.6542,-16.738755713621117,-2.3101323,-9.355914,306.90675498119924,290.1679992675781,4656
DO_misfit,year,A3,-126.6732,48.6542,-27.821719870105028,-4.722512,-10.209048,300.4609410615113,272.63922119140625,4657
DO_misfit,year,A3,-126.6732,48.6542,-79.88652914529672,-11.770926,-12.701708,298.57413595682016,218.68760681152344,4658
DO_misfit,year,A3,-126.6732,48.6542,-46.22717951786461,-22.955519,-16.657118,223.5380926038021,177.3109130859375,4659
DO_misfit,year,A3,-126.6732,48.6542,-39.86828976812066,-31.3258,-19.617252,168.70959836187066,128.84130859375,4660
DO_misfit,year,A3,-126.6732,48.6542,-64.62886546367417,-36.492092,-21.444302,165.15779612773667,100.5289306640625,4661
DO_misfit,year,A3,-126.6732,48.6542,-48.53757677590002,-36.492092,-21.444302,149.06650743996252,100.5289306640625,4662
DO_misfit,year,A3,-126.6732,48.6542,-53.72085227543798,-37.27066,-21.719643,137.6932949023911,83.97244262695312,4663
DO_misfit,year,A3,-126.6732,48.6542,-33.04379096310947,-33.799114,-20.491936,107.92461219113682,74.88082122802734,4664
DO_misfit,year,A3,-126.6732,48.6542,-32.9051730447939,-27.730555,-18.3458,90.37312195836812,57.46794891357422,4665
DO_misfit,year,A3,-126.6732,48.6542,-0.845658540529115,-9.967705,-12.064001,45.88180661181818,45.03614807128906,4666
DO_misfit,year,A3,-126.6732,48.6542,11.912318604420852,-0.701559,-8.7870455,14.41828976349907,26.330608367919922,4667
DO_misfit,year,A3,-126.6732,48.6542,10.469820086926461,0.35555983,-8.4131975,8.866323406725883,19.336143493652344,4668
DO_misfit,year,A3,-126.6732,48.6542,3.5631923316726937,-0.21766567,-8.615917,11.042428052543615,14.605620384216309,4669
DO_misfit,year,A3,-126.6732,48.6542,-4.089904046864923,-1.6007754,-9.105052,19.115334726186212,15.025430679321289,4670
DO_misfit,year,A3,-126.6732,48.6542,-4.503348257518997,-1.6007754,-9.105052,19.528778936840286,15.025430679321289,4671
DO_misfit,year,A3,-126.6732,48.6542,-7.624362094297126,-5.1664457,-10.366045,23.980034930600837,16.35567283630371,4672
DO_misfit,year,A3,-125.5003,48.5768,-27.163502919566383,-7.0710726,-11.039613,306.04063915003513,278.87713623046875,4673
DO_misfit,year,A3,-125.5003,48.5768,3.5160818249596275,-19.209896,-15.332485,163.21672151976693,166.73280334472656,4675
DO_misfit,year,A3,-122.3435972,47.607858,-2.20123291015625,20.00877,-1.4628754,287.5,285.29876708984375,4676
DO_misfit,year,A3,-122.3435972,47.607858,0.468719482421875,8.540961,-5.518445,265.625,266.0937194824219,4677
DO_misfit,year,A3,-122.3435972,47.607858,-8.310699462890625,28.4036,1.5059414,378.125,369.8143005371094,4678
DO_misfit,year,A3,-122.3435972,47.607858,-20.363800048828125,7.2719245,-5.9672375,340.625,320.2611999511719,4679
DO_misfit,year,A3,-122.3435972,47.607858,8.10577392578125,20.025663,-1.4569011,268.75,276.85577392578125,4680
DO_misfit,year,A3,-122.3435972,47.607858,12.561279296875,11.162055,-4.5915,240.625,253.186279296875,4681
DO_misfit,year,A3,-122.406117,47.5371639,22.516937255859375,2.348202,-7.7085032,200.0,222.51693725585938,4682
DO_misfit,year,A3,-122.406117,47.5371639,-79.63336181640625,3.447369,-7.3197846,315.625,235.99163818359375,4683
DO_misfit,year,A3,-122.3435972,47.607858,11.694976806640625,19.632832,-1.5958252,253.125,264.8199768066406,4684
DO_misfit,year,A3,-122.3435972,47.607858,5.901947021484375,11.738467,-4.387653,234.375,240.27694702148438,4685
DO_misfit,year,A3,-122.3435972,47.607858,58.115966796875,43.89243,6.9835377,300.0,358.115966796875,4686
DO_misfit,year,A3,-122.3435972,47.607858,15.8726806640625,14.572209,-3.3855052,281.25,297.1226806640625,4687
DO_misfit,year,A3,-122.3435972,47.607858,42.02490234375,41.555534,6.157099,284.375,326.39990234375,4688
DO_misfit,year,A3,-122.3435972,47.607858,36.849151611328125,28.81118,1.6500807,231.25,268.0991516113281,4689
DO_misfit,year,A3,-122.406117,47.5371639,34.914703369140625,6.045848,-6.400837,196.875,231.78970336914062,4690
DO_misfit,year,A3,-122.3435972,47.607858,35.537017822265625,19.974564,-1.4749722,209.375,244.91201782226562,4691
DO_misfit,year,A3,-122.3435972,47.607858,31.549118041992188,13.586126,-3.7342315,187.5,219.0491180419922,4692
DO_misfit,year,A3,-122.3435972,47.607858,-50.382293701171875,34.3843,3.621005,318.75,268.3677062988281,4693
DO_misfit,year,A3,-122.3435972,47.607858,-39.279998779296875,13.608173,-3.7264347,246.875,207.59500122070312,4694
DO_misfit,year,A3,-122.3435972,47.607858,77.48068237304688,48.277187,8.534199,250.0,327.4806823730469,4695
DO_misfit,year,A3,-122.3435972,47.607858,30.30352783203125,20.27982,-1.3670192,243.75,274.05352783203125,4696
DO_misfit,year,A3,-122.3435972,47.607858,58.433319091796875,29.307938,1.8257589,209.375,267.8083190917969,4697
DO_misfit,year,A3,-122.3435972,47.607858,42.373260498046875,21.076357,-1.0853252,193.75,236.12326049804688,4698
DO_misfit,year,A3,-122.3570023,47.6035995,12.057342529296875,-0.2983086,-8.644437,234.375,246.43234252929688,4701
DO_misfit,year,A3,-122.3570023,47.6035995,6.3401031494140625,-2.5368564,-9.436095,231.25,237.59010314941406,4708
DO_misfit,year,A3,-122.3570023,47.6035995,-26.512786865234375,-14.309514,-13.599474,259.375,232.86221313476562,4713
DO_misfit,year,A3,-122.3570023,47.6035995,2.470245361328125,0.003473946,-8.537712,250.0,252.47024536132812,4718
DO_misfit,year,A3,-122.3570023,47.6035995,-25.868972778320312,-15.799021,-14.126236,206.25,180.3810272216797,4726
DO_misfit,year,A3,-122.3570023,47.6035995,-10.011306762695312,-13.938198,-13.468159,203.125,193.1136932373047,4731
DO_misfit,year,A3,-122.3570023,47.6035995,3.596588134765625,-13.5799055,-13.34145,184.375,187.97158813476562,4737
DO_misfit,year,A3,-122.3570023,47.6035995,18.475860595703125,-9.812962,-12.009276,171.875,190.35086059570312,4743
DO_misfit,year,A3,-122.3570023,47.6035995,-2.592681884765625,-5.1220107,-10.35033,259.375,256.7823181152344,4750
DO_misfit,year,A3,-122.3570023,47.6035995,-14.673095703125,-14.754468,-13.756831,243.75,229.076904296875,4755
DO_misfit,year,A3,-122.3570023,47.6035995,-6.859161376953125,-14.804729,-13.774607,221.875,215.01583862304688,4762
DO_misfit,year,A3,-122.3570023,47.6035995,-27.524887084960938,-16.854832,-14.49962,193.75,166.22511291503906,4768
DO_misfit,year,A3,-122.4179993,47.777401,-33.43780517578125,-19.211794,-15.333157,187.5,154.06219482421875,4772
DO_misfit,year,A3,-122.4179993,47.777401,-3.1390380859375,-25.629427,-17.602741,178.125,174.9859619140625,4779
DO_misfit,year,A3,-122.4179993,47.777401,12.900405883789062,-6.2594056,-10.752567,237.5,250.40040588378906,4786
DO_misfit,year,A3,-122.4179993,47.777401,1.7328643798828125,-18.65852,-15.137492,168.75,170.4828643798828,4793
DO_misfit,year,A3,-122.4179993,47.777401,-27.379379272460938,-19.897272,-15.575575,234.375,206.99562072753906,4800
DO_misfit,year,A3,-122.4179993,47.777401,0.0456695556640625,-5.066542,-10.330714,243.75,243.79566955566406,4807
DO_misfit,year,A3,-122.4179993,47.777401,-31.413406372070312,-22.065838,-16.342484,196.875,165.4615936279297,4814
DO_misfit,year,A3,-122.4179993,47.777401,5.3050537109375,-17.935545,-14.881813,178.125,183.4300537109375,4821
DO_misfit,year,A3,-122.4179993,47.777401,-10.682235717773438,-17.655207,-14.782673,203.125,192.44276428222656,4828
DO_misfit,year,A3,-122.4179993,47.777401,-13.365509033203125,-9.492745,-11.896032,250.0,236.63449096679688,4835
DO_misfit,year,A3,-122.4179993,47.777401,3.3797760009765625,-4.8184724,-10.242985,237.5,240.87977600097656,4842
DO_misfit,year,A3,-122.4179993,47.777401,-14.883316040039062,-25.505173,-17.5588,203.125,188.24168395996094,4849
DO_misfit,year,A3,-122.387001,47.3586006,-0.4208831787109375,-9.090687,-11.753845,240.625,240.20411682128906,4858
DO_misfit,year,A3,-122.387001,47.3586006,4.3513031005859375,-10.330136,-12.192175,225.0,229.35130310058594,4866
DO_misfit,year,A3,-122.387001,47.3586006,8.918289184570312,-7.34322,-11.135857,231.25,240.1682891845703,4875
DO_misfit,year,A3,-122.387001,47.3586006,-25.787826538085938,-19.260513,-15.350386,196.875,171.08717346191406,4882
DO_misfit,year,A3,-122.387001,47.3586006,-28.043609619140625,-22.255842,-16.40968,171.875,143.83139038085938,4889
DO_misfit,year,A3,-122.387001,47.3586006,-10.988204956054688,-18.477926,-15.073626,162.5,151.5117950439453,4899
DO_misfit,year,A3,-122.387001,47.3586006,-38.89808654785156,-24.421476,-17.175552,187.5,148.60191345214844,4909
DO_misfit,year,A3,-122.387001,47.3586006,-14.175949096679688,-25.229586,-17.461338,184.375,170.1990509033203,4916
DO_misfit,year,A3,-122.387001,47.3586006,-25.184906005859375,-19.797503,-15.540291,187.5,162.31509399414062,4924
DO_misfit,year,A3,-122.387001,47.3586006,2.6451416015625,-8.186492,-11.434078,240.625,243.2701416015625,4935
DO_misfit,year,A3,-122.387001,47.3586006,-17.891586303710938,-24.389463,-17.16423,209.375,191.48341369628906,4942
DO_misfit,year,A3,-122.387001,47.3586006,-10.751373291015625,-19.844746,-15.556999,231.25,220.49862670898438,4950
DO_misfit,year,A3,-122.4280014,47.7439995,-28.237518310546875,-24.744951,-17.289948,187.5,159.26248168945312,4961
DO_misfit,year,A3,-122.4280014,47.7439995,-58.80155944824219,-30.748322,-19.413029,206.25,147.4484405517578,4970
DO_misfit,year,A3,-122.4280014,47.7439995,13.132247924804688,-8.431367,-11.520678,235.9375,249.0697479248047,4977
DO_misfit,year,A3,-122.4280014,47.7439995,-4.694610595703125,-8.895106,-11.684679,243.75,239.05538940429688,4984
DO_misfit,year,A3,-122.4280014,47.7439995,-13.818008422851562,-31.086802,-19.53273,178.125,164.30699157714844,4997
DO_misfit,year,A3,-122.4280014,47.7439995,-1.3180084228515625,-31.086802,-19.53273,165.625,164.30699157714844,4998
DO_misfit,year,A3,-122.4280014,47.7439995,-12.651702880859375,-10.029825,-12.08597,246.875,234.22329711914062,5008
DO_misfit,year,A3,-122.4280014,47.7439995,-30.0135498046875,-23.161118,-16.729828,209.375,179.3614501953125,5018
DO_misfit,year,A3,-122.4280014,47.7439995,-42.38801574707031,-28.593813,-18.65109,181.25,138.8619842529297,5027
DO_misfit,year,A3,-122.4280014,47.7439995,-19.813201904296875,-28.756334,-18.708565,212.5,192.68679809570312,5035
DO_misfit,year,A3,-122.4280014,47.7439995,-24.870498657226562,-31.286032,-19.603188,206.25,181.37950134277344,5043
DO_misfit,year,A3,-122.4280014,47.7439995,-24.870498657226562,-31.286032,-19.603188,206.25,181.37950134277344,5044
DO_misfit,year,A3,-122.4280014,47.7439995,2.984771728515625,-8.895106,-11.684679,231.25,234.23477172851562,5054
DO_misfit,year,A3,-122.4280014,47.7439995,-23.043960571289062,-28.65504,-18.672745,164.0625,141.01853942871094,5061
DO_misfit,year,A3,-122.3980026,47.5247993,8.025680541992188,5.975332,-6.4257755,237.5,245.5256805419922,5070
DO_misfit,year,A3,-122.3980026,47.5247993,71.3809814453125,35.064144,3.8614302,206.25,277.6309814453125,5072
DO_misfit,year,A3,-122.3980026,47.5247993,-8.422454833984375,-2.4631515,-9.410029,315.625,307.2025451660156,5074
DO_misfit,year,A3,-122.3980026,47.5247993,16.830291748046875,6.5510917,-6.2221584,253.125,269.9552917480469,5076
DO_misfit,year,A3,-122.3980026,47.5247993,63.566375732421875,36.808434,4.4782953,228.125,291.6913757324219,5078
DO_misfit,year,A3,-122.3980026,47.5247993,8.628189086914062,-0.7976744,-8.821036,203.125,211.75318908691406,5080
DO_misfit,year,A3,-122.3980026,47.5247993,98.86837768554688,48.78532,8.7139,265.625,364.4933776855469,5082
DO_misfit,year,A3,-122.3980026,47.5247993,-13.609283447265625,12.361079,-4.167467,390.625,377.0157165527344,5084
DO_misfit,year,A3,-122.3980026,47.5247993,57.7889404296875,38.30964,5.0091934,265.625,323.4139404296875,5086
DO_misfit,year,A3,-122.3980026,47.5247993,22.91864013671875,1.567115,-7.984733,209.375,232.29364013671875,5088
DO_misfit,year,A3,-122.3980026,47.5247993,38.77191162109375,5.012329,-6.7663393,181.25,220.02191162109375,5090
DO_misfit,year,A3,-122.3980026,47.5247993,12.331695556640625,5.725045,-6.514289,271.875,284.2066955566406,5092
DO_misfit,year,A3,-122.4219971,47.5703011,4.1437530517578125,-8.717678,-11.621931,196.875,201.0187530517578,5095
DO_misfit,year,A3,-122.4219971,47.5703011,5.6515045166015625,-1.8215294,-9.183121,246.875,252.52650451660156,5098
DO_misfit,year,A3,-122.4219971,47.5703011,-0.2108917236328125,-7.875877,-11.32423,206.25,206.0391082763672,5103
DO_misfit,year,A3,-122.4219971,47.5703011,-4.465057373046875,1.3491787,-8.061806,271.875,267.4099426269531,5107
DO_misfit,year,A3,-122.4219971,47.5703011,5.8560638427734375,-0.5548495,-8.735162,234.375,240.23106384277344,5111
DO_misfit,year,A3,-122.4219971,47.5703011,-14.288818359375,-6.7533927,-10.927265,284.375,270.086181640625,5115
DO_misfit,year,A3,-122.4219971,47.5703011,-8.845382690429688,-6.11869,-10.702805,203.125,194.2796173095703,5119
DO_misfit,year,A3,-122.4219971,47.5703011,5.486114501953125,-10.647828,-12.304525,253.125,258.6111145019531,5122
DO_misfit,year,A3,-122.4219971,47.5703011,24.129287719726562,-3.0225008,-9.607842,184.375,208.50428771972656,5127
DO_misfit,year,A3,-122.4219971,47.5703011,-0.997283935546875,-1.8215294,-9.183121,259.375,258.3777160644531,5130
DO_misfit,year,A3,-122.4219971,47.5703011,-9.631256103515625,-11.419858,-12.577553,281.25,271.6187438964844,5135
DO_misfit,year,A3,-122.4219971,47.5703011,-16.328125,-7.22786,-11.09506,225.0,208.671875,5139
DO_misfit,year,A3,-122.3880005,47.7126999,20.114990234375,-7.3317475,-11.1318,175.0,195.114990234375,5143
DO_misfit,year,A3,-122.3880005,47.7126999,-23.563766479492188,-14.4326315,-13.643015,271.875,248.3112335205078,5148
DO_misfit,year,A3,-122.3880005,47.7126999,-2.710174560546875,-14.712909,-13.742134,246.875,244.16482543945312,5153
DO_misfit,year,A3,-122.3880005,47.7126999,3.5854034423828125,-9.902512,-12.040946,196.875,200.4604034423828,5159
DO_misfit,year,A3,-122.3880005,47.7126999,-17.993789672851562,-10.7468815,-12.339556,200.0,182.00621032714844,5162
DO_misfit,year,A3,-122.3880005,47.7126999,-10.808456420898438,-13.231137,-13.218108,246.875,236.06654357910156,5169
DO_misfit,year,A3,-122.3880005,47.7126999,-3.735382080078125,-2.6254177,-9.467415,259.375,255.63961791992188,5173
DO_misfit,year,A3,-122.3880005,47.7126999,2.250762939453125,-9.218483,-11.79904,203.125,205.37576293945312,5177
DO_misfit,year,A3,-122.3880005,47.7126999,10.150650024414062,-2.817502,-9.535345,231.25,241.40065002441406,5183
DO_misfit,year,A3,-122.3880005,47.7126999,7.7635345458984375,-1.5198901,-9.076447,240.625,248.38853454589844,5188
DO_misfit,year,A3,-122.3880005,47.7126999,-31.96575927734375,-10.491438,-12.249218,228.125,196.15924072265625,5192
DO_misfit,year,A3,-122.3880005,47.7126999,-18.1181640625,-6.717539,-10.914586,278.125,260.0068359375,5199
DO_misfit,year,A3,-122.4469986,47.6605988,1.984222412109375,-4.370333,-10.084501,250.0,251.98422241210938,5201
DO_misfit,year,A3,-122.4469986,47.6605988,-16.2127685546875,-7.954708,-11.352108,262.5,246.2872314453125,5206
DO_misfit,year,A3,-122.4469986,47.6605988,-11.911117553710938,-20.567736,-15.812683,234.375,222.46388244628906,5211
DO_misfit,year,A3,-122.4469986,47.6605988,-8.980987548828125,-18.13596,-14.95269,206.25,197.26901245117188,5216
DO_misfit,year,A3,-122.4469986,47.6605988,-23.971481323242188,-23.08169,-16.701738,187.5,163.5285186767578,5221
DO_misfit,year,A3,-122.4469986,47.6605988,-7.5442657470703125,-20.540678,-15.803114,212.5,204.9557342529297,5226
DO_misfit,year,A3,-122.4469986,47.6605988,-18.980072021484375,-23.007263,-16.675417,212.5,193.51992797851562,5231
DO_misfit,year,A3,-122.4469986,47.6605988,9.884994506835938,-4.549656,-10.147918,234.375,244.25999450683594,5236
DO_misfit,year,A3,-122.4469986,47.6605988,9.807723999023438,-16.932587,-14.527119,175.0,184.80772399902344,5241
DO_misfit,year,A3,-122.4469986,47.6605988,3.95635986328125,-17.813358,-14.838602,187.5,191.45635986328125,5246
DO_misfit,year,A3,-122.4469986,47.6605988,6.2523651123046875,-12.422288,-12.93206,237.5,243.7523651123047,5251
DO_misfit,year,A3,-122.4469986,47.6605988,-15.060897827148438,-20.346617,-15.734485,196.875,181.81410217285156,5256
DO_misfit,year,A3,-122.45722,47.376111,-10.671249389648438,-8.410922,-11.513448,262.5,251.82875061035156,5261
DO_misfit,year,A3,-122.45722,47.376111,20.283843994140625,-13.183249,-13.201173,193.75,214.03384399414062,5271
DO_misfit,year,A3,-122.45722,47.376111,-103.8988037109375,-20.662622,-15.846239,384.375,280.4761962890625,5280
DO_misfit,year,A3,-122.45722,47.376111,-76.90921020507812,-35.562225,-21.115456,425.0,348.0907897949219,5287
DO_misfit,year,A3,-122.45722,47.376111,-8.334854125976562,-5.164869,-10.365487,228.125,219.79014587402344,5291
DO_misfit,year,A3,-122.45722,47.376111,-7.164825439453125,-11.030114,-12.43972,275.0,267.8351745605469,5294
DO_misfit,year,A3,-122.45722,47.376111,-34.35955810546875,-1.1941419,-8.9612465,350.0,315.64044189453125,5298
DO_misfit,year,A3,-122.45722,47.376111,13.300811767578125,34.99168,3.835804,328.125,341.4258117675781,5306
DO_misfit,year,A3,-122.45722,47.376111,60.599395751953125,-21.461636,-16.128809,293.75,354.3493957519531,5308
DO_misfit,year,A3,-122.3509979,47.5695,2.963531494140625,14.21731,-3.5110145,321.875,324.8385314941406,5310
DO_misfit,year,A3,-122.3509979,47.5695,-1.64605712890625,2.655202,-7.599933,275.0,273.35394287109375,5311
DO_misfit,year,A3,-122.3509979,47.5695,72.82548522949219,16.031734,-2.8693466,143.75,216.5754852294922,5312
DO_misfit,year,A3,-122.3509979,47.5695,64.48796081542969,24.275206,0.045942307,187.5,251.9879608154297,5313
DO_misfit,year,A3,-122.3509979,47.5695,23.717514038085938,9.131709,-5.3095284,187.5,211.21751403808594,5314
DO_misfit,year,A3,-122.3509979,47.5695,5.325958251953125,9.777183,-5.081258,221.875,227.20095825195312,5315
DO_misfit,year,A3,-122.3509979,47.5695,-3.911712646484375,-0.25655076,-8.629669,209.375,205.46328735351562,5316
DO_misfit,year,A3,-122.3509979,47.5695,-21.5032958984375,-1.3851432,-9.028793,253.125,231.6217041015625,5317
DO_misfit,year,A3,-122.3509979,47.5695,65.32315063476562,35.5069,4.01801,256.25,321.5731506347656,5318
DO_misfit,year,A3,-122.3509979,47.5695,126.66329956054688,83.746414,21.077827,259.375,386.0382995605469,5319
DO_misfit,year,A3,-122.3509979,47.5695,-17.814895629882812,5.721817,-6.5154305,228.125,210.3101043701172,5320
DO_misfit,year,A3,-122.3509979,47.5695,47.359130859375,48.39867,8.577162,215.625,262.984130859375,5321
DO_misfit,year,A3,-122.3509979,47.5695,10.645278930664062,14.101269,-3.5520525,203.125,213.77027893066406,5322
DO_misfit,year,A3,-122.3509979,47.5695,50.76161193847656,44.94489,7.3557377,200.0,250.76161193847656,5323
DO_misfit,year,A3,-122.3509979,47.5695,7.4680023193359375,5.0237503,-6.7623005,243.75,251.21800231933594,5324
DO_misfit,year,A3,-122.3509979,47.5695,4.976531982421875,5.8857746,-6.457447,253.125,258.1015319824219,5325
DO_misfit,year,A3,-122.3509979,47.5695,14.4871826171875,4.072834,-7.09859,250.0,264.4871826171875,5326
DO_misfit,year,A3,-122.3509979,47.5695,-50.95770263671875,-1.9162436,-9.216617,331.25,280.29229736328125,5327
DO_misfit,year,A3,-122.3509979,47.5695,6.1619873046875,4.6956906,-6.878318,231.25,237.4119873046875,5328
DO_misfit,year,A3,-122.3509979,47.5695,2.187042236328125,7.40853,-5.918927,240.625,242.81204223632812,5329
DO_misfit,year,A3,-122.3509979,47.5695,79.80853271484375,53.511745,10.385391,253.125,332.93353271484375,5330
DO_misfit,year,A3,-122.3509979,47.5695,112.51513671875,83.19132,20.88152,256.25,368.76513671875,5331
DO_misfit,year,A3,-122.3509979,47.5695,14.83197021484375,16.007427,-2.877943,287.5,302.33197021484375,5332
DO_misfit,year,A3,-122.3509979,47.5695,85.95834350585938,65.69255,14.693111,290.625,376.5833435058594,5333
DO_misfit,year,A3,-122.314003,47.5293999,17.349212646484375,10.184658,-4.937155,225.0,242.34921264648438,5346
DO_misfit,year,A3,-122.314003,47.5293999,2.0638427734375,11.491379,-4.475035,281.25,283.3138427734375,5347
DO_misfit,year,A3,-122.314003,47.5293999,77.90020751953125,72.10101,16.959452,215.625,293.52520751953125,5348
DO_misfit,year,A3,-122.314003,47.5293999,57.62493896484375,56.89128,11.580559,215.625,273.24993896484375,5349
DO_misfit,year,A3,-122.314003,47.5293999,49.742401123046875,38.09179,4.932152,184.375,234.11740112304688,5350
DO_misfit,year,A3,-122.314003,47.5293999,85.9447021484375,63.39229,13.879627,184.375,270.3197021484375,5351
DO_misfit,year,A3,-122.314003,47.5293999,62.63450622558594,23.499813,-0.22827435,171.875,234.50950622558594,5352
DO_misfit,year,A3,-122.314003,47.5293999,46.688323974609375,28.747606,1.6275988,228.125,274.8133239746094,5353
DO_misfit,year,A3,-122.314003,47.5293999,70.77871704101562,39.710762,5.5046988,271.875,342.6537170410156,5354
DO_misfit,year,A3,-122.314003,47.5293999,49.804473876953125,48.393917,8.575481,300.0,349.8044738769531,5355
DO_misfit,year,A3,-122.314003,47.5293999,7.5080718994140625,6.231076,-6.335332,206.25,213.75807189941406,5356
DO_misfit,year,A3,-122.314003,47.5293999,-33.2860107421875,0.7367089,-8.278404,303.125,269.8389892578125,5357
DO_misfit,year,A3,-122.314003,47.5293999,145.84036254882812,80.40223,19.895163,234.375,380.2153625488281,5358
DO_misfit,year,A3,-122.314003,47.5293999,168.39324951171875,89.76915,23.207756,228.125,396.51824951171875,5359
DO_misfit,year,A3,-122.314003,47.5293999,-24.573577880859375,6.021747,-6.4093604,318.75,294.1764221191406,5360
DO_misfit,year,A3,-122.314003,47.5293999,0.47027587890625,17.301502,-2.4202957,331.25,331.72027587890625,5361
DO_misfit,year,A3,-122.314003,47.5293999,21.81427001953125,8.657562,-5.477209,231.25,253.06427001953125,5362
DO_misfit,year,A3,-122.314003,47.5293999,-4.36187744140625,4.989394,-6.7744503,312.5,308.13812255859375,5363
DO_misfit,year,A3,-122.314003,47.5293999,-34.681243896484375,-4.582902,-10.159676,356.25,321.5687561035156,5364
DO_misfit,year,A3,-122.314003,47.5293999,-19.5115966796875,-1.4729531,-9.059848,356.25,336.7384033203125,5365
DO_misfit,year,A3,-122.314003,47.5293999,96.29434204101562,59.14993,12.379324,240.625,336.9193420410156,5366
DO_misfit,year,A3,-122.314003,47.5293999,101.8614501953125,81.14133,20.156542,271.875,373.7364501953125,5367
DO_misfit,year,A3,-122.314003,47.5293999,1.471221923828125,11.0891905,-4.6172686,281.25,282.7212219238281,5368
DO_misfit,year,A3,-122.314003,47.5293999,32.741058349609375,13.221518,-3.863175,184.375,217.11605834960938,5369
DO_misfit,year,A3,-122.4260025,47.6012001,-13.100234985351562,-7.133356,-11.061639,221.875,208.77476501464844,5374
DO_misfit,year,A3,-122.4260025,47.6012001,7.8466796875,-2.2895167,-9.348624,253.125,260.9716796875,5381
DO_misfit,year,A3,-122.4260025,47.6012001,4.1665802001953125,-1.6303624,-9.115515,246.875,251.0415802001953,5388
DO_misfit,year,A3,-122.4260025,47.6012001,-13.509521484375,-14.122853,-13.533463,275.0,261.490478515625,5396
DO_misfit,year,A3,-122.4260025,47.6012001,8.39697265625,-7.3838983,-11.150243,259.375,267.77197265625,5402
DO_misfit,year,A3,-122.4260025,47.6012001,-6.93218994140625,-6.829023,-10.954012,281.25,274.31781005859375,5410
DO_misfit,year,A3,-122.4260025,47.6012001,23.860870361328125,-2.8673286,-9.552966,184.375,208.23587036132812,5417
DO_misfit,year,A3,-122.4260025,47.6012001,-6.0186004638671875,-5.9966097,-10.659631,200.0,193.9813995361328,5424
DO_misfit,year,A3,-122.4260025,47.6012001,5.049468994140625,-0.5487168,-8.732993,234.375,239.42446899414062,5431
DO_misfit,year,A3,-122.4260025,47.6012001,5.146270751953125,-8.163887,-11.4260845,200.0,205.14627075195312,5438
DO_misfit,year,A3,-122.4260025,47.6012001,-1.194854736328125,-7.6652265,-11.249734,209.375,208.18014526367188,5445
DO_misfit,year,A3,-122.4260025,47.6012001,11.365753173828125,-4.787789,-10.232133,250.0,261.3657531738281,5452
DO_misfit,year,A3,-122.4329987,47.4528999,-20.635772705078125,-17.131102,-14.597323,190.625,169.98922729492188,5456
DO_misfit,year,A3,-122.4329987,47.4528999,1.1143646240234375,-6.5918665,-10.870142,243.75,244.86436462402344,5460
DO_misfit,year,A3,-122.4329987,47.4528999,-39.32991027832031,-19.925955,-15.585718,256.25,216.9200897216797,5465
DO_misfit,year,A3,-122.4329987,47.4528999,-31.49847412109375,-18.091766,-14.937061,215.625,184.12652587890625,5470
DO_misfit,year,A3,-122.4329987,47.4528999,-2.7735443115234375,-15.5532,-14.039301,196.875,194.10145568847656,5475
DO_misfit,year,A3,-122.4329987,47.4528999,-10.100555419921875,-14.929324,-13.818668,206.25,196.14944458007812,5479
DO_misfit,year,A3,-122.4329987,47.4528999,1.1667022705078125,-7.4714236,-11.181196,237.5,238.6667022705078,5485
DO_misfit,year,A3,-122.4329987,47.4528999,-9.550628662109375,-10.305813,-12.183573,265.625,256.0743713378906,5491
DO_misfit,year,A3,-122.4329987,47.4528999,4.1576080322265625,-13.364079,-13.265123,184.375,188.53260803222656,5496
DO_misfit,year,A3,-122.4329987,47.4528999,-35.79545593261719,-19.449299,-15.41715,271.875,236.0795440673828,5500
DO_misfit,year,A3,-122.4329987,47.4528999,-12.739944458007812,-18.390518,-15.042713,240.625,227.8850555419922,5505
DO_misfit,year,A3,-122.4329987,47.4528999,0.487823486328125,-6.0548296,-10.68022,250.0,250.48782348632812,5511
DO_misfit,year,A3,-122.3440018,47.5769997,36.35386657714844,10.991174,-4.651932,168.75,205.10386657714844,5514
DO_misfit,year,A3,-122.3440018,47.5769997,73.95469665527344,30.779015,2.3460026,171.875,245.82969665527344,5515
DO_misfit,year,A3,-122.3440018,47.5769997,14.821334838867188,10.5996275,-4.7904015,234.375,249.1963348388672,5516
DO_misfit,year,A3,-122.3440018,47.5769997,22.74884033203125,20.035748,-1.4533348,237.5,260.24884033203125,5517
DO_misfit,year,A3,-122.3440018,47.5769997,-1.816192626953125,3.7782912,-7.2027545,265.625,263.8088073730469,5518
DO_misfit,year,A3,-122.3440018,47.5769997,11.01068115234375,18.308784,-2.0640721,309.375,320.38568115234375,5519
DO_misfit,year,A3,-122.3440018,47.5769997,52.375823974609375,32.66954,3.0145836,231.25,283.6258239746094,5520
DO_misfit,year,A3,-122.3440018,47.5769997,105.34573364257812,82.34602,20.58258,262.5,367.8457336425781,5521
DO_misfit,year,A3,-122.3440018,47.5769997,14.947021484375,10.3652315,-4.873295,243.75,258.697021484375,5522
DO_misfit,year,A3,-122.3440018,47.5769997,38.56439208984375,16.70979,-2.6295538,253.125,291.68939208984375,5523
DO_misfit,year,A3,-122.3440018,47.5769997,17.489990234375,10.392975,-4.8634834,253.125,270.614990234375,5524
DO_misfit,year,A3,-122.3440018,47.5769997,122.80535888671875,83.59662,21.024853,253.125,375.93035888671875,5525
DO_misfit,year,A3,-122.3440018,47.5769997,18.904144287109375,7.301288,-5.956853,181.25,200.15414428710938,5526
DO_misfit,year,A3,-122.3440018,47.5769997,55.556640625,23.638903,-0.17908573,181.25,236.806640625,5527
DO_misfit,year,A3,-122.3440018,47.5769997,-9.144882202148438,-4.195711,-10.022746,256.25,247.10511779785156,5528
DO_misfit,year,A3,-122.3440018,47.5769997,69.0172119140625,57.48033,11.788874,290.625,359.6422119140625,5529
DO_misfit,year,A3,-122.3440018,47.5769997,-12.400146484375,3.7564235,-7.2104883,209.375,196.974853515625,5530
DO_misfit,year,A3,-122.3440018,47.5769997,23.0283203125,50.64018,9.369867,240.625,263.6533203125,5531
DO_misfit,year,A3,-122.3440018,47.5769997,14.677032470703125,5.057537,-6.750352,175.0,189.67703247070312,5532
DO_misfit,year,A3,-122.3440018,47.5769997,53.86006164550781,43.95954,7.007272,193.75,247.6100616455078,5533
DO_misfit,year,A3,-122.3440018,47.5769997,15.943649291992188,9.83648,-5.060287,221.875,237.8186492919922,5534
DO_misfit,year,A3,-122.3440018,47.5769997,18.380447387695312,19.408495,-1.6751614,228.125,246.5054473876953,5535
DO_misfit,year,A3,-122.3440018,47.5769997,-2.72991943359375,1.7351681,-7.9253016,206.25,203.52008056640625,5536
DO_misfit,year,A3,-122.3440018,47.5769997,34.279693603515625,15.811748,-2.9471445,200.0,234.27969360351562,5537
DO_misfit,year,A3,-122.4329987,47.5332985,-31.579925537109375,-27.738543,-18.348625,168.75,137.17007446289062,5538
DO_misfit,year,A3,-122.4329987,47.5332985,-7.2205657958984375,-11.654431,-12.660509,243.75,236.52943420410156,5545
DO_misfit,year,A3,-122.4329987,47.5332985,-4.0955657958984375,-11.654431,-12.660509,240.625,236.52943420410156,5546
DO_misfit,year,A3,-122.4329987,47.5332985,-1.554229736328125,-30.527485,-19.33493,165.625,164.07077026367188,5553
DO_misfit,year,A3,-122.4329987,47.5332985,-15.385574340820312,-15.174964,-13.905539,240.625,225.2394256591797,5560
DO_misfit,year,A3,-122.4329987,47.5332985,-15.385574340820312,-15.174964,-13.905539,240.625,225.2394256591797,5561
DO_misfit,year,A3,-122.4329987,47.5332985,-36.62199401855469,-26.06893,-17.758171,204.6875,168.0655059814453,5568
DO_misfit,year,A3,-122.4329987,47.5332985,5.0026397705078125,-8.245619,-11.4549885,234.375,239.3776397705078,5575
DO_misfit,year,A3,-122.4329987,47.5332985,5.0026397705078125,-8.245619,-11.4549885,234.375,239.3776397705078,5576
DO_misfit,year,A3,-122.4329987,47.5332985,-22.076629638671875,-23.81139,-16.959795,156.25,134.17337036132812,5583
DO_misfit,year,A3,-122.4329987,47.5332985,-22.076629638671875,-23.81139,-16.959795,156.25,134.17337036132812,5584
DO_misfit,year,A3,-122.4329987,47.5332985,-10.02020263671875,-7.507778,-11.194053,243.75,233.72979736328125,5591
DO_misfit,year,A3,-122.4329987,47.5332985,-48.67529296875,-29.787226,-19.07314,187.5,138.82470703125,5598
DO_misfit,year,A3,-122.4329987,47.5332985,-48.67529296875,-29.787226,-19.07314,187.5,138.82470703125,5599
DO_misfit,year,A3,-122.4329987,47.5332985,-15.87823486328125,-29.977625,-19.140472,200.0,184.12176513671875,5606
DO_misfit,year,A3,-122.4329987,47.5332985,-25.119308471679688,-30.763607,-19.418434,218.75,193.6306915283203,5613
DO_misfit,year,A3,-122.4329987,47.5332985,-25.119308471679688,-30.763607,-19.418434,218.75,193.6306915283203,5614
DO_misfit,year,A3,-122.4329987,47.5332985,-29.610137939453125,-25.880516,-17.691538,175.0,145.38986206054688,5620
DO_misfit,year,A3,-122.4329987,47.5332985,-32.735137939453125,-25.880516,-17.691538,178.125,145.38986206054688,5621
DO_misfit,year,A3,-122.4280014,47.7439995,13.132247924804688,-8.431367,-11.520678,235.9375,249.0697479248047,5628
DO_misfit,year,A3,-122.4280014,47.7439995,2.984771728515625,-8.895106,-11.684679,231.25,234.23477172851562,5635
DO_misfit,year,A3,-122.4280014,47.7439995,-4.694610595703125,-8.895106,-11.684679,243.75,239.05538940429688,5642
DO_misfit,year,A3,-122.4280014,47.7439995,-12.651702880859375,-10.029825,-12.08597,246.875,234.22329711914062,5651
DO_misfit,year,A3,-122.4280014,47.7439995,-19.813201904296875,-28.756334,-18.708565,212.5,192.68679809570312,5661
DO_misfit,year,A3,-122.4280014,47.7439995,-24.870498657226562,-31.286032,-19.603188,206.25,181.37950134277344,5670
DO_misfit,year,A3,-122.4280014,47.7439995,-24.870498657226562,-31.286032,-19.603188,206.25,181.37950134277344,5671
DO_misfit,year,A3,-122.4280014,47.7439995,-13.818008422851562,-31.086802,-19.53273,178.125,164.30699157714844,5681
DO_misfit,year,A3,-122.4280014,47.7439995,-1.3180084228515625,-31.086802,-19.53273,165.625,164.30699157714844,5682
DO_misfit,year,A3,-122.4280014,47.7439995,-58.80155944824219,-30.748322,-19.413029,206.25,147.4484405517578,5694
DO_misfit,year,A3,-122.4280014,47.7439995,-42.38801574707031,-28.593813,-18.65109,181.25,138.8619842529297,5703
DO_misfit,year,A3,-122.4280014,47.7439995,-23.043960571289062,-28.65504,-18.672745,164.0625,141.01853942871094,5713
DO_misfit,year,A3,-122.4280014,47.7439995,-28.237518310546875,-24.744951,-17.289948,187.5,159.26248168945312,5721
DO_misfit,year,A3,-122.4280014,47.7439995,-30.0135498046875,-23.161118,-16.729828,209.375,179.3614501953125,5728
DO_misfit,year,A3,-124.9512,47.9645,-43.02749860114824,-48.663002,-25.748524,83.99270474738847,40.965206146240234,40309
DO_misfit,year,A3,-124.9512,47.9645,-35.882283419325475,-43.44664,-23.903767,91.17434045667899,55.292057037353516,40310
DO_misfit,year,A3,-124.9512,47.9645,-23.017492604362246,-10.113546,-12.115578,187.54176933776068,164.52427673339844,40311
DO_misfit,year,A3,-124.9512,47.9645,15.0722176907245,2.560165,-7.633543,225.09251619599425,240.16473388671875,40312
DO_misfit,year,A3,-124.9512,47.9645,-7.643504025359562,5.60845,-6.5555224,288.14020812692206,280.4967041015625,40313
DO_misfit,year,A3,-124.9512,47.9645,-24.90183279777216,-2.0647383,-9.269132,310.3991777684753,285.4973449707031,40314
DO_misfit,year,A3,-124.9512,47.9645,-43.58094717098788,-43.44664,-23.903767,98.8730042083414,55.292057037353516,40315
DO_misfit,year,A3,-124.9512,47.9645,-44.19633819222972,-43.44664,-23.903767,99.48839522958323,55.292057037353516,40316
DO_misfit,year,A3,-124.9512,47.9645,-63.02460534429329,-16.518463,-14.380665,207.82425744390267,144.79965209960938,40317
DO_misfit,year,A3,-124.9512,47.9645,-40.98213137190487,-1.0983027,-8.927353,263.04647768538143,222.06434631347656,40318
DO_misfit,year,A3,-124.9512,47.9645,-23.617258709123007,5.374398,-6.638294,304.1139628106855,280.4967041015625,40319
DO_misfit,year,A3,-124.9512,47.9645,-48.8506635292527,-0.28507906,-8.639758,334.2692426308152,285.4185791015625,40320
DO_misfit,year,A3,-124.4333,48.3968,-45.77644559333416,-44.608795,-24.31476,68.84069081733318,23.064245223999023,40321
DO_misfit,year,A3,-124.4333,48.3968,-15.009601697991386,-39.639587,-22.557407,87.25669489867498,72.2470932006836,40322
DO_misfit,year,A3,-124.4333,48.3968,-5.922601191835852,-30.741104,-19.410477,103.11912676556632,97.19652557373047,40323
DO_misfit,year,A3,-124.4333,48.3968,-54.26612237697228,-28.119425,-18.483324,177.97820428615196,123.71208190917969,40324
DO_misfit,year,A3,-124.4333,48.3968,-39.266520251985895,-17.848509,-14.851033,177.7573649785484,138.4908447265625,40325
DO_misfit,year,A3,-124.4333,48.3968,5.660377640467516,-12.732161,-13.041646,161.8522718956653,167.5126495361328,40326
DO_misfit,year,A3,-124.2677,48.352,-44.911699242791144,-45.59037,-24.661892,66.7828540279474,21.87115478515625,40327
DO_misfit,year,A3,-124.2677,48.352,-41.67390679209808,-40.599743,-22.896965,105.01511620371917,63.341209411621094,40328
DO_misfit,year,A3,-124.2677,48.352,-7.359351305847213,-27.423956,-18.237373,110.88951030242924,103.53015899658203,40329
DO_misfit,year,A3,-124.2677,48.352,-15.351996545681772,-18.188683,-14.971334,140.25282967556458,124.90083312988281,40330
DO_misfit,year,A3,-124.2677,48.352,-16.553734816980494,-17.139528,-14.600304,154.58507636971487,138.03134155273438,40331
DO_misfit,year,A3,-124.2677,48.352,-1.4653500334236185,-12.557539,-12.979891,172.5150784269783,171.0497283935547,40332
DO_misfit,year,A3,-124.1005,48.2985,-47.757455366643924,-47.335724,-25.279133,68.31433822492029,20.556882858276367,40333
DO_misfit,year,A3,-124.1005,48.2985,-19.135139787208047,-39.72463,-22.587482,84.78533204795023,65.65019226074219,40334
DO_misfit,year,A3,-124.1005,48.2985,7.953495972724468,-27.443378,-18.244242,97.26201916399428,105.21551513671875,40335
DO_misfit,year,A3,-124.1005,48.2985,-2.6043281345288847,-24.406172,-17.17014,123.25873182105232,120.65440368652344,40336
DO_misfit,year,A3,-124.1005,48.2985,4.157036852174656,-17.16106,-14.607918,135.8420476204816,139.99908447265625,40337
DO_misfit,year,A3,-124.1005,48.2985,10.727044786524402,-12.738244,-13.0437975,153.29808643906154,164.02513122558594,40338
DO_misfit,year,A3,-123.483,48.2233,-37.488655565023876,-47.527084,-25.346807,72.09530305647895,34.60664749145508,40339
DO_misfit,year,A3,-123.483,48.2233,-25.6163372345397,-41.040882,-23.052975,85.30862849430532,59.692291259765625,40340
DO_misfit,year,A3,-123.483,48.2233,-29.854214940306406,-33.6098,-20.424984,117.62131241345094,87.76709747314453,40341
DO_misfit,year,A3,-123.483,48.2233,-15.232166302521279,-17.217594,-14.627912,146.22436906131034,130.99220275878906,40342
DO_misfit,year,A3,-123.483,48.2233,-45.35966388362121,-17.169064,-14.610748,187.70825091975402,142.3485870361328,40343
DO_misfit,year,A3,-123.483,48.2233,-28.839226953098745,-13.213963,-13.212034,194.64519619138,165.80596923828125,40344
DO_misfit,year,A3,-123.0193,48.2728,-24.407123358628965,-40.612755,-22.901567,86.31572702684186,61.90860366821289,40345
DO_misfit,year,A3,-123.0193,48.2728,-21.947317037134766,-38.55405,-22.173512,90.09711256936133,68.14979553222656,40346
DO_misfit,year,A3,-123.0193,48.2728,-34.62074775188077,-29.16718,-18.85386,131.54050940959561,96.91976165771484,40347
DO_misfit,year,A3,-123.0193,48.2728,-35.98298983547963,-16.249977,-14.285715,182.65108065579213,146.6680908203125,40348
DO_misfit,year,A3,-123.0193,48.2728,-23.95856003466153,-15.5585,-14.041176,192.34100632372403,168.3824462890625,40349
DO_misfit,year,A3,-123.0193,48.2728,-26.761600470546142,-14.122339,-13.533279,214.10847852230395,187.3468780517578,40350
DO_misfit,year,A3,-122.4535,47.7028,-32.522327965732444,-23.340229,-16.79317,176.7275891962012,144.20526123046875,40351
DO_misfit,year,A3,-122.4535,47.7028,-23.249576659536586,-19.158554,-15.314328,172.70166406188034,149.45208740234375,40352
DO_misfit,year,A3,-122.4535,47.7028,-16.265242095803927,-16.806171,-14.482412,174.402464385843,158.13722229003906,40353
DO_misfit,year,A3,-122.4535,47.7028,-21.890100368791025,-9.990634,-12.07211,194.81154812269727,172.92144775390625,40354
DO_misfit,year,A3,-122.4535,47.7028,-15.840323600410358,-7.598444,-11.226116,206.86534801447286,191.0250244140625,40355
DO_misfit,year,A3,-122.4535,47.7028,5.312007929034564,-3.6165822,-9.817938,228.5228004205748,233.83480834960938,40356
DO_misfit,year,A3,-124.9512,47.9645,-69.84104913899495,-42.28664,-23.493534,120.35163873860432,50.510589599609375,40357
DO_misfit,year,A3,-124.9512,47.9645,-69.63567022063941,-42.28664,-23.493534,120.14625982024879,50.510589599609375,40358
DO_misfit,year,A3,-124.9512,47.9645,-29.54827578011529,-32.25197,-19.94479,156.294667076502,126.74639129638672,40359
DO_misfit,year,A3,-124.9512,47.9645,-32.309177186876326,-32.25197,-19.94479,159.05556848326304,126.74639129638672,40360
DO_misfit,year,A3,-124.9512,47.9645,25.53219893344425,-14.893205,-13.805895,176.74294755093075,202.275146484375,40361
DO_misfit,year,A3,-124.9512,47.9645,22.16060762553593,-14.792795,-13.770386,180.11453885883907,202.275146484375,40362
DO_misfit,year,A3,-124.9512,47.9645,-4.6705193734966315,-6.909315,-10.982407,291.393999598106,286.7234802246094,40363
DO_misfit,year,A3,-124.9512,47.9645,-14.354083563690324,-29.463608,-18.95869,321.4247622746278,307.0706787109375,40364
DO_misfit,year,A3,-124.9512,47.9645,-78.535259769807,-45.80701,-24.738506,412.83597998465075,334.30072021484375,40365
DO_misfit,year,A3,-124.9512,47.9645,-79.35554961526532,-45.80701,-24.738506,413.65626983010907,334.30072021484375,40366
DO_misfit,year,A3,-124.9512,47.9645,-66.1939558211609,-41.40185,-23.18063,407.4760908309265,341.2821350097656,40367
DO_misfit,year,A3,-124.9512,47.9645,-67.01295147166115,-41.40185,-23.18063,408.2950864814268,341.2821350097656,40368
DO_misfit,year,A3,-124.7828,48.465,-48.97872186081189,-35.087204,-20.947468,84.39401650802868,35.4152946472168,40369
DO_misfit,year,A3,-124.7828,48.465,-49.32781333705519,-35.039036,-20.930431,84.3944065072212,35.066593170166016,40370
DO_misfit,year,A3,-124.7828,48.465,-64.3541205845462,-25.105536,-17.417467,287.12854990583526,222.77442932128906,40371
DO_misfit,year,A3,-124.7828,48.465,-83.87820444200662,-25.439135,-17.535444,306.6526337632957,222.77442932128906,40372
DO_misfit,year,A3,-124.7828,48.465,-151.13236431809617,-64.69457,-31.418058,414.9199009391899,263.78753662109375,40373
DO_misfit,year,A3,-124.7828,48.465,-152.25715902324936,-64.69457,-31.418058,416.0446956443431,263.78753662109375,40374
DO_misfit,year,A3,-124.7828,48.465,-136.19289862493764,-64.64447,-31.40034,417.7804840741564,281.58758544921875,40375
DO_misfit,year,A3,-124.7828,48.465,-135.78222572316287,-61.920403,-30.43698,417.3698111723816,281.58758544921875,40376
DO_misfit,year,A3,-124.4333,48.3968,-52.37377553986627,-38.167713,-22.036884,92.58442312287409,40.21064758300781,40377
DO_misfit,year,A3,-124.4333,48.3968,-52.37400223392194,-38.167713,-22.036884,92.58464981692975,40.21064758300781,40378
DO_misfit,year,A3,-124.4333,48.3968,-22.177654624080986,-21.114862,-16.006172,246.8217738867763,224.6441192626953,40379
DO_misfit,year,A3,-124.4333,48.3968,-17.165088831574593,-30.97314,-19.492535,250.09759920755116,232.93251037597656,40380
DO_misfit,year,A3,-124.4333,48.3968,-19.415524865116566,-30.97314,-19.492535,252.34803524109313,232.93251037597656,40381
DO_misfit,year,A3,-124.4333,48.3968,-93.52180011424684,-44.980164,-24.446095,339.4376631513562,245.91586303710938,40382
DO_misfit,year,A3,-124.4333,48.3968,-104.2111793287649,-45.760204,-24.721954,344.0497260816946,239.8385467529297,40383
DO_misfit,year,A3,-124.4333,48.3968,-103.70107913484344,-45.760204,-24.721954,343.5396258877731,239.8385467529297,40384
DO_misfit,year,A3,-124.4333,48.3968,-109.95565392779247,-49.78314,-26.144657,360.1057393770112,250.15008544921875,40385
DO_misfit,year,A3,-124.4333,48.3968,-113.23646998056995,-46.44663,-24.964706,365.8400466407262,252.60357666015625,40386
DO_misfit,year,A3,-124.4333,48.3968,-112.11057202938957,-51.697998,-26.821844,364.7141486895458,252.60357666015625,40387
DO_misfit,year,A3,-123.9827,48.272,-59.60566215108692,-40.99926,-23.038254,101.38154487203418,41.775882720947266,40388
DO_misfit,year,A3,-123.9827,48.272,-59.50300010133924,-40.99926,-23.038254,101.2788828222865,41.775882720947266,40389
DO_misfit,year,A3,-123.9827,48.272,-32.19904939957911,-14.709874,-13.74106,232.72843782731348,200.52938842773438,40390
DO_misfit,year,A3,-123.9827,48.272,-30.655909089110054,-14.709874,-13.74106,231.18529751684443,200.52938842773438,40391
DO_misfit,year,A3,-123.9827,48.272,-32.096810124162204,-14.709874,-13.74106,232.62619855189658,200.52938842773438,40392
DO_misfit,year,A3,-123.9827,48.272,-25.72888778494388,-12.735773,-13.042923,233.68321822927982,207.95433044433594,40393
DO_misfit,year,A3,-123.9827,48.272,-25.831357720358625,-12.735773,-13.042923,233.78568816469456,207.95433044433594,40394
DO_misfit,year,A3,-123.9827,48.272,-26.138983063431056,-12.735773,-13.042923,234.093313507767,207.95433044433594,40395
DO_misfit,year,A3,-123.9827,48.272,-18.18900451729087,-12.473947,-12.950329,233.7820068366268,215.59300231933594,40396
DO_misfit,year,A3,-123.9827,48.272,-18.188690741442514,-12.035703,-12.795345,233.78169306077845,215.59300231933594,40397
DO_misfit,year,A3,-123.9827,48.272,-18.29123425056062,-12.473947,-12.950329,233.88423656989656,215.59300231933594,40398
DO_misfit,year,A3,-123.483,48.2233,-53.18433851714481,-40.840935,-22.982262,112.64972013945926,59.46538162231445,40399
DO_misfit,year,A3,-123.483,48.2233,-53.28699713091956,-40.840935,-22.982262,112.75237875323401,59.46538162231445,40400
DO_misfit,year,A3,-123.483,48.2233,-16.746393156856413,-12.87234,-13.091221,226.96644015392673,210.2200469970703,40401
DO_misfit,year,A3,-123.483,48.2233,-16.64428901762514,-13.127281,-13.181379,226.86433601469545,210.2200469970703,40402
DO_misfit,year,A3,-123.483,48.2233,-16.644393116009923,-13.127281,-13.181379,226.86444011308024,210.2200469970703,40403
DO_misfit,year,A3,-123.483,48.2233,-9.230833198228481,-12.535149,-12.971973,228.8018323437363,219.5709991455078,40404
DO_misfit,year,A3,-123.483,48.2233,-10.050098239674895,-12.535149,-12.971973,229.6210973851827,219.5709991455078,40405
DO_misfit,year,A3,-123.483,48.2233,-9.128526095894642,-12.535149,-12.971973,228.69952524140245,219.5709991455078,40406
DO_misfit,year,A3,-123.483,48.2233,-3.530559920679309,-11.369871,-12.559875,230.23084678591368,226.70028686523438,40407
DO_misfit,year,A3,-123.483,48.2233,-3.8369487444507513,-11.369871,-12.559875,230.53723560968513,226.70028686523438,40408
DO_misfit,year,A3,-123.483,48.2233,-2.6498030669343393,-10.26655,-12.169687,230.23076620169996,227.58096313476562,40409
DO_misfit,year,A3,-123.0193,48.2728,-36.25552524219043,-29.068714,-18.819038,147.33802188525684,111.0824966430664,40410
DO_misfit,year,A3,-123.0193,48.2728,-36.051168645116576,-29.068714,-18.819038,147.13366528818298,111.0824966430664,40411
DO_misfit,year,A3,-123.0193,48.2728,-24.896883474513686,-12.39168,-12.921236,237.98808525674025,213.09120178222656,40412
DO_misfit,year,A3,-123.0193,48.2728,-25.099400623641515,-12.39168,-12.921236,238.19060240586808,213.09120178222656,40413
DO_misfit,year,A3,-123.0193,48.2728,-25.713640921354937,-12.39168,-12.921236,238.8048427035815,213.09120178222656,40414
DO_misfit,year,A3,-123.0193,48.2728,-23.81068813649472,-12.587288,-12.990412,239.41159450856503,215.6009063720703,40415
DO_misfit,year,A3,-123.0193,48.2728,-23.079014619446525,-12.587288,-12.990412,239.7164352737434,216.63742065429688,40416
DO_misfit,year,A3,-123.0193,48.2728,-23.283571592409572,-12.587288,-12.990412,239.92099224670645,216.63742065429688,40417
DO_misfit,year,A3,-123.0193,48.2728,-22.235034792088527,-12.328343,-12.898836,240.83630737509634,218.6012725830078,40418
DO_misfit,year,A3,-123.0193,48.2728,-21.535094865677365,-12.646553,-13.011372,240.9377132738805,219.40261840820312,40419
DO_misfit,year,A3,-123.0193,48.2728,-20.446473465058006,-10.795873,-12.356881,240.934754715058,220.48828125,40420
DO_misfit,year,A3,-122.4535,47.7028,-48.946618949655374,-32.13011,-19.901695,228.73861113715537,179.7919921875,40421
DO_misfit,year,A3,-122.4535,47.7028,-48.641004220786755,-32.13011,-19.901695,228.43299640828675,179.7919921875,40422
DO_misfit,year,A3,-122.4535,47.7028,-53.642377441855956,-26.836708,-18.029694,249.33320385787158,195.69082641601562,40423
DO_misfit,year,A3,-122.4535,47.7028,-53.84348790350907,-26.836708,-18.029694,249.5343143195247,195.69082641601562,40424
DO_misfit,year,A3,-122.4535,47.7028,-40.302794168340085,-17.517073,-14.733822,268.9143206575979,228.6115264892578,40425
DO_misfit,year,A3,-122.4535,47.7028,-42.236597444428185,-17.517073,-14.733822,270.848123933686,228.6115264892578,40426
DO_misfit,year,A3,-122.4535,47.7028,-28.467645758626873,-7.144004,-11.065405,323.6003667058925,295.1327209472656,40427
DO_misfit,year,A3,-122.4535,47.7028,-32.14242794936092,-7.737164,-11.275174,327.27514889662655,295.1327209472656,40428
DO_misfit,year,A3,-122.4535,47.7028,-47.59967393460124,-24.523775,-17.21173,389.8857762295231,342.2861022949219,40429
DO_misfit,year,A3,-122.4535,47.7028,-45.78979151302008,-24.093819,-17.059675,394.5324062591138,348.74261474609375,40430
DO_misfit,year,A3,-122.4535,47.7028,-70.75767403951772,-18.017838,-14.910915,420.740645230924,349.98297119140625,40431
DO_misfit,year,A3,-122.4535,47.7028,-67.09195020798717,-18.017838,-14.910915,417.0749213993934,349.98297119140625,40432
DO_misfit,year,A3,-122.3732,47.884,-38.67664049536705,-22.093016,-16.352095,243.03711412817955,204.3604736328125,40433
DO_misfit,year,A3,-122.3732,47.884,-36.97386567898104,-21.01227,-15.969892,242.41537874050448,205.44151306152344,40434
DO_misfit,year,A3,-122.3732,47.884,-44.79278774125328,-19.679634,-15.498608,253.30130214555015,208.50851440429688,40435
DO_misfit,year,A3,-122.3732,47.884,-41.18548217905368,-16.67133,-14.434726,260.41238037241305,219.22689819335938,40436
DO_misfit,year,A3,-122.3732,47.884,-29.17103427636198,-14.561896,-13.688728,264.5405411122995,235.3695068359375,40437
DO_misfit,year,A3,-122.3732,47.884,-26.041818793036896,-13.567775,-13.337159,267.256693060615,241.21487426757812,40438
DO_misfit,year,A3,-122.3732,47.884,-18.14921725589818,-10.381642,-12.210389,268.8535934766013,250.70437622070312,40439
DO_misfit,year,A3,-122.3732,47.884,-18.048192865828014,-10.381642,-12.210389,268.75256908653114,250.70437622070312,40440
DO_misfit,year,A3,-122.3732,47.884,-11.243500662974384,-8.961572,-11.708184,269.7085885535994,258.465087890625,40441
DO_misfit,year,A3,-122.3732,47.884,13.661901347616379,-10.874003,-12.384512,266.0943242383211,279.7562255859375,40442
DO_misfit,year,A3,-122.3732,47.884,25.991107252531776,-9.719268,-11.976142,266.391155931062,292.38226318359375,40443
DO_misfit,year,A3,-122.3732,47.884,25.796010100615206,-9.719268,-11.976142,266.58625308297854,292.38226318359375,40444
DO_misfit,year,A3,-122.4544,47.7047,-51.654645775296615,-27.580738,-18.292818,254.1341074452185,202.47946166992188,40445
DO_misfit,year,A3,-122.4544,47.7047,-51.65461456331113,-27.580738,-18.292818,254.134076233233,202.47946166992188,40446
DO_misfit,year,A3,-122.4544,47.7047,-42.835894858007606,-24.34366,-17.148033,254.90562752402323,212.06973266601562,40447
DO_misfit,year,A3,-122.4544,47.7047,-40.101213476792225,-22.6411,-16.545925,258.52958872093285,218.42837524414062,40448
DO_misfit,year,A3,-122.4544,47.7047,-33.19491715383111,-16.628496,-14.419579,260.52212662648736,227.32720947265625,40449
DO_misfit,year,A3,-122.4544,47.7047,-28.0723448402166,-15.622813,-14.06392,262.09775072400566,234.02540588378906,40450
DO_misfit,year,A3,-122.4544,47.7047,-33.696782122856916,-13.634625,-13.360801,264.8159685242241,231.1191864013672,40451
DO_misfit,year,A3,-122.4544,47.7047,-32.60305232275658,-13.756277,-13.403823,267.3493749545925,234.74632263183594,40452
DO_misfit,year,A3,-122.4544,47.7047,-29.353020246598533,-9.638727,-11.947659,276.50966697511416,247.15664672851562,40453
DO_misfit,year,A3,-122.4544,47.7047,-0.2458366963698495,-10.831134,-12.369351,278.4233879659011,278.17755126953125,40454
DO_misfit,year,A3,-122.4544,47.7047,3.331033525413318,-9.892659,-12.037461,278.93138712888356,282.2624206542969,40455
DO_misfit,year,A3,-122.4544,47.7047,3.126309819926064,-9.892659,-12.037461,279.1361108343708,282.2624206542969,40456
DO_misfit,year,A3,-122.3049,48.018,23.33701772727119,0.01576515,-8.533365,179.2104371067132,202.54745483398438,40457
DO_misfit,year,A3,-122.3049,48.018,1.4092312448485416,2.4288118,-7.6799955,206.39660066433115,207.8058319091797,40458
DO_misfit,year,A3,-122.3049,48.018,16.212010210081047,4.1274633,-7.0792704,212.99123686023145,229.2032470703125,40459
DO_misfit,year,A3,-122.3049,48.018,-5.538537034328044,4.1962585,-7.054941,247.30928898745304,241.770751953125,40460
DO_misfit,year,A3,-122.3049,48.018,-5.9471578383714245,4.711302,-6.872797,249.732207276848,243.78504943847656,40461
DO_misfit,year,A3,-122.3049,48.018,-5.946699107591712,4.711302,-6.872797,249.73174854606827,243.78504943847656,40462
DO_misfit,year,A3,-122.3049,48.018,15.648087600680668,5.993996,-6.4191747,238.8526600799834,254.50074768066406,40463
DO_misfit,year,A3,-122.3049,48.018,14.011024954836728,5.993996,-6.4191747,240.48972272582733,254.50074768066406,40464
DO_misfit,year,A3,-122.3049,48.018,5.507768036994207,-0.5977446,-8.750332,280.64353811534954,286.15130615234375,40465
DO_misfit,year,A3,-122.3049,48.018,8.140744156894357,-0.5977446,-8.750332,278.0105619954494,286.15130615234375,40466
DO_misfit,year,A3,-122.3049,48.018,18.10368669821412,0.021735914,-8.531254,287.33976422952026,305.4434509277344,40467
DO_misfit,year,A3,-122.3049,48.018,18.018351305839985,0.021735914,-8.531254,287.4250996218944,305.4434509277344,40468
DO_misfit,year,A3,-122.491,48.1082,-10.34182022610193,-13.967467,-13.47851,207.8861470083285,197.54432678222656,40469
DO_misfit,year,A3,-122.491,48.1082,-10.341779911573639,-13.967467,-13.47851,207.8861066938002,197.54432678222656,40470
DO_misfit,year,A3,-122.491,48.1082,-10.05592272320041,-12.387959,-12.91992,212.93464586773166,202.87872314453125,40471
DO_misfit,year,A3,-122.491,48.1082,-4.342383214917675,-9.665357,-11.957076,220.1596744746833,215.81729125976562,40472
DO_misfit,year,A3,-122.491,48.1082,1.5158975080420873,-7.015795,-11.020063,226.24568391285635,227.76158142089844,40473
DO_misfit,year,A3,-122.491,48.1082,-1.004219392383618,-5.066951,-10.330858,227.6375659500008,226.6333465576172,40474
DO_misfit,year,A3,-122.491,48.1082,-0.595965631641235,-5.066951,-10.330858,227.22931218925842,226.6333465576172,40475
DO_misfit,year,A3,-122.491,48.1082,27.144337812379916,-6.819453,-10.950627,208.32606013683883,235.47039794921875,40476
DO_misfit,year,A3,-122.491,48.1082,26.532721150041368,-6.819453,-10.950627,208.93767679917738,235.47039794921875,40477
DO_misfit,year,A3,-122.491,48.1082,12.994269026494976,-11.438265,-12.584063,296.5632260906925,309.5574951171875,40478
DO_misfit,year,A3,-122.491,48.1082,17.14916269661518,-15.413897,-13.990037,299.1887279283848,316.337890625,40479
DO_misfit,year,A3,-122.491,48.1082,16.241916759589174,-12.004007,-12.784136,300.0959738654108,316.337890625,40480
DO_misfit,year,A3,-122.5562,48.2437,0.3896196798490905,-1.067178,-8.916346,199.08895698030716,199.47857666015625,40481
DO_misfit,year,A3,-122.5562,48.2437,8.155337306763698,-0.42121154,-8.6879015,191.38627341100974,199.54161071777344,40482
DO_misfit,year,A3,-122.5562,48.2437,16.97340961852953,0.018482849,-8.532404,194.81842998107984,211.79183959960938,40483
DO_misfit,year,A3,-122.5562,48.2437,17.075741033426482,0.018482849,-8.532404,194.7160985661829,211.79183959960938,40484
DO_misfit,year,A3,-122.5562,48.2437,14.962374246152791,2.8943567,-7.5153565,200.6956305145894,215.6580047607422,40485
DO_misfit,year,A3,-122.5562,48.2437,14.151188359883491,2.8943567,-7.5153565,201.5068164008587,215.6580047607422,40486
DO_misfit,year,A3,-122.5562,48.2437,-3.2339193213139765,-2.2890518,-9.348459,293.96264856936085,290.7287292480469,40487
DO_misfit,year,A3,-122.5562,48.2437,-3.029982658720826,-2.2890518,-9.348459,293.7587119067677,290.7287292480469,40488
DO_misfit,year,A3,-122.5562,48.2437,28.221659193538585,-13.073734,-13.162443,297.7471823591958,325.9688415527344,40489
DO_misfit,year,A3,-122.5562,48.2437,28.646138317766088,-13.073734,-13.162443,297.3227032349683,325.9688415527344,40490
DO_misfit,year,A3,-122.5562,48.2437,29.096520803027715,-22.581404,-16.524813,299.17175922626916,328.2682800292969,40491
DO_misfit,year,A3,-122.5562,48.2437,29.093466479795836,-22.581404,-16.524813,299.17481354950104,328.2682800292969,40492
DO_misfit,year,A3,-122.6882,48.1462,-66.91017369603054,-18.996517,-15.257025,268.5664084372415,201.65623474121094,40493
DO_misfit,year,A3,-122.6882,48.1462,-41.37670621221332,-13.622456,-13.356497,268.55146512334613,227.1747589111328,40494
DO_misfit,year,A3,-122.6882,48.1462,-21.31667210721855,-12.273906,-12.879585,268.74362828397636,247.4269561767578,40495
DO_misfit,year,A3,-122.6882,48.1462,-21.516687605542984,-12.273906,-12.879585,268.9436437823008,247.4269561767578,40496
DO_misfit,year,A3,-122.6882,48.1462,-8.331940079184847,-10.495208,-12.250551,269.7463382725442,261.4143981933594,40497
DO_misfit,year,A3,-122.6882,48.1462,-8.229466067081887,-10.495208,-12.250551,269.64386426044126,261.4143981933594,40498
DO_misfit,year,A3,-122.6882,48.1462,-0.8147518486388776,-10.408263,-12.219804,269.5292904228576,268.71453857421875,40499
DO_misfit,year,A3,-122.6882,48.1462,-0.9155369541480809,-10.408263,-12.219804,269.63007552836683,268.71453857421875,40500
DO_misfit,year,A3,-122.6882,48.1462,1.0256089578825822,-10.74052,-12.337306,270.03158098352367,271.05718994140625,40501
DO_misfit,year,A3,-122.6882,48.1462,1.0285572364303448,-10.74052,-12.337306,270.0286327049759,271.05718994140625,40502
DO_misfit,year,A3,-122.6882,48.1462,-0.22776149105732202,-10.74052,-12.337306,271.6500942547292,271.4223327636719,40503
DO_misfit,year,A3,-122.6882,48.1462,0.3791307257641279,-10.74052,-12.337306,271.04320203790775,271.4223327636719,40504
DO_misfit,year,A3,-122.8551,48.1908,-33.00336478384196,-28.383644,-18.576765,171.90631888540446,138.9029541015625,40505
DO_misfit,year,A3,-122.8551,48.1908,-26.52726412741748,-21.468208,-16.131134,188.56191683737842,162.03465270996094,40506
DO_misfit,year,A3,-122.8551,48.1908,-45.126619876381966,-17.398767,-14.691982,246.69311767911634,201.56649780273438,40507
DO_misfit,year,A3,-122.8551,48.1908,-45.127842063733794,-17.398767,-14.691982,246.69433986646817,201.56649780273438,40508
DO_misfit,year,A3,-122.8551,48.1908,-16.205929763712305,-12.053415,-12.801609,239.356976516642,223.1510467529297,40509
DO_misfit,year,A3,-122.8551,48.1908,-16.101625689358116,-12.053415,-12.801609,239.2526724422878,223.1510467529297,40510
DO_misfit,year,A3,-122.8551,48.1908,-11.415975519188834,-10.557451,-12.272564,249.09508318520446,237.67910766601562,40511
DO_misfit,year,A3,-122.8551,48.1908,-11.108845103361148,-10.557451,-12.272564,248.78795276937677,237.67910766601562,40512
DO_misfit,year,A3,-122.8551,48.1908,-8.310660854481796,-10.541135,-12.266794,253.22302962889586,244.91236877441406,40513
DO_misfit,year,A3,-122.8551,48.1908,-11.067556544200215,-10.541135,-12.266794,255.97992531861428,244.91236877441406,40514
DO_misfit,year,A3,-122.8551,48.1908,-11.932753030365063,-10.858538,-12.379043,258.61781162411506,246.68505859375,40515
DO_misfit,year,A3,-122.8551,48.1908,-12.342362731948242,-10.858538,-12.379043,259.02742132569824,246.68505859375,40516
DO_misfit,year,A3,-123.0212,48.2723,-29.757678928468096,-27.102665,-18.123749,159.3503302956556,129.5926513671875,40517
DO_misfit,year,A3,-123.0212,48.2723,-41.39300587229752,-27.589159,-18.295795,178.2599187140944,136.86691284179688,40518
DO_misfit,year,A3,-123.0212,48.2723,-42.77952377397739,-19.578941,-15.462997,225.01005355913364,182.23052978515625,40519
DO_misfit,year,A3,-123.0212,48.2723,-16.462359422272385,-12.118528,-12.824636,249.79152201992864,233.32916259765625,40520
DO_misfit,year,A3,-123.0212,48.2723,-11.028334536537244,-11.107702,-12.467159,255.47636310099037,244.44802856445312,40521
DO_misfit,year,A3,-123.0212,48.2723,-11.028732641745933,-11.107702,-12.467159,255.47676120619906,244.44802856445312,40522
DO_misfit,year,A3,-123.0212,48.2723,-2.235515795855065,-10.851758,-12.376645,257.89371892085506,255.658203125,40523
DO_misfit,year,A3,-123.0212,48.2723,-2.2360906915611736,-10.851758,-12.376645,257.8942938165612,255.658203125,40524
DO_misfit,year,A3,-123.0212,48.2723,-1.7695715301299515,-11.051877,-12.447416,260.0274755828643,258.2579040527344,40525
DO_misfit,year,A3,-123.0212,48.2723,-1.6654415026577567,-11.051877,-12.447416,259.92334555539213,258.2579040527344,40526
DO_misfit,year,A3,-123.0212,48.2723,-1.069281003700155,-11.687213,-12.672102,260.4306396462783,259.3613586425781,40527
DO_misfit,year,A3,-123.0212,48.2723,-1.0678331541016632,-11.687213,-12.672102,260.4291917966798,259.3613586425781,40528
DO_misfit,year,A3,-122.7195,48.3742,-29.966632470745225,-22.15225,-16.373043,201.7709232422296,171.80429077148438,40529
DO_misfit,year,A3,-122.7195,48.3742,-32.112006307862,-21.039959,-15.979684,211.4589759123542,179.3469696044922,40530
DO_misfit,year,A3,-122.7195,48.3742,-26.0313239148135,-16.044498,-14.213048,243.43493414430569,217.4036102294922,40531
DO_misfit,year,A3,-122.7195,48.3742,-17.615163436453827,-11.469181,-12.5949955,260.63773118547726,243.02256774902344,40532
DO_misfit,year,A3,-122.7195,48.3742,-12.386691411396441,-10.033414,-12.087239,266.7339509328808,254.34725952148438,40533
DO_misfit,year,A3,-122.7195,48.3742,-10.753858597388103,-10.033414,-12.087239,265.1011181188725,254.34725952148438,40534
DO_misfit,year,A3,-122.7195,48.3742,-7.048531252476266,-10.426679,-12.226316,269.33271093997627,262.2841796875,40535
DO_misfit,year,A3,-122.7195,48.3742,-6.843593653962785,-10.426679,-12.226316,269.1277733414628,262.2841796875,40536
DO_misfit,year,A3,-122.7195,48.3742,-4.575967070212414,-10.467263,-12.240669,269.42820095693116,264.85223388671875,40537
DO_misfit,year,A3,-122.7195,48.3742,-4.9859490698567015,-10.467263,-12.240669,269.83818295657545,264.85223388671875,40538
DO_misfit,year,A3,-122.7195,48.3742,-3.156388580833493,-10.426444,-12.2262335,269.32249575856787,266.1661071777344,40539
DO_misfit,year,A3,-122.7195,48.3742,-3.4632666454415926,-10.426444,-12.2262335,269.62937382317597,266.1661071777344,40540
DO_misfit,year,A3,-122.6266,47.9862,-52.86159882629275,-21.329575,-16.082106,236.13061127746462,183.26901245117188,40541
DO_misfit,year,A3,-122.6266,47.9862,-55.427096464702515,-17.427704,-14.702216,265.0017577195853,209.5746612548828,40542
DO_misfit,year,A3,-122.6266,47.9862,-32.09245160446278,-15.205185,-13.916226,268.9330125175487,236.84056091308594,40543
DO_misfit,year,A3,-122.6266,47.9862,-32.299469954448625,-15.205185,-13.916226,269.14003086753456,236.84056091308594,40544
DO_misfit,year,A3,-122.6266,47.9862,-22.402718961438325,-11.515928,-12.611527,270.6503996255008,248.2476806640625,40545
DO_misfit,year,A3,-122.6266,47.9862,-22.399121089818323,-11.515928,-12.611527,270.6468017538808,248.2476806640625,40546
DO_misfit,year,A3,-122.6266,47.9862,-6.1465359492767675,-10.237104,-12.159274,272.35951812701114,266.2129821777344,40547
DO_misfit,year,A3,-122.6266,47.9862,-6.552172383904633,-10.237104,-12.159274,272.765154561639,266.2129821777344,40548
DO_misfit,year,A3,-122.6266,47.9862,1.0994973036176248,-9.5643425,-11.921352,275.0994162706011,276.19891357421875,40549
DO_misfit,year,A3,-122.6266,47.9862,1.6069580992303827,-9.5643425,-11.921352,274.59195547498837,276.19891357421875,40550
DO_misfit,year,A3,-122.6266,47.9862,8.048253209249765,-9.702493,-11.970209,275.80880245481274,283.8570556640625,40551
DO_misfit,year,A3,-122.6266,47.9862,8.150786831407572,-9.702493,-11.970209,275.7062688326549,283.8570556640625,40552
DO_misfit,year,A3,-122.6054,47.8989,-36.71136411247511,-18.804173,-15.189002,240.92350705681105,204.21214294433594,40553
DO_misfit,year,A3,-122.6054,47.8989,-36.506854149829934,-18.804173,-15.189002,240.71899709416587,204.21214294433594,40554
DO_misfit,year,A3,-122.6054,47.8989,-37.40948797179885,-18.804173,-15.189002,241.6216309161348,204.21214294433594,40555
DO_misfit,year,A3,-122.6054,47.8989,-40.17504840362173,-18.039299,-14.918506,245.95930438506704,205.7842559814453,40556
DO_misfit,year,A3,-122.6054,47.8989,-29.865689584449058,-17.77162,-14.823841,251.51167041941,221.64598083496094,40557
DO_misfit,year,A3,-122.6054,47.8989,-30.009536624581358,-15.707082,-14.093721,262.86541736188605,232.8558807373047,40558
DO_misfit,year,A3,-122.6054,47.8989,-26.40947342530825,-15.405574,-13.987093,269.86218643800356,243.4527130126953,40559
DO_misfit,year,A3,-122.6054,47.8989,-26.000514754280744,-15.405574,-13.987093,269.45322776697606,243.4527130126953,40560
DO_misfit,year,A3,-122.6054,47.8989,-12.147427523614112,-10.32558,-12.190563,279.4489411954891,267.301513671875,40561
DO_misfit,year,A3,-122.6054,47.8989,-0.0914707436744493,-9.564823,-11.921523,279.84586527492445,279.75439453125,40562
DO_misfit,year,A3,-122.6054,47.8989,7.891226266770161,-8.541689,-11.559693,279.93384697541734,287.8250732421875,40563
DO_misfit,year,A3,-122.6054,47.8989,7.683313135182175,-8.541689,-11.559693,280.1417601070053,287.8250732421875,40564
DO_misfit,year,A3,-122.7198,47.8003,-25.19900382357517,-19.646257,-15.486803,248.86401236849704,223.66500854492188,40565
DO_misfit,year,A3,-122.7198,47.8003,-28.90421587868525,-19.407574,-15.402393,252.61446673317744,223.7102508544922,40566
DO_misfit,year,A3,-122.7198,47.8003,-30.937143932278616,-17.49708,-14.726751,260.0138803824739,229.0767364501953,40567
DO_misfit,year,A3,-122.7198,47.8003,-31.135743274181664,-17.49708,-14.726751,260.212479724377,229.0767364501953,40568
DO_misfit,year,A3,-122.7198,47.8003,-37.20167795759306,-17.345516,-14.673151,274.76597849470244,237.56430053710938,40569
DO_misfit,year,A3,-122.7198,47.8003,-37.302571794660764,-17.345516,-14.673151,274.86687233177014,237.56430053710938,40570
DO_misfit,year,A3,-122.7198,47.8003,1.8633988707657636,-9.629389,-11.944356,274.2816816956405,276.14508056640625,40571
DO_misfit,year,A3,-122.7198,47.8003,1.249686835373609,-9.629389,-11.944356,274.89539373103264,276.14508056640625,40572
DO_misfit,year,A3,-122.7198,47.8003,15.702956760995164,-5.278811,-10.405783,274.09782448900484,289.80078125,40573
DO_misfit,year,A3,-122.7198,47.8003,15.876212863053524,-5.278811,-10.405783,273.9245683869465,289.80078125,40574
DO_misfit,year,A3,-122.7198,47.8003,22.784277297112624,-3.98532,-9.948341,276.97582402124675,299.7601013183594,40575
DO_misfit,year,A3,-122.7198,47.8003,22.677211295890515,-3.98532,-9.948341,277.08289002246886,299.7601013183594,40576
DO_misfit,year,A3,-123.1349,47.3713,11.115651995772922,-13.577017,-13.340427,105.53326615608255,116.64891815185547,40577
DO_misfit,year,A3,-123.1349,47.3713,11.95160868769075,-17.897919,-14.868507,116.7640285193405,128.71563720703125,40578
DO_misfit,year,A3,-123.1349,47.3713,15.024708928874347,-13.636194,-13.361356,126.76908379573503,141.79379272460938,40579
DO_misfit,year,A3,-123.1349,47.3713,15.229364676549949,-13.636194,-13.361356,126.56442804805943,141.79379272460938,40580
DO_misfit,year,A3,-123.1349,47.3713,4.918374044584624,-11.925048,-12.756212,143.73909665854038,148.657470703125,40581
DO_misfit,year,A3,-123.1349,47.3713,4.918518961382858,-11.925048,-12.756212,143.73895174174214,148.657470703125,40582
DO_misfit,year,A3,-123.1349,47.3713,-28.762980278504187,-16.01787,-14.20363,175.1170147023323,146.35403442382812,40583
DO_misfit,year,A3,-123.1349,47.3713,-28.96768824229656,-16.01787,-14.20363,175.32172266612469,146.35403442382812,40584
DO_misfit,year,A3,-123.1349,47.3713,-52.95041921525572,-41.273514,-23.135242,209.95238759904478,157.00196838378906,40585
DO_misfit,year,A3,-123.1349,47.3713,-54.59662970982126,-41.273514,-23.135242,211.59859809361032,157.00196838378906,40586
DO_misfit,year,A3,-123.1349,47.3713,-86.31079301348836,-66.32332,-31.994062,275.8568287800899,189.54603576660156,40587
DO_misfit,year,A3,-123.1349,47.3713,-86.34271973251572,-66.32332,-31.994062,275.8887554991173,189.54603576660156,40588
DO_misfit,year,A3,-123.1074,47.4256,9.35789676100788,-5.5284696,-10.494074,100.130353971414,109.48825073242188,40589
DO_misfit,year,A3,-123.1074,47.4256,9.357901215942974,-5.5284696,-10.494074,100.1303495164789,109.48825073242188,40590
DO_misfit,year,A3,-123.1074,47.4256,-15.323295988898735,-9.0035925,-11.723044,126.09975472913311,110.77645874023438,40591
DO_misfit,year,A3,-123.1074,47.4256,-12.861506688263546,-17.297089,-14.656025,138.14898227420105,125.2874755859375,40592
DO_misfit,year,A3,-123.1074,47.4256,-4.691949620476834,-11.514738,-12.611107,155.11084915660965,150.4188995361328,40593
DO_misfit,year,A3,-123.1074,47.4256,-0.9111132088924876,-6.433268,-10.8140545,159.28966850674405,158.37855529785156,40594
DO_misfit,year,A3,-123.1074,47.4256,-4.769264251182761,-9.223728,-11.800896,171.6395645441515,166.87030029296875,40595
DO_misfit,year,A3,-123.1074,47.4256,-5.792180627267129,-9.223728,-11.800896,172.66248092023588,166.87030029296875,40596
DO_misfit,year,A3,-123.1074,47.4256,-16.251315451774587,-22.51287,-16.500576,196.65553603282927,180.4042205810547,40597
DO_misfit,year,A3,-123.1074,47.4256,-17.17269641754669,-22.51287,-16.500576,197.57691699860138,180.4042205810547,40598
DO_misfit,year,A3,-123.1074,47.4256,-3.840255177389821,-28.672169,-18.6788,234.64077702797576,230.80052185058594,40599
DO_misfit,year,A3,-123.1074,47.4256,3.3578675242123666,-28.672169,-18.6788,227.44265432637357,230.80052185058594,40600
DO_misfit,year,A3,-123.0075,47.5465,-4.415961754629578,-17.575453,-14.754467,114.8841319206452,110.46817016601562,40601
DO_misfit,year,A3,-123.0075,47.5465,-14.140347682551578,-22.274914,-16.416424,125.00511666448517,110.8647689819336,40602
DO_misfit,year,A3,-123.0075,47.5465,-29.866202104649574,-23.091991,-16.705381,140.85694764908317,110.9907455444336,40603
DO_misfit,year,A3,-123.0075,47.5465,-42.7357557547995,-22.861784,-16.62397,156.08842451700653,113.35266876220703,40604
DO_misfit,year,A3,-123.0075,47.5465,-41.09777484747346,-22.861784,-16.62397,154.4504436096805,113.35266876220703,40605
DO_misfit,year,A3,-123.0075,47.5465,-42.69738067472099,-22.812283,-16.606462,194.63059295499443,151.93321228027344,40606
DO_misfit,year,A3,-123.0075,47.5465,-42.90190509183273,-22.812283,-16.606462,194.83511737210617,151.93321228027344,40607
DO_misfit,year,A3,-123.0075,47.5465,-24.188371248848767,-13.910453,-13.458347,195.31630093634877,171.1279296875,40608
DO_misfit,year,A3,-123.0075,47.5465,-27.14080082730098,-7.7322316,-11.27343,208.7586291964416,181.61782836914062,40609
DO_misfit,year,A3,-123.0075,47.5465,-15.57494554155096,-10.882186,-12.387405,224.7431431733869,209.16819763183594,40610
DO_misfit,year,A3,-123.0075,47.5465,39.30806901276705,-5.4081564,-10.451525,225.3298094052017,264.63787841796875,40611
DO_misfit,year,A3,-123.0075,47.5465,40.154351853187904,-9.289992,-11.824329,234.15695796126522,274.3113098144531,40612
DO_misfit,year,A3,-122.94,47.6066,-1.4672196894009062,-23.16012,-16.729475,120.73867354682278,119.27145385742188,40613
DO_misfit,year,A3,-122.94,47.6066,-14.699778715170055,-23.129324,-16.718584,133.51860348323646,118.8188247680664,40614
DO_misfit,year,A3,-122.94,47.6066,-26.84075133896397,-18.053831,-14.923645,142.09683196640538,115.2560806274414,40615
DO_misfit,year,A3,-122.94,47.6066,-65.68362311894211,-22.522009,-16.503807,182.9017856555632,117.2181625366211,40616
DO_misfit,year,A3,-122.94,47.6066,-65.78586988114853,-22.522009,-16.503807,183.00403241776962,117.2181625366211,40617
DO_misfit,year,A3,-122.94,47.6066,-63.84123741894044,-22.657076,-16.551575,204.66187035351075,140.8206329345703,40618
DO_misfit,year,A3,-122.94,47.6066,-49.51222439075215,-14.097894,-13.524635,231.22084255481465,181.7086181640625,40619
DO_misfit,year,A3,-122.94,47.6066,-24.99418960843923,-12.672306,-13.020478,225.10750137601735,200.11331176757812,40620
DO_misfit,year,A3,-122.94,47.6066,-23.034891502495896,-12.672306,-13.020478,223.14820327007402,200.11331176757812,40621
DO_misfit,year,A3,-122.94,47.6066,-14.551302021484531,-8.773586,-11.641704,239.6049824414064,225.05368041992188,40622
DO_misfit,year,A3,-122.94,47.6066,34.10338781935383,-4.716689,-10.206989,247.23425866502117,281.337646484375,40623
DO_misfit,year,A3,-122.94,47.6066,49.42578911228213,-9.929908,-12.050634,251.89217353420224,301.3179626464844,40624
DO_misfit,year,A3,-122.8599,47.6621,-21.51158239122131,-24.468328,-17.19212,146.61442662950256,125.10284423828125,40625
DO_misfit,year,A3,-122.8599,47.6621,-73.80260772372674,-23.261919,-16.765476,205.31005401278924,131.5074462890625,40626
DO_misfit,year,A3,-122.8599,47.6621,-52.913068993059056,-23.80738,-16.958378,221.7471144032153,168.83404541015625,40627
DO_misfit,year,A3,-122.8599,47.6621,-31.82811474329594,-14.374838,-13.622576,231.4366505098975,199.60853576660156,40628
DO_misfit,year,A3,-122.8599,47.6621,-31.828511655856573,-14.374838,-13.622576,231.43704742245814,199.60853576660156,40629
DO_misfit,year,A3,-122.8599,47.6621,-25.099381982347097,-14.031897,-13.501295,239.0164962401596,213.9171142578125,40630
DO_misfit,year,A3,-122.8599,47.6621,-7.19440691066751,-8.299831,-11.474161,242.38631670070657,235.19190979003906,40631
DO_misfit,year,A3,-122.8599,47.6621,-6.8869223816032274,-8.299831,-11.474161,242.0788321716423,235.19190979003906,40632
DO_misfit,year,A3,-122.8599,47.6621,45.429729489997754,-3.1996233,-9.670482,241.94102856664287,287.3707580566406,40633
DO_misfit,year,A3,-122.8599,47.6621,45.5322598017797,-3.1996233,-9.670482,241.83849825486092,287.3707580566406,40634
DO_misfit,year,A3,-122.8599,47.6621,51.60280312398828,-3.340887,-9.720439,242.13437949319922,293.7371826171875,40635
DO_misfit,year,A3,-122.8599,47.6621,51.6027817211382,-3.340887,-9.720439,242.1344008960493,293.7371826171875,40636
DO_misfit,year,A3,-122.7603,47.736,-75.12264932550241,-29.501722,-18.972172,251.14675821222116,176.02410888671875,40637
DO_misfit,year,A3,-122.7603,47.736,-78.44329371243407,-26.639544,-17.959967,254.46740259915282,176.02410888671875,40638
DO_misfit,year,A3,-122.7603,47.736,-56.86568194578294,-23.407541,-16.816975,255.24156695554856,198.37588500976562,40639
DO_misfit,year,A3,-122.7603,47.736,-44.73709635523289,-16.964634,-14.538452,257.3203483083579,212.583251953125,40640
DO_misfit,year,A3,-122.7603,47.736,-36.873593538191244,-17.652716,-14.781792,260.04441568174593,223.1708221435547,40641
DO_misfit,year,A3,-122.7603,47.736,-37.591195133216274,-17.652716,-14.781792,260.76201727677096,223.1708221435547,40642
DO_misfit,year,A3,-122.7603,47.736,-4.043621919093027,-9.648732,-11.951197,273.7170533155774,269.6734313964844,40643
DO_misfit,year,A3,-122.7603,47.736,-4.246571640285197,-9.648732,-11.951197,273.9200030367696,269.6734313964844,40644
DO_misfit,year,A3,-122.7603,47.736,26.161332344513994,-4.8823113,-10.265561,273.99299504806413,300.1543273925781,40645
DO_misfit,year,A3,-122.7603,47.736,25.960019638278425,-4.8823113,-10.265561,274.1943077542997,300.1543273925781,40646
DO_misfit,year,A3,-122.7603,47.736,35.05770727224984,-10.152121,-12.129219,274.48913721017203,309.5468444824219,40647
DO_misfit,year,A3,-122.7603,47.736,35.26235717380354,-10.152121,-12.129219,274.28448730861834,309.5468444824219,40648
DO_misfit,year,A3,-123.0576,47.4899,2.10772097202468,-11.786493,-12.707212,107.82487332729173,109.9325942993164,40649
DO_misfit,year,A3,-123.0576,47.4899,-17.834055955118046,-12.123802,-12.826501,127.76665025443445,109.9325942993164,40650
DO_misfit,year,A3,-123.0576,47.4899,-31.782252437105114,-13.041101,-13.150902,141.57019341610902,109.7879409790039,40651
DO_misfit,year,A3,-123.0576,47.4899,-54.76244289179803,-19.53473,-15.447363,166.2146599938488,111.45221710205078,40652
DO_misfit,year,A3,-123.0576,47.4899,-53.53447179496192,-19.53473,-15.447363,164.9866888970127,111.45221710205078,40653
DO_misfit,year,A3,-123.0576,47.4899,-56.94927244276238,-19.506344,-15.437324,187.36420469373894,130.41493225097656,40654
DO_misfit,year,A3,-123.0576,47.4899,-36.133176280312824,-11.597815,-12.640487,191.53362794046907,155.40045166015625,40655
DO_misfit,year,A3,-123.0576,47.4899,-23.406246418774657,-7.5884132,-11.2225685,191.92138313752466,168.51513671875,40656
DO_misfit,year,A3,-123.0576,47.4899,-23.788572929285664,-11.538356,-12.619459,207.10273613729348,183.3141632080078,40657
DO_misfit,year,A3,-123.0576,47.4899,3.6844543271099894,-12.643453,-13.010275,221.66292726468689,225.34738159179688,40658
DO_misfit,year,A3,-123.0576,47.4899,30.24985319553531,-21.610172,-16.18134,222.90706819118344,253.15692138671875,40659
DO_misfit,year,A3,-123.0576,47.4899,30.04521068285888,-21.610172,-16.18134,223.11171070385987,253.15692138671875,40660
DO_misfit,year,A3,-123.0239,47.3558,3.187585774106438,-16.357199,-14.323634,114.30423551495606,117.4918212890625,40661
DO_misfit,year,A3,-123.0239,47.3558,2.9829188251976433,-16.357199,-14.323634,114.50890246386486,117.4918212890625,40662
DO_misfit,year,A3,-123.0239,47.3558,2.4674610544429214,-13.470916,-13.302906,116.43372302758833,118.90118408203125,40663
DO_misfit,year,A3,-123.0239,47.3558,2.467468086223633,-13.470916,-13.302906,116.43371599580762,118.90118408203125,40664
DO_misfit,year,A3,-123.0239,47.3558,-0.8881065294467163,-9.561305,-11.920279,126.44542617056,125.55731964111328,40665
DO_misfit,year,A3,-123.0239,47.3558,-0.47889803051286606,-9.561305,-11.920279,126.03621767162615,125.55731964111328,40666
DO_misfit,year,A3,-123.0239,47.3558,-11.28567499200949,-13.224386,-13.215721,145.85690301935324,134.57122802734375,40667
DO_misfit,year,A3,-123.0239,47.3558,-11.080998451522788,-13.224386,-13.215721,145.65222647886654,134.57122802734375,40668
DO_misfit,year,A3,-123.0239,47.3558,-96.76986552089204,-40.620457,-22.904291,240.09469462245454,143.3248291015625,40669
DO_misfit,year,A3,-123.0239,47.3558,-103.87486973925621,-40.620457,-22.904291,247.1996988408187,143.3248291015625,40670
DO_misfit,year,A3,-123.0239,47.3558,-73.09185030104703,-52.266994,-27.023067,287.26383211257047,214.17198181152344,40671
DO_misfit,year,A3,-123.0239,47.3558,-70.84274751565152,-52.266994,-27.023067,285.01472932717496,214.17198181152344,40672
DO_misfit,year,A3,-122.4436,47.5589,-45.55015832270979,-25.17553,-17.44222,252.78712731685042,207.23696899414062,40673
DO_misfit,year,A3,-122.4436,47.5589,-51.84432498128072,-27.396057,-18.227507,255.46128359944478,203.61695861816406,40674
DO_misfit,year,A3,-122.4436,47.5589,-50.824044292005425,-25.768175,-17.65181,255.22370249513042,204.399658203125,40675
DO_misfit,year,A3,-122.4436,47.5589,-46.33314975352613,-24.728441,-17.28411,253.44287570567457,207.10972595214844,40676
DO_misfit,year,A3,-122.4436,47.5589,-43.38007603199867,-23.638857,-16.898779,254.84301243336586,211.4629364013672,40677
DO_misfit,year,A3,-122.4436,47.5589,-38.279113093015354,-19.471962,-15.425164,254.81724480688254,216.5381317138672,40678
DO_misfit,year,A3,-122.4436,47.5589,-30.387705078630802,-17.63536,-14.775654,256.60497497609174,226.21726989746094,40679
DO_misfit,year,A3,-122.4436,47.5589,-33.93605257196043,-13.327854,-13.252312,263.3777487389526,229.4416961669922,40680
DO_misfit,year,A3,-122.4436,47.5589,-33.027993980950896,-13.074687,-13.16278,266.73003560692746,233.70204162597656,40681
DO_misfit,year,A3,-122.4436,47.5589,-33.69285345572575,-9.174897,-11.783627,281.2952551891242,247.60240173339844,40682
DO_misfit,year,A3,-122.4436,47.5589,-28.691909274372676,-9.033505,-11.7336235,289.0016016571852,260.3096923828125,40683
DO_misfit,year,A3,-122.4436,47.5589,-23.463793751335288,-9.06433,-11.744524,290.11717509899154,266.65338134765625,40684
DO_misfit,year,A3,-122.4061,47.4566,-47.78240388765926,-27.18642,-18.15337,249.78408235445613,202.00167846679688,40685
DO_misfit,year,A3,-122.4061,47.4566,-39.914277712715545,-26.413664,-17.880085,242.25055090607492,202.33627319335938,40686
DO_misfit,year,A3,-122.4061,47.4566,-45.01305734548683,-27.311518,-18.197609,248.15244638357277,203.13938903808594,40687
DO_misfit,year,A3,-122.4061,47.4566,-46.252373667166694,-27.9989,-18.4407,254.325448007987,208.0730743408203,40688
DO_misfit,year,A3,-122.4061,47.4566,-46.04759965135375,-27.9989,-18.4407,254.12067399217406,208.0730743408203,40689
DO_misfit,year,A3,-122.4061,47.4566,-41.86223004281641,-23.19009,-16.740074,253.16961834848047,211.30738830566406,40690
DO_misfit,year,A3,-122.4061,47.4566,-37.44684489571074,-21.14113,-16.015463,259.1306217511795,221.68377685546875,40691
DO_misfit,year,A3,-122.4061,47.4566,-40.82288691372344,-17.707119,-14.801031,267.1522020992703,226.32931518554688,40692
DO_misfit,year,A3,-122.4061,47.4566,-37.86797176261314,-15.42172,-13.992804,270.3040679540194,232.43609619140625,40693
DO_misfit,year,A3,-122.4061,47.4566,-24.41113914499192,-13.129145,-13.182039,276.603781356906,252.19264221191406,40694
DO_misfit,year,A3,-122.4061,47.4566,-20.38268409787014,-14.4730625,-13.657312,286.26085792599514,265.878173828125,40695
DO_misfit,year,A3,-122.4061,47.4566,-11.377989097007287,-13.569828,-13.337885,288.9042342141948,277.5262451171875,40696
DO_misfit,year,A3,-122.3617,47.3951,-38.994224678062125,-27.095251,-18.121128,240.54604352571837,201.55181884765625,40697
DO_misfit,year,A3,-122.3617,47.3951,-39.77699209358968,-27.095251,-18.121128,241.32881094124593,201.55181884765625,40698
DO_misfit,year,A3,-122.3617,47.3951,-40.838345529610024,-27.36893,-18.217915,243.34304523664127,202.50469970703125,40699
DO_misfit,year,A3,-122.3617,47.3951,-42.53717668866307,-26.767702,-18.005291,248.21808489178807,205.680908203125,40700
DO_misfit,year,A3,-122.3617,47.3951,-43.40899307981201,-27.321087,-18.200993,253.10073502317138,209.69174194335938,40701
DO_misfit,year,A3,-122.3617,47.3951,-40.21533799253805,-22.04378,-16.334682,253.27522873960837,213.0598907470703,40702
DO_misfit,year,A3,-122.3617,47.3951,-37.158705912145024,-21.5459,-16.15861,255.6799156289419,218.52120971679688,40703
DO_misfit,year,A3,-122.3617,47.3951,-33.44216662652536,-19.771084,-15.530949,259.30785876519724,225.86569213867188,40704
DO_misfit,year,A3,-122.3617,47.3951,-34.77079382506287,-17.78361,-14.828081,264.79500952330505,230.0242156982422,40705
DO_misfit,year,A3,-122.3617,47.3951,-50.1169584501817,-15.652701,-14.07449,291.6042936552598,241.48733520507812,40706
DO_misfit,year,A3,-122.3617,47.3951,-41.09361286628803,-17.54332,-14.743103,293.3169252442177,252.2233123779297,40707
DO_misfit,year,A3,-122.3617,47.3951,-26.545110254488804,-19.620144,-15.477569,293.31345131894193,266.7683410644531,40708
DO_misfit,year,A3,-122.4999,47.3208,-39.69076737766767,-24.047161,-17.043175,245.17730912571454,205.48654174804688,40709
DO_misfit,year,A3,-122.4999,47.3208,-42.52225937257029,-23.899979,-16.991123,248.00880112061716,205.48654174804688,40710
DO_misfit,year,A3,-122.4999,47.3208,-43.91627562700839,-24.100643,-17.062088,250.23066771685214,206.31439208984375,40711
DO_misfit,year,A3,-122.4999,47.3208,-44.278722926871126,-21.490845,-16.13914,252.4524747579258,208.1737518310547,40712
DO_misfit,year,A3,-122.4999,47.3208,-44.38042949768595,-21.490845,-16.13914,252.55418132874064,208.1737518310547,40713
DO_misfit,year,A3,-122.4999,47.3208,-38.689761586191906,-20.604475,-15.825676,253.5340456438091,214.8442840576172,40714
DO_misfit,year,A3,-122.4999,47.3208,-34.60255596126126,-20.109364,-15.65058,256.9581772991519,222.35562133789062,40715
DO_misfit,year,A3,-122.4999,47.3208,-40.23921418393394,-17.668192,-14.787264,270.0818808099105,229.84266662597656,40716
DO_misfit,year,A3,-122.4999,47.3208,-39.110744848642696,-18.883207,-15.216952,274.75196494141613,235.64122009277344,40717
DO_misfit,year,A3,-122.4999,47.3208,-35.60769263709324,-16.345863,-14.319626,281.1513632913901,245.54367065429688,40718
DO_misfit,year,A3,-122.4999,47.3208,-26.71889085859675,-18.189966,-14.971788,281.49660081953425,254.7777099609375,40719
DO_misfit,year,A3,-122.4999,47.3208,-26.714993612493174,-18.189966,-14.971788,281.4927035734307,254.7777099609375,40720
DO_misfit,year,A3,-122.6329,47.183,-42.39613612544082,-22.331646,-16.436487,266.14621241938613,223.7500762939453,40721
DO_misfit,year,A3,-122.6329,47.183,-40.01960443805012,-21.657648,-16.198128,269.25950311969075,229.23989868164062,40722
DO_misfit,year,A3,-122.6329,47.183,-38.92289416758666,-21.788128,-16.244272,269.8420683619226,230.91917419433594,40723
DO_misfit,year,A3,-122.6329,47.183,-37.39388278246821,-20.594599,-15.822184,270.1178512883276,232.72396850585938,40724
DO_misfit,year,A3,-122.6329,47.183,-37.496024636389905,-20.594599,-15.822184,270.2199931422493,232.72396850585938,40725
DO_misfit,year,A3,-122.6329,47.183,-34.91066930569667,-20.404896,-15.755095,271.9093570498373,236.99868774414062,40726
DO_misfit,year,A3,-122.6329,47.183,-35.66181427352916,-18.629536,-15.127242,277.68944794052135,242.0276336669922,40727
DO_misfit,year,A3,-122.6329,47.183,-30.94244078893928,-19.211655,-15.333107,279.60740355749397,248.6649627685547,40728
DO_misfit,year,A3,-122.6329,47.183,-27.564616265109464,-16.536245,-14.386953,289.35193926315634,261.7873229980469,40729
DO_misfit,year,A3,-122.6329,47.183,-30.484807128857653,-17.30203,-14.657772,298.6086474608889,268.12384033203125,40730
DO_misfit,year,A3,-122.6329,47.183,-26.89241148217735,-19.15053,-15.311491,300.7186138747555,273.8262023925781,40731
DO_misfit,year,A3,-122.6329,47.183,-28.720187406562502,-19.15053,-15.311491,302.5463897991406,273.8262023925781,40732
DO_misfit,year,A3,-122.7862,47.1673,-34.6434177647842,-20.800611,-15.895039,266.7387546788467,232.0953369140625,40733
DO_misfit,year,A3,-122.7862,47.1673,-35.687238756777106,-20.669252,-15.848584,268.0528393427146,232.3656005859375,40734
DO_misfit,year,A3,-122.7862,47.1673,-34.614219798326985,-20.152164,-15.665716,270.3526231186395,235.7384033203125,40735
DO_misfit,year,A3,-122.7862,47.1673,-32.865395650259416,-19.711056,-15.50972,273.88031874596254,241.01492309570312,40736
DO_misfit,year,A3,-122.7862,47.1673,-32.8663832096064,-19.711056,-15.50972,273.8813063053095,241.01492309570312,40737
DO_misfit,year,A3,-122.7862,47.1673,-28.527185847474698,-18.867949,-15.211556,275.0845894119278,246.55740356445312,40738
DO_misfit,year,A3,-122.7862,47.1673,-32.01619766738463,-17.201147,-14.622095,290.9299855091815,258.9137878417969,40739
DO_misfit,year,A3,-122.7862,47.1673,-32.314938950925125,-17.201147,-14.622095,291.228726792722,258.9137878417969,40740
DO_misfit,year,A3,-122.7862,47.1673,-18.54491515862128,-17.871052,-14.859005,296.29610534416815,277.7511901855469,40741
DO_misfit,year,A3,-122.7862,47.1673,-18.23812490815652,-17.871052,-14.859005,295.9893150937034,277.7511901855469,40742
DO_misfit,year,A3,-122.7862,47.1673,-8.269058636151158,-21.788593,-16.244436,298.21739237638553,289.9483337402344,40743
DO_misfit,year,A3,-122.7862,47.1673,-9.09538029263473,-21.788593,-16.244436,299.0437140328691,289.9483337402344,40744
DO_misfit,year,A3,-122.7085,47.2776,-37.33084513316447,-20.578527,-15.8165,253.47093607554729,216.1400909423828,40745
DO_misfit,year,A3,-122.7085,47.2776,-37.33053413329597,-20.578527,-15.8165,253.47062507567878,216.1400909423828,40746
DO_misfit,year,A3,-122.7085,47.2776,-34.66770167802983,-20.758476,-15.880138,253.34514613603764,218.6774444580078,40747
DO_misfit,year,A3,-122.7085,47.2776,-32.314933864855334,-20.242588,-15.697695,259.9457627222772,227.63082885742188,40748
DO_misfit,year,A3,-122.7085,47.2776,-32.826010177298826,-20.242588,-15.697695,260.4568390347207,227.63082885742188,40749
DO_misfit,year,A3,-122.7085,47.2776,-53.98859557134165,-20.101484,-15.647794,291.2812896631385,237.29269409179688,40750
DO_misfit,year,A3,-122.7085,47.2776,-64.91242827439157,-19.08358,-15.287813,310.8728622343525,245.96043395996094,40751
DO_misfit,year,A3,-122.7085,47.2776,-91.13284779200512,-17.190125,-14.6181965,356.491703993177,265.3588562011719,40752
DO_misfit,year,A3,-122.7085,47.2776,-85.53653184198146,-22.453913,-16.479725,373.11856309198146,287.58203125,40753
DO_misfit,year,A3,-122.7085,47.2776,-88.09398156493006,-22.453913,-16.479725,375.67601281493006,287.58203125,40754
DO_misfit,year,A3,-122.7085,47.2776,-88.66365604613179,-35.33245,-21.034199,394.1525476476943,305.4888916015625,40755
DO_misfit,year,A3,-122.7085,47.2776,-86.82400190102555,-35.33245,-21.034199,392.31289350258805,305.4888916015625,40756
DO_misfit,year,A3,-122.3023,48.0151,-10.842953092992474,-11.722233,-12.684486,162.28673971408622,151.44378662109375,40757
DO_misfit,year,A3,-122.3023,48.0151,-15.211325181130832,-11.960826,-12.768865,166.65511180222458,151.44378662109375,40758
DO_misfit,year,A3,-122.3023,48.0151,-27.09687375350245,-11.733765,-12.688564,189.51052426619776,162.4136505126953,40759
DO_misfit,year,A3,-122.3023,48.0151,-5.046647388021171,-3.1028082,-9.636243,201.13101323274773,196.08436584472656,40760
DO_misfit,year,A3,-122.3023,48.0151,6.815401734996385,5.987177,-6.421586,209.1822026351208,215.9976043701172,40761
DO_misfit,year,A3,-122.3023,48.0151,7.018363297657743,5.987177,-6.421586,208.97924107245944,215.9976043701172,40762
DO_misfit,year,A3,-122.3023,48.0151,27.451047956937828,8.438919,-5.554532,230.69735902548405,258.1484069824219,40763
DO_misfit,year,A3,-122.3023,48.0151,28.270020490891483,8.438919,-5.554532,229.8783864915304,258.1484069824219,40764
DO_misfit,year,A3,-122.3023,48.0151,-61.08433900541189,-36.914406,-21.593653,397.918598038615,336.8342590332031,40765
DO_misfit,year,A3,-122.3023,48.0151,-67.41735431883495,-36.914406,-21.593653,404.2516133520381,336.8342590332031,40766
DO_misfit,year,A3,-122.3023,48.0151,-33.45701913410852,-26.401215,-17.875683,396.03337411457727,362.57635498046875,40767
DO_misfit,year,A3,-122.3023,48.0151,-34.26691609086413,-26.626999,-17.95553,396.8432710713329,362.57635498046875,40768
DO_misfit,year,A3,-122.4872,48.1073,-27.4421475797935,-21.045555,-15.981663,162.81693395674662,135.37478637695312,40769
DO_misfit,year,A3,-122.4872,48.1073,-27.23812444907469,-21.045555,-15.981663,162.61291082602781,135.37478637695312,40770
DO_misfit,year,A3,-122.4872,48.1073,-22.52425585767523,-13.053267,-13.155205,166.24178515455023,143.717529296875,40771
DO_misfit,year,A3,-122.4872,48.1073,-6.249936709101803,-7.8680964,-11.321478,171.11878741710962,164.8688507080078,40772
DO_misfit,year,A3,-122.4872,48.1073,0.7375333497508336,-2.5201151,-9.430175,185.40133688950698,186.1388702392578,40773
DO_misfit,year,A3,-122.4872,48.1073,16.886146703883213,-3.2520163,-9.689011,189.67176040060897,206.5579071044922,40774
DO_misfit,year,A3,-122.4872,48.1073,17.19299797948682,-3.2520163,-9.689011,189.36490912500537,206.5579071044922,40775
DO_misfit,year,A3,-122.4872,48.1073,20.255136655295416,0.0539513,-8.51986,229.32996161130615,249.58509826660156,40776
DO_misfit,year,A3,-122.4872,48.1073,21.076705289463348,0.0539513,-8.51986,228.50839297713821,249.58509826660156,40777
DO_misfit,year,A3,-122.4872,48.1073,-16.332962851441437,-34.82937,-20.856283,368.3395241307383,352.0065612792969,40778
DO_misfit,year,A3,-122.4872,48.1073,-62.542258990622656,-46.14631,-24.8585,425.9550092347633,363.4127502441406,40779
DO_misfit,year,A3,-122.4872,48.1073,-62.75115979557796,-46.14631,-24.8585,426.1639100397186,363.4127502441406,40780
DO_misfit,year,A3,-122.3672,47.8849,-47.39823354484864,-30.581654,-19.354088,185.4447575927002,138.04652404785156,40781
DO_misfit,year,A3,-122.3672,47.8849,-51.77874962911886,-30.378925,-19.282393,193.03570763693136,141.2569580078125,40782
DO_misfit,year,A3,-122.3672,47.8849,-45.815235203055835,-29.930862,-19.123936,193.6063881571574,147.79115295410156,40783
DO_misfit,year,A3,-122.3672,47.8849,-24.21280499746527,-25.943766,-17.713905,181.5957243089887,157.38291931152344,40784
DO_misfit,year,A3,-122.3672,47.8849,-15.66907909527481,-19.767607,-15.529718,198.00556591168106,182.33648681640625,40785
DO_misfit,year,A3,-122.3672,47.8849,-9.473869372747941,-11.700509,-12.676804,210.63394932880263,201.1600799560547,40786
DO_misfit,year,A3,-122.3672,47.8849,-17.326407032970366,-11.3841,-12.564907,232.56500871754068,215.2386016845703,40787
DO_misfit,year,A3,-122.3672,47.8849,-17.020432012832543,-11.3841,-12.564907,232.25903369740286,215.2386016845703,40788
DO_misfit,year,A3,-122.3672,47.8849,5.053765326779825,-6.166803,-10.719819,232.8532018363061,237.90696716308594,40789
DO_misfit,year,A3,-122.3672,47.8849,32.45330314088483,4.8498297,-6.823807,239.06152840208392,271.51483154296875,40790
DO_misfit,year,A3,-122.3672,47.8849,33.497801410412876,-3.6350117,-9.824455,279.30972422435275,312.8075256347656,40791
DO_misfit,year,A3,-122.3672,47.8849,34.10204523979928,-3.6350117,-9.824455,278.70548039496634,312.8075256347656,40792
DO_misfit,year,A3,-122.4428,47.5523,-47.817563308013945,-31.662094,-19.736183,188.80914045645144,140.9915771484375,40793
DO_misfit,year,A3,-122.4428,47.5523,-41.199218045412294,-31.558363,-19.699497,184.26348806494354,143.06427001953125,40794
DO_misfit,year,A3,-122.4428,47.5523,-42.02896603913047,-31.388687,-19.639492,186.08882626862265,144.0598602294922,40795
DO_misfit,year,A3,-122.4428,47.5523,-38.40284113767157,-31.6941,-19.747501,183.80877070310126,145.4059295654297,40796
DO_misfit,year,A3,-122.4428,47.5523,-33.1067792421519,-29.973564,-19.139038,182.7582227235972,149.6514434814453,40797
DO_misfit,year,A3,-122.4428,47.5523,-27.94835142949836,-28.389416,-18.578806,186.1024651990296,158.15411376953125,40798
DO_misfit,year,A3,-122.4428,47.5523,-28.48506038301926,-22.795465,-16.600515,205.45957820528488,176.97451782226562,40799
DO_misfit,year,A3,-122.4428,47.5523,-53.882255033843876,-15.567359,-14.044309,246.9790110152892,193.0967559814453,40800
DO_misfit,year,A3,-122.4428,47.5523,-32.53644495174254,-13.210596,-13.210844,247.3759377495941,214.83949279785156,40801
DO_misfit,year,A3,-122.4428,47.5523,18.022267508002614,11.438784,-4.493635,248.4879863982474,266.51025390625,40802
DO_misfit,year,A3,-122.4428,47.5523,28.1365404492949,20.811642,-1.1789412,270.173731767502,298.3102722167969,40803
DO_misfit,year,A3,-122.4428,47.5523,39.40271469160524,26.946531,0.99065113,270.162776031051,309.56549072265625,40804
DO_misfit,year,A3,-122.5521,48.2413,-9.649082979735226,-12.644894,-13.010784,142.7118728967274,133.0627899169922,40805
DO_misfit,year,A3,-122.5521,48.2413,-9.536016572987648,-4.5210676,-10.137808,153.42166720775327,143.88565063476562,40806
DO_misfit,year,A3,-122.5521,48.2413,-2.246912947282368,4.334819,-7.0059395,169.75049876271206,167.5035858154297,40807
DO_misfit,year,A3,-122.5521,48.2413,-3.1675289497759707,4.334819,-7.0059395,170.67111476520566,167.5035858154297,40808
DO_misfit,year,A3,-122.5521,48.2413,-0.7298856738285906,2.8726492,-7.523033,177.29017314941453,176.56028747558594,40809
DO_misfit,year,A3,-122.5521,48.2413,0.39427699519936255,2.8726492,-7.523033,176.16601048038657,176.56028747558594,40810
DO_misfit,year,A3,-122.5521,48.2413,-6.932119607226582,-4.0431905,-9.968807,236.31352829863283,229.38140869140625,40811
DO_misfit,year,A3,-122.5521,48.2413,-3.563227501924672,-4.0431905,-9.968807,232.94463619333092,229.38140869140625,40812
DO_misfit,year,A3,-122.5521,48.2413,-101.18102904331323,-57.709778,-28.947899,362.6171252347195,261.43609619140625,40813
DO_misfit,year,A3,-122.5521,48.2413,-76.90860195965251,-57.709778,-28.947899,338.34469815105876,261.43609619140625,40814
DO_misfit,year,A3,-122.5521,48.2413,-153.6064881082853,-83.880936,-38.20328,448.16453254187905,294.55804443359375,40815
DO_misfit,year,A3,-122.5521,48.2413,-150.39023251077032,-83.880936,-38.20328,444.94827694436407,294.55804443359375,40816
DO_misfit,year,A3,-122.6176,47.9796,-64.51736794173542,-24.550856,-17.221306,200.54164467513385,136.02427673339844,40817
DO_misfit,year,A3,-122.6176,47.9796,-50.21127360517852,-22.005001,-16.320969,212.02429240400664,161.81301879882812,40818
DO_misfit,year,A3,-122.6176,47.9796,-36.35284927302203,-17.26729,-14.645487,217.69472244196734,181.3418731689453,40819
DO_misfit,year,A3,-122.6176,47.9796,-36.35288803197989,-17.26729,-14.645487,217.6947612009252,181.3418731689453,40820
DO_misfit,year,A3,-122.6176,47.9796,-24.673932103593074,-13.169859,-13.196438,225.72929099031182,201.05535888671875,40821
DO_misfit,year,A3,-122.6176,47.9796,-24.36708586549696,-13.169859,-13.196438,225.4224447522157,201.05535888671875,40822
DO_misfit,year,A3,-122.6176,47.9796,-5.755335522897042,-9.855327,-12.024259,229.57335920453767,223.81802368164062,40823
DO_misfit,year,A3,-122.6176,47.9796,-6.060449210438918,-9.855327,-12.024259,229.87847289207954,223.81802368164062,40824
DO_misfit,year,A3,-122.6176,47.9796,-10.810366284142447,-6.648435,-10.890147,258.4287439696893,247.61837768554688,40825
DO_misfit,year,A3,-122.6176,47.9796,-10.90985063613914,-6.648435,-10.890147,258.528228321686,247.61837768554688,40826
DO_misfit,year,A3,-122.6176,47.9796,7.636231261574608,-3.011148,-9.603827,267.46749798647227,275.1037292480469,40827
DO_misfit,year,A3,-122.6176,47.9796,6.9133806375664335,-3.011148,-9.603827,268.19034861048044,275.1037292480469,40828
DO_misfit,year,A3,-122.6026,47.8955,-42.95505494005988,-28.903841,-18.76073,188.1063305748255,145.15127563476562,40829
DO_misfit,year,A3,-122.6026,47.8955,-42.95507914270547,-28.903841,-18.76073,188.1063547774711,145.15127563476562,40830
DO_misfit,year,A3,-122.6026,47.8955,-45.15538454043639,-28.903841,-18.76073,190.306660175202,145.15127563476562,40831
DO_misfit,year,A3,-122.6026,47.8955,-46.6852469809499,-26.697453,-17.980446,192.2948203452077,145.6095733642578,40832
DO_misfit,year,A3,-122.6026,47.8955,-63.19581523599666,-25.240479,-17.46519,218.51478496255916,155.3189697265625,40833
DO_misfit,year,A3,-122.6026,47.8955,-48.658780874134834,-14.735294,-13.750051,226.1467874659317,177.48800659179688,40834
DO_misfit,year,A3,-122.6026,47.8955,-28.02302570895762,-13.198004,-13.20639,224.8774416025123,196.8544158935547,40835
DO_misfit,year,A3,-122.6026,47.8955,-28.023237436676766,-13.198004,-13.20639,224.87765333023145,196.8544158935547,40836
DO_misfit,year,A3,-122.6026,47.8955,-23.607620456454413,-3.5683448,-9.8008795,254.6774141576263,231.06979370117188,40837
DO_misfit,year,A3,-122.6026,47.8955,-3.9821660442866573,-8.18648,-11.434074,275.47362112241166,271.491455078125,40838
DO_misfit,year,A3,-122.6026,47.8955,5.378312404241058,-7.419714,-11.162909,284.74827450982144,290.1265869140625,40839
DO_misfit,year,A3,-122.6026,47.8955,4.969769473900442,-7.419714,-11.162909,285.15681744016206,290.1265869140625,40840
DO_misfit,year,A3,-122.8643,48.1933,-55.862849111540356,-38.524548,-22.163076,133.30159270284895,77.4387435913086,40841
DO_misfit,year,A3,-122.8643,48.1933,-66.27055956584871,-31.055193,-19.521553,166.88419176799715,100.61363220214844,40842
DO_misfit,year,A3,-122.8643,48.1933,-47.124751978785014,-18.19174,-14.972416,185.12202065554283,137.9972686767578,40843
DO_misfit,year,A3,-122.8643,48.1933,-46.81808516505569,-18.19174,-14.972416,184.8153538418135,137.9972686767578,40844
DO_misfit,year,A3,-122.8643,48.1933,-38.0339757352769,-20.026346,-15.621222,192.14229787883158,154.1083221435547,40845
DO_misfit,year,A3,-122.8643,48.1933,-38.338138007057665,-20.026346,-15.621222,192.44646015061235,154.1083221435547,40846
DO_misfit,year,A3,-122.8643,48.1933,-46.91914960857011,-16.695107,-14.443134,212.61577436442948,165.69662475585938,40847
DO_misfit,year,A3,-122.8643,48.1933,-42.200039671979994,-17.330265,-14.667757,212.818447875105,170.618408203125,40848
DO_misfit,year,A3,-122.8643,48.1933,-37.81136458705106,-20.456059,-15.773189,222.50682967494168,184.69546508789062,40849
DO_misfit,year,A3,-122.8643,48.1933,-40.81073824787268,-21.900906,-16.284157,222.60897128009924,181.79823303222656,40850
DO_misfit,year,A3,-122.8643,48.1933,-34.56883631437472,-19.840393,-15.55546,224.6449776717966,190.07614135742188,40851
DO_misfit,year,A3,-122.8643,48.1933,-34.67131439500926,-19.840393,-15.55546,224.74745575243114,190.07614135742188,40852
DO_misfit,year,A3,-123.0203,48.2717,-56.40864079556951,-39.02293,-22.339329,121.46097844205389,65.05233764648438,40853
DO_misfit,year,A3,-123.0203,48.2717,-51.4405137150935,-36.4064,-21.413998,124.01057444507397,72.57006072998047,40854
DO_misfit,year,A3,-123.0203,48.2717,-66.4059598127343,-22.308771,-16.428396,172.46534701976555,106.05938720703125,40855
DO_misfit,year,A3,-123.0203,48.2717,-45.45634860135644,-17.91387,-14.874147,206.22214144803613,160.7657928466797,40856
DO_misfit,year,A3,-123.0203,48.2717,-39.401261424210674,-17.432674,-14.703974,214.76057538905442,175.35931396484375,40857
DO_misfit,year,A3,-123.0203,48.2717,-38.68634197260539,-16.804682,-14.481886,214.04565593744914,175.35931396484375,40858
DO_misfit,year,A3,-123.0203,48.2717,-24.572004322095268,-17.003822,-14.552311,219.42504692463433,194.85304260253906,40859
DO_misfit,year,A3,-123.0203,48.2717,-24.366719433937874,-17.495834,-14.726311,219.21976203647694,194.85304260253906,40860
DO_misfit,year,A3,-123.0203,48.2717,-20.946480282566284,-15.303079,-13.950846,221.97020769955847,201.0237274169922,40861
DO_misfit,year,A3,-123.0203,48.2717,-20.84362244068788,-15.603694,-14.057158,221.86734985768007,201.0237274169922,40862
DO_misfit,year,A3,-123.0203,48.2717,-19.610510810074686,-15.591484,-14.052841,224.9210119087075,205.3105010986328,40863
DO_misfit,year,A3,-123.0203,48.2717,-24.78284960033281,-17.71585,-14.804119,227.88869982005937,203.10585021972656,40864
DO_misfit,year,A3,-122.7166,48.3691,-48.91731932328807,-35.509136,-21.096682,140.02246000932323,91.10514068603516,40865
DO_misfit,year,A3,-122.7166,48.3691,-50.04611504063507,-36.171753,-21.331017,138.7998076675882,88.75369262695312,40866
DO_misfit,year,A3,-122.7166,48.3691,-54.98556413374641,-24.323856,-17.14103,161.21877946577766,106.23321533203125,40867
DO_misfit,year,A3,-122.7166,48.3691,-42.86534772904835,-18.624537,-15.125474,195.8124760249468,152.94712829589844,40868
DO_misfit,year,A3,-122.7166,48.3691,-42.66035773181005,-18.624537,-15.125474,195.6074860277085,152.94712829589844,40869
DO_misfit,year,A3,-122.7166,48.3691,-32.660612059741766,-16.658808,-14.430298,201.2898692618902,168.62925720214844,40870
DO_misfit,year,A3,-122.7166,48.3691,-32.26054942800633,-16.658808,-14.430298,200.88980663015477,168.62925720214844,40871
DO_misfit,year,A3,-122.7166,48.3691,-20.648518114484375,-17.314964,-14.662346,204.84666874925,184.19815063476562,40872
DO_misfit,year,A3,-122.7166,48.3691,-20.95457037628367,-17.314964,-14.662346,205.1527210110493,184.19815063476562,40873
DO_misfit,year,A3,-122.7166,48.3691,-11.640261785285077,-15.655385,-14.075439,204.4331847589179,192.7929229736328,40874
DO_misfit,year,A3,-122.7166,48.3691,-12.150146527358316,-15.655385,-14.075439,204.94306950099113,192.7929229736328,40875
DO_misfit,year,A3,-122.7166,48.3691,-17.416636152052433,-15.757431,-14.111527,205.4532267282243,188.03659057617188,40876
DO_misfit,year,A3,-122.4554,47.7045,-53.17850001062121,-32.344402,-19.97748,194.5139950057384,141.3354949951172,40877
DO_misfit,year,A3,-122.4554,47.7045,-52.9737139065071,-32.344402,-19.97748,194.3092089016243,141.3354949951172,40878
DO_misfit,year,A3,-122.4554,47.7045,-37.716819696366144,-31.049507,-19.519543,183.42229454988177,145.70547485351562,40879
DO_misfit,year,A3,-122.4554,47.7045,-38.08404396694803,-30.554598,-19.344519,188.0901169649949,150.00607299804688,40880
DO_misfit,year,A3,-122.4554,47.7045,-34.155038547411806,-27.632805,-18.311232,190.2033020972165,156.0482635498047,40881
DO_misfit,year,A3,-122.4554,47.7045,-22.106176676890158,-23.070124,-16.697647,194.3371184493511,172.23094177246094,40882
DO_misfit,year,A3,-122.4554,47.7045,-20.214278068138697,-14.919033,-13.815029,210.33135875661526,190.11708068847656,40883
DO_misfit,year,A3,-122.4554,47.7045,-21.562374794550152,-13.737486,-13.397177,226.86243888146421,205.30006408691406,40884
DO_misfit,year,A3,-122.4554,47.7045,7.969101580339043,6.4606166,-6.254155,256.3159631169266,264.2850646972656,40885
DO_misfit,year,A3,-122.4554,47.7045,41.47788245515801,11.963634,-4.308023,270.9984664217951,312.4763488769531,40886
DO_misfit,year,A3,-122.4554,47.7045,48.230867552569066,21.173838,-1.0508513,273.13265783805593,321.363525390625,40887
DO_misfit,year,A3,-122.4554,47.7045,48.63916762585757,21.173838,-1.0508513,272.72435776476743,321.363525390625,40888
DO_misfit,year,A3,-122.7195,47.801,-38.49116980563363,-26.147259,-17.785872,182.73738562594613,144.2462158203125,40889
DO_misfit,year,A3,-122.7195,47.801,-36.06311586580941,-25.309841,-17.48972,182.11289003573128,146.04977416992188,40890
DO_misfit,year,A3,-122.7195,47.801,-26.841127588943777,-20.800146,-15.894875,181.57776088972503,154.73663330078125,40891
DO_misfit,year,A3,-122.7195,47.801,-26.740656532058836,-20.800146,-15.894875,181.47728983284009,154.73663330078125,40892
DO_misfit,year,A3,-122.7195,47.801,-8.38581677496947,-13.642821,-13.363699,189.12093945563353,180.73512268066406,40893
DO_misfit,year,A3,-122.7195,47.801,-8.38596004931864,-13.642821,-13.363699,189.1210827299827,180.73512268066406,40894
DO_misfit,year,A3,-122.7195,47.801,-35.606537716550406,0.030752208,-8.528065,275.20381249682384,239.59727478027344,40895
DO_misfit,year,A3,-122.7195,47.801,-35.198116059373376,-0.13259156,-8.585832,274.7953908396468,239.59727478027344,40896
DO_misfit,year,A3,-122.7195,47.801,12.132135942915511,9.995824,-5.003936,284.7934316840376,296.9255676269531,40897
DO_misfit,year,A3,-122.7195,47.801,13.664490975738772,9.995824,-5.003936,283.26107665121435,296.9255676269531,40898
DO_misfit,year,A3,-122.7195,47.801,17.66379823479872,17.016253,-2.5211735,298.36311826910753,316.02691650390625,40899
DO_misfit,year,A3,-122.7195,47.801,18.074236139746574,17.016253,-2.5211735,297.9526803641597,316.02691650390625,40900
DO_misfit,year,A3,-123.1315,47.3712,-24.057095775190916,-35.38222,-21.0518,86.05920911747607,62.002113342285156,40901
DO_misfit,year,A3,-123.1315,47.3712,-7.418526691198778,-18.305222,-15.012548,87.27101997733159,79.85249328613281,40902
DO_misfit,year,A3,-123.1315,47.3712,-2.1698640706265877,-11.738078,-12.69009,84.49085558673987,82.32099151611328,40903
DO_misfit,year,A3,-123.1315,47.3712,-2.169799686884872,-11.738078,-12.69009,84.49079120299815,82.32099151611328,40904
DO_misfit,year,A3,-123.1315,47.3712,-1.2852808056874778,-10.018585,-12.081995,86.01515446291404,84.72987365722656,40905
DO_misfit,year,A3,-123.1315,47.3712,-1.1829901280203643,-10.018585,-12.081995,85.91286378524693,84.72987365722656,40906
DO_misfit,year,A3,-123.1315,47.3712,-28.410267017672908,-17.698088,-14.797837,156.90805449325885,128.49778747558594,40907
DO_misfit,year,A3,-123.1315,47.3712,-29.126260374853615,-17.698088,-14.797837,157.62404785043955,128.49778747558594,40908
DO_misfit,year,A3,-123.1315,47.3712,-76.39215749823092,-46.804043,-25.091105,390.6700810822153,314.2779235839844,40909
DO_misfit,year,A3,-123.1315,47.3712,-76.69101489911839,-46.804043,-25.091105,390.96893848310276,314.2779235839844,40910
DO_misfit,year,A3,-123.1315,47.3712,51.9171627657949,38.90922,5.2212353,328.20130647248635,380.11846923828125,40911
DO_misfit,year,A3,-123.1315,47.3712,58.37246569708856,38.90922,5.2212353,321.7460035411927,380.11846923828125,40912
DO_misfit,year,A3,-123.1079,47.4252,-21.74889284455695,-44.038246,-24.112988,69.91176134431281,48.16286849975586,40913
DO_misfit,year,A3,-123.1079,47.4252,-21.851249543813722,-44.038246,-24.112988,70.01411804356958,48.16286849975586,40914
DO_misfit,year,A3,-123.1079,47.4252,-31.94443339116563,-38.902527,-22.29675,88.51787775762071,56.57344436645508,40915
DO_misfit,year,A3,-123.1079,47.4252,-52.00805958493649,-19.5399,-15.44919,133.92524250729977,81.91718292236328,40916
DO_misfit,year,A3,-123.1079,47.4252,30.51402857797767,-6.9919147,-11.011619,109.65381810170983,140.1678466796875,40917
DO_misfit,year,A3,-123.1079,47.4252,35.69285782887113,-5.7430773,-10.569969,115.56367293284762,151.25653076171875,40918
DO_misfit,year,A3,-123.1079,47.4252,-302.6639821016043,-72.191,-34.069157,484.1212880098074,181.45730590820312,40919
DO_misfit,year,A3,-123.1079,47.4252,-302.9748044247017,-72.191,-34.069157,484.4321103329048,181.45730590820312,40920
DO_misfit,year,A3,-123.1079,47.4252,-48.02678267620365,-40.063824,-22.70744,360.6554142680005,312.6286315917969,40921
DO_misfit,year,A3,-123.1079,47.4252,-46.60188720335509,-40.063824,-22.70744,359.23051879515197,312.6286315917969,40922
DO_misfit,year,A3,-123.1079,47.4252,70.53012150309098,42.146362,6.366044,293.76995784261214,364.3000793457031,40923
DO_misfit,year,A3,-123.1079,47.4252,71.13855460984246,42.146362,6.366044,293.16152473586067,364.3000793457031,40924
DO_misfit,year,A3,-123.0084,47.5465,-16.508327979278093,-43.354893,-23.871319,75.04212238235426,58.53379440307617,40925
DO_misfit,year,A3,-123.0084,47.5465,-28.476379491793097,-43.354893,-23.871319,87.01017389486927,58.53379440307617,40926
DO_misfit,year,A3,-123.0084,47.5465,-51.94247460109976,-44.932823,-24.429352,111.76433205349234,59.82185745239258,40927
DO_misfit,year,A3,-123.0084,47.5465,-62.7815242940525,-46.250923,-24.895496,127.71191369834938,64.93038940429688,40928
DO_misfit,year,A3,-123.0084,47.5465,-62.8838772957037,-46.250923,-24.895496,127.81426670000057,64.93038940429688,40929
DO_misfit,year,A3,-123.0084,47.5465,-51.54079524584097,-27.89605,-18.404327,146.6093606144933,95.06856536865234,40930
DO_misfit,year,A3,-123.0084,47.5465,-51.540706248417195,-27.89605,-18.404327,146.60927161706954,95.06856536865234,40931
DO_misfit,year,A3,-123.0084,47.5465,-0.35679555603474,-8.750452,-11.633522,146.27032399841755,145.9135284423828,40932
DO_misfit,year,A3,-123.0084,47.5465,43.5468927741708,-7.4151583,-11.161298,153.294858324462,196.8417510986328,40933
DO_misfit,year,A3,-123.0084,47.5465,73.03573592628689,18.548187,-1.9794078,254.29708878074436,327.33282470703125,40934
DO_misfit,year,A3,-123.0084,47.5465,41.82677647304382,45.748642,7.639984,333.0443783121124,374.87115478515625,40935
DO_misfit,year,A3,-123.0084,47.5465,74.60836281345547,50.45669,9.304977,297.38873801662265,371.9971008300781,40936
DO_misfit,year,A3,-122.9404,47.6062,-19.113596488554677,-42.773186,-23.6656,81.91346602590819,62.799869537353516,40937
DO_misfit,year,A3,-122.9404,47.6062,-29.38333099053908,-42.687866,-23.635426,92.14134185479689,62.75801086425781,40938
DO_misfit,year,A3,-122.9404,47.6062,-37.17156449955067,-43.379044,-23.87986,101.0294593970116,63.85789489746094,40939
DO_misfit,year,A3,-122.9404,47.6062,-54.25174566495073,-42.35475,-23.51762,129.1460022567476,74.89425659179688,40940
DO_misfit,year,A3,-122.9404,47.6062,-42.434088900101386,-25.609835,-17.595812,144.36196060420295,101.92787170410156,40941
DO_misfit,year,A3,-122.9404,47.6062,-42.33174813926516,-25.609835,-17.595812,144.25961984336672,101.92787170410156,40942
DO_misfit,year,A3,-122.9404,47.6062,-10.094986071080143,-12.821676,-13.073303,154.15209971854108,144.05711364746094,40943
DO_misfit,year,A3,-122.9404,47.6062,13.82117159679072,-5.547665,-10.500862,158.5288345067249,172.35000610351562,40944
DO_misfit,year,A3,-122.9404,47.6062,13.923319460659968,-5.547665,-10.500862,158.42668664285566,172.35000610351562,40945
DO_misfit,year,A3,-122.9404,47.6062,74.38556810865003,17.253887,-2.4371347,230.20119336595934,304.5867614746094,40946
DO_misfit,year,A3,-122.9404,47.6062,25.5442789608652,43.538692,6.8584394,364.1793843692129,389.7236633300781,40947
DO_misfit,year,A3,-122.9404,47.6062,67.76705666094125,50.878765,9.454243,294.04104880780875,361.80810546875,40948
DO_misfit,year,A3,-122.8605,47.6613,-18.32657585946062,-38.919346,-22.302696,92.13479576912859,73.80821990966797,40949
DO_misfit,year,A3,-122.8605,47.6613,-53.64627595637097,-38.126785,-22.022408,136.81944032404675,83.17316436767578,40950
DO_misfit,year,A3,-122.8605,47.6613,-40.97727974991301,-27.01243,-18.091837,151.3219300184677,110.34465026855469,40951
DO_misfit,year,A3,-122.8605,47.6613,-7.5961784801280885,-13.465816,-13.301102,152.31442494008903,144.71824645996094,40952
DO_misfit,year,A3,-122.8605,47.6613,-7.800613328437777,-13.465816,-13.301102,152.51885978839871,144.71824645996094,40953
DO_misfit,year,A3,-122.8605,47.6613,10.029303881957674,-10.633611,-12.299498,159.54450288073764,169.5738067626953,40954
DO_misfit,year,A3,-122.8605,47.6613,35.49753648265005,15.070632,-3.209239,269.5176612712562,305.01519775390625,40955
DO_misfit,year,A3,-122.8605,47.6613,34.271631088099355,15.070632,-3.209239,270.7435666658069,305.01519775390625,40956
DO_misfit,year,A3,-122.8605,47.6613,11.839790926197793,36.293324,4.2961273,370.5944131753647,382.4342041015625,40957
DO_misfit,year,A3,-122.8605,47.6613,12.550967838101371,36.293324,4.2961273,369.88323626346113,382.4342041015625,40958
DO_misfit,year,A3,-122.8605,47.6613,72.43179161295228,47.903862,8.402174,299.00024574056334,371.4320373535156,40959
DO_misfit,year,A3,-122.8605,47.6613,71.68411872506869,47.903862,8.402174,299.74791862844694,371.4320373535156,40960
DO_misfit,year,A3,-122.7606,47.7367,-68.09587973897123,-31.641432,-19.728874,176.74060172383452,108.64472198486328,40961
DO_misfit,year,A3,-122.7606,47.7367,-66.95131080685451,-29.226942,-18.874996,175.5960327917178,108.64472198486328,40962
DO_misfit,year,A3,-122.7606,47.7367,-37.77246022668032,-26.71095,-17.98522,171.16140675988345,133.38894653320312,40963
DO_misfit,year,A3,-122.7606,47.7367,-38.74283115999208,-19.536682,-15.448052,192.86525242464052,154.12242126464844,40964
DO_misfit,year,A3,-122.7606,47.7367,-74.14860725480412,-14.790203,-13.769468,251.51884651261662,177.3702392578125,40965
DO_misfit,year,A3,-122.7606,47.7367,-74.14658672326672,-14.790203,-13.769468,251.51682598107922,177.3702392578125,40966
DO_misfit,year,A3,-122.7606,47.7367,-49.315440931235344,1.3967237,-8.0449915,286.7044484995947,237.38900756835938,40967
DO_misfit,year,A3,-122.7606,47.7367,-48.705062532724355,1.3967237,-8.0449915,286.09407010108373,237.38900756835938,40968
DO_misfit,year,A3,-122.7606,47.7367,-9.37058091753903,16.13806,-2.8317451,313.1304380952734,303.7598571777344,40969
DO_misfit,year,A3,-122.7606,47.7367,-8.458070351054175,16.13806,-2.8317451,312.21792752878855,303.7598571777344,40970
DO_misfit,year,A3,-122.7606,47.7367,22.701290078040586,24.989738,0.29863548,320.80817037117816,343.50946044921875,40971
DO_misfit,year,A3,-122.7606,47.7367,22.60142353281185,24.989738,0.29863548,320.9080369164069,343.50946044921875,40972
DO_misfit,year,A3,-122.679,48.1371,-38.55992607340127,-23.691395,-16.917358,163.63428978189737,125.0743637084961,40973
DO_misfit,year,A3,-122.679,48.1371,-20.113923236139613,-21.97127,-16.30904,175.4426585877021,155.3287353515625,40974
DO_misfit,year,A3,-122.679,48.1371,-20.804915067540747,-18.452877,-15.064767,185.42552053629075,164.62060546875,40975
DO_misfit,year,A3,-122.679,48.1371,-20.193002604108784,-18.452877,-15.064767,184.81360807285878,164.62060546875,40976
DO_misfit,year,A3,-122.679,48.1371,-8.888753085181122,-15.717089,-14.09726,190.309132723853,181.42037963867188,40977
DO_misfit,year,A3,-122.679,48.1371,-8.581990686906522,-15.717089,-14.09726,190.0023703255784,181.42037963867188,40978
DO_misfit,year,A3,-122.679,48.1371,-21.017274164177707,-13.037132,-13.149498,221.57327392003708,200.55599975585938,40979
DO_misfit,year,A3,-122.679,48.1371,-21.121187444084313,-13.037132,-13.149498,221.6771871999437,200.55599975585938,40980
DO_misfit,year,A3,-122.679,48.1371,-19.350332387038264,-11.639704,-12.6553,231.88057530696014,212.53024291992188,40981
DO_misfit,year,A3,-122.679,48.1371,-18.940592348825476,-11.639704,-12.6553,231.47083526874735,212.53024291992188,40982
DO_misfit,year,A3,-122.679,48.1371,-16.734636164743847,-10.032122,-12.086782,237.18744073017353,220.4528045654297,40983
DO_misfit,year,A3,-122.679,48.1371,-17.345596414231267,-10.032122,-12.086782,237.79840097966095,220.4528045654297,40984
DO_misfit,year,A3,-123.0222,47.3572,-49.024688150602444,-40.58221,-22.890766,76.11256160946475,27.087873458862305,40985
DO_misfit,year,A3,-123.0222,47.3572,-49.02460308547374,-40.58221,-22.890766,76.11247654433605,27.087873458862305,40986
DO_misfit,year,A3,-123.0222,47.3572,-46.757166114030795,-39.731968,-22.590078,75.38147946852298,28.624313354492188,40987
DO_misfit,year,A3,-123.0222,47.3572,-46.961813871827644,-39.731968,-22.590078,75.58612722631983,28.624313354492188,40988
DO_misfit,year,A3,-123.0222,47.3572,-18.795544862277083,-23.459488,-16.835346,64.7372486586638,45.94170379638672,40989
DO_misfit,year,A3,-123.0222,47.3572,-19.511509211542375,-23.459488,-16.835346,65.4532130079291,45.94170379638672,40990
DO_misfit,year,A3,-123.0222,47.3572,2.0448487129629456,-21.945602,-16.299963,101.50726005168549,103.55210876464844,40991
DO_misfit,year,A3,-123.0222,47.3572,1.735431687696959,-21.945602,-16.299963,101.81667707695148,103.55210876464844,40992
DO_misfit,year,A3,-123.0222,47.3572,-49.48355463279421,-44.207096,-24.172699,342.14621332420046,292.66265869140625,40993
DO_misfit,year,A3,-123.0222,47.3572,-58.894529785753036,-44.207096,-24.172699,351.5571884771593,292.66265869140625,40994
DO_misfit,year,A3,-123.0222,47.3572,55.457125866425315,31.506865,2.603405,297.0850189089653,352.5421447753906,40995
DO_misfit,year,A3,-123.0222,47.3572,55.05240746299711,31.506865,2.603405,297.4897373123935,352.5421447753906,40996
DO_misfit,year,A3,-122.4069,47.4554,-39.448147127648866,-30.686716,-19.391243,177.23788101436762,137.78973388671875,40997
DO_misfit,year,A3,-122.4069,47.4554,-31.50920010396581,-30.849688,-19.448875,170.75697232076269,139.24777221679688,40998
DO_misfit,year,A3,-122.4069,47.4554,-36.485794797611135,-30.57628,-19.352186,177.179611936283,140.69381713867188,40999
DO_misfit,year,A3,-122.4069,47.4554,-35.64681533844845,-29.459732,-18.957321,182.44166091950314,146.7948455810547,41000
DO_misfit,year,A3,-122.4069,47.4554,-35.748819491875366,-29.459732,-18.957321,182.54366507293005,146.7948455810547,41001
DO_misfit,year,A3,-122.4069,47.4554,-37.501571022179775,-27.143995,-18.138365,187.62400754561727,150.1224365234375,41002
DO_misfit,year,A3,-122.4069,47.4554,-41.856042845677365,-23.184622,-16.73814,217.80188940329455,175.9458465576172,41003
DO_misfit,year,A3,-122.4069,47.4554,-25.47112423916161,-15.157837,-13.899482,225.54187924404442,200.0707550048828,41004
DO_misfit,year,A3,-122.4069,47.4554,-11.771465438962537,-13.679241,-13.376579,229.6168633881813,217.84539794921875,41005
DO_misfit,year,A3,-122.4069,47.4554,21.444994910473895,8.102843,-5.6733847,260.557660118823,282.0026550292969,41006
DO_misfit,year,A3,-122.4069,47.4554,21.37467825745472,14.191763,-3.520049,299.7552045550453,321.1298828125,41007
DO_misfit,year,A3,-122.4069,47.4554,12.356479139469172,21.532999,-0.9238343,318.7357449816246,331.09222412109375,41008
DO_misfit,year,A3,-122.3594,47.3931,-32.89545210291479,-30.183561,-19.213303,169.95728071619604,137.06182861328125,41009
DO_misfit,year,A3,-122.3594,47.3931,-36.55890685085723,-30.183561,-19.213303,173.62073546413848,137.06182861328125,41010
DO_misfit,year,A3,-122.3594,47.3931,-34.727972648258515,-30.07983,-19.176617,174.00649132501633,139.2785186767578,41011
DO_misfit,year,A3,-122.3594,47.3931,-32.25002608695746,-30.035095,-19.160797,174.69823775687934,142.44821166992188,41012
DO_misfit,year,A3,-122.3594,47.3931,-28.984231897175874,-28.175337,-18.503098,175.397836633504,146.41360473632812,41013
DO_misfit,year,A3,-122.3594,47.3931,-25.523672914908133,-26.139894,-17.783268,179.05635724108,153.53268432617188,41014
DO_misfit,year,A3,-122.3594,47.3931,-26.556434922251498,-23.739334,-16.934313,197.083656601939,170.5272216796875,41015
DO_misfit,year,A3,-122.3594,47.3931,-22.16898470217052,-15.527488,-14.030209,221.66314058595958,199.49415588378906,41016
DO_misfit,year,A3,-122.3594,47.3931,-19.389412227470388,-15.768667,-14.115501,238.70798522551726,219.31857299804688,41017
DO_misfit,year,A3,-122.3594,47.3931,-7.644623884337534,1.1681387,-8.125831,269.43774522222816,261.7931213378906,41018
DO_misfit,year,A3,-122.3594,47.3931,22.291897059408143,15.188295,-3.1676273,311.91473746207623,334.2066345214844,41019
DO_misfit,year,A3,-122.3594,47.3931,12.80737792837806,17.149944,-2.4738936,331.0734509290438,343.8808288574219,41020
DO_misfit,year,A3,-122.4985,47.3167,-35.59020600343919,-29.716396,-19.04809,173.79790864015794,138.20770263671875,41021
DO_misfit,year,A3,-122.4985,47.3167,-38.28781687374715,-29.432152,-18.947567,178.37868296261433,140.0908660888672,41022
DO_misfit,year,A3,-122.4985,47.3167,-37.32625799917855,-29.49577,-18.970066,180.40125494742074,143.0749969482422,41023
DO_misfit,year,A3,-122.4985,47.3167,-34.38472341831729,-26.096634,-17.767967,182.83288931187198,148.4481658935547,41024
DO_misfit,year,A3,-122.4985,47.3167,-31.327623440299362,-24.026821,-17.035982,201.66624648717436,170.338623046875,41025
DO_misfit,year,A3,-122.4985,47.3167,-31.531695415916943,-24.026821,-17.035982,201.87031846279194,170.338623046875,41026
DO_misfit,year,A3,-122.4985,47.3167,-17.546828549006932,-16.686182,-14.439979,211.86079339275693,194.31396484375,41027
DO_misfit,year,A3,-122.4985,47.3167,-5.823180895313044,-17.11642,-14.592132,221.14488194511773,215.3217010498047,41028
DO_misfit,year,A3,-122.4985,47.3167,-3.3394263833135938,-6.503884,-10.839027,257.48113475733703,254.14170837402344,41029
DO_misfit,year,A3,-122.4985,47.3167,-20.995655079887058,2.9015265,-7.5128207,345.91582109551206,324.920166015625,41030
DO_misfit,year,A3,-122.4985,47.3167,-53.721860688446384,7.0237036,-6.0550203,405.37881259274326,351.6569519042969,41031
DO_misfit,year,A3,-122.4985,47.3167,-53.819089350170486,7.0237036,-6.0550203,405.47604125446736,351.6569519042969,41032
DO_misfit,year,A3,-122.6323,47.182,-24.066752991996566,-22.30702,-16.427778,217.3878284314497,193.32107543945312,41033
DO_misfit,year,A3,-122.6323,47.182,-19.105089920252425,-21.13102,-16.011887,216.41290547201024,197.3078155517578,41034
DO_misfit,year,A3,-122.6323,47.182,-25.912403549398817,-21.3419,-16.086464,225.28532835408632,199.3729248046875,41035
DO_misfit,year,A3,-122.6323,47.182,-28.88805385131718,-18.365082,-15.033718,230.77330775756718,201.88525390625,41036
DO_misfit,year,A3,-122.6323,47.182,-29.09381689995311,-18.365082,-15.033718,230.9790708062031,201.88525390625,41037
DO_misfit,year,A3,-122.6323,47.182,-32.00614389094437,-18.477707,-15.073547,241.66216500910843,209.65602111816406,41038
DO_misfit,year,A3,-122.6323,47.182,-24.365591635671308,-16.636393,-14.422371,244.89015828606193,220.52456665039062,41039
DO_misfit,year,A3,-122.6323,47.182,-19.56863823920881,-12.550424,-12.977375,247.01923028022443,227.45059204101562,41040
DO_misfit,year,A3,-122.6323,47.182,-16.30922868152078,-10.789458,-12.354612,261.28621842761453,244.97698974609375,41041
DO_misfit,year,A3,-122.6323,47.182,-9.287642083549827,-4.125437,-9.997893,270.6721025327686,261.38446044921875,41042
DO_misfit,year,A3,-122.6323,47.182,-3.50205880313689,-2.5615082,-9.444813,284.53797799259,281.0359191894531,41043
DO_misfit,year,A3,-122.6323,47.182,-3.0940374017290537,-2.5615082,-9.444813,284.1299565911822,281.0359191894531,41044
DO_misfit,year,A3,-122.7852,47.1671,-38.78508553286619,-20.178503,-15.675032,234.12784371157713,195.34275817871094,41045
DO_misfit,year,A3,-122.7852,47.1671,-38.17963523951897,-19.80839,-15.544142,234.32369346705804,196.14405822753906,41046
DO_misfit,year,A3,-122.7852,47.1671,-34.89219672279546,-19.489742,-15.431452,239.49682623939702,204.60462951660156,41047
DO_misfit,year,A3,-122.7852,47.1671,-31.132661992214224,-18.591694,-15.113859,244.37121790041735,213.23855590820312,41048
DO_misfit,year,A3,-122.7852,47.1671,-31.745161250964685,-18.591694,-15.113859,244.9837171591678,213.23855590820312,41049
DO_misfit,year,A3,-122.7852,47.1671,-27.379134541220992,-13.191104,-13.203951,252.721907978721,225.3427734375,41050
DO_misfit,year,A3,-122.7852,47.1671,-6.572871449446836,-4.0262413,-9.962813,261.46332860276715,254.8904571533203,41051
DO_misfit,year,A3,-122.7852,47.1671,-6.368625843011159,-4.0262413,-9.962813,261.2590829963315,254.8904571533203,41052
DO_misfit,year,A3,-122.7852,47.1671,-14.765220634163995,0.9474928,-8.203861,293.26592253846087,278.5007019042969,41053
DO_misfit,year,A3,-122.7852,47.1671,-14.765740356992751,0.9474928,-8.203861,293.2664422612896,278.5007019042969,41054
DO_misfit,year,A3,-122.7852,47.1671,-8.981837877579153,0.99189097,-8.18816,293.9714008658604,284.98956298828125,41055
DO_misfit,year,A3,-122.7852,47.1671,-9.28827088751575,0.99189097,-8.18816,294.277833875797,284.98956298828125,41056
DO_misfit,year,A3,-122.7089,47.2769,-24.426371294915867,-19.089119,-15.289772,201.02607222265024,176.59970092773438,41057
DO_misfit,year,A3,-122.7089,47.2769,-24.119648673415753,-19.089119,-15.289772,200.71934960115013,176.59970092773438,41058
DO_misfit,year,A3,-122.7089,47.2769,-24.213670322945916,-19.089119,-15.289772,201.22357327704748,177.00990295410156,41059
DO_misfit,year,A3,-122.7089,47.2769,-33.87525324373516,-17.894762,-14.867391,217.54302362947735,183.6677703857422,41060
DO_misfit,year,A3,-122.7089,47.2769,-33.97735230017011,-17.894762,-14.867391,217.6451226859123,183.6677703857422,41061
DO_misfit,year,A3,-122.7089,47.2769,-29.869148430464037,-16.022999,-14.205444,223.44664782011247,193.57749938964844,41062
DO_misfit,year,A3,-122.7089,47.2769,-26.192335844367847,-17.031355,-14.562048,235.88744998011003,209.6951141357422,41063
DO_misfit,year,A3,-122.7089,47.2769,-10.604789095580855,-12.766612,-13.053829,241.48979886120586,230.885009765625,41064
DO_misfit,year,A3,-122.7089,47.2769,-131.71851720057748,-10.16759,-12.13469,418.81187047206186,287.0933532714844,41065
DO_misfit,year,A3,-122.7089,47.2769,-132.53923702410748,-10.16759,-12.13469,419.63259029559185,287.0933532714844,41066
DO_misfit,year,A3,-122.7089,47.2769,-30.997131952249333,0.8959891,-8.222075,373.8210455264681,342.82391357421875,41067
DO_misfit,year,A3,-122.7089,47.2769,-29.874699968989773,0.8959891,-8.222075,372.6986135432085,342.82391357421875,41068
DO_misfit,year,A3,-123.0574,47.4899,-13.774420312869651,-44.221375,-24.17775,65.31901030920754,51.54458999633789,41069
DO_misfit,year,A3,-123.0574,47.4899,-20.623197422445074,-44.221375,-24.17775,72.16778741878296,51.54458999633789,41070
DO_misfit,year,A3,-123.0574,47.4899,-50.944611951855336,-44.98633,-24.448273,105.52100126459948,54.57638931274414,41071
DO_misfit,year,A3,-123.0574,47.4899,-61.40078796673974,-45.20919,-24.527088,120.8567701749917,59.45598220825195,41072
DO_misfit,year,A3,-123.0574,47.4899,-61.605345659318715,-45.20919,-24.527088,121.06132786757067,59.45598220825195,41073
DO_misfit,year,A3,-123.0574,47.4899,-47.03130013287699,-25.704004,-17.629116,142.9281278306309,95.8968276977539,41074
DO_misfit,year,A3,-123.0574,47.4899,-5.849429751074666,-6.7397585,-10.922443,139.92665448251998,134.0772247314453,41075
DO_misfit,year,A3,-123.0574,47.4899,58.40086941601477,-4.0895953,-9.985218,116.99283785937585,175.39370727539062,41076
DO_misfit,year,A3,-123.0574,47.4899,-174.5448268497649,-17.87711,-14.861148,444.66051898843676,270.1156921386719,41077
DO_misfit,year,A3,-123.0574,47.4899,59.65271326829031,35.612328,4.055295,302.7470975227253,362.3998107910156,41078
DO_misfit,year,A3,-123.0574,47.4899,80.30572568571182,45.415268,7.522087,294.84988344514755,375.1556091308594,41079
DO_misfit,year,A3,-123.0574,47.4899,79.49203838054501,45.415268,7.522087,295.66357075031436,375.1556091308594,41080
DO_misfit,year,A3,-122.45264,47.70974,-43.88391964781283,-27.344706,-18.209347,181.55530636656283,137.67138671875,41081
DO_misfit,year,A3,-122.45264,47.70974,-43.78160844919884,-27.344706,-18.209347,181.45299516794884,137.67138671875,41082
DO_misfit,year,A3,-122.45264,47.70974,-39.26330690193544,-25.312435,-17.490637,181.12376527595887,141.86045837402344,41083
DO_misfit,year,A3,-122.45264,47.70974,-25.46706124586524,-22.376839,-16.452469,177.7022602204746,152.23519897460938,41084
DO_misfit,year,A3,-122.45264,47.70974,-18.48755918154575,-19.47124,-15.424909,176.13091550478794,157.6433563232422,41085
DO_misfit,year,A3,-122.45264,47.70974,-11.483085353557811,-17.680124,-14.791485,174.95735903519844,163.47427368164062,41086
DO_misfit,year,A3,-122.45264,47.70974,-22.611525075942296,-14.596481,-13.70096,182.59571697047355,159.98419189453125,41087
DO_misfit,year,A3,-122.45264,47.70974,-16.898164316220033,-13.579352,-13.341253,183.7115340671966,166.81336975097656,41088
DO_misfit,year,A3,-122.45264,47.70974,-8.072646532727958,-7.3558826,-11.140335,199.4246820551889,191.35203552246094,41089
DO_misfit,year,A3,-122.45264,47.70974,5.806869120559355,-2.5200942,-9.430167,208.49130287651096,214.2981719970703,41090
DO_misfit,year,A3,-122.45264,47.70974,8.132200072830159,-3.094891,-9.633443,209.91952722209172,218.05172729492188,41091
DO_misfit,year,A3,-122.45264,47.70974,9.459433623931432,-3.094891,-9.633443,208.59229367099044,218.05172729492188,41092
DO_misfit,year,A3,-122.36654,47.8827,-34.166434487654385,-25.683163,-17.621744,169.59978409702939,135.433349609375,41093
DO_misfit,year,A3,-122.36654,47.8827,-33.14522698936008,-24.731535,-17.285202,172.30608514365696,139.16085815429688,41094
DO_misfit,year,A3,-122.36654,47.8827,-21.63240604716222,-23.390877,-16.81108,166.43330936747472,144.8009033203125,41095
DO_misfit,year,A3,-122.36654,47.8827,-16.161723705409827,-19.109188,-15.29687,164.9606891595114,148.79896545410156,41096
DO_misfit,year,A3,-122.36654,47.8827,1.5360318469647325,-16.78855,-14.476181,158.98334681514464,160.51937866210938,41097
DO_misfit,year,A3,-122.36654,47.8827,-11.934498037498685,-10.990407,-12.425678,194.843265737694,182.9087677001953,41098
DO_misfit,year,A3,-122.36654,47.8827,-6.877928448356272,-3.9893217,-9.949757,207.70056028429377,200.8226318359375,41099
DO_misfit,year,A3,-122.36654,47.8827,-7.490927981458157,-3.9893217,-9.949757,208.31355981739566,200.8226318359375,41100
DO_misfit,year,A3,-122.36654,47.8827,14.340477450048809,-1.7746574,-9.166545,216.062552945459,230.4030303955078,41101
DO_misfit,year,A3,-122.36654,47.8827,-21.791273987372676,-20.061934,-15.633806,269.4707020879586,247.67942810058594,41102
DO_misfit,year,A3,-122.36654,47.8827,-102.98810452070211,-28.237715,-18.525158,354.1627871378896,251.1746826171875,41103
DO_misfit,year,A3,-122.36654,47.8827,-109.29072396440671,-28.582443,-18.64707,360.4654065815942,251.1746826171875,41104
DO_misfit,year,A3,-122.30578,48.0174,-23.58015757510279,-12.071504,-12.808006,153.42628794619654,129.84613037109375,41105
DO_misfit,year,A3,-122.30578,48.0174,-14.955273124670299,-12.071504,-12.808006,144.80140349576405,129.84613037109375,41106
DO_misfit,year,A3,-122.30578,48.0174,-7.1653037017411805,-9.591316,-11.930892,143.63097142635056,136.46566772460938,41107
DO_misfit,year,A3,-122.30578,48.0174,6.640282961813426,2.5757232,-7.628041,159.35436120322564,165.99464416503906,41108
DO_misfit,year,A3,-122.30578,48.0174,17.465944007371547,9.725482,-5.0995417,165.57580403950345,183.041748046875,41109
DO_misfit,year,A3,-122.30578,48.0174,17.87459372771238,9.725482,-5.0995417,165.16715431916262,183.041748046875,41110
DO_misfit,year,A3,-122.30578,48.0174,16.720864107285507,8.193563,-5.6413016,203.95717544349574,220.67803955078125,41111
DO_misfit,year,A3,-122.30578,48.0174,15.800948236059185,8.193563,-5.6413016,204.87709131472207,220.67803955078125,41112
DO_misfit,year,A3,-122.30578,48.0174,-57.38147944756628,-27.335361,-18.206041,299.9056035930741,242.5241241455078,41113
DO_misfit,year,A3,-122.30578,48.0174,-57.075532553913604,-27.335361,-18.206041,299.5996566994214,242.5241241455078,41114
DO_misfit,year,A3,-122.30578,48.0174,-79.30309617693763,-35.665398,-21.151943,335.347377182797,256.0442810058594,41115
DO_misfit,year,A3,-122.30578,48.0174,-76.74931120714683,-35.665398,-21.151943,332.7935922130062,256.0442810058594,41116
DO_misfit,year,A3,-122.49156,48.10942,-36.92056020448001,-20.911257,-15.934168,151.6045888299683,114.68402862548828,41117
DO_misfit,year,A3,-122.49156,48.10942,-37.022722701725314,-20.911257,-15.934168,151.7067513272136,114.68402862548828,41118
DO_misfit,year,A3,-122.49156,48.10942,-34.30348585348676,-18.57105,-15.106559,150.73331831198286,116.4298324584961,41119
DO_misfit,year,A3,-122.49156,48.10942,-27.138981532773926,-16.800816,-14.480518,150.70689077349658,123.56790924072266,41120
DO_misfit,year,A3,-122.49156,48.10942,-11.103576496106712,-3.059167,-9.62081,151.28935225294265,140.18577575683594,41121
DO_misfit,year,A3,-122.49156,48.10942,-7.412299751134924,-0.35236737,-8.663554,167.69350397476774,160.2812042236328,41122
DO_misfit,year,A3,-122.49156,48.10942,-6.493078950432732,-0.35236737,-8.663554,166.77428317406554,160.2812042236328,41123
DO_misfit,year,A3,-122.49156,48.10942,-148.09995377891534,-20.490383,-15.785328,354.2088557564544,206.10890197753906,41124
DO_misfit,year,A3,-122.49156,48.10942,-147.78392038652612,-20.490383,-15.785328,353.8928223640652,206.10890197753906,41125
DO_misfit,year,A3,-122.49156,48.10942,-117.9465588882386,-44.102135,-24.13558,369.74231999663704,251.79576110839844,41126
DO_misfit,year,A3,-122.49156,48.10942,-109.11296316533594,-50.875175,-26.530853,372.0785088196328,262.9655456542969,41127
DO_misfit,year,A3,-122.49156,48.10942,-108.80775656580767,-50.875175,-26.530853,371.77330222010454,262.9655456542969,41128
DO_misfit,year,A3,-122.7171,48.37612,-34.5092983621569,-24.08589,-17.056871,139.00751308383659,104.49821472167969,41129
DO_misfit,year,A3,-122.7171,48.37612,-36.45614917995323,-24.005579,-17.02847,143.07918079616417,106.62303161621094,41130
DO_misfit,year,A3,-122.7171,48.37612,-39.07488649334036,-21.961325,-16.305523,157.92776124919973,118.85287475585938,41131
DO_misfit,year,A3,-122.7171,48.37612,-26.41087996244326,-18.664358,-15.139557,159.33803450345889,132.92715454101562,41132
DO_misfit,year,A3,-122.7171,48.37612,-25.27310084312512,-17.217363,-14.62783,162.1793966194923,136.9062957763672,41133
DO_misfit,year,A3,-122.7171,48.37612,-25.068565361622348,-17.217363,-14.62783,161.97486113798954,136.9062957763672,41134
DO_misfit,year,A3,-122.7171,48.37612,-21.14724709272386,-16.31401,-14.308361,163.0827329325676,141.93548583984375,41135
DO_misfit,year,A3,-122.7171,48.37612,-21.248795661184147,-16.31401,-14.308361,163.1842815010279,141.93548583984375,41136
DO_misfit,year,A3,-122.7171,48.37612,-22.780253567482703,-15.593582,-14.053583,166.9428512237327,144.16259765625,41137
DO_misfit,year,A3,-122.7171,48.37612,-22.677744802502588,-15.593582,-14.053583,166.8403424587526,144.16259765625,41138
DO_misfit,year,A3,-122.7171,48.37612,-21.663830779255022,-15.8219385,-14.13434,168.24828817671596,146.58445739746094,41139
DO_misfit,year,A3,-122.7171,48.37612,-21.254493513090978,-15.8219385,-14.13434,167.83895091055192,146.58445739746094,41140
DO_misfit,year,A3,-123.02076,48.27268,-35.73748779939136,-37.282303,-21.723759,111.94000244782886,76.2025146484375,41141
DO_misfit,year,A3,-123.02076,48.27268,-32.09109231191056,-32.863316,-20.160992,119.4050190086879,87.31392669677734,41142
DO_misfit,year,A3,-123.02076,48.27268,-22.899068412879444,-21.27233,-16.061861,137.77834087381694,114.8792724609375,41143
DO_misfit,year,A3,-123.02076,48.27268,-25.85947162259822,-16.993277,-14.548582,156.0237019692779,130.1642303466797,41144
DO_misfit,year,A3,-123.02076,48.27268,-26.926846104906218,-16.501871,-14.374798,163.76894815568747,136.84210205078125,41145
DO_misfit,year,A3,-123.02076,48.27268,-26.722708408685605,-16.501871,-14.374798,163.56481045946686,136.84210205078125,41146
DO_misfit,year,A3,-123.02076,48.27268,-22.124989124931574,-16.244055,-14.283621,166.21048412004876,144.0854949951172,41147
DO_misfit,year,A3,-123.02076,48.27268,-22.023821980251654,-16.244055,-14.283621,166.10931697536884,144.0854949951172,41148
DO_misfit,year,A3,-123.02076,48.27268,-19.789184929211103,-15.664479,-14.078655,167.7374271167111,147.9482421875,41149
DO_misfit,year,A3,-123.02076,48.27268,-19.48121259640169,-15.664479,-14.078655,167.4294547839017,147.9482421875,41150
DO_misfit,year,A3,-123.02076,48.27268,-18.505968217736353,-15.569635,-14.045114,168.95942891109573,150.45346069335938,41151
DO_misfit,year,A3,-123.02076,48.27268,-18.608325566244417,-15.569635,-14.045114,169.0617862596038,150.45346069335938,41152
DO_misfit,year,A3,-122.86666,48.19324,-41.060341241921094,-34.975185,-20.907852,130.73346746262422,89.67312622070312,41153
DO_misfit,year,A3,-122.86666,48.19324,-37.42972044544075,-29.44724,-18.952904,140.43431334094856,103.00459289550781,41154
DO_misfit,year,A3,-122.86666,48.19324,-28.559886900272772,-17.572441,-14.753403,160.40377422937433,131.84388732910156,41155
DO_misfit,year,A3,-122.86666,48.19324,-28.662333105918577,-17.572441,-14.753403,160.50622043502014,131.84388732910156,41156
DO_misfit,year,A3,-122.86666,48.19324,-22.73539117979911,-16.533998,-14.386159,161.51702264952567,138.78163146972656,41157
DO_misfit,year,A3,-122.86666,48.19324,-23.14349477208816,-16.501602,-14.374702,161.92512624181472,138.78163146972656,41158
DO_misfit,year,A3,-122.86666,48.19324,-21.254461195457452,-15.93976,-14.176008,162.21280470131683,140.95834350585938,41159
DO_misfit,year,A3,-122.86666,48.19324,-21.356823867447332,-15.93976,-14.176008,162.3151673733067,140.95834350585938,41160
DO_misfit,year,A3,-122.86666,48.19324,-19.265087638374013,-15.512688,-14.024975,161.89800694989745,142.63291931152344,41161
DO_misfit,year,A3,-122.86666,48.19324,-18.54766543667253,-15.512688,-14.024975,161.18058474819597,142.63291931152344,41162
DO_misfit,year,A3,-122.86666,48.19324,-18.430542034386406,-15.805333,-14.128468,161.9933319513786,143.5627899169922,41163
DO_misfit,year,A3,-122.86666,48.19324,-18.531983677340122,-15.805333,-14.128468,162.0947735943323,143.5627899169922,41164
DO_misfit,year,A3,-122.68643,48.14672,-35.09797100103478,-21.231733,-16.047504,170.2939243701754,135.19595336914062,41165
DO_misfit,year,A3,-122.68643,48.14672,-31.876324371692476,-19.217585,-15.335204,173.34048147618466,141.4641571044922,41166
DO_misfit,year,A3,-122.68643,48.14672,-29.61461615483927,-16.100176,-14.2327385,174.4537580005424,144.83914184570312,41167
DO_misfit,year,A3,-122.68643,48.14672,-29.50762195793891,-16.09251,-14.230028,174.34676380364203,144.83914184570312,41168
DO_misfit,year,A3,-122.68643,48.14672,-23.891126802628094,-14.616766,-13.708134,174.4442273885656,150.5531005859375,41169
DO_misfit,year,A3,-122.68643,48.14672,-23.99630831788076,-14.616766,-13.708134,174.54940890381826,150.5531005859375,41170
DO_misfit,year,A3,-122.68643,48.14672,-21.33335956628784,-12.424299,-12.932772,176.46998676355346,155.13662719726562,41171
DO_misfit,year,A3,-122.68643,48.14672,-22.454507390590095,-12.424299,-12.932772,177.59113458785572,155.13662719726562,41172
DO_misfit,year,A3,-122.68643,48.14672,-20.04213411965455,-12.38566,-12.9191065,177.17946322121705,157.1373291015625,41173
DO_misfit,year,A3,-122.68643,48.14672,-20.96201630719716,-12.38566,-12.9191065,178.09934540875966,157.1373291015625,41174
DO_misfit,year,A3,-122.68643,48.14672,-20.35854039548329,-12.853129,-13.084427,179.42081151364735,159.06227111816406,41175
DO_misfit,year,A3,-122.68643,48.14672,-19.74800625409776,-12.853129,-13.084427,178.81027737226182,159.06227111816406,41176
DO_misfit,year,A3,-122.6212,47.98406,-28.130522866425423,-19.329597,-15.374817,178.8630362941598,150.73251342773438,41177
DO_misfit,year,A3,-122.6212,47.98406,-26.057870656523278,-15.4103985,-13.9888,186.7518709006639,160.69400024414062,41178
DO_misfit,year,A3,-122.6212,47.98406,-25.62682653929602,-12.0971,-12.817059,193.85552526976477,168.22869873046875,41179
DO_misfit,year,A3,-122.6212,47.98406,-25.52335456049724,-12.0971,-12.817059,193.752053290966,168.22869873046875,41180
DO_misfit,year,A3,-122.6212,47.98406,-20.042540902264022,-10.30111,-12.18191,193.74439942277183,173.7018585205078,41181
DO_misfit,year,A3,-122.6212,47.98406,-20.14426226227988,-10.30111,-12.18191,193.8461207827877,173.7018585205078,41182
DO_misfit,year,A3,-122.6212,47.98406,-16.132108350573247,-10.040725,-12.089825,195.57331623631543,179.4412078857422,41183
DO_misfit,year,A3,-122.6212,47.98406,-16.23506466165057,-10.040725,-12.089825,195.67627254739276,179.4412078857422,41184
DO_misfit,year,A3,-122.6212,47.98406,-16.822850995279765,-11.229032,-12.510067,200.57646732828758,183.7536163330078,41185
DO_misfit,year,A3,-122.6212,47.98406,-16.414176345171256,-11.229032,-12.510067,200.16779267817907,183.7536163330078,41186
DO_misfit,year,A3,-122.6212,47.98406,-11.72171781026617,-11.655897,-12.661028,197.91436002218023,186.19264221191406,41187
DO_misfit,year,A3,-122.6212,47.98406,-11.823342127816716,-11.655897,-12.661028,198.01598433973078,186.19264221191406,41188
DO_misfit,year,A3,-122.60412,47.89546,-19.978362804341373,-19.132864,-15.305243,177.571532970357,157.59317016601562,41189
DO_misfit,year,A3,-122.60412,47.89546,-19.878994021401212,-19.132864,-15.305243,177.47216418741684,157.59317016601562,41190
DO_misfit,year,A3,-122.60412,47.89546,-20.172538983645836,-19.132864,-15.305243,177.76570914966146,157.59317016601562,41191
DO_misfit,year,A3,-122.60412,47.89546,-21.18905810886497,-18.085539,-14.934858,178.9666765170681,157.77761840820312,41192
DO_misfit,year,A3,-122.60412,47.89546,-18.563976149640126,-16.288908,-14.299483,179.9585989523745,161.39462280273438,41193
DO_misfit,year,A3,-122.60412,47.89546,-9.521855609992627,-12.528617,-12.969664,181.66809584436763,172.146240234375,41194
DO_misfit,year,A3,-122.60412,47.89546,-4.906558503042646,-10.070802,-12.100461,184.5996127022614,179.69305419921875,41195
DO_misfit,year,A3,-122.60412,47.89546,-5.008238376839756,-10.070802,-12.100461,184.7012925760585,179.69305419921875,41196
DO_misfit,year,A3,-122.60412,47.89546,-0.5124889264454566,-9.825967,-12.013876,192.19336661199233,191.68087768554688,41197
DO_misfit,year,A3,-122.60412,47.89546,-11.202232044831703,-5.445864,-10.464861,214.89908568252702,203.6968536376953,41198
DO_misfit,year,A3,-122.60412,47.89546,-14.678008533567066,-2.5810118,-9.451711,225.20883128747332,210.53082275390625,41199
DO_misfit,year,A3,-122.60412,47.89546,-14.16776774449582,-2.5810118,-9.451711,224.69859049840207,210.53082275390625,41200
DO_misfit,year,A3,-122.55274,48.2428,-13.280847439494096,-13.61287,-13.353107,121.26078213187691,107.97993469238281,41201
DO_misfit,year,A3,-122.55274,48.2428,7.420652758504033,-11.236993,-12.512882,102.71121369657409,110.13186645507812,41202
DO_misfit,year,A3,-122.55274,48.2428,23.970690156363702,3.9258103,-7.1505847,105.34277114734724,129.31346130371094,41203
DO_misfit,year,A3,-122.55274,48.2428,18.447213475840215,3.9258103,-7.1505847,110.86624782787072,129.31346130371094,41204
DO_misfit,year,A3,-122.55274,48.2428,23.54331835897031,8.556879,-5.5128155,119.85000744669375,143.39332580566406,41205
DO_misfit,year,A3,-122.55274,48.2428,24.361378890565888,8.556879,-5.5128155,119.03194691509817,143.39332580566406,41206
DO_misfit,year,A3,-122.55274,48.2428,-32.49353454988409,-11.679498,-12.6693735,210.0992016641419,177.6056671142578,41207
DO_misfit,year,A3,-122.55274,48.2428,-30.25015260743956,-11.679498,-12.6693735,207.85581972169737,177.6056671142578,41208
DO_misfit,year,A3,-122.55274,48.2428,-127.92953564061662,-51.203396,-26.646929,366.8411719931557,238.91163635253906,41209
DO_misfit,year,A3,-122.55274,48.2428,-130.28376049680776,-51.203396,-26.646929,369.1953968493468,238.91163635253906,41210
DO_misfit,year,A3,-122.55274,48.2428,-115.06720424299112,-53.511196,-27.463078,386.4790084422099,271.41180419921875,41211
DO_misfit,year,A3,-122.55274,48.2428,-115.0672021107635,-53.511196,-27.463078,386.47900630998225,271.41180419921875,41212
DO_misfit,year,A3,-122.7214,47.79946,-22.272603309829606,-18.459114,-15.066973,176.98796585865773,154.71536254882812,41213
DO_misfit,year,A3,-122.7214,47.79946,-24.81446313273875,-18.459114,-15.066973,180.02393578898875,155.20947265625,41214
DO_misfit,year,A3,-122.7214,47.79946,-22.523105670504492,-15.059452,-13.864689,180.71876912265293,158.19566345214844,41215
DO_misfit,year,A3,-122.7214,47.79946,-23.136977699443122,-15.059452,-13.864689,181.33264115159156,158.19566345214844,41216
DO_misfit,year,A3,-122.7214,47.79946,-5.565077966925514,-11.01483,-12.434315,179.51942367005051,173.954345703125,41217
DO_misfit,year,A3,-122.7214,47.79946,-5.2593166538960645,-11.01483,-12.434315,179.21366235702106,173.954345703125,41218
DO_misfit,year,A3,-122.7214,47.79946,5.209202939063175,-3.1886072,-9.666586,197.5468700589837,202.75607299804688,41219
DO_misfit,year,A3,-122.7214,47.79946,3.986207509555072,-3.1886072,-9.666586,198.7698654884918,202.75607299804688,41220
DO_misfit,year,A3,-122.7214,47.79946,11.210340193568413,2.2853694,-7.730724,204.98234779471284,216.19268798828125,41221
DO_misfit,year,A3,-122.7214,47.79946,11.313344427238036,2.2853694,-7.730724,204.8793435610432,216.19268798828125,41222
DO_misfit,year,A3,-122.7214,47.79946,19.98984246198151,3.5020587,-7.3004436,206.2032727723935,226.193115234375,41223
DO_misfit,year,A3,-122.7214,47.79946,19.17210517467828,3.5020587,-7.3004436,207.02101005969672,226.193115234375,41224
DO_misfit,year,A3,-122.76152,47.7355,-40.71553932984753,-22.361425,-16.447018,173.0981992419569,132.38265991210938,41225
DO_misfit,year,A3,-122.76152,47.7355,-38.341425338749275,-22.361425,-16.447018,170.72408525085865,132.38265991210938,41226
DO_misfit,year,A3,-122.76152,47.7355,-18.56561230796794,-19.985638,-15.606825,168.54623364585856,149.98062133789062,41227
DO_misfit,year,A3,-122.76152,47.7355,-3.8775275068394137,-13.826457,-13.428642,167.0905859785191,163.2130584716797,41228
DO_misfit,year,A3,-122.76152,47.7355,-3.7826354426726425,-11.01483,-12.434315,177.6864592952117,173.90382385253906,41229
DO_misfit,year,A3,-122.76152,47.7355,-3.6812624228947186,-11.01483,-12.434315,177.58508627543378,173.90382385253906,41230
DO_misfit,year,A3,-122.76152,47.7355,-3.844354175501394,-4.5653152,-10.153456,201.81881096261077,197.97445678710938,41231
DO_misfit,year,A3,-122.76152,47.7355,-2.9247284907679614,-4.5653152,-10.153456,200.89918527787734,197.97445678710938,41232
DO_misfit,year,A3,-122.76152,47.7355,10.068252622380925,4.018133,-7.117935,207.21987909148626,217.2881317138672,41233
DO_misfit,year,A3,-122.76152,47.7355,9.658198744605528,4.018133,-7.117935,207.62993296926166,217.2881317138672,41234
DO_misfit,year,A3,-122.76152,47.7355,45.36959031169221,13.048437,-3.924384,210.0715260213156,255.4411163330078,41235
DO_misfit,year,A3,-122.76152,47.7355,45.267545371794824,13.048437,-3.924384,210.173570961213,255.4411163330078,41236
DO_misfit,year,A3,-122.85972,47.66098,-83.92822818514591,-45.88789,-24.767109,146.08575992342716,62.15753173828125,41237
DO_misfit,year,A3,-122.85972,47.66098,-53.26861906019809,-32.09732,-19.890099,137.04336118666293,83.77474212646484,41238
DO_misfit,year,A3,-122.85972,47.66098,-20.82617259790871,-22.054787,-16.338575,131.69709850122902,110.87092590332031,41239
DO_misfit,year,A3,-122.85972,47.66098,-12.066346165021088,-14.448383,-13.648584,133.21460818894687,121.14826202392578,41240
DO_misfit,year,A3,-122.85972,47.66098,-11.453710892164679,-14.448383,-13.648584,132.60197291609046,121.14826202392578,41241
DO_misfit,year,A3,-122.85972,47.66098,-11.034347196515682,-12.790608,-13.062316,144.84672512620318,133.8123779296875,41242
DO_misfit,year,A3,-122.85972,47.66098,29.20132228526279,3.1648183,-7.4197083,177.4493124803622,206.650634765625,41243
DO_misfit,year,A3,-122.85972,47.66098,27.87244793175327,3.1648183,-7.4197083,178.77818683387173,206.650634765625,41244
DO_misfit,year,A3,-122.85972,47.66098,1.0880081569501954,20.859837,-1.1618972,284.14471889383105,285.23272705078125,41245
DO_misfit,year,A3,-122.85972,47.66098,0.8846698280133865,20.859837,-1.1618972,284.34805722276786,285.23272705078125,41246
DO_misfit,year,A3,-122.85972,47.66098,-0.7440550255596463,13.688714,-3.6979513,296.2735655236065,295.5295104980469,41247
DO_misfit,year,A3,-122.85972,47.66098,-1.254691600428714,13.688714,-3.6979513,296.7842020984756,295.5295104980469,41248
DO_misfit,year,A3,-122.93898,47.60732,-103.59371648203503,-62.3435,-30.586605,146.01406941782605,42.420352935791016,41249
DO_misfit,year,A3,-122.93898,47.60732,-96.6920097630254,-63.359837,-30.946032,141.38721926619922,44.69520950317383,41250
DO_misfit,year,A3,-122.93898,47.60732,-91.15154699014269,-54.859943,-27.94006,139.31724218057238,48.16569519042969,41251
DO_misfit,year,A3,-122.93898,47.60732,-72.47155299580785,-46.587555,-25.014545,136.94232478535864,64.47077178955078,41252
DO_misfit,year,A3,-122.93898,47.60732,-38.07428062871422,-31.753384,-19.768467,127.09545982793297,89.02117919921875,41253
DO_misfit,year,A3,-122.93898,47.60732,-13.480285154082509,-17.346413,-14.673468,122.67838238308642,109.1980972290039,41254
DO_misfit,year,A3,-122.93898,47.60732,11.348315805587461,-12.980228,-13.1293745,111.10136833747895,122.4496841430664,41255
DO_misfit,year,A3,-122.93898,47.60732,4.241806536337037,-2.079273,-9.274272,177.54705759940515,181.7888641357422,41256
DO_misfit,year,A3,-122.93898,47.60732,50.25927710137742,21.423452,-0.96257544,220.29315209784133,270.55242919921875,41257
DO_misfit,year,A3,-122.93898,47.60732,49.95594654110968,21.423452,-0.96257544,220.59648265810907,270.55242919921875,41258
DO_misfit,year,A3,-122.93898,47.60732,65.29895163057947,18.286102,-2.0720935,224.0621018362174,289.3610534667969,41259
DO_misfit,year,A3,-122.93898,47.60732,64.68570517649096,18.286102,-2.0720935,224.67534829030592,289.3610534667969,41260
DO_misfit,year,A3,-123.00732,47.54838,-97.62955445841251,-63.943417,-31.152414,138.92710084513126,41.29754638671875,41261
DO_misfit,year,A3,-123.00732,47.54838,-96.6966288173281,-63.943417,-31.152414,139.42815423847068,42.73152542114258,41262
DO_misfit,year,A3,-123.00732,47.54838,-90.26097269478007,-63.745422,-31.082394,134.19189234199686,43.9309196472168,41263
DO_misfit,year,A3,-123.00732,47.54838,-86.77301740170344,-58.638935,-29.276493,134.58817243100032,47.815155029296875,41264
DO_misfit,year,A3,-123.00732,47.54838,-86.8754525898843,-58.638935,-29.276493,134.69060761918118,47.815155029296875,41265
DO_misfit,year,A3,-123.00732,47.54838,-28.722050336076748,-32.42372,-20.005531,113.3823668033619,84.66031646728516,41266
DO_misfit,year,A3,-123.00732,47.54838,-28.722112477065565,-32.42372,-20.005531,113.38242894435072,84.66031646728516,41267
DO_misfit,year,A3,-123.00732,47.54838,-14.167396035266378,-23.264233,-16.766294,107.12490030772732,92.95750427246094,41268
DO_misfit,year,A3,-123.00732,47.54838,8.230449327306559,-14.055966,-13.509808,102.10059773079891,110.33104705810547,41269
DO_misfit,year,A3,-123.00732,47.54838,15.742911024292738,-2.426484,-9.397062,148.65244420031664,164.39535522460938,41270
DO_misfit,year,A3,-123.00732,47.54838,76.10087730839564,13.355173,-3.8159075,180.8788895373075,256.9797668457031,41271
DO_misfit,year,A3,-123.00732,47.54838,46.52522320265405,0.8810483,-8.22736,219.20405536179908,265.7292785644531,41272
DO_misfit,year,A3,-123.05594,47.49096,-104.71035344284829,-64.082306,-31.201532,139.13600880783852,34.425655364990234,41273
DO_misfit,year,A3,-123.05594,47.49096,-103.87477606363683,-64.082306,-31.201532,138.30043142862706,34.425655364990234,41274
DO_misfit,year,A3,-123.05594,47.49096,-96.30514164477304,-61.323795,-30.22599,135.62562962084726,39.32048797607422,41275
DO_misfit,year,A3,-123.05594,47.49096,-74.19489654336293,-54.103683,-27.67261,123.32964690957387,49.13475036621094,41276
DO_misfit,year,A3,-123.05594,47.49096,-74.60427917501414,-54.103683,-27.67261,123.73902954122508,49.13475036621094,41277
DO_misfit,year,A3,-123.05594,47.49096,-17.98754078256175,-39.965298,-22.672596,85.24134022103831,67.25379943847656,41278
DO_misfit,year,A3,-123.05594,47.49096,-17.970293177082866,-25.61462,-17.597504,94.12906850667271,76.15877532958984,41279
DO_misfit,year,A3,-123.05594,47.49096,-1.993978379854525,-12.172475,-12.843714,97.6980494247764,95.70407104492188,41280
DO_misfit,year,A3,-123.05594,47.49096,8.441820108336998,-5.144236,-10.358191,124.15044978912394,132.59226989746094,41281
DO_misfit,year,A3,-123.05594,47.49096,38.59794370149302,-10.4449415,-12.232775,179.6502557613976,218.24819946289062,41282
DO_misfit,year,A3,-123.05594,47.49096,5.859649544523165,-10.996939,-12.427988,227.72030651016433,233.5799560546875,41283
DO_misfit,year,A3,-123.05594,47.49096,3.5074938632442922,-10.996939,-12.427988,230.0724621914432,233.5799560546875,41284
DO_misfit,year,A3,-123.10922,47.42576,-83.88527426696339,-60.536404,-29.947529,113.62499556518117,29.739721298217773,41285
DO_misfit,year,A3,-123.10922,47.42576,-83.98760200593247,-60.536404,-29.947529,113.72732330415025,29.739721298217773,41286
DO_misfit,year,A3,-123.10922,47.42576,-54.38868800645615,-61.89955,-30.429604,89.96274272447373,35.57405471801758,41287
DO_misfit,year,A3,-123.10922,47.42576,-19.965774303103345,-41.62944,-23.261116,74.49565101208772,54.529876708984375,41288
DO_misfit,year,A3,-123.10922,47.42576,-6.4478027674095415,-20.808693,-15.897897,83.58920596565173,77.14140319824219,41289
DO_misfit,year,A3,-123.10922,47.42576,-12.248214861812144,-10.726722,-12.332426,89.4082871884723,77.16007232666016,41290
DO_misfit,year,A3,-123.10922,47.42576,-24.59972561926594,-19.258142,-15.349547,115.0427340421175,90.44300842285156,41291
DO_misfit,year,A3,-123.10922,47.42576,-24.497564267847466,-19.258142,-15.349547,114.94057269069903,90.44300842285156,41292
DO_misfit,year,A3,-123.10922,47.42576,13.950601895697957,-21.017195,-15.971634,139.54352347051298,153.49412536621094,41293
DO_misfit,year,A3,-123.10922,47.42576,14.563278306835826,-21.017195,-15.971634,138.9308470593751,153.49412536621094,41294
DO_misfit,year,A3,-123.10922,47.42576,-5.003935819046745,-23.601048,-16.885408,226.45872402705456,221.4547882080078,41295
DO_misfit,year,A3,-123.10922,47.42576,-0.22616946806550686,-23.601048,-16.885408,221.68095767607332,221.4547882080078,41296
DO_misfit,year,A3,-123.13382,47.37096,-31.329750672946915,-52.023235,-26.936863,75.53045715488051,44.200706481933594,41297
DO_misfit,year,A3,-123.13382,47.37096,-30.61355217970926,-52.023235,-26.936863,74.81425866164285,44.200706481933594,41298
DO_misfit,year,A3,-123.13382,47.37096,-7.460307382028745,-38.15083,-22.030912,59.96450354902093,52.50419616699219,41299
DO_misfit,year,A3,-123.13382,47.37096,-4.757652970612753,-20.06768,-15.635839,61.38612815982174,56.628475189208984,41300
DO_misfit,year,A3,-123.13382,47.37096,-4.859967954937147,-20.06768,-15.635839,61.48844314414613,56.628475189208984,41301
DO_misfit,year,A3,-123.13382,47.37096,-8.96118575354599,-16.04122,-14.211889,66.59779006262802,57.63660430908203,41302
DO_misfit,year,A3,-123.13382,47.37096,-7.8668888013664855,-14.147633,-13.542225,75.88904456308524,68.02215576171875,41303
DO_misfit,year,A3,-123.13382,47.37096,-7.866738709897035,-14.147633,-13.542225,75.88889447161579,68.02215576171875,41304
DO_misfit,year,A3,-123.13382,47.37096,37.42246953464175,-19.300674,-15.364589,85.17411097072934,122.5965805053711,41305
DO_misfit,year,A3,-123.13382,47.37096,37.422899492026474,-18.47796,-15.073637,85.17368101334462,122.5965805053711,41306
DO_misfit,year,A3,-123.13382,47.37096,54.63122274535502,-24.463942,-17.190569,164.2923154626528,218.9235382080078,41307
DO_misfit,year,A3,-123.13382,47.37096,54.32852802749011,-24.463942,-17.190569,164.5950101805177,218.9235382080078,41308
DO_misfit,year,A3,-123.02252,47.35682,-34.60128429056404,-41.261147,-23.13087,53.81950595499275,19.21822166442871,41309
DO_misfit,year,A3,-123.02252,47.35682,-34.70363254030298,-41.261147,-23.13087,53.921854204731694,19.21822166442871,41310
DO_misfit,year,A3,-123.02252,47.35682,-33.881375497905545,-40.49067,-22.85839,53.099597162334256,19.21822166442871,41311
DO_misfit,year,A3,-123.02252,47.35682,-33.881378124140745,-40.49067,-22.85839,53.099599788569456,19.21822166442871,41312
DO_misfit,year,A3,-123.02252,47.35682,-19.316655922775553,-35.688187,-21.160004,50.845025826340006,31.528369903564453,41313
DO_misfit,year,A3,-123.02252,47.35682,-19.009550179084265,-35.688187,-21.160004,50.53792008264872,31.528369903564453,41314
DO_misfit,year,A3,-123.02252,47.35682,1.2707329691055662,-24.07675,-17.053638,50.634189516245996,51.90492248535156,41315
DO_misfit,year,A3,-123.02252,47.35682,1.0663354281973625,-24.07675,-17.053638,50.8385870571542,51.90492248535156,41316
DO_misfit,year,A3,-123.02252,47.35682,68.0283186351879,-11.55296,-12.624624,46.64045120123789,114.66876983642578,41317
DO_misfit,year,A3,-123.02252,47.35682,67.92616814297479,-11.55296,-12.624624,46.74260169345099,114.66876983642578,41318
DO_misfit,year,A3,-123.02252,47.35682,46.81307154547869,0.68596804,-8.29635,196.5585562621385,243.3716278076172,41319
DO_misfit,year,A3,-123.02252,47.35682,80.55912683082295,0.68596804,-8.29635,162.81250097679424,243.3716278076172,41320
DO_misfit,year,A3,-122.44816,47.55912,-42.19298674806214,-26.64778,-17.96288,173.8048184131012,131.61183166503906,41321
DO_misfit,year,A3,-122.44816,47.55912,-40.2506429849,-26.363024,-17.862175,174.89038297513437,134.63973999023438,41322
DO_misfit,year,A3,-122.44816,47.55912,-38.42062046455473,-27.565338,-18.287373,173.84896519111723,135.4283447265625,41323
DO_misfit,year,A3,-122.44816,47.55912,-32.04070820218223,-26.903555,-18.053333,169.83164753323692,137.7909393310547,41324
DO_misfit,year,A3,-122.44816,47.55912,-21.453616722529972,-24.44868,-17.185173,170.82490883678778,149.3712921142578,41325
DO_misfit,year,A3,-122.44816,47.55912,-15.402227735746152,-21.0917,-15.997982,172.74753413223053,157.34530639648438,41326
DO_misfit,year,A3,-122.44816,47.55912,-23.60249167543489,-19.577826,-15.462603,181.17993002992708,157.5774383544922,41327
DO_misfit,year,A3,-122.44816,47.55912,-24.24055482372512,-15.077643,-13.871122,182.2824707172798,158.0419158935547,41328
DO_misfit,year,A3,-122.44816,47.55912,-23.017121146767863,-14.072163,-13.515535,183.09190447196318,160.0747833251953,41329
DO_misfit,year,A3,-122.44816,47.55912,-21.342258868624555,-14.265951,-13.584068,186.24956172506987,164.9073028564453,41330
DO_misfit,year,A3,-122.44816,47.55912,-18.714461013793823,-13.313612,-13.247275,189.82096736145007,171.10650634765625,41331
DO_misfit,year,A3,-122.44816,47.55912,-15.487449590905129,-11.942308,-12.762316,191.5532607481317,176.06581115722656,41332
DO_misfit,year,A3,-122.40806,47.45758,-32.20384659684646,-25.899649,-17.698303,163.35220780290115,131.1483612060547,41333
DO_misfit,year,A3,-122.40806,47.45758,-30.932235103535106,-26.013372,-17.738522,163.33007751076167,132.39784240722656,41334
DO_misfit,year,A3,-122.40806,47.45758,-27.507622349017282,-25.412628,-17.52607,163.2054067728454,135.69778442382812,41335
DO_misfit,year,A3,-122.40806,47.45758,-23.515960604957428,-24.12837,-17.071896,168.48181143503555,144.96585083007812,41336
DO_misfit,year,A3,-122.40806,47.45758,-23.82315617298761,-24.12837,-17.071896,168.78900700306573,144.96585083007812,41337
DO_misfit,year,A3,-122.40806,47.45758,-20.48918065669443,-21.115528,-16.006409,167.84684667231943,147.357666015625,41338
DO_misfit,year,A3,-122.40806,47.45758,-19.34885375912353,-19.669062,-15.494868,175.36734741146728,156.01849365234375,41339
DO_misfit,year,A3,-122.40806,47.45758,-25.48429080754545,-14.7058735,-13.739646,188.413383214772,162.92909240722656,41340
DO_misfit,year,A3,-122.40806,47.45758,-20.274308663469384,-11.78694,-12.707371,194.94131610975845,174.66700744628906,41341
DO_misfit,year,A3,-122.40806,47.45758,-3.8340114641806053,-3.8805914,-9.911304,211.17274132257904,207.33872985839844,41342
DO_misfit,year,A3,-122.40806,47.45758,-12.862016102189244,-5.5593624,-10.504999,233.12640514027518,220.26438903808594,41343
DO_misfit,year,A3,-122.40806,47.45758,-18.44475728477954,-11.875807,-12.738798,244.65938741173267,226.21463012695312,41344
DO_misfit,year,A3,-122.6319,47.1826,-31.923445190700022,-23.050144,-16.690582,190.43125769070002,158.5078125,41345
DO_misfit,year,A3,-122.6319,47.1826,-33.59194385680101,-23.16061,-16.729649,196.00786792906663,162.41592407226562,41346
DO_misfit,year,A3,-122.6319,47.1826,-31.92857717333652,-21.32875,-16.081814,196.50014089403965,164.57156372070312,41347
DO_misfit,year,A3,-122.6319,47.1826,-30.13357422447382,-19.379995,-15.392641,197.81008789634882,167.676513671875,41348
DO_misfit,year,A3,-122.6319,47.1826,-29.82744957306565,-19.379995,-15.392641,197.50396324494065,167.676513671875,41349
DO_misfit,year,A3,-122.6319,47.1826,-26.459462920704254,-18.616968,-15.122797,199.61319522050894,173.1537322998047,41350
DO_misfit,year,A3,-122.6319,47.1826,-29.19031984753093,-13.516751,-13.319115,209.89782411999187,180.70750427246094,41351
DO_misfit,year,A3,-122.6319,47.1826,-20.967661547610476,-10.306856,-12.183941,210.7043864011261,189.73672485351562,41352
DO_misfit,year,A3,-122.6319,47.1826,-16.61551542550643,-8.58094,-11.573574,211.91751737863143,195.302001953125,41353
DO_misfit,year,A3,-122.6319,47.1826,-11.52759223515605,-8.240946,-11.453336,213.32767158085917,201.80007934570312,41354
DO_misfit,year,A3,-122.6319,47.1826,-9.083817882700544,-12.414109,-12.929168,215.36181776063023,206.2779998779297,41355
DO_misfit,year,A3,-122.6319,47.1826,-8.776845629589701,-12.414109,-12.929168,215.0548455075194,206.2779998779297,41356
DO_misfit,year,A3,-122.7877,47.1687,-32.89771087738049,-20.406006,-15.755487,200.76585968109143,167.86814880371094,41357
DO_misfit,year,A3,-122.7877,47.1687,-31.849887460363277,-20.406006,-15.755487,200.55510291446484,168.70521545410156,41358
DO_misfit,year,A3,-122.7877,47.1687,-27.112464689995875,-16.41896,-14.345476,205.72904183843337,178.6165771484375,41359
DO_misfit,year,A3,-122.7877,47.1687,-26.369802131425587,-11.548691,-12.623114,213.3546654126756,186.98486328125,41360
DO_misfit,year,A3,-122.7877,47.1687,-27.085676675788648,-11.548691,-12.623114,214.07053995703865,186.98486328125,41361
DO_misfit,year,A3,-122.7877,47.1687,-21.910025080021,-10.711602,-12.327079,214.06062932806788,192.15060424804688,41362
DO_misfit,year,A3,-122.7877,47.1687,-12.228316716997625,-8.773678,-11.641736,214.6631006525445,202.43478393554688,41363
DO_misfit,year,A3,-122.7877,47.1687,-12.023776110390116,-8.773678,-11.641736,214.458560045937,202.43478393554688,41364
DO_misfit,year,A3,-122.7877,47.1687,-12.562808782396019,-6.6310544,-10.884001,220.5798223322007,208.0170135498047,41365
DO_misfit,year,A3,-122.7877,47.1687,-9.806466613194004,-6.6310544,-10.884001,217.8234801629987,208.0170135498047,41366
DO_misfit,year,A3,-122.7877,47.1687,-8.532808274632202,-10.581431,-12.281044,223.8448657697494,215.3120574951172,41367
DO_misfit,year,A3,-122.7877,47.1687,-8.328276365910739,-10.581431,-12.281044,223.64033386102793,215.3120574951172,41368
DO_misfit,year,A3,-122.7086,47.2767,-25.704463978528196,-21.221785,-16.043985,178.70913316798132,153.00466918945312,41369
DO_misfit,year,A3,-122.7086,47.2767,-25.499898821957856,-21.221785,-16.043985,178.50456801141098,153.00466918945312,41370
DO_misfit,year,A3,-122.7086,47.2767,-25.590915737007577,-21.221785,-16.043985,178.39583211884351,152.80491638183594,41371
DO_misfit,year,A3,-122.7086,47.2767,-16.043075383874395,-19.625418,-15.479434,177.43876630184315,161.39569091796875,41372
DO_misfit,year,A3,-122.7086,47.2767,-15.736209555207381,-19.625418,-15.479434,177.13190047317613,161.39569091796875,41373
DO_misfit,year,A3,-122.7086,47.2767,-28.217473430704075,-17.028282,-14.560962,189.88887540824314,161.67140197753906,41374
DO_misfit,year,A3,-122.7086,47.2767,-27.43050419042646,-15.701997,-14.091923,193.9656909580046,166.53518676757812,41375
DO_misfit,year,A3,-122.7086,47.2767,0.9816048774923729,-13.247947,-13.224052,171.34403293989044,172.3256378173828,41376
DO_misfit,year,A3,-122.7086,47.2767,9.193049721796797,-12.5908,-12.991653,180.3090712498829,189.5021209716797,41377
DO_misfit,year,A3,-122.7086,47.2767,9.804053962748213,-12.5908,-12.991653,179.69806700893147,189.5021209716797,41378
DO_misfit,year,A3,-122.7086,47.2767,-70.11150921362974,-28.6248,-18.662048,292.4698466159735,222.35833740234375,41379
DO_misfit,year,A3,-122.7086,47.2767,-71.4404587873874,-28.6248,-18.662048,293.79879618973115,222.35833740234375,41380
DO_misfit,year,A3,-122.36036,47.39252,-29.807677055610043,-25.589136,-17.588493,161.60768010736786,131.8000030517578,41381
DO_misfit,year,A3,-122.36036,47.39252,-26.208226820717158,-23.769829,-16.945097,164.30518116642028,138.09695434570312,41382
DO_misfit,year,A3,-122.36036,47.39252,-31.11947566139412,-25.589136,-17.588493,162.91947871315193,131.8000030517578,41383
DO_misfit,year,A3,-122.36036,47.39252,-30.37764545395106,-25.554504,-17.576244,163.920110663912,133.54246520996094,41384
DO_misfit,year,A3,-122.36036,47.39252,-26.21351358887196,-22.606737,-16.533772,168.06405375000477,141.8505401611328,41385
DO_misfit,year,A3,-122.36036,47.39252,-20.973618574038824,-19.629278,-15.480799,168.96397501935132,147.9903564453125,41386
DO_misfit,year,A3,-122.36036,47.39252,-20.001357110436317,-19.033123,-15.26997,176.1815023741082,156.18014526367188,41387
DO_misfit,year,A3,-122.36036,47.39252,-21.60666762809504,-15.461753,-14.006962,186.0655451915716,164.45887756347656,41388
DO_misfit,year,A3,-122.36036,47.39252,-21.45073423892893,-13.072196,-13.161899,195.65581236392893,174.205078125,41389
DO_misfit,year,A3,-122.36036,47.39252,-4.665739699408135,-11.752281,-12.695113,200.64980952362689,195.98406982421875,41390
DO_misfit,year,A3,-122.36036,47.39252,-0.301021742587011,-13.248905,-13.224392,209.42690675235264,209.12588500976562,41391
DO_misfit,year,A3,-122.36036,47.39252,-20.206116719079432,-16.268188,-14.292156,240.938920063806,220.73280334472656,41392
DO_misfit,year,A3,-122.50268,47.32016,-26.67085338017438,-25.399101,-17.521286,160.33229136845563,133.66143798828125,41393
DO_misfit,year,A3,-122.50268,47.32016,-26.018480744346704,-25.089554,-17.411816,162.15930410860452,136.1408233642578,41394
DO_misfit,year,A3,-122.50268,47.32016,-24.701596459190654,-23.268257,-16.767717,163.97944374922972,139.27784729003906,41395
DO_misfit,year,A3,-122.50268,47.32016,-21.539163458159067,-20.024412,-15.620537,165.595056402495,144.05589294433594,41396
DO_misfit,year,A3,-122.50268,47.32016,-16.127101862717154,-20.386398,-15.748553,168.8323630931859,152.70526123046875,41397
DO_misfit,year,A3,-122.50268,47.32016,-16.22845072720554,-20.386398,-15.748553,168.9337119576743,152.70526123046875,41398
DO_misfit,year,A3,-122.50268,47.32016,-17.982943484458616,-17.07926,-14.578989,177.3877744170758,159.4048309326172,41399
DO_misfit,year,A3,-122.50268,47.32016,-18.372359595027234,-16.146524,-14.249129,181.86552365752723,163.4931640625,41400
DO_misfit,year,A3,-122.50268,47.32016,-16.89092149952478,-15.860455,-14.147962,190.53888597706384,173.64796447753906,41401
DO_misfit,year,A3,-122.50268,47.32016,-3.708895682724716,-13.888019,-13.450413,200.33305644932628,196.62416076660156,41402
DO_misfit,year,A3,-122.50268,47.32016,4.608515570719732,-20.26334,-15.705034,207.35693853084277,211.9654541015625,41403
DO_misfit,year,A3,-122.50268,47.32016,4.096162984120724,-20.26334,-15.705034,207.86929111744178,211.9654541015625,41404
DO_misfit,year,A3,-126.67,48.65,7.155695852368353,2.5521274,-7.636385,294.89520746794415,302.0509033203125,41405
DO_misfit,year,A3,-126.67,48.65,7.069235929717308,3.975764,-7.132919,294.9028099687202,301.9720458984375,41406
DO_misfit,year,A3,-126.67,48.65,3.83461216597874,4.5961,-6.913538,292.2709176191775,296.10552978515625,41407
DO_misfit,year,A3,-126.67,48.65,-10.586379377713172,4.0968213,-7.090107,295.40141233669755,284.8150329589844,41408
DO_misfit,year,A3,-126.67,48.65,0.06849540943528609,-22.164299,-16.377304,178.47741828685378,178.54591369628906,41409
DO_misfit,year,A3,-126.67,48.65,-45.32993551907654,-34.10304,-20.599419,150.4130272549164,105.08309173583984,41410
DO_misfit,year,A3,-126.67,48.65,-63.52814668491078,-45.157562,-24.508831,137.9170932181139,74.38894653320312,41411
DO_misfit,year,A3,-126.67,48.65,-66.31247487197118,-45.417976,-24.600925,130.85436787734227,64.5418930053711,41412
DO_misfit,year,A3,-126.67,48.65,-53.804752527465325,-45.417976,-24.600925,118.34664553283642,64.5418930053711,41413
DO_misfit,year,A3,-126.67,48.65,-54.25769100139014,-45.50438,-24.631481,110.2495389933335,55.99184799194336,41414
DO_misfit,year,A3,-126.67,48.65,-39.49203071836317,-39.1274,-22.376274,87.0564914727577,47.56446075439453,41415
DO_misfit,year,A3,-126.67,48.65,-35.513105901078106,-33.653934,-20.440594,74.6411805470742,39.128074645996094,41416
DO_misfit,year,A3,-126.67,48.65,-13.851001184867812,-14.587215,-13.697683,45.161319178031874,31.310317993164062,41417
DO_misfit,year,A3,-126.67,48.65,0.0787729145383338,-0.57223326,-8.74131,20.597027408947994,20.675800323486328,41418
DO_misfit,year,A3,-126.67,48.65,7.13042174140125,0.35555983,-8.4131975,10.30944527825207,17.43986701965332,41419
DO_misfit,year,A3,-126.67,48.65,5.575755727038777,0.35555983,-8.4131975,11.24857555653056,16.824331283569336,41420
DO_misfit,year,A3,-126.67,48.65,-1.2802232826311126,-1.6285696,-9.1148815,18.805194290931894,17.52497100830078,41421
DO_misfit,year,A3,-126.67,48.65,-1.2802838247388415,-1.6285696,-9.1148815,18.805254833039623,17.52497100830078,41422
DO_misfit,year,A3,-126.67,48.65,-3.899497302199766,-5.074154,-10.3334055,22.015998156691953,18.116500854492188,41423
DO_misfit,year,A3,-122.4280014,47.7439995,-46.5115966796875,-24.007648,-17.029202,221.875,175.3634033203125,41424
DO_misfit,year,A3,-122.4329987,47.5332985,-41.73237609863281,-24.470884,-17.193024,218.75,177.0176239013672,41450
DO_misfit,year,A3,-122.45722,47.376111,1.602813720703125,-12.815727,-13.071199,231.25,232.85281372070312,41458
DO_misfit,year,A3,-122.4179993,47.777401,-33.770843505859375,-11.7275715,-12.686375,250.0,216.22915649414062,41461
DO_misfit,year,A3,-122.387001,47.3586006,-30.983932495117188,-19.44654,-15.416174,212.5,181.5160675048828,41469
DO_misfit,year,A3,-122.4329987,47.5332985,-49.133819580078125,-26.353834,-17.858925,217.1875,168.05368041992188,41495
DO_misfit,year,A3,-122.4179993,47.777401,-11.161026000976562,-11.978371,-12.77507,215.625,204.46397399902344,41509
DO_misfit,year,A3,-122.4280014,47.7439995,-54.71234130859375,-29.57545,-18.998245,232.8125,178.10015869140625,41516
DO_misfit,year,A3,-122.387001,47.3586006,-27.215774536132812,-16.101288,-14.233131,231.25,204.0342254638672,41533
DO_misfit,year,A3,-122.45722,47.376111,12.025802612304688,-13.696701,-13.382753,209.375,221.4008026123047,41550
DO_misfit,year,A3,-122.45722,47.376111,24.036224365234375,-15.946728,-14.178472,246.875,270.9112243652344,41566
DO_misfit,year,A3,-122.4179993,47.777401,-9.449615478515625,-11.640453,-12.655565,228.125,218.67538452148438,41569
DO_misfit,year,A3,-122.387001,47.3586006,-38.76435852050781,-17.798605,-14.833385,237.5,198.7356414794922,41586
DO_misfit,year,A3,-122.4329987,47.5332985,-43.03013610839844,-27.038874,-18.101189,228.125,185.09486389160156,41593
DO_misfit,year,A3,-122.4329987,47.5332985,-43.03013610839844,-27.038874,-18.101189,228.125,185.09486389160156,41594
DO_misfit,year,A3,-122.4280014,47.7439995,-42.52049255371094,-29.232346,-18.876907,229.6875,187.16700744628906,41602
DO_misfit,year,A3,-122.387001,47.3586006,-35.0787353515625,-18.296898,-15.009605,234.375,199.2962646484375,41619
DO_misfit,year,A3,-122.4280014,47.7439995,-41.05540466308594,-20.194876,-15.680821,246.875,205.81959533691406,41635
DO_misfit,year,A3,-122.4280014,47.7439995,-44.18040466308594,-20.194876,-15.680821,250.0,205.81959533691406,41636
DO_misfit,year,A3,-122.4329987,47.5332985,-44.48762512207031,-26.81637,-18.022501,234.375,189.8873748779297,41651
DO_misfit,year,A3,-122.4329987,47.5332985,-50.73762512207031,-26.81637,-18.022501,240.625,189.8873748779297,41652
DO_misfit,year,A3,-122.4179993,47.777401,-24.900299072265625,-11.694698,-12.674749,246.875,221.97470092773438,41661
DO_misfit,year,A3,-122.45722,47.376111,1.6293792724609375,-15.442427,-14.000127,243.75,245.37937927246094,41683
DO_misfit,year,A3,-122.4329987,47.5332985,-27.420822143554688,-22.12974,-16.365082,234.375,206.9541778564453,41699
DO_misfit,year,A3,-122.4329987,47.5332985,-30.545822143554688,-22.12974,-16.365082,237.5,206.9541778564453,41700
DO_misfit,year,A3,-122.4179993,47.777401,-24.077224731445312,-12.386537,-12.919416,240.625,216.5477752685547,41717
DO_misfit,year,A3,-122.4280014,47.7439995,-30.56365966796875,-15.751205,-14.109325,239.0625,208.49884033203125,41724
DO_misfit,year,A3,-122.387001,47.3586006,-35.463348388671875,-20.346485,-15.734438,237.5,202.03665161132812,41742
DO_misfit,year,A3,-122.4329987,47.5332985,-36.95774841308594,-24.251421,-17.115412,240.625,203.66725158691406,41764
DO_misfit,year,A3,-122.45722,47.376111,14.98785400390625,-14.898992,-13.807941,246.875,261.86285400390625,41772
DO_misfit,year,A3,-122.387001,47.3586006,-29.845291137695312,-19.251732,-15.3472805,240.625,210.7797088623047,41775
DO_misfit,year,A3,-122.4280014,47.7439995,-47.30561828613281,-25.2779,-17.478424,253.125,205.8193817138672,41792
DO_misfit,year,A3,-122.4179993,47.777401,-25.565322875976562,-14.6160145,-13.707868,253.125,227.55967712402344,41806
DO_misfit,year,A3,-122.4329987,47.5332985,-33.48374938964844,-26.129738,-17.779675,234.375,200.89125061035156,41826
DO_misfit,year,A3,-122.4280014,47.7439995,-34.391082763671875,-23.892342,-16.988422,234.375,199.98391723632812,41834
DO_misfit,year,A3,-122.387001,47.3586006,-31.51031494140625,-20.48926,-15.784929,237.5,205.98968505859375,41862
DO_misfit,year,A3,-122.4179993,47.777401,-29.267959594726562,-18.43288,-15.057695,243.75,214.48204040527344,41870
DO_misfit,year,A3,-122.4179993,47.777401,-42.403045654296875,-25.518854,-17.563637,237.5,195.09695434570312,41889
DO_misfit,year,A3,-122.387001,47.3586006,-34.164276123046875,-24.54331,-17.218637,228.125,193.96072387695312,41905
DO_misfit,year,A3,-122.4329987,47.5332985,-34.63389587402344,-30.742126,-19.41084,220.3125,185.67860412597656,41919
DO_misfit,year,A3,-122.4280014,47.7439995,-41.29396057128906,-32.187717,-19.92207,225.0,183.70603942871094,41933
DO_misfit,year,A3,-122.387001,47.3586006,-36.902313232421875,-25.458145,-17.542168,221.875,184.97268676757812,41942
DO_misfit,year,A3,-122.4329987,47.5332985,-34.76307678222656,-30.527485,-19.33493,212.5,177.73692321777344,41949
DO_misfit,year,A3,-122.4329987,47.5332985,-34.76307678222656,-30.527485,-19.33493,212.5,177.73692321777344,41950
DO_misfit,year,A3,-122.45722,47.376111,46.557891845703125,-13.919439,-13.461525,215.625,262.1828918457031,41958
DO_misfit,year,A3,-122.4280014,47.7439995,-38.4354248046875,-31.843412,-19.800304,215.625,177.1895751953125,41972
DO_misfit,year,A3,-122.4179993,47.777401,-34.14488220214844,-25.467144,-17.54535,221.875,187.73011779785156,41991
DO_misfit,year,A3,-122.4329987,47.5332985,-33.80181884765625,-30.922283,-19.47455,201.5625,167.76068115234375,42021
DO_misfit,year,A3,-122.45722,47.376111,133.575927734375,10.802721,-4.7185774,184.375,317.950927734375,42040
DO_misfit,year,A3,-122.387001,47.3586006,-39.85673522949219,-25.13777,-17.428867,212.5,172.6432647705078,42042
DO_misfit,year,A3,-122.4280014,47.7439995,-41.52250671386719,-32.18856,-19.922367,192.1875,150.6649932861328,42049
DO_misfit,year,A3,-122.4329987,47.5332985,-34.905426025390625,-31.032442,-19.513508,187.5,152.59457397460938,42063
DO_misfit,year,A3,-122.387001,47.3586006,-29.117462158203125,-25.375929,-17.513092,184.375,155.25753784179688,42080
DO_misfit,year,A3,-122.4280014,47.7439995,-44.36997985839844,-32.067043,-19.87939,204.6875,160.31752014160156,42099
DO_misfit,year,A3,-122.4179993,47.777401,-43.32145690917969,-25.796946,-17.661983,215.625,172.3035430908203,42108
DO_misfit,year,A3,-122.4179993,47.777401,-34.3753662109375,-25.622025,-17.600122,193.75,159.3746337890625,42120
DO_misfit,year,A3,-122.387001,47.3586006,-30.389419555664062,-25.483574,-17.551159,178.125,147.73558044433594,42132
DO_misfit,year,A3,-122.4280014,47.7439995,-52.41041564941406,-32.25693,-19.946545,193.75,141.33958435058594,42146
DO_misfit,year,A3,-122.4329987,47.5332985,-36.6973876953125,-31.11636,-19.543184,178.125,141.4276123046875,42165
DO_misfit,year,A3,-122.4179993,47.777401,-41.2908935546875,-25.494604,-17.555061,196.875,155.5841064453125,42180
DO_misfit,year,A3,-122.4280014,47.7439995,-50.76048278808594,-29.077385,-18.822105,187.5,136.73951721191406,42207
DO_misfit,year,A3,-122.4280014,47.7439995,-50.76048278808594,-29.077385,-18.822105,187.5,136.73951721191406,42208
DO_misfit,year,A3,-122.4179993,47.777401,-34.091339111328125,-21.249165,-16.053669,184.375,150.28366088867188,42221
DO_misfit,year,A3,-122.4329987,47.5332985,-56.790748596191406,-30.66893,-19.384953,182.8125,126.0217514038086,42228
DO_misfit,year,A3,-122.45722,47.376111,-34.211517333984375,-1.794334,-9.173504,318.75,284.5384826660156,42237
DO_misfit,year,A3,-122.387001,47.3586006,-32.40821838378906,-24.637896,-17.252087,168.75,136.34178161621094,42253
DO_misfit,year,A3,-122.387001,47.3586006,-23.654693603515625,-21.09233,-15.998205,159.375,135.72030639648438,42290
DO_misfit,year,A3,-122.45722,47.376111,83.02072143554688,-8.026926,-11.377648,118.75,201.77072143554688,42296
DO_misfit,year,A3,-122.4280014,47.7439995,-39.14488220214844,-27.729313,-18.345362,178.125,138.98011779785156,42304
DO_misfit,year,A3,-122.4329987,47.5332985,-33.44889831542969,-27.585262,-18.294418,165.625,132.1761016845703,42305
DO_misfit,year,A3,-122.4179993,47.777401,-21.292999267578125,-16.77828,-14.472549,175.0,153.70700073242188,42333
DO_misfit,year,A3,-122.387001,47.3586006,-21.367019653320312,-19.47221,-15.425252,156.25,134.8829803466797,42341
DO_misfit,year,A3,-122.4329987,47.5332985,-38.09297180175781,-25.935595,-17.711018,170.3125,132.2195281982422,42348
DO_misfit,year,A3,-122.45722,47.376111,-48.43293762207031,-14.438268,-13.645008,275.0,226.5670623779297,42356
DO_misfit,year,A3,-122.4280014,47.7439995,-28.644378662109375,-25.020683,-17.387459,168.75,140.10562133789062,42366
DO_misfit,year,A3,-122.4179993,47.777401,-8.944000244140625,-15.873509,-14.152578,165.625,156.68099975585938,42375
DO_misfit,year,A3,-122.387001,47.3586006,-20.225433349609375,-19.279335,-15.357042,162.5,142.27456665039062,42396
DO_misfit,year,A3,-122.4280014,47.7439995,-32.03468322753906,-26.341967,-17.854729,171.875,139.84031677246094,42423
DO_misfit,year,A3,-122.4280014,47.7439995,-32.03468322753906,-26.341967,-17.854729,171.875,139.84031677246094,42424
DO_misfit,year,A3,-122.4329987,47.5332985,-20.201568603515625,-26.167025,-17.792862,153.125,132.92343139648438,42432
DO_misfit,year,A3,-122.4329987,47.5332985,-28.7464599609375,-25.015265,-17.385544,162.5,133.7535400390625,42455
DO_misfit,year,A3,-122.4280014,47.7439995,-35.16326904296875,-26.283474,-17.834044,175.0,139.83673095703125,42472
DO_misfit,year,A3,-122.387001,47.3586006,-11.76214599609375,-17.479677,-14.720596,153.125,141.36285400390625,42483
DO_misfit,year,A3,-122.4179993,47.777401,-11.787887573242188,-16.698719,-14.444412,168.75,156.9621124267578,42512
DO_misfit,year,A3,-122.45722,47.376111,13.26776123046875,-13.520406,-13.320408,225.0,238.26776123046875,42520
DO_misfit,year,A3,-122.4179993,47.777401,-19.302490234375,-15.94651,-14.178394,184.375,165.072509765625,42522
DO_misfit,year,A3,-122.4179993,47.777401,-14.83660888671875,-17.663136,-14.785477,203.125,188.28839111328125,42530
DO_misfit,year,A3,-122.45722,47.376111,17.550216674804688,-14.267449,-13.584599,228.125,245.6752166748047,42552
DO_misfit,year,A3,-122.4179993,47.777401,-16.51220703125,-16.47504,-14.365309,175.0,158.48779296875,42570
DO_misfit,year,A3,-122.4280014,47.7439995,-61.10945129394534,-24.486753,-17.198635,212.50000000000003,151.3905487060547,42577
DO_misfit,year,A3,-122.4280014,47.7439995,-37.9620361328125,-26.234686,-17.81679,178.125,140.1629638671875,42593
DO_misfit,year,A3,-122.4280014,47.7439995,-35.79765319824219,-24.583452,-17.232834,187.5,151.7023468017578,42619
DO_misfit,year,A3,-122.4329987,47.5332985,-32.236907958984375,-24.253683,-17.11621,168.75,136.51309204101562,42627
DO_misfit,year,A3,-122.387001,47.3586006,-31.411270141601562,-19.792383,-15.538481,187.5,156.08872985839844,42636
DO_misfit,year,A3,-122.4329987,47.5332985,-35.75456237792969,-25.07662,-17.407242,175.0,139.2454376220703,42643
DO_misfit,year,A3,-122.4329987,47.5332985,-32.77362060546875,-24.600111,-17.238724,175.0,142.22637939453125,42651
DO_misfit,year,A3,-122.387001,47.3586006,-24.245269775390625,-18.6922,-15.149403,171.875,147.62973022460938,42674
DO_misfit,year,A3,-122.387001,47.3586006,-22.034454345703125,-17.1751,-14.612884,168.75,146.71554565429688,42689
DO_misfit,year,A3,-122.45722,47.376111,-126.84335327148438,-36.158627,-21.326374,484.375,357.5316467285156,42872
DO_misfit,year,A3,-122.387001,47.3586006,-25.162063598632812,-22.737667,-16.580074,228.125,202.9629364013672,42978
DO_misfit,year,A3,-122.4280014,47.7439995,-51.144744873046875,-31.41227,-19.647833,245.3125,194.16775512695312,42985
DO_misfit,year,A3,-122.4329987,47.5332985,-30.727005004882812,-29.906841,-19.11544,225.0,194.2729949951172,42993
DO_misfit,year,A3,-122.4329987,47.5332985,-30.727005004882812,-29.906841,-19.11544,225.0,194.2729949951172,42994
DO_misfit,year,A3,-122.4179993,47.777401,-26.648895263671875,-19.862566,-15.563301,237.5,210.85110473632812,43003
DO_misfit,year,A3,-122.406117,47.5371639,9.731231689453125,10.687441,-4.759346,215.625,225.35623168945312,43013
DO_misfit,year,A3,-122.406117,47.5371639,47.353668212890625,29.140953,1.7667046,259.375,306.7286682128906,43015
DO_misfit,year,A3,-122.406117,47.5371639,7.8623199462890625,0.2511798,-8.450111,196.875,204.73731994628906,43024
DO_misfit,year,A3,-122.406117,47.5371639,25.982025146484375,4.0063853,-7.1220894,209.375,235.35702514648438,43025
DO_misfit,year,A3,-122.406117,47.5371639,16.65899658203125,1.18762,-8.11894,243.75,260.40899658203125,43038
DO_misfit,year,A3,-122.406117,47.5371639,9.636505126953125,3.3917744,-7.3394456,275.0,284.6365051269531,43039
DO_misfit,year,A3,-122.406117,47.5371639,-21.154541015625,2.0589166,-7.810808,340.625,319.470458984375,43040
DO_misfit,year,A3,-122.406117,47.5371639,20.391677856445312,2.4980407,-7.655513,225.0,245.3916778564453,43043
DO_misfit,year,A3,-122.406117,47.5371639,5.264404296875,-1.4453375,-9.050081,190.625,195.889404296875,43044
DO_misfit,year,A3,-122.3435972,47.607858,3.5750274658203125,9.198367,-5.2859545,206.25,209.8250274658203,43045
DO_misfit,year,A3,-122.3435972,47.607858,40.2464599609375,17.040403,-2.5126328,221.875,262.1214599609375,43046
DO_misfit,year,A3,-122.3435972,47.607858,-4.176605224609375,0.12971096,-8.493069,175.0,170.82339477539062,43047
DO_misfit,year,A3,-122.3435972,47.607858,13.592056274414062,16.14708,-2.828555,187.5,201.09205627441406,43048
DO_misfit,year,A3,-122.3435972,47.607858,20.389694213867188,22.949142,-0.4230175,193.75,214.1396942138672,43049
DO_misfit,year,A3,-122.3435972,47.607858,43.46051025390625,37.648144,4.775257,215.625,259.08551025390625,43050
DO_misfit,year,A3,-122.3435972,47.607858,54.690093994140625,23.73787,-0.14408588,262.5,317.1900939941406,43051
DO_misfit,year,A3,-122.3435972,47.607858,28.327880859375,10.606518,-4.787965,253.125,281.452880859375,43052
DO_misfit,year,A3,-122.3435972,47.607858,30.09185791015625,24.54208,0.14032173,215.625,245.71685791015625,43053
DO_misfit,year,A3,-122.3435972,47.607858,44.19921875,44.13919,7.0708046,259.375,303.57421875,43054
DO_misfit,year,A3,-122.3435972,47.607858,33.7003173828125,20.788256,-1.1872115,240.625,274.3253173828125,43055
DO_misfit,year,A3,-122.3435972,47.607858,54.7147216796875,44.404488,7.164626,246.875,301.5897216796875,43056
DO_misfit,year,A3,-122.3435972,47.607858,1.023834228515625,8.780897,-5.433592,256.25,257.2738342285156,43057
DO_misfit,year,A3,-122.3435972,47.607858,33.25311279296875,19.856314,-1.5167913,281.25,314.50311279296875,43058
DO_misfit,year,A3,-122.3435972,47.607858,14.022476196289062,11.193925,-4.5802293,184.375,198.39747619628906,43059
DO_misfit,year,A3,-122.3435972,47.607858,40.627105712890625,35.267467,3.9333353,196.875,237.50210571289062,43060
DO_misfit,year,A3,-122.3435972,47.607858,-0.14593505859375,12.742053,-4.0327363,287.5,287.35406494140625,43061
DO_misfit,year,A3,-122.3435972,47.607858,50.384521484375,41.613934,6.1777515,287.5,337.884521484375,43062
DO_misfit,year,A3,-122.3435972,47.607858,-2.48248291015625,4.7724495,-6.8511724,253.125,250.64251708984375,43063
DO_misfit,year,A3,-122.3435972,47.607858,14.122711181640625,21.054382,-1.0930963,281.25,295.3727111816406,43064
DO_misfit,year,A3,-122.3435972,47.607858,60.793121337890625,23.83429,-0.10998726,200.0,260.7931213378906,43065
DO_misfit,year,A3,-122.3435972,47.607858,18.633758544921875,12.727983,-4.037712,193.75,212.38375854492188,43066
DO_misfit,year,A3,-122.3435972,47.607858,2.2537078857421875,8.403135,-5.567187,225.0,227.2537078857422,43067
DO_misfit,year,A3,-122.3435972,47.607858,41.23504638671875,15.237565,-3.1502032,250.0,291.23504638671875,43068
DO_misfit,year,A3,-122.4280014,47.7439995,-46.5115966796875,-24.007648,-17.029202,221.875,175.3634033203125,43069
DO_misfit,year,A3,-122.4280014,47.7439995,-54.71234130859375,-29.57545,-18.998245,232.8125,178.10015869140625,43077
DO_misfit,year,A3,-122.4280014,47.7439995,-42.52049255371094,-29.232346,-18.876907,229.6875,187.16700744628906,43085
DO_misfit,year,A3,-122.4280014,47.7439995,-41.05540466308594,-20.194876,-15.680821,246.875,205.81959533691406,43093
DO_misfit,year,A3,-122.4280014,47.7439995,-44.18040466308594,-20.194876,-15.680821,250.0,205.81959533691406,43094
DO_misfit,year,A3,-122.4280014,47.7439995,-30.56365966796875,-15.751205,-14.109325,239.0625,208.49884033203125,43102
DO_misfit,year,A3,-122.4280014,47.7439995,-47.30561828613281,-25.2779,-17.478424,253.125,205.8193817138672,43110
DO_misfit,year,A3,-122.4280014,47.7439995,-34.391082763671875,-23.892342,-16.988422,234.375,199.98391723632812,43118
DO_misfit,year,A3,-122.4280014,47.7439995,-51.144744873046875,-31.41227,-19.647833,245.3125,194.16775512695312,43126
DO_misfit,year,A3,-122.4280014,47.7439995,-41.29396057128906,-32.187717,-19.92207,225.0,183.70603942871094,43134
DO_misfit,year,A3,-122.4280014,47.7439995,-38.4354248046875,-31.843412,-19.800304,215.625,177.1895751953125,43142
DO_misfit,year,A3,-122.4280014,47.7439995,-44.36997985839844,-32.067043,-19.87939,204.6875,160.31752014160156,43150
DO_misfit,year,A3,-122.4280014,47.7439995,-41.52250671386719,-32.18856,-19.922367,192.1875,150.6649932861328,43158
DO_misfit,year,A3,-122.4280014,47.7439995,-52.41041564941406,-32.25693,-19.946545,193.75,141.33958435058594,43166
DO_misfit,year,A3,-122.4280014,47.7439995,-50.76048278808594,-29.077385,-18.822105,187.5,136.73951721191406,43174
DO_misfit,year,A3,-122.4280014,47.7439995,-50.76048278808594,-29.077385,-18.822105,187.5,136.73951721191406,43175
DO_misfit,year,A3,-122.4280014,47.7439995,-39.14488220214844,-27.729313,-18.345362,178.125,138.98011779785156,43183
DO_misfit,year,A3,-122.4280014,47.7439995,-32.03468322753906,-26.341967,-17.854729,171.875,139.84031677246094,43191
DO_misfit,year,A3,-122.4280014,47.7439995,-32.03468322753906,-26.341967,-17.854729,171.875,139.84031677246094,43192
DO_misfit,year,A3,-122.4280014,47.7439995,-28.644378662109375,-25.020683,-17.387459,168.75,140.10562133789062,43200
DO_misfit,year,A3,-122.4280014,47.7439995,-35.16326904296875,-26.283474,-17.834044,175.0,139.83673095703125,43208
DO_misfit,year,A3,-122.4280014,47.7439995,-37.9620361328125,-26.234686,-17.81679,178.125,140.1629638671875,43216
DO_misfit,year,A3,-122.4280014,47.7439995,-35.79765319824219,-24.583452,-17.232834,187.5,151.7023468017578,43224
DO_misfit,year,A3,-122.4280014,47.7439995,-61.10945129394534,-24.486753,-17.198635,212.50000000000003,151.3905487060547,43232
DO_misfit,year,A3,-122.369,48.044,0.671844482421875,-11.442427,-12.585534,200.78125,201.45309448242188,61481
DO_misfit,year,A3,-122.4179993,47.777401,2.2240142822265625,-10.446551,-12.233344,231.875,234.09901428222656,61508
DO_misfit,year,A3,-122.4280014,47.7439995,8.338378906250028,-12.633968,-13.00692,228.90624999999997,237.24462890625,61515
DO_misfit,year,A3,-122.4329987,47.5332985,-9.775405883789062,-19.167202,-15.317387,220.9375,211.16209411621094,61539
DO_misfit,year,A3,-122.387001,47.3586006,-2.922698974609375,-17.532167,-14.73916,217.5,214.57730102539062,61555
DO_misfit,year,A3,-122.387001,47.3586006,0.984130859375,-16.49725,-14.373163,232.5,233.484130859375,61563
DO_misfit,year,A3,-122.4179993,47.777401,10.667327880859375,-5.132534,-10.354052,250.625,261.2923278808594,61578
DO_misfit,year,A3,-122.4280014,47.7439995,-7.9030303955078125,-18.699993,-15.152159,233.4375,225.5344696044922,61587
DO_misfit,year,A3,-122.4280014,47.7439995,-4.7780303955078125,-18.699993,-15.152159,230.3125,225.5344696044922,61588
DO_misfit,year,A3,-122.4329987,47.5332985,-0.5079650878905966,-17.291279,-14.65397,224.68749999999997,224.17953491210938,61604
DO_misfit,year,A3,-122.4179993,47.777401,13.640350341796875,-8.1286955,-11.413639,236.5625,250.20285034179688,61613
DO_misfit,year,A3,-122.387001,47.3586006,-1.457061767578125,-14.422288,-13.639357,246.875,245.41793823242188,61632
DO_misfit,year,A3,-122.4329987,47.5332985,-9.214675903320312,-17.013853,-14.555859,241.25,232.0353240966797,61655
DO_misfit,year,A3,-122.4280014,47.7439995,-21.750350952148438,-17.777964,-14.826085,260.46875,238.71839904785156,61693
DO_misfit,year,A3,-122.4280014,47.7439995,7.978851318359375,-8.796938,-11.649961,246.71875,254.69760131835938,61710
DO_misfit,year,A3,-122.4280014,47.7439995,-0.278045654296875,-8.962702,-11.708584,249.375,249.09695434570312,61721
DO_misfit,year,A3,-122.4280014,47.7439995,-14.842971801757812,-19.100918,-15.293945,259.375,244.5320281982422,61755
DO_misfit,year,A3,-122.4179993,47.777401,-3.914520263671875,-15.891617,-14.158981,264.0625,260.1479797363281,61764
DO_misfit,year,A3,-122.4280014,47.7439995,-5.039611816406222,-13.47987,-13.306072,253.43749999999997,248.39788818359375,61790
DO_misfit,year,A3,-122.4179993,47.777401,11.691680908203125,-6.0153403,-10.666254,248.75,260.4416809082031,61807
DO_misfit,year,A3,-122.387001,47.3586006,-9.110260009765625,-16.507858,-14.376915,247.1875,238.07723999023438,61819
DO_misfit,year,A3,-122.4329987,47.5332985,6.35186767578125,-14.77188,-13.762989,243.75,250.10186767578125,61836
DO_misfit,year,A3,-122.4329987,47.5332985,6.0281829833984375,-14.451138,-13.649559,244.375,250.40318298339844,61853
DO_misfit,year,A3,-122.4329987,47.5332985,1.9202880859374716,-15.406417,-13.987392,250.46875000000003,252.3890380859375,61885
DO_misfit,year,A3,-122.387001,47.3586006,-0.4924316406249716,-12.879536,-13.093765,250.93749999999997,250.445068359375,61917
DO_misfit,year,A3,-122.4179993,47.777401,8.71942138671875,-9.674768,-11.960404,247.5,256.21942138671875,61930
DO_misfit,year,A3,-122.387001,47.3586006,8.096160888671875,-11.419047,-12.577266,240.3125,248.40866088867188,61953
DO_misfit,year,A3,-122.4329987,47.5332985,-6.6261749267578125,-17.602613,-14.764072,249.6875,243.0613250732422,61960
DO_misfit,year,A3,-122.4179993,47.777401,6.165069580078125,-5.3598843,-10.434454,249.0625,255.22756958007812,61993
DO_misfit,year,A3,-122.369,48.044,21.066513061523438,-7.8498583,-11.315029,208.28125,229.34776306152344,62011
DO_misfit,year,A3,-122.369,48.044,12.4521484375,-5.67757,-10.5468025,220.15625,232.6083984375,62020
DO_misfit,year,A3,-122.369,48.044,11.821853637695284,-4.4681654,-10.119099,230.93750000000003,242.7593536376953,62044
DO_misfit,year,A3,-122.369,48.044,5.2607879638671875,-5.877685,-10.617573,239.0625,244.3232879638672,62047
DO_misfit,year,A3,-122.387001,47.3586006,-5.757034301757841,-15.208619,-13.91744,251.87500000000003,246.1179656982422,62051
DO_misfit,year,A3,-122.4179993,47.777401,-10.303619384765625,-18.220663,-14.982645,258.125,247.82138061523438,62075
DO_misfit,year,A3,-122.4179993,47.777401,-3.4223785400390625,-18.486729,-15.076738,234.0625,230.64012145996094,62090
DO_misfit,year,A3,-122.387001,47.3586006,-13.48736572265625,-17.400373,-14.692551,243.75,230.26263427734375,62097
DO_misfit,year,A3,-122.4280014,47.7439995,-12.947036743164062,-26.332272,-17.8513,229.53125,216.58421325683594,62112
DO_misfit,year,A3,-122.4329987,47.5332985,-3.9685058593749716,-22.360016,-16.44652,227.49999999999997,223.531494140625,62126
DO_misfit,year,A3,-122.4280014,47.7439995,-0.22770690917971592,-19.540276,-15.449324,241.25000000000003,241.0222930908203,62131
DO_misfit,year,A3,-122.4329987,47.5332985,-4.2842254638671875,-17.610012,-14.766689,244.375,240.0907745361328,62151
DO_misfit,year,A3,-122.369,48.044,11.83502197265625,-11.500427,-12.606046,186.40625,198.24127197265625,62171
DO_misfit,year,A3,-122.369,48.044,28.1019287109375,-4.7174416,-10.207255,195.9375,224.0394287109375,62177
DO_misfit,year,A3,-122.369,48.044,28.1019287109375,-4.7174416,-10.207255,195.9375,224.0394287109375,62178
DO_misfit,year,A3,-122.369,48.044,21.2723388671875,-4.860048,-10.257688,212.65625,233.9285888671875,62190
DO_misfit,year,A3,-122.369,48.044,19.337158203125,-8.698992,-11.615323,191.25,210.587158203125,62205
DO_misfit,year,A3,-122.4329987,47.5332985,-2.0115814208984375,-23.639538,-16.899021,217.03125,215.01966857910156,62208
DO_misfit,year,A3,-122.4280014,47.7439995,-6.9766082763671875,-27.07821,-18.1151,219.0625,212.0858917236328,62218
DO_misfit,year,A3,-122.4179993,47.777401,-19.777359008789062,-19.795286,-15.539507,233.125,213.34764099121094,62264
DO_misfit,year,A3,-122.387001,47.3586006,1.696502685546875,-20.007608,-15.614595,217.8125,219.50900268554688,62278
DO_misfit,year,A3,-122.387001,47.3586006,-0.8798065185546875,-24.074686,-17.05291,193.4375,192.5576934814453,62307
DO_misfit,year,A3,-122.4280014,47.7439995,-30.60362243652341,-31.150043,-19.555096,210.46874999999997,179.86512756347656,62329
DO_misfit,year,A3,-122.4280014,47.7439995,-41.57540893554685,-30.173767,-19.209839,213.28124999999997,171.70584106445312,62341
DO_misfit,year,A3,-122.4179993,47.777401,-4.2382354736328125,-18.147427,-14.956745,189.375,185.1367645263672,62366
DO_misfit,year,A3,-122.4179993,47.777401,-15.298049926757812,-21.04902,-15.982888,212.1875,196.8894500732422,62386
DO_misfit,year,A3,-122.4280014,47.7439995,-32.78172302246094,-31.152506,-19.555967,216.25,183.46827697753906,62393
DO_misfit,year,A3,-122.387001,47.3586006,-10.574249267578125,-22.961794,-16.659336,180.3125,169.73825073242188,62426
DO_misfit,year,A3,-122.387001,47.3586006,-16.912460327148438,-25.002007,-17.380856,192.8125,175.90003967285156,62434
DO_misfit,year,A3,-122.4280014,47.7439995,-16.63824462890625,-25.908144,-17.70131,190.78125,174.14300537109375,62453
DO_misfit,year,A3,-122.4179993,47.777401,-15.123672485351562,-22.409342,-16.463963,214.0625,198.93882751464844,62467
DO_misfit,year,A3,-122.4179993,47.777401,-15.60797119140625,-20.465395,-15.77649,208.75,193.14202880859375,62475
DO_misfit,year,A3,-122.4329987,47.5332985,-14.341567993164062,-28.435871,-18.595234,179.375,165.03343200683594,62491
DO_misfit,year,A3,-122.4329987,47.5332985,-14.654067993164062,-28.435871,-18.595234,179.6875,165.03343200683594,62492
DO_misfit,year,A3,-122.4329987,47.5332985,-20.987258911132784,-30.675627,-19.387321,190.93749999999997,169.9502410888672,62525
DO_misfit,year,A3,-122.4329987,47.5332985,-16.004058837890625,-31.164602,-19.560246,202.34375,186.33969116210938,62535
DO_misfit,year,A3,-122.387001,47.3586006,1.99139404296875,-19.46668,-15.423296,205.3125,207.30389404296875,62563
DO_misfit,year,A3,-122.4329987,47.5332985,-13.434600830078125,-31.347067,-19.624775,205.3125,191.87789916992188,62570
DO_misfit,year,A3,-122.369,48.044,-2.582290649414034,-17.659185,-14.784079,162.49999999999997,159.91770935058594,62585
DO_misfit,year,A3,-122.369,48.044,3.3284149169921875,-9.356558,-11.84787,161.875,165.2034149169922,62591
DO_misfit,year,A3,-122.369,48.044,-10.215866088867188,-15.155115,-13.8985195,180.0,169.7841339111328,62610
DO_misfit,year,A3,-122.369,48.044,-10.528366088867188,-15.155115,-13.8985195,180.3125,169.7841339111328,62611
DO_misfit,year,A3,-122.369,48.044,-23.099624633789062,-18.23659,-14.988277,184.375,161.27537536621094,62617
DO_misfit,year,A3,-122.369,48.044,-24.349624633789062,-18.23659,-14.988277,185.625,161.27537536621094,62618
DO_misfit,year,A3,-122.369,48.044,-6.602661132812528,-14.136359,-13.538239,160.62500000000003,154.0223388671875,62621
DO_misfit,year,A3,-122.369,48.044,2.618865966796875,-13.36342,-13.26489,149.84375,152.46261596679688,62639
DO_misfit,year,A3,-122.369,48.044,3.5405731201171875,-11.0736265,-12.455109,151.09375,154.6343231201172,62663
DO_misfit,year,A3,-122.369,48.044,-8.467117309570312,-15.067407,-13.867501,164.21875,155.7516326904297,62666
DO_misfit,year,A3,-122.369,48.044,2.8970489501953125,-11.326726,-12.544617,182.96875,185.8657989501953,62672
DO_misfit,year,A3,-122.4329987,47.5332985,-8.035476684570341,-25.526173,-17.566225,170.62500000000003,162.5895233154297,62704
DO_misfit,year,A3,-122.387001,47.3586006,1.2394561767578125,-20.476597,-15.780452,167.5,168.7394561767578,62724
DO_misfit,year,A3,-122.4179993,47.777401,13.431991577148438,-14.393115,-13.62904,169.6875,183.11949157714844,62757
DO_misfit,year,A3,-122.4329987,47.5332985,-9.587921142578125,-24.534906,-17.215666,165.15625,155.56832885742188,62808
DO_misfit,year,A3,-122.4329987,47.5332985,-5.140792846679716,-24.574675,-17.229729,164.53125000000003,159.3904571533203,62816
DO_misfit,year,A3,-122.4280014,47.7439995,-5.365020751953097,-23.124964,-16.717041,172.81249999999997,167.44747924804688,62824
DO_misfit,year,A3,-122.4179993,47.777401,14.683761596679688,-14.725048,-13.746428,167.8125,182.4962615966797,62841
DO_misfit,year,A3,-122.387001,47.3586006,-1.12176513671875,-19.084959,-15.288301,160.9375,159.81573486328125,62858
DO_misfit,year,A3,-122.4179993,47.777401,-3.623626708984375,-17.370325,-14.681925,183.125,179.50137329101562,62868
DO_misfit,year,A3,-122.4179993,47.777401,8.221939086914062,-16.1021,-14.233419,164.375,172.59693908691406,62900
DO_misfit,year,A3,-122.4329987,47.5332985,7.0656280517578125,-22.880575,-16.630615,180.3125,187.3781280517578,62907
DO_misfit,year,A3,-122.4329987,47.5332985,5.1427154541015625,-25.442307,-17.536566,166.5625,171.70521545410156,62936
DO_misfit,year,A3,-122.387001,47.3586006,-7.0825347900390625,-14.996275,-13.842346,178.75,171.66746520996094,62961
DO_misfit,year,A3,-122.387001,47.3586006,-2.4583740234375,-17.830029,-14.844498,161.5625,159.1041259765625,63008
DO_misfit,year,A3,-122.387001,47.3586006,-2.4669342041015625,-19.435848,-15.412394,161.875,159.40806579589844,63022
DO_misfit,year,A3,-122.4280014,47.7439995,-23.19146728515628,-25.908144,-17.70131,187.96875000000003,164.77728271484375,63029
DO_misfit,year,A3,-122.4280014,47.7439995,11.269439697265625,-19.880186,-15.569532,180.78125,192.05068969726562,63043
DO_misfit,year,A3,-122.4179993,47.777401,7.925323486328125,-11.978114,-12.774979,188.125,196.05032348632812,63070
DO_misfit,year,A3,-122.4280014,47.7439995,-6.3477783203125,-23.524216,-16.858236,169.21875,162.8709716796875,63091
DO_misfit,year,A3,-122.4280014,47.7439995,-21.707077026367188,-23.520983,-16.857094,213.59375,191.8866729736328,63157
DO_misfit,year,A3,-122.4179993,47.777401,6.4662933349609375,-9.141937,-11.77197,202.8125,209.27879333496094,63166
DO_misfit,year,A3,-122.369,48.044,30.760787963867188,-10.982996,-12.423058,161.71875,192.4795379638672,63182
DO_misfit,year,A3,-122.4280014,47.7439995,8.338378906250028,-12.633968,-13.00692,228.90624999999997,237.24462890625,63185
DO_misfit,year,A3,-122.4280014,47.7439995,-7.9030303955078125,-18.699993,-15.152159,233.4375,225.5344696044922,63193
DO_misfit,year,A3,-122.4280014,47.7439995,-4.7780303955078125,-18.699993,-15.152159,230.3125,225.5344696044922,63194
DO_misfit,year,A3,-122.4280014,47.7439995,-21.750350952148438,-17.777964,-14.826085,260.46875,238.71839904785156,63202
DO_misfit,year,A3,-122.4280014,47.7439995,-0.278045654296875,-8.962702,-11.708584,249.375,249.09695434570312,63210
DO_misfit,year,A3,-122.4280014,47.7439995,7.978851318359375,-8.796938,-11.649961,246.71875,254.69760131835938,63218
DO_misfit,year,A3,-122.4280014,47.7439995,-5.039611816406222,-13.47987,-13.306072,253.43749999999997,248.39788818359375,63226
DO_misfit,year,A3,-122.4280014,47.7439995,-14.842971801757812,-19.100918,-15.293945,259.375,244.5320281982422,63234
DO_misfit,year,A3,-122.4280014,47.7439995,-0.22770690917971592,-19.540276,-15.449324,241.25000000000003,241.0222930908203,63242
DO_misfit,year,A3,-122.4280014,47.7439995,-32.78172302246094,-31.152506,-19.555967,216.25,183.46827697753906,63258
DO_misfit,year,A3,-122.4280014,47.7439995,-30.60362243652341,-31.150043,-19.555096,210.46874999999997,179.86512756347656,63266
DO_misfit,year,A3,-122.4280014,47.7439995,-41.57540893554685,-30.173767,-19.209839,213.28124999999997,171.70584106445312,63274
DO_misfit,year,A3,-122.4280014,47.7439995,-16.63824462890625,-25.908144,-17.70131,190.78125,174.14300537109375,63282
DO_misfit,year,A3,-122.4280014,47.7439995,-23.19146728515628,-25.908144,-17.70131,187.96875000000003,164.77728271484375,63290
DO_misfit,year,A3,-122.4280014,47.7439995,-6.3477783203125,-23.524216,-16.858236,169.21875,162.8709716796875,63298
DO_misfit,year,A3,-122.4280014,47.7439995,-5.365020751953097,-23.124964,-16.717041,172.81249999999997,167.44747924804688,63306
DO_misfit,year,A3,-122.4280014,47.7439995,11.269439697265625,-19.880186,-15.569532,180.78125,192.05068969726562,63330
DO_misfit,year,A3,-122.4280014,47.7439995,-21.707077026367188,-23.520983,-16.857094,213.59375,191.8866729736328,63338
