target,method,hypothesis,test_lon,test_lat,observed,predicted,predicted_calibrated,observed_value,model_original,assessment_row_id
NO3_misfit,year,A,-124.9498,47.966,3.0212010192871084,1.4687382,2.8186038,22.37,25.39120101928711,3791
NO3_misfit,year,A,-124.9498,47.966,4.325209808349609,1.8366014,3.0047035,18.3,22.62520980834961,3793
NO3_misfit,year,A,-124.9498,47.966,3.862902603149415,0.9712843,2.5669448,15.29,19.152902603149414,3795
NO3_misfit,year,A,-124.9498,47.966,1.8022003936767579,0.2019444,2.1777403,13.92,15.722200393676758,3797
NO3_misfit,year,A,-124.9498,47.966,-2.526981277465822,-0.24484311,1.9517133,16.17,13.64301872253418,3799
NO3_misfit,year,A,-124.9498,47.966,-3.3527423477172853,-0.14405917,2.0026994,16.66,13.307257652282715,3801
NO3_misfit,year,A,-124.9498,47.966,7.368537864685059,3.1335053,3.6607995,7.79,15.158537864685059,3803
NO3_misfit,year,A,-124.9498,47.966,8.386621170043945,4.3807654,4.2917805,5.82,14.206621170043945,3805
NO3_misfit,year,A,-124.9498,47.966,6.232919425964355,4.1950235,4.197815,5.78,12.012919425964355,3807
NO3_misfit,year,A,-122.8487,48.1882,0.8829969787597669,1.3112123,2.7389123,26.81,27.692996978759766,3809
NO3_misfit,year,A,-122.8487,48.1882,0.5602053070068358,0.6706005,2.4148307,25.66,26.220205307006836,3810
NO3_misfit,year,A,-122.8487,48.1882,-1.4964566802978503,1.217529,2.6915185,26.56,25.06354331970215,3811
NO3_misfit,year,A,-122.8487,48.1882,2.5913623046875003,2.1736243,3.1752014,21.68,24.2713623046875,3812
NO3_misfit,year,A,-122.8487,48.1882,3.1469659423828134,4.1810045,4.190723,20.29,23.436965942382812,3813
NO3_misfit,year,A,-122.8487,48.1882,3.989459533691406,4.160952,4.180578,18.98,22.969459533691406,3814
NO3_misfit,year,A,-122.8487,48.1882,4.790948410034179,4.741807,4.474429,17.48,22.27094841003418,3815
NO3_misfit,year,A,-123.483,48.2233,1.3347693634033213,1.3305275,2.748684,29.88,31.21476936340332,3816
NO3_misfit,year,A,-123.483,48.2233,1.1899550628662112,1.1615671,2.6632078,29.43,30.61995506286621,3817
NO3_misfit,year,A,-123.483,48.2233,1.2036882019042956,0.90495276,2.5333881,28.44,29.643688201904297,3818
NO3_misfit,year,A,-123.483,48.2233,0.2113495635986311,0.51685977,2.3370543,27.42,27.631349563598633,3819
NO3_misfit,year,A,-123.483,48.2233,0.15624870300293026,0.5677326,2.3627903,26.11,26.26624870300293,3820
NO3_misfit,year,A,-123.483,48.2233,-0.8191952514648442,0.93219924,2.5471718,25.73,24.910804748535156,3821
NO3_misfit,year,A,-123.483,48.2233,1.0122372436523435,2.9074922,3.5464606,22.57,23.582237243652344,3822
NO3_misfit,year,A,-123.483,48.2233,3.1671542358398455,2.2271924,3.202301,19.58,22.747154235839844,3823
NO3_misfit,year,A,-123.483,48.2233,3.7812393951416006,2.727002,3.4551516,18.62,22.4012393951416,3824
NO3_misfit,year,A,-123.9827,48.272,2.520614929199219,2.1751053,3.1759505,31.68,34.20061492919922,3825
NO3_misfit,year,A,-123.9827,48.272,2.6480589294433585,2.1676614,3.172185,31.46,34.10805892944336,3826
NO3_misfit,year,A,-123.9827,48.272,3.1199876403808595,2.0472472,3.111268,30.34,33.45998764038086,3827
NO3_misfit,year,A,-123.9827,48.272,-0.16093215942382955,0.5161893,2.336715,28.6,28.439067840576172,3828
NO3_misfit,year,A,-123.9827,48.272,0.22648788452148594,0.47120804,2.3139594,27.49,27.716487884521484,3829
NO3_misfit,year,A,-123.9827,48.272,1.2408869171142562,0.5317252,2.3445745,25.01,26.250886917114258,3830
NO3_misfit,year,A,-123.9827,48.272,1.103653869628907,0.9386362,2.5504284,23.79,24.893653869628906,3831
NO3_misfit,year,A,-123.9827,48.272,0.6778910827636722,2.0337918,3.104461,22.68,23.357891082763672,3832
NO3_misfit,year,A,-123.9827,48.272,0.43929618835449347,2.2528315,3.2152717,22.06,22.499296188354492,3833
NO3_misfit,year,A,-123.9827,48.272,-0.42005981445312557,3.3346443,3.7625542,22.14,21.719940185546875,3834
NO3_misfit,year,A,-124.4333,48.3968,2.4973226928710943,2.572302,3.3768902,32.86,35.357322692871094,3835
NO3_misfit,year,A,-124.4333,48.3968,3.466631622314452,2.6582556,3.4203734,31.53,34.99663162231445,3837
NO3_misfit,year,A,-124.4333,48.3968,1.0995486450195315,1.7616439,2.966783,31.18,32.27954864501953,3838
NO3_misfit,year,A,-124.4333,48.3968,-0.7958863067626964,1.1583917,2.6616013,30.03,29.234113693237305,3839
NO3_misfit,year,A,-124.4333,48.3968,-0.2728620910644537,0.46527535,2.310958,27.89,27.617137908935547,3840
NO3_misfit,year,A,-124.4333,48.3968,0.8999160766601548,0.6890995,2.4241893,25.35,26.249916076660156,3841
NO3_misfit,year,A,-124.4333,48.3968,1.2934949493408219,1.1276908,2.64607,23.74,25.03349494934082,3842
NO3_misfit,year,A,-124.4333,48.3968,-0.2005005645751936,1.8565766,3.014809,23.33,23.129499435424805,3843
NO3_misfit,year,A,-124.4333,48.3968,-0.7253942108154305,2.674991,3.4288397,22.96,22.23460578918457,3844
NO3_misfit,year,A,-124.4333,48.3968,-0.9957656097412126,2.4745533,3.3274395,22.67,21.67423439025879,3845
NO3_misfit,year,A,-124.7828,48.465,4.629502258300782,2.7666473,3.4752083,33.29,37.91950225830078,3846
NO3_misfit,year,A,-124.7828,48.465,4.391273956298825,2.7599618,3.471826,33.27,37.66127395629883,3848
NO3_misfit,year,A,-124.7828,48.465,4.107978515625,2.9056995,3.5455537,31.32,35.427978515625,3849
NO3_misfit,year,A,-124.7828,48.465,1.1502120208740223,2.377405,3.2782927,30.53,31.680212020874023,3850
NO3_misfit,year,A,-124.7828,48.465,-0.07378913879394489,0.51396734,2.3355908,28.52,28.446210861206055,3851
NO3_misfit,year,A,-124.7828,48.465,1.1354765319824232,1.0229642,2.5930893,26.56,27.695476531982422,3852
NO3_misfit,year,A,-124.7828,48.465,1.2889152526855483,0.79542845,2.4779804,25.65,26.938915252685547,3853
NO3_misfit,year,A,-124.7828,48.465,1.1835396575927746,1.6931227,2.9321184,24.47,25.653539657592773,3854
NO3_misfit,year,A,-124.7828,48.465,0.053027114868164915,2.7964323,3.490276,22.79,22.843027114868164,3855
NO3_misfit,year,A,-124.7828,48.465,1.3149884033203136,1.6533325,2.9119887,20.22,21.534988403320312,3856
NO3_misfit,year,A,-124.7828,48.465,0.828083572387694,3.508187,3.8503485,20.19,21.018083572387695,3858
NO3_misfit,year,A,-125.0163,48.2665,3.634170227050781,2.0059216,3.0903616,34.32,37.95417022705078,3859
NO3_misfit,year,A,-125.0163,48.2665,3.742664794921872,2.5286384,3.3548007,34.27,38.012664794921875,3861
NO3_misfit,year,A,-125.0163,48.2665,2.360513305664064,3.204408,3.6966686,32.9,35.26051330566406,3862
NO3_misfit,year,A,-125.0163,48.2665,0.6906352233886714,1.8383797,3.005603,30.23,30.920635223388672,3863
NO3_misfit,year,A,-125.0163,48.2665,-2.903035507202148,0.063607015,2.1077564,29.11,26.20696449279785,3864
NO3_misfit,year,A,-125.0163,48.2665,-1.4207801818847656,-0.19605672,1.976394,26.25,24.829219818115234,3865
NO3_misfit,year,A,-125.0163,48.2665,-0.6411439514160158,0.75376433,2.4569027,25.66,25.018856048583984,3866
NO3_misfit,year,A,-125.0163,48.2665,-1.1334868621826182,1.2181613,2.6918385,25.37,24.236513137817383,3867
NO3_misfit,year,A,-125.0163,48.2665,-2.535288467407227,2.7070932,3.44508,22.89,20.354711532592773,3868
NO3_misfit,year,A,-125.0163,48.2665,10.664325790405274,10.389861,7.331746,7.42,18.084325790405273,3869
NO3_misfit,year,A,-125.0163,48.2665,12.662896347045898,10.598279,7.4371834,5.3,17.9628963470459,3871
NO3_misfit,year,A,-124.9512,47.9645,2.2524903106689464,2.6116455,3.3967936,28.97,31.222490310668945,3872
NO3_misfit,year,A,-124.9512,47.9645,2.1248195648193366,2.2005835,3.18884,27.45,29.574819564819336,3874
NO3_misfit,year,A,-124.9512,47.9645,3.0088406372070295,0.15939663,2.1562157,21.42,24.42884063720703,3875
NO3_misfit,year,A,-124.9512,47.9645,4.180845413208008,0.7304661,2.4451163,16.84,21.020845413208008,3876
NO3_misfit,year,A,-124.9512,47.9645,6.19847755432129,1.7108793,2.9411016,11.45,17.64847755432129,3877
NO3_misfit,year,A,-124.9512,47.9645,4.440167694091796,1.0787486,2.6213102,14.22,18.660167694091797,3878
NO3_misfit,year,A,-124.9512,47.9645,3.077576293945313,2.312157,3.245284,17.61,20.687576293945312,3879
NO3_misfit,year,A,-124.9512,47.9645,17.414293746948243,11.160295,7.7215033,0.02,17.434293746948242,3880
NO3_misfit,year,A,-124.9512,47.9645,15.025267601013184,14.406253,9.363614,0.0,15.025267601013184,3881
NO3_misfit,year,A,-124.9512,47.9645,14.733094673156739,14.591672,9.457417,0.02,14.753094673156738,3882
NO3_misfit,year,A,-124.9512,47.9645,14.550418548583984,14.4179125,9.369513,0.07,14.620418548583984,3884
NO3_misfit,year,A,-122.4549,47.8134,9.788236694335936,7.9168444,6.080662,19.42,29.208236694335938,3885
NO3_misfit,year,A,-122.4549,47.8134,9.653653030395507,7.748468,5.995481,19.37,29.023653030395508,3886
NO3_misfit,year,A,-122.4549,47.8134,8.88375198364258,7.4075303,5.823003,19.13,28.013751983642578,3887
NO3_misfit,year,A,-122.4549,47.8134,8.310289840698243,7.323163,5.780322,18.77,27.080289840698242,3888
NO3_misfit,year,A,-122.4549,47.8134,7.77298538208008,7.4460874,5.8425083,18.58,26.352985382080078,3889
NO3_misfit,year,A,-122.4549,47.8134,7.410284957885743,7.4640517,5.851597,18.54,25.950284957885742,3890
NO3_misfit,year,A,-122.4549,47.8134,7.447989349365233,7.574008,5.9072227,18.37,25.817989349365234,3891
NO3_misfit,year,A,-122.4549,47.8134,7.55809341430664,7.843093,6.043351,18.14,25.69809341430664,3892
NO3_misfit,year,A,-122.4549,47.8134,7.590718307495116,7.7830625,6.0129824,17.96,25.550718307495117,3893
NO3_misfit,year,A,-122.4549,47.8134,7.442330017089844,7.49465,5.867076,17.86,25.302330017089844,3894
NO3_misfit,year,A,-122.8864,48.2134,3.972314758300783,4.7125263,4.4596167,28.33,32.30231475830078,3895
NO3_misfit,year,A,-122.8864,48.2134,4.229905471801757,4.8180346,4.512993,26.64,30.869905471801758,3896
NO3_misfit,year,A,-122.8864,48.2134,4.686077957153319,5.5104146,4.863263,24.87,29.55607795715332,3897
NO3_misfit,year,A,-122.8864,48.2134,5.294899291992188,5.666029,4.941988,23.43,28.724899291992188,3898
NO3_misfit,year,A,-122.8864,48.2134,5.0200437164306635,5.7050476,4.961727,23.39,28.410043716430664,3899
NO3_misfit,year,A,-122.8864,48.2134,4.945832672119142,5.898169,5.0594263,23.31,28.25583267211914,3900
NO3_misfit,year,A,-122.8864,48.2134,4.785624160766602,6.0547585,5.1386437,23.36,28.1456241607666,3901
NO3_misfit,year,A,-122.8864,48.2134,4.703057022094725,6.1334214,5.1784387,23.28,27.983057022094727,3902
NO3_misfit,year,A,-123.428,48.2305,6.152723846435546,5.013059,4.6116543,28.94,35.09272384643555,3903
NO3_misfit,year,A,-123.428,48.2305,6.320517883300781,5.349501,4.7818584,28.39,34.71051788330078,3904
NO3_misfit,year,A,-123.428,48.2305,5.00460708618164,5.059634,4.635216,28.12,33.12460708618164,3905
NO3_misfit,year,A,-123.428,48.2305,4.631843109130859,4.6491437,4.4275513,27.48,32.11184310913086,3906
NO3_misfit,year,A,-123.428,48.2305,3.7539314270019517,4.9707375,4.5902443,27.35,31.103931427001953,3907
NO3_misfit,year,A,-123.428,48.2305,3.1744525146484364,5.0833397,4.6472087,27.53,30.704452514648438,3908
NO3_misfit,year,A,-123.428,48.2305,3.3314252471923815,5.8096457,5.0146427,26.69,30.021425247192383,3909
NO3_misfit,year,A,-123.428,48.2305,3.821917343139649,6.0518427,5.137169,25.95,29.77191734313965,3910
NO3_misfit,year,A,-123.428,48.2305,5.301231689453125,5.788571,5.0039806,24.18,29.481231689453125,3911
NO3_misfit,year,A,-123.9722,48.2565,5.612000427246095,5.128494,4.6700516,30.54,36.152000427246094,3912
NO3_misfit,year,A,-123.9722,48.2565,5.799653778076173,5.109365,4.6603746,30.24,36.03965377807617,3913
NO3_misfit,year,A,-123.9722,48.2565,5.699242401123048,4.7673926,4.4873734,29.45,35.14924240112305,3914
NO3_misfit,year,A,-123.9722,48.2565,5.829988861083983,4.7487264,4.47793,28.1,33.929988861083984,3915
NO3_misfit,year,A,-123.9722,48.2565,5.270506591796874,4.5694685,4.387244,27.78,33.050506591796875,3916
NO3_misfit,year,A,-123.9722,48.2565,4.2702907562255845,4.8528943,4.5306277,27.1,31.370290756225586,3917
NO3_misfit,year,A,-123.9722,48.2565,4.91852737426758,5.3442483,4.7792006,25.49,30.408527374267578,3918
NO3_misfit,year,A,-123.9722,48.2565,3.5930956268310545,5.395154,4.8049536,24.91,28.503095626831055,3919
NO3_misfit,year,A,-123.9722,48.2565,2.770996856689454,6.0475764,5.1350102,24.7,27.470996856689453,3920
NO3_misfit,year,A,-123.9722,48.2565,2.1828025054931643,7.2073836,5.72175,24.68,26.862802505493164,3921
NO3_misfit,year,A,-124.424,48.3969,5.933533172607422,6.362043,5.294097,31.52,37.45353317260742,3922
NO3_misfit,year,A,-124.424,48.3969,6.727071075439454,6.4126368,5.319692,30.47,37.19707107543945,3923
NO3_misfit,year,A,-124.424,48.3969,4.197041015625,4.4744387,4.3391695,28.52,32.717041015625,3924
NO3_misfit,year,A,-124.424,48.3969,5.23355598449707,5.381548,4.7980704,26.05,31.28355598449707,3925
NO3_misfit,year,A,-124.424,48.3969,9.348140792846678,6.26446,5.2447305,21.92,31.26814079284668,3926
NO3_misfit,year,A,-124.424,48.3969,5.380553436279296,6.119583,5.171438,24.55,29.930553436279297,3927
NO3_misfit,year,A,-124.424,48.3969,6.754891052246094,6.596339,5.4126263,21.86,28.614891052246094,3928
NO3_misfit,year,A,-124.424,48.3969,10.005026473999024,8.960857,6.608822,16.11,26.115026473999023,3929
NO3_misfit,year,A,-124.424,48.3969,11.220387878417968,8.759701,6.507057,13.56,24.78038787841797,3930
NO3_misfit,year,A,-124.424,48.3969,9.42518798828125,8.134826,6.190937,14.33,23.75518798828125,3931
NO3_misfit,year,A,-124.7935,48.4665,7.224554595947264,7.525845,5.8828573,31.94,39.164554595947266,3932
NO3_misfit,year,A,-124.7935,48.4665,7.312501068115235,7.1508164,5.6931324,31.38,38.692501068115234,3933
NO3_misfit,year,A,-124.7935,48.4665,4.133505096435545,6.2346473,5.2296486,31.01,35.14350509643555,3934
NO3_misfit,year,A,-124.7935,48.4665,3.4892298889160145,5.212883,4.7127438,29.28,32.769229888916016,3935
NO3_misfit,year,A,-124.7935,48.4665,5.159908599853516,5.8429666,5.0314994,26.18,31.339908599853516,3936
NO3_misfit,year,A,-124.7935,48.4665,11.745776443481446,7.247533,5.7420607,17.22,28.965776443481445,3937
NO3_misfit,year,A,-124.7935,48.4665,20.72357391357422,9.407142,6.834594,2.51,23.23357391357422,3938
NO3_misfit,year,A,-124.7935,48.4665,16.977705230712893,9.808187,7.0374804,2.26,19.23770523071289,3939
NO3_misfit,year,A,-124.7935,48.4665,12.791844749450684,11.169603,7.7262125,2.1,14.891844749450684,3940
NO3_misfit,year,A,-124.7935,48.4665,12.013351325988769,11.877504,8.084335,1.87,13.88335132598877,3941
NO3_misfit,year,A,-124.7935,48.4665,10.330238914489746,10.193547,7.2324314,1.9,12.230238914489746,3942
NO3_misfit,year,A,-125.016,48.2666,6.410455474853514,6.1871834,5.2056365,32.74,39.150455474853516,3943
NO3_misfit,year,A,-125.016,48.2666,6.252684020996092,6.458265,5.3427753,32.85,39.102684020996094,3944
NO3_misfit,year,A,-125.016,48.2666,5.18417922973633,6.4969287,5.362335,32.83,38.01417922973633,3945
NO3_misfit,year,A,-125.016,48.2666,4.194123535156251,6.395503,5.311024,32.22,36.41412353515625,3946
NO3_misfit,year,A,-125.016,48.2666,6.673393249511719,6.004338,5.1131363,28.0,34.67339324951172,3947
NO3_misfit,year,A,-125.016,48.2666,7.3660951995849615,6.8818626,5.5570707,22.86,30.22609519958496,3948
NO3_misfit,year,A,-125.016,48.2666,15.60723503112793,7.666761,5.954146,11.67,27.27723503112793,3949
NO3_misfit,year,A,-125.016,48.2666,5.971678314208983,6.821603,5.5265856,16.19,22.161678314208984,3950
NO3_misfit,year,A,-125.016,48.2666,11.949355316162109,11.39244,7.8389444,3.55,15.49935531616211,3951
NO3_misfit,year,A,-125.016,48.2666,11.856565704345703,11.250122,7.766947,2.76,14.616565704345703,3952
NO3_misfit,year,A,-125.016,48.2666,11.919553604125976,11.209229,7.7462597,2.66,14.579553604125977,3953
NO3_misfit,year,A,-124.9507,47.9607,5.2800978088378905,5.25282,4.732948,27.66,32.94009780883789,3954
NO3_misfit,year,A,-124.9507,47.9607,5.18368621826172,5.1108103,4.661106,27.54,32.72368621826172,3955
NO3_misfit,year,A,-124.9507,47.9607,6.871605224609375,5.929954,5.0755057,23.18,30.051605224609375,3956
NO3_misfit,year,A,-124.9507,47.9607,4.753140182495116,5.2521524,4.7326097,22.03,26.783140182495117,3957
NO3_misfit,year,A,-124.9507,47.9607,2.6335121917724607,6.887877,5.560113,22.82,25.45351219177246,3958
NO3_misfit,year,A,-124.9507,47.9607,1.7183745574951175,5.9871235,5.1044273,21.43,23.148374557495117,3959
NO3_misfit,year,A,-124.9507,47.9607,6.775217552185058,8.439589,6.3451147,7.23,14.005217552185059,3960
NO3_misfit,year,A,-124.9507,47.9607,5.21810173034668,3.649496,3.921836,1.26,6.47810173034668,3961
NO3_misfit,year,A,-124.9507,47.9607,3.8623202133178713,2.788763,3.4863963,0.97,4.832320213317871,3962
NO3_misfit,year,A,-124.9507,47.9607,3.4866695404052734,2.847537,3.5161297,1.0,4.486669540405273,3963
NO3_misfit,year,A,-124.9507,47.9607,3.3518309593200684,2.8434324,3.5140533,1.0,4.351830959320068,3964
NO3_misfit,year,A,-123.0257,48.2498,4.975502166748047,5.319076,4.766466,28.59,33.56550216674805,3965
NO3_misfit,year,A,-123.0257,48.2498,5.1094662475585935,4.0444922,4.121662,27.32,32.429466247558594,3966
NO3_misfit,year,A,-123.0257,48.2498,5.418222503662108,4.158667,4.1794224,25.92,31.33822250366211,3967
NO3_misfit,year,A,-123.0257,48.2498,4.7787527465820325,4.203225,4.2019644,25.81,30.58875274658203,3968
NO3_misfit,year,A,-123.0257,48.2498,4.041154785156252,4.4053435,4.3042145,25.83,29.87115478515625,3969
NO3_misfit,year,A,-123.0257,48.2498,4.384878616333008,4.503665,4.353955,24.77,29.154878616333008,3970
NO3_misfit,year,A,-123.0257,48.2498,4.903455047607423,5.0820913,4.646577,23.47,28.373455047607422,3971
NO3_misfit,year,A,-123.0257,48.2498,5.177453002929688,5.0373464,4.623941,23.04,28.217453002929688,3972
NO3_misfit,year,A,-123.0257,48.2498,5.152780609130858,5.529199,4.8727665,22.92,28.07278060913086,3973
NO3_misfit,year,A,-126.605,48.1967,0.20734362015443963,-0.25413504,1.9470125,44.6220974504022,44.82944107055664,3974
NO3_misfit,year,A,-126.605,48.1967,0.1972365532982181,-0.25413504,1.9470125,44.63220451725842,44.82944107055664,3975
NO3_misfit,year,A,-126.605,48.1967,0.533397861919056,-0.2969211,1.9253674,43.78156643251454,44.314964294433594,3976
NO3_misfit,year,A,-126.605,48.1967,-1.8163700160518488,-0.744436,1.6989722,42.09871483416708,40.282344818115234,3977
NO3_misfit,year,A,-126.605,48.1967,-1.670059389585056,-0.41409993,1.8660873,40.68703479241709,39.01697540283203,3978
NO3_misfit,year,A,-126.605,48.1967,-0.16495393031570416,1.0960044,2.63004,37.88815568202469,37.723201751708984,3979
NO3_misfit,year,A,-126.605,48.1967,4.072485324742754,4.113727,4.1566877,30.794389370081465,34.86687469482422,3980
NO3_misfit,year,A,-126.605,48.1967,3.025197111207145,3.693594,3.9441447,29.931692994994027,32.95689010620117,3981
NO3_misfit,year,A,-126.605,48.1967,-2.4332015420445323,-0.722607,1.7100154,26.915360202933204,24.482158660888672,3982
NO3_misfit,year,A,-126.605,48.1967,-5.866329053257942,-5.702611,-0.80933833,21.93510804495716,16.06877899169922,3983
NO3_misfit,year,A,-126.605,48.1967,-0.5313027015100253,-3.3586876,0.37643826,16.600081693209244,16.06877899169922,3984
NO3_misfit,year,A,-126.605,48.1967,-4.710452187795395,-3.5508726,0.27921307,12.142888177175278,7.432435989379883,3985
NO3_misfit,year,A,-126.605,48.1967,-3.894575995135556,-3.5353816,0.2870499,11.327011984515439,7.432435989379883,3986
NO3_misfit,year,A,-126.605,48.1967,-3.374526665280512,-4.2730823,-0.0861485,7.112193033765009,3.737666368484497,3987
NO3_misfit,year,A,-126.605,48.1967,-1.9290556957457206,-2.148169,0.98883224,3.924079303953423,1.9950236082077026,3988
NO3_misfit,year,A,-126.605,48.1967,0.3970851514323326,-1.597823,1.267249,1.59793845677537,1.9950236082077026,3989
NO3_misfit,year,A,-126.605,48.1967,0.07631040964470753,-2.0132759,1.057074,0.3277191683257972,0.40402957797050476,3990
NO3_misfit,year,A,-126.605,48.1967,0.14801356937580595,-1.035641,1.5516535,0.2560160085946988,0.40402957797050476,3991
NO3_misfit,year,A,-126.605,48.1967,-0.14223502405501054,-1.0078003,1.565738,0.36865001746035264,0.2264149934053421,3992
NO3_misfit,year,A,-126.4167,48.3033,-0.08523039058628257,-0.35396385,1.8965098,44.74590543941441,44.660675048828125,3993
NO3_misfit,year,A,-126.4167,48.3033,-0.06421778201657702,-0.35396385,1.8965098,44.7248928308447,44.660675048828125,3994
NO3_misfit,year,A,-126.4167,48.3033,0.22168562538821135,-0.37059242,1.8880975,43.70408799521726,43.92577362060547,3995
NO3_misfit,year,A,-126.4167,48.3033,-0.018890832986933503,-0.66779345,1.7377453,40.922802423563105,40.90391159057617,3996
NO3_misfit,year,A,-126.4167,48.3033,0.06074029216541277,-0.5299871,1.8074608,39.25434988727795,39.31509017944336,3997
NO3_misfit,year,A,-126.4167,48.3033,0.22522849106319853,1.4551375,2.8117232,37.660597619776645,37.885826110839844,3998
NO3_misfit,year,A,-126.4167,48.3033,1.0393512140231351,3.15976,3.6740813,35.29700971737335,36.336360931396484,3999
NO3_misfit,year,A,-126.4167,48.3033,3.3704449354099957,3.7776117,3.986649,31.24718125477555,34.61762619018555,4000
NO3_misfit,year,A,-126.4167,48.3033,6.721819187728489,3.0956292,3.641638,24.426343654068386,31.148162841796875,4001
NO3_misfit,year,A,-126.4167,48.3033,-0.979768705909045,-2.0791507,1.0237483,20.32166285568932,19.341894149780273,4002
NO3_misfit,year,A,-126.4167,48.3033,-2.60273698607687,-3.2603383,0.42619252,16.559783494865933,13.957046508789062,4003
NO3_misfit,year,A,-126.4167,48.3033,-4.993137140204114,-3.2194912,0.44685686,12.21605183594386,7.222914695739746,4004
NO3_misfit,year,A,-126.4167,48.3033,-5.804421788530783,-4.445296,-0.17327023,10.358057862596945,4.553636074066162,4005
NO3_misfit,year,A,-126.4167,48.3033,-3.7417436182775994,-4.3635087,-0.13189459,8.295379692343761,4.553636074066162,4006
NO3_misfit,year,A,-126.4167,48.3033,-1.4154590701653031,-1.9045905,1.1120572,3.248318824727681,1.832859754562378,4007
NO3_misfit,year,A,-126.4167,48.3033,0.20382509255753944,-1.7001451,1.2154849,0.3482108948196273,0.5520359873771667,4008
NO3_misfit,year,A,-126.4167,48.3033,0.4803583784919734,-1.633588,1.2491558,0.0716776088851934,0.5520359873771667,4009
NO3_misfit,year,A,-126.4167,48.3033,0.11884882142533254,-0.43430448,1.855866,0.07167544374476481,0.19052426517009735,4010
NO3_misfit,year,A,-126.4167,48.3033,0.10357230865269094,-0.53205794,1.806413,0.06143431401939005,0.165006622672081,4011
NO3_misfit,year,A,-126.4167,48.3033,0.1035724208407762,-0.53205794,1.806413,0.06143420183130479,0.165006622672081,4012
NO3_misfit,year,A,-126.3185,48.3655,0.09831134936928976,-0.44168162,1.8521339,44.59738262035727,44.69569396972656,4013
NO3_misfit,year,A,-126.3185,48.3655,0.11943577941809025,-0.44168162,1.8521339,44.57625819030847,44.69569396972656,4014
NO3_misfit,year,A,-126.3185,48.3655,-0.09770979362596677,-0.6060096,1.7690014,43.79134764152636,43.69363784790039,4015
NO3_misfit,year,A,-126.3185,48.3655,-1.2665498602663092,-0.9955549,1.5719328,42.09854296329365,40.831993103027344,4016
NO3_misfit,year,A,-126.3185,48.3655,-0.1900927317557901,0.39782906,2.2768373,39.41270702008587,39.22261428833008,4017
NO3_misfit,year,A,-126.3185,48.3655,0.1461336084050302,1.1914971,2.678349,38.23707943480786,38.38321304321289,4018
NO3_misfit,year,A,-126.3185,48.3655,6.289352868785976,3.0866458,3.6370935,31.23745300889957,37.52680587768555,4019
NO3_misfit,year,A,-126.3185,48.3655,4.534584644044411,3.531423,3.8621035,28.39129197338723,32.92587661743164,4020
NO3_misfit,year,A,-126.3185,48.3655,3.091848672442204,2.8169208,3.500641,26.616702734418148,29.70855140686035,4021
NO3_misfit,year,A,-126.3185,48.3655,-1.4165033601036612,-2.259189,0.932668,24.03307287914663,22.61656951904297,4022
NO3_misfit,year,A,-126.3185,48.3655,-3.987225346408785,-3.4715133,0.31936038,18.614997677646578,14.627772331237793,4023
NO3_misfit,year,A,-126.3185,48.3655,-3.156362569209427,-4.6231465,-0.2632439,7.967228925105423,4.810866355895996,4024
NO3_misfit,year,A,-126.3185,48.3655,0.6023783490198602,-2.688751,0.71535516,1.8029766276341925,2.4053549766540527,4025
NO3_misfit,year,A,-126.3185,48.3655,-0.9850649028954894,-1.1781435,1.4795623,1.894980588549176,0.9099156856536865,4026
NO3_misfit,year,A,-126.3185,48.3655,-1.0907032666930103,-1.1232401,1.5073376,1.433941054178133,0.3432377874851227,4027
NO3_misfit,year,A,-126.3185,48.3655,-1.2988005598411558,-0.6210506,1.7613922,1.4748514612541197,0.17605090141296387,4028
NO3_misfit,year,A,-126.3185,48.3655,-1.2355495088965807,-0.6187084,1.7625772,1.3826380067737016,0.14708849787712097,4029
NO3_misfit,year,A,-126.3185,48.3655,-1.3072401926561898,-0.6187084,1.7625772,1.4543286905333108,0.14708849787712097,4030
NO3_misfit,year,A,-126.2357,48.4392,-1.7146251781842423,-0.6334554,1.7551167,42.311816035117836,40.597190856933594,4031
NO3_misfit,year,A,-126.2357,48.4392,-1.271672315335742,-0.6334554,1.7551167,41.868863172269336,40.597190856933594,4032
NO3_misfit,year,A,-126.2357,48.4392,-0.8892826632716719,-0.2592582,1.9444208,41.148922403261906,40.259639739990234,4033
NO3_misfit,year,A,-126.2357,48.4392,-0.2747369124466772,-0.45177272,1.8470289,40.00625851889199,39.73152160644531,4034
NO3_misfit,year,A,-126.2357,48.4392,0.3266421830156716,2.2996001,3.2389317,38.49435696249214,38.82099914550781,4035
NO3_misfit,year,A,-126.2357,48.4392,-0.3977786428410681,2.3110428,3.2447205,38.45140947169849,38.05363082885742,4036
NO3_misfit,year,A,-126.2357,48.4392,7.169292778673334,4.741479,4.474263,29.201732306775884,36.37102508544922,4037
NO3_misfit,year,A,-126.2357,48.4392,6.9450940292840855,4.4726543,4.3382664,27.25421627345029,34.199310302734375,4038
NO3_misfit,year,A,-126.2357,48.4392,4.513872939258377,2.7583203,3.4709954,23.3133613289301,27.827234268188477,4039
NO3_misfit,year,A,-126.2357,48.4392,-0.034575774047613805,-1.7198744,1.205504,19.600367857787848,19.565792083740234,4040
NO3_misfit,year,A,-126.2357,48.4392,0.4896057537883003,-2.1345716,0.9957112,14.329044491878204,14.818650245666504,4041
NO3_misfit,year,A,-126.2357,48.4392,-0.2951974350280775,-2.1487691,0.9885287,10.624167390472413,10.328969955444336,4042
NO3_misfit,year,A,-126.2357,48.4392,-3.686119665646756,-1.7861114,1.171995,5.861873020673001,2.175753355026245,4043
NO3_misfit,year,A,-126.2357,48.4392,-2.6789456459275214,-1.274136,1.4310002,3.7805864664307562,1.1016408205032349,4044
NO3_misfit,year,A,-126.2357,48.4392,-1.3134365827493584,-0.34284794,1.9021332,2.0794144422464287,0.7659778594970703,4045
NO3_misfit,year,A,-126.2357,48.4392,-1.2794013294282478,0.1383388,2.1455626,2.151052263647608,0.8716509342193604,4046
NO3_misfit,year,A,-126.2357,48.4392,-1.1872115748486425,0.1383388,2.1455626,2.058862509068003,0.8716509342193604,4047
NO3_misfit,year,A,-126.1298,48.4972,2.024303474282654,3.2384398,3.713885,33.56074138655719,35.585044860839844,4048
NO3_misfit,year,A,-126.1298,48.4972,2.4558547492454466,3.2384398,3.713885,33.1291901115944,35.585044860839844,4049
NO3_misfit,year,A,-126.1298,48.4972,5.121583029573948,3.4352102,3.81343,29.67173667257449,34.79331970214844,4050
NO3_misfit,year,A,-126.1298,48.4972,2.574048744796034,2.7901454,3.4870956,29.412683738114122,31.986732482910156,4051
NO3_misfit,year,A,-126.1298,48.4972,2.630789361379584,2.8716106,3.5283084,27.340979971506158,29.971769332885742,4052
NO3_misfit,year,A,-126.1298,48.4972,-0.44194669963853883,-0.6026557,1.7706981,24.068342878837758,23.62639617919922,4053
NO3_misfit,year,A,-126.1298,48.4972,-0.9762507641574523,-1.5787356,1.2769052,21.692378159787335,20.716127395629883,4054
NO3_misfit,year,A,-126.1298,48.4972,-7.837729186570588,-3.5574892,0.2758658,23.652905196702424,15.815176010131836,4055
NO3_misfit,year,A,-126.1298,48.4972,-3.9340517922006413,-3.0231652,0.546177,15.544535915430622,11.61048412322998,4056
NO3_misfit,year,A,-126.1298,48.4972,2.886504453322239,1.1630472,2.6639566,7.1637675345928,10.050271987915039,4057
NO3_misfit,year,A,-126.1298,48.4972,3.538731780450476,1.9931436,3.083897,6.106025490362512,9.644757270812988,4058
NO3_misfit,year,A,-126.1298,48.4972,1.7869491930573744,1.7744755,2.9732742,6.033315623226805,7.82026481628418,4059
NO3_misfit,year,A,-126.1298,48.4972,-1.2247300258732086,0.49886432,2.3279505,6.012624751672769,4.7878947257995605,4060
NO3_misfit,year,A,-126.009,48.5315,1.9229055891751798,1.7016715,2.9364433,31.619223927426383,33.54212951660156,4063
NO3_misfit,year,A,-126.009,48.5315,2.035866600566763,1.7016715,2.9364433,31.5062629160348,33.54212951660156,4064
NO3_misfit,year,A,-126.009,48.5315,0.45459208554267505,1.5778404,2.873798,29.527522706327442,29.982114791870117,4065
NO3_misfit,year,A,-126.009,48.5315,0.0982515503805601,0.5438735,2.3507204,26.971635610874323,27.069887161254883,4066
NO3_misfit,year,A,-126.009,48.5315,0.9128957768011361,-0.1534253,1.997961,25.22214450640199,26.135040283203125,4067
NO3_misfit,year,A,-126.009,48.5315,0.6264182388108779,-1.2286696,1.4540014,24.127291554279942,24.75370979309082,4068
NO3_misfit,year,A,-126.009,48.5315,-1.303304512212705,-1.6400189,1.2459023,23.364888984868955,22.06158447265625,4069
NO3_misfit,year,A,-126.009,48.5315,5.585197390124868,3.3019335,3.746006,13.42784887452357,19.013046264648438,4070
NO3_misfit,year,A,-126.009,48.5315,11.672640208293473,5.7243953,4.9715147,6.034339543293442,17.706979751586914,4071
NO3_misfit,year,A,-126.009,48.5315,7.052045716397851,4.655326,4.4306793,1.9975138768028327,9.049559593200684,4072
NO3_misfit,year,A,-126.009,48.5315,7.6734124081321795,5.038355,4.624451,0.33799258301772267,8.011404991149902,4073
NO3_misfit,year,A,-126.009,48.5315,7.5095417109587075,5.038355,4.624451,0.501863280191195,8.011404991149902,4074
NO3_misfit,year,A,-125.8987,48.6069,0.8314967107108586,0.019609274,2.085498,33.7452015925118,34.576698303222656,4076
NO3_misfit,year,A,-125.8987,48.6069,-3.5996665456363672,-1.475409,1.3291775,33.31209940696449,29.712432861328125,4077
NO3_misfit,year,A,-125.8987,48.6069,-8.35482102730662,-4.8403645,-0.37313318,32.91923409798533,24.56441307067871,4078
NO3_misfit,year,A,-125.8987,48.6069,-10.318408532986219,-4.96127,-0.43429852,33.25614885891395,22.937740325927734,4079
NO3_misfit,year,A,-125.8987,48.6069,-7.258639149420521,-3.371542,0.36993527,31.19940643762853,23.940767288208008,4080
NO3_misfit,year,A,-125.8987,48.6069,-4.683359792450361,-0.30859035,1.919464,26.562668493011884,21.879308700561523,4081
NO3_misfit,year,A,-125.8987,48.6069,-3.7045107501884615,-0.7328344,1.7048415,24.384091438665024,20.679580688476562,4082
NO3_misfit,year,A,-125.8987,48.6069,-5.429943453295554,3.2242181,3.7066903,23.901501070483054,18.4715576171875,4083
NO3_misfit,year,A,-125.8987,48.6069,0.9493827625606386,2.0663433,3.1209285,14.87031461750528,15.819697380065918,4085
NO3_misfit,year,A,-125.7877,48.6583,2.5701360219754896,0.65737325,2.4081392,31.07287697851279,33.64301300048828,4086
NO3_misfit,year,A,-125.7877,48.6583,2.032455046458619,0.65938467,2.4091568,31.409965913014037,33.442420959472656,4087
NO3_misfit,year,A,-125.7877,48.6583,0.06726798034875969,0.83050007,2.495723,31.387655649411982,31.454923629760742,4088
NO3_misfit,year,A,-125.7877,48.6583,1.8359729450872209,0.11449089,2.1334982,27.943238099224303,29.779211044311523,4089
NO3_misfit,year,A,-125.7877,48.6583,1.4108545167556876,1.9747194,3.0745766,25.69150716232146,27.10236167907715,4090
NO3_misfit,year,A,-125.7877,48.6583,-0.849293398236842,2.271659,3.2247963,25.83275859293899,24.98346519470215,4091
NO3_misfit,year,A,-125.7877,48.6583,-0.39208852679597683,6.1009083,5.1619906,23.07159482867586,22.679506301879883,4092
NO3_misfit,year,A,-125.7877,48.6583,-5.4145629875546675,1.6875293,2.9292889,21.22146873401463,15.806905746459961,4094
NO3_misfit,year,A,-125.6688,48.7133,1.3572136855537593,1.194357,2.679796,34.307585051018506,35.664798736572266,4095
NO3_misfit,year,A,-125.6688,48.7133,0.29147838445451413,0.92102706,2.54152,34.92667652277205,35.21815490722656,4097
NO3_misfit,year,A,-125.6688,48.7133,0.7542060019071499,0.80951995,2.4851093,33.934640586227616,34.688846588134766,4098
NO3_misfit,year,A,-125.6688,48.7133,1.7902416459000534,0.75216603,2.4560943,32.10069615927573,33.89093780517578,4099
NO3_misfit,year,A,-125.6688,48.7133,2.6297065366113728,1.4464517,2.8073292,29.778317297617143,32.408023834228516,4100
NO3_misfit,year,A,-125.6688,48.7133,1.9513588233536545,1.6257966,2.8980587,29.01521679920494,30.966575622558594,4101
NO3_misfit,year,A,-125.6688,48.7133,1.8098083981452717,0.7838285,2.4721122,27.769508694750236,29.579317092895508,4102
NO3_misfit,year,A,-125.6688,48.7133,2.21341499274153,0.9299939,2.5460563,25.50478569085222,27.71820068359375,4103
NO3_misfit,year,A,-125.6688,48.7133,2.952181226408392,2.6297357,3.4059453,22.832505815827936,25.784687042236328,4104
NO3_misfit,year,A,-125.6688,48.7133,8.555179752012819,5.1810174,4.6966233,16.264242016175658,24.819421768188477,4105
NO3_misfit,year,A,-125.6688,48.7133,7.704886711027372,7.8194966,6.031414,12.35825225076462,20.063138961791992,4106
NO3_misfit,year,A,-125.6688,48.7133,9.42182330274142,8.454523,6.3526697,3.5920517048879756,13.013875007629395,4108
NO3_misfit,year,A,-125.574,48.7829,0.16577626057035388,1.4222504,2.795086,33.92364787273043,34.08942413330078,4109
NO3_misfit,year,A,-125.574,48.7829,0.37797719195538804,1.4222504,2.795086,33.73396128460711,34.1119384765625,4110
NO3_misfit,year,A,-125.574,48.7829,1.0252969323246255,0.94417614,2.553231,31.499456638232015,32.52475357055664,4111
NO3_misfit,year,A,-125.574,48.7829,0.7216072899743224,1.5499506,2.8596885,29.868358530338178,30.5899658203125,4112
NO3_misfit,year,A,-125.574,48.7829,1.5868858425960575,1.7629707,2.9674542,28.64307173797035,30.229957580566406,4113
NO3_misfit,year,A,-125.574,48.7829,2.0813161783451903,2.2504296,3.2140567,27.830262953734888,29.911579132080078,4114
NO3_misfit,year,A,-125.574,48.7829,1.547180470382326,2.3947408,3.287063,25.81291169270361,27.360092163085938,4115
NO3_misfit,year,A,-125.574,48.7829,6.274658768385191,5.365766,4.7900867,19.795333297044497,26.069992065429688,4116
NO3_misfit,year,A,-125.574,48.7829,13.362550579616162,6.5262485,5.3771677,12.12875000326958,25.491300582885742,4117
NO3_misfit,year,A,-125.574,48.7829,20.363218207300747,11.625181,7.956687,2.6934128809560876,23.056631088256836,4118
NO3_misfit,year,A,-125.574,48.7829,12.734334920206203,11.4891205,7.8878546,1.730176951131688,14.46451187133789,4120
NO3_misfit,year,A,-125.5236,48.8135,1.1420098904896534,1.3270893,2.7469444,33.22809585291855,34.3701057434082,4121
NO3_misfit,year,A,-125.5236,48.8135,1.3909253715931058,0.9471943,2.5547578,32.27261070018424,33.663536071777344,4122
NO3_misfit,year,A,-125.5236,48.8135,0.7682188982456886,1.9387115,3.0563605,29.61044321112931,30.378662109375,4123
NO3_misfit,year,A,-125.5236,48.8135,2.0050567602073386,2.1319804,3.1541338,28.631400683029966,30.636457443237305,4124
NO3_misfit,year,A,-125.5236,48.8135,2.4439942750354184,2.3268702,3.2527275,27.468122729359113,29.91211700439453,4125
NO3_misfit,year,A,-125.5236,48.8135,2.324589732582176,2.3500223,3.26444,26.25229739815513,28.576887130737305,4126
NO3_misfit,year,A,-125.5236,48.8135,4.106468921164133,4.809686,4.508769,22.245480770608328,26.35194969177246,4127
NO3_misfit,year,A,-125.5236,48.8135,5.178965966244231,6.6484857,5.439007,19.231100638370027,24.410066604614258,4128
NO3_misfit,year,A,-125.5236,48.8135,13.175343761193584,11.201244,7.74222,9.309487095129658,22.484830856323242,4129
NO3_misfit,year,A,-125.5236,48.8135,11.223759536858628,10.968582,7.6245174,1.2385274122990866,12.462286949157715,4130
NO3_misfit,year,A,-125.468,48.8372,0.5357313595629734,1.0583351,2.6109834,32.76975341216554,33.305484771728516,4132
NO3_misfit,year,A,-125.468,48.8372,0.4038723501336108,0.86941254,2.5154085,32.68585695894842,33.08972930908203,4133
NO3_misfit,year,A,-125.468,48.8372,2.4460763284870346,1.7654223,2.9686944,29.022898738651637,31.468975067138672,4134
NO3_misfit,year,A,-125.468,48.8372,2.477013415270619,1.9677106,3.0710309,28.682248288220592,31.15926170349121,4135
NO3_misfit,year,A,-125.468,48.8372,2.760747002243452,2.3439844,3.2613854,27.283093406081743,30.043840408325195,4136
NO3_misfit,year,A,-125.468,48.8372,2.6632291779816377,2.5751116,3.3783114,24.807534982174612,27.47076416015625,4137
NO3_misfit,year,A,-125.468,48.8372,1.771603379688095,4.0101714,4.1042995,23.530074324169327,25.301677703857422,4138
NO3_misfit,year,A,-125.468,48.8372,6.867789437442283,7.232977,5.7346973,16.865397284359474,23.733186721801758,4139
NO3_misfit,year,A,-125.468,48.8372,16.38223316615156,9.6733,6.969242,4.003980136460744,20.386213302612305,4140
NO3_misfit,year,A,-125.468,48.8372,5.288780075126322,6.2436814,5.2342186,3.162744659370748,8.45152473449707,4141
NO3_misfit,year,A,-124.9112,48.3662,1.4703019675257636,1.2942593,2.730336,36.66813721094103,38.1384391784668,4143
NO3_misfit,year,A,-124.9112,48.3662,1.0762682593987094,0.9349704,2.5485737,36.374987538941134,37.451255798339844,4144
NO3_misfit,year,A,-124.9112,48.3662,0.6568603197002929,0.70343715,2.4314425,35.74921038952822,36.406070709228516,4145
NO3_misfit,year,A,-124.9112,48.3662,-0.5558704993849162,0.17431778,2.1637642,35.33527800060562,34.7794075012207,4146
NO3_misfit,year,A,-124.9112,48.3662,-0.193304857199891,0.7244745,2.4420853,33.99388392824481,33.80057907104492,4147
NO3_misfit,year,A,-124.9112,48.3662,-0.7013777406511537,0.90787387,2.5348659,32.3126677186785,31.611289978027344,4148
NO3_misfit,year,A,-124.9112,48.3662,5.750752605882205,3.6700082,3.9322128,22.929653964552365,28.68040657043457,4149
NO3_misfit,year,A,-124.9112,48.3662,15.384139705743095,8.16037,6.2038593,11.602764438544014,26.98690414428711,4150
NO3_misfit,year,A,-124.9112,48.3662,11.737763322741145,7.40292,5.82067,10.095032774060613,21.832796096801758,4151
NO3_misfit,year,A,-124.9112,48.3662,8.964848127370484,9.852433,7.059864,7.890372667307251,16.855220794677734,4153
NO3_misfit,year,A,-124.9428,47.9715,-6.957809909685675,-7.101171,-1.5168614,21.326887592180793,14.369077682495117,4154
NO3_misfit,year,A,-124.9428,47.9715,-7.926509310181263,-4.589296,-0.24611902,20.831260134155873,12.90475082397461,4155
NO3_misfit,year,A,-124.9428,47.9715,-7.584229878613499,-2.7450736,0.6868619,19.58542864722922,12.001198768615723,4156
NO3_misfit,year,A,-124.9428,47.9715,-6.709658377068964,0.035911784,2.0937455,15.408133261102167,8.698474884033203,4157
NO3_misfit,year,A,-124.9428,47.9715,-5.787304119788782,-1.6637961,1.2338736,8.000284867011683,2.2129807472229004,4159
NO3_misfit,year,A,-125.1843,48.1387,2.0230879186256843,2.5355048,3.3582745,36.81353241218486,38.83662033081055,4160
NO3_misfit,year,A,-125.1843,48.1387,2.4195291538059394,3.0146606,3.6006765,36.192031667727264,38.6115608215332,4161
NO3_misfit,year,A,-125.1843,48.1387,1.986959226583032,2.4649518,3.3225822,35.04198669626853,37.02894592285156,4162
NO3_misfit,year,A,-125.1843,48.1387,0.9420028202046709,2.0232728,3.0991395,34.16350026207072,35.10550308227539,4163
NO3_misfit,year,A,-125.1843,48.1387,1.061906496015105,0.67683715,2.417986,31.588884672197786,32.65079116821289,4164
NO3_misfit,year,A,-125.1843,48.1387,-0.40511772957384906,-0.5712561,1.786583,28.67443917122424,28.26932144165039,4165
NO3_misfit,year,A,-125.1843,48.1387,-2.450873499214566,-3.089809,0.5124624,26.3374720862507,23.886598587036133,4166
NO3_misfit,year,A,-125.1843,48.1387,-3.486315575724653,-3.901337,0.10191524,25.060940590983442,21.57462501525879,4167
NO3_misfit,year,A,-125.1843,48.1387,-3.491277574553031,-4.4075418,-0.15417075,23.2402933826585,19.74901580810547,4168
NO3_misfit,year,A,-125.1843,48.1387,-5.56203240304194,-5.645854,-0.78062534,22.507428826381783,16.945396423339844,4169
NO3_misfit,year,A,-125.1843,48.1387,-3.7409678277314526,-3.218745,0.4472344,18.75546844571241,15.014500617980957,4170
NO3_misfit,year,A,-125.1843,48.1387,0.7153607841263963,2.2982576,3.2382526,12.977245188163643,13.692605972290039,4171
NO3_misfit,year,A,-125.1843,48.1387,7.674625134077691,5.890846,5.0557213,4.877924228104926,12.552549362182617,4172
NO3_misfit,year,A,-125.1843,48.1387,8.588014098128058,9.110637,6.684594,4.651718644181512,13.23973274230957,4174
NO3_misfit,year,A,-125.3278,47.9552,-0.5310830095450285,-0.2500713,1.9490684,40.29492654592198,39.76384353637695,4175
NO3_misfit,year,A,-125.3278,47.9552,-0.11036714759248412,0.38909104,2.2724168,39.29556307044405,39.18519592285156,4176
NO3_misfit,year,A,-125.3278,47.9552,0.9021461404600615,2.10286,3.1394022,37.402526100750876,38.30467224121094,4177
NO3_misfit,year,A,-125.3278,47.9552,1.3027294615277256,2.5770056,3.3792696,35.82129779066954,37.124027252197266,4178
NO3_misfit,year,A,-125.3278,47.9552,3.075730511867306,2.9879818,3.58718,33.293532183445194,36.3692626953125,4179
NO3_misfit,year,A,-125.3278,47.9552,2.953388235373019,2.4878397,3.334161,32.332611062722684,35.2859992980957,4180
NO3_misfit,year,A,-125.3278,47.9552,2.361397590116649,1.7568998,2.964383,28.781994972749562,31.14339256286621,4181
NO3_misfit,year,A,-125.3278,47.9552,1.0945536809245837,-0.35378575,1.8965999,27.36050727793772,28.455060958862305,4182
NO3_misfit,year,A,-125.3278,47.9552,0.17730325427365656,-2.8913229,0.6128752,23.769517958494898,23.946821212768555,4183
NO3_misfit,year,A,-125.3278,47.9552,-3.057320845558607,-5.919754,-0.9191897,22.268224013283216,19.21090316772461,4184
NO3_misfit,year,A,-125.3278,47.9552,-6.238600868667085,-7.3753076,-1.6555455,21.986000198806245,15.74739933013916,4185
NO3_misfit,year,A,-125.3278,47.9552,-9.76857172324615,-10.705771,-3.3404071,17.497057784342342,7.728486061096191,4186
NO3_misfit,year,A,-125.3278,47.9552,-7.1780046157471205,-7.6130834,-1.7758348,12.148589961969044,4.970585346221924,4187
NO3_misfit,year,A,-125.3278,47.9552,-7.180157525499261,-6.055783,-0.9880059,10.247233731706537,3.0670762062072754,4188
NO3_misfit,year,A,-125.3278,47.9552,-6.790352470854673,-3.8772554,0.11409795,8.093939073065672,1.3035866022109985,4189
NO3_misfit,year,A,-125.3278,47.9552,-5.390320359369177,-3.3349323,0.38845587,5.52087646593656,0.1305561065673828,4190
NO3_misfit,year,A,-125.3278,47.9552,-5.943355124263344,-3.3349323,0.38845587,6.073911230830727,0.1305561065673828,4191
NO3_misfit,year,A,-125.5812,47.683,-0.36347188796837315,-0.7080508,1.7173793,45.005264185331654,44.64179229736328,4192
NO3_misfit,year,A,-125.5812,47.683,-0.4562911339016438,-0.7080508,1.7173793,45.098083431264925,44.64179229736328,4193
NO3_misfit,year,A,-125.5812,47.683,-0.15533604285270997,-0.7080508,1.7173793,44.29646458289177,44.14112854003906,4194
NO3_misfit,year,A,-125.5812,47.683,-1.484115918884136,-0.64852476,1.7474933,42.45781739593492,40.97370147705078,4195
NO3_misfit,year,A,-125.5812,47.683,-2.3322502287241704,0.2786748,2.216558,41.292852035364795,38.960601806640625,4196
NO3_misfit,year,A,-125.5812,47.683,-1.142046105776359,1.5512781,2.8603601,38.88406957379394,37.74202346801758,4197
NO3_misfit,year,A,-125.5812,47.683,3.7940315736620818,2.8555815,3.5201993,32.55138163434573,36.34541320800781,4198
NO3_misfit,year,A,-125.5812,47.683,3.8768547445488757,2.4174578,3.2985554,28.93323436677925,32.810089111328125,4199
NO3_misfit,year,A,-125.5812,47.683,2.3955734486820184,1.2963709,2.731404,26.780415702318958,29.175989151000977,4200
NO3_misfit,year,A,-125.5812,47.683,-1.3324635406900462,-2.6356926,0.74219704,24.453534402506452,23.121070861816406,4201
NO3_misfit,year,A,-125.5812,47.683,-4.335796555054905,-6.3096967,-1.1164594,19.815686424744847,15.479889869689941,4202
NO3_misfit,year,A,-125.5812,47.683,-7.619991908716155,-10.104311,-3.0361316,14.328591476129485,6.70859956741333,4203
NO3_misfit,year,A,-125.5812,47.683,-8.52344702810237,-8.578583,-2.2642753,11.362319937648268,2.8388729095458984,4204
NO3_misfit,year,A,-125.5812,47.683,-4.429844403550271,-8.574527,-2.262223,7.268717313096169,2.8388729095458984,4205
NO3_misfit,year,A,-125.5812,47.683,-4.038643758099128,-5.8476553,-0.88271546,5.062410633366157,1.0237668752670288,4206
NO3_misfit,year,A,-125.5812,47.683,-0.7278811555801663,-3.633329,0.23749888,1.0546636503635678,0.3267824947834015,4207
NO3_misfit,year,A,-125.5812,47.683,-0.4493936437094558,-2.9285195,0.5940577,0.5118904325092185,0.062496788799762726,4208
NO3_misfit,year,A,-125.5812,47.683,-0.37768880977186303,-1.5195673,1.306838,0.44018559857162576,0.062496788799762726,4209
NO3_misfit,year,A,-125.5812,47.683,-0.13426687519244493,-1.0376747,1.5506246,0.1432793498709017,0.009012474678456783,4210
NO3_misfit,year,A,-125.5812,47.683,-0.28777923792611004,-1.0376747,1.5506246,0.2967917126045668,0.009012474678456783,4211
NO3_misfit,year,A,-126.0995,47.1303,0.8020312872567956,-0.55627495,1.7941618,44.07560848325102,44.87763977050781,4212
NO3_misfit,year,A,-126.0995,47.1303,1.0673562459965424,-0.55627495,1.7941618,43.77433381748002,44.84169006347656,4213
NO3_misfit,year,A,-126.0995,47.1303,1.0413898622253015,-0.55627495,1.7941618,43.48418005354618,44.525569915771484,4214
NO3_misfit,year,A,-126.0995,47.1303,0.6306116233529835,-0.6537979,1.7448256,43.0187490333853,43.64936065673828,4215
NO3_misfit,year,A,-126.0995,47.1303,-0.12252568795987173,-0.911084,1.6146661,42.491681571748934,42.36915588378906,4216
NO3_misfit,year,A,-126.0995,47.1303,-1.1809896996170863,-0.9816341,1.5789752,41.263650374665914,40.08266067504883,4217
NO3_misfit,year,A,-126.0995,47.1303,-2.115780006211338,-0.22896875,1.9597441,40.03819669322306,37.92241668701172,4218
NO3_misfit,year,A,-126.0995,47.1303,-0.02979893999869887,0.383406,2.2695408,37.46554417925651,37.43574523925781,4219
NO3_misfit,year,A,-126.0995,47.1303,1.8321388889125885,3.1040778,3.6459122,33.74330056421241,35.575439453125,4221
NO3_misfit,year,A,-126.0995,47.1303,2.5364615365419425,2.0472765,3.1112828,29.88096552644634,32.41742706298828,4222
NO3_misfit,year,A,-126.0995,47.1303,-1.9114768064416374,-2.0882149,1.0191627,27.378216460982653,25.466739654541016,4223
NO3_misfit,year,A,-126.0995,47.1303,-11.50350349884836,-9.874669,-2.9199574,26.231354412849825,14.727850914001465,4224
NO3_misfit,year,A,-126.0995,47.1303,-7.356861274155687,-7.347195,-1.6413236,22.08471218815715,14.727850914001465,4225
NO3_misfit,year,A,-126.0995,47.1303,-12.314267662219091,-9.433008,-2.696524,17.76604464357285,5.45177698135376,4226
NO3_misfit,year,A,-126.0995,47.1303,-13.994668689778903,-8.976768,-2.4657142,15.978861180356601,1.9841924905776978,4227
NO3_misfit,year,A,-126.0995,47.1303,-10.895660265687406,-8.90956,-2.4317148,12.879852756265104,1.9841924905776978,4228
NO3_misfit,year,A,-126.0995,47.1303,-9.779730793772083,-5.1808105,-0.5453627,10.42726808482204,0.6475372910499573,4229
NO3_misfit,year,A,-126.0995,47.1303,-2.4833161605433323,-2.5381968,0.7915195,2.6220609916285373,0.13874483108520508,4230
NO3_misfit,year,A,-126.0995,47.1303,-0.1376931380213432,-1.739207,1.1957237,0.2764379691065483,0.13874483108520508,4231
NO3_misfit,year,A,-126.0995,47.1303,0.03635674165714686,-0.84672844,1.6472232,0.10238808942805822,0.13874483108520508,4232
NO3_misfit,year,A,-126.0995,47.1303,-0.019153393527443136,-0.99719656,1.5711023,0.05117966206925603,0.0320262685418129,4233
NO3_misfit,year,A,-125.1988,47.1125,0.890920971537561,-0.61292714,1.7655019,43.80730977187064,44.6982307434082,4235
NO3_misfit,year,A,-125.1988,47.1125,0.5704772778545575,-0.61292714,1.7655019,43.618720262428646,44.1891975402832,4236
NO3_misfit,year,A,-125.1988,47.1125,0.314570077949746,-0.80659515,1.6675264,43.18349205583932,43.49806213378906,4237
NO3_misfit,year,A,-125.1988,47.1125,-0.2809458622304959,-0.93666226,1.6017262,42.758729065355496,42.477783203125,4238
NO3_misfit,year,A,-125.1988,47.1125,0.5676530726717246,-0.8379425,1.651668,40.03611432234781,40.60376739501953,4239
NO3_misfit,year,A,-125.1988,47.1125,0.31476215560513054,0.39035612,2.2730567,39.03812404434604,39.35288619995117,4240
NO3_misfit,year,A,-125.1988,47.1125,1.3844559286833942,2.0430899,3.1091647,37.207829227566606,38.59228515625,4241
NO3_misfit,year,A,-125.1988,47.1125,2.1864826669148343,3.2791765,3.7344935,35.55415988069259,37.74064254760742,4242
NO3_misfit,year,A,-125.1988,47.1125,2.050636513303168,2.3187659,3.2486277,30.969405906130426,33.020042419433594,4243
NO3_misfit,year,A,-125.1988,47.1125,5.189042406411744,2.0957007,3.1357803,27.83100001302185,33.020042419433594,4244
NO3_misfit,year,A,-125.1988,47.1125,1.2606520875063651,-2.6185036,0.7508929,25.328350521746565,26.58900260925293,4245
NO3_misfit,year,A,-125.1988,47.1125,-4.837587163195575,-7.9707527,-1.9567773,21.84957294200417,17.011985778808594,4246
NO3_misfit,year,A,-125.1988,47.1125,-13.448897207489399,-13.008614,-4.5054007,20.089545095672992,6.640647888183594,4247
NO3_misfit,year,A,-125.1988,47.1125,-15.427538858094042,-13.607983,-4.8086176,17.53027509275896,2.102736234664917,4248
NO3_misfit,year,A,-125.1988,47.1125,-12.7991217852259,-13.603927,-4.806566,14.901858019890817,2.102736234664917,4249
NO3_misfit,year,A,-125.1988,47.1125,-10.827498898766555,-10.015359,-2.9911315,11.5050992825251,0.6776003837585449,4250
NO3_misfit,year,A,-125.1988,47.1125,-10.325414936873402,-7.303575,-1.6192565,10.466927420231785,0.14151248335838318,4251
NO3_misfit,year,A,-125.1988,47.1125,-9.098567411490151,-6.0881386,-1.0043745,9.240079894848535,0.14151248335838318,4252
NO3_misfit,year,A,-125.1988,47.1125,-4.391766612717338,-2.3826082,0.8702309,4.413800546267457,0.0220339335501194,4253
NO3_misfit,year,A,-125.1988,47.1125,-0.33785434477574217,-1.5059279,1.3137381,0.3480999063754736,0.010245561599731445,4254
NO3_misfit,year,A,-125.1988,47.1125,-0.716681600245847,-1.5059279,1.3137381,0.7269271618455785,0.010245561599731445,4255
NO3_misfit,year,A,-125.0547,47.1225,-0.14899501005288585,-0.67184657,1.7356949,44.89128169218179,44.742286682128906,4256
NO3_misfit,year,A,-125.0547,47.1225,0.05739645543939531,-0.67184657,1.7356949,44.68489022668951,44.742286682128906,4257
NO3_misfit,year,A,-125.0547,47.1225,-1.1570224593347476,-0.90362316,1.6184405,44.11048696739139,42.95346450805664,4258
NO3_misfit,year,A,-125.0547,47.1225,-0.5877295590680944,-0.9508015,1.5945733,41.01362906468333,40.425899505615234,4259
NO3_misfit,year,A,-125.0547,47.1225,-0.3266115656148969,0.90077317,2.5312736,39.66535286810513,39.338741302490234,4260
NO3_misfit,year,A,-125.0547,47.1225,0.4491256103636516,1.8686696,3.0209267,38.11268392943127,38.56180953979492,4261
NO3_misfit,year,A,-125.0547,47.1225,3.5565160421278037,2.7263958,3.454845,33.88745749913196,37.443973541259766,4262
NO3_misfit,year,A,-125.0547,47.1225,3.2525297703964604,2.24606,3.211846,30.753909438587915,34.006439208984375,4263
NO3_misfit,year,A,-125.0547,47.1225,-0.8388254765137013,0.46099752,2.3087938,30.50224901472171,29.663423538208008,4264
NO3_misfit,year,A,-125.0547,47.1225,-3.9478936573396055,-3.8191767,0.14347959,28.615446605337652,24.667552947998047,4265
NO3_misfit,year,A,-125.0547,47.1225,-8.15679819610347,-8.630955,-2.2907698,22.970785928037063,14.813987731933594,4266
NO3_misfit,year,A,-125.0547,47.1225,-12.883540300103014,-12.9465885,-4.474023,18.848166135521716,5.964625835418701,4267
NO3_misfit,year,A,-125.0547,47.1225,-10.03734030404318,-13.036365,-4.5194397,16.00196613946188,5.964625835418701,4268
NO3_misfit,year,A,-125.0547,47.1225,-10.586564564487757,-12.305016,-4.149455,13.65042521931869,3.0638606548309326,4269
NO3_misfit,year,A,-125.0547,47.1225,-10.672202611014173,-10.776377,-3.3761256,11.50530525450401,0.8331026434898376,4270
NO3_misfit,year,A,-125.0547,47.1225,-7.117991646714031,-6.217122,-1.0696263,7.339973604268848,0.2219819575548172,4271
NO3_misfit,year,A,-125.0547,47.1225,-3.74288843772046,-4.897699,-0.40213823,3.791159918668193,0.048271480947732925,4272
NO3_misfit,year,A,-125.0547,47.1225,-1.9896801941184252,-2.5550947,0.782971,2.037951675066158,0.048271480947732925,4273
NO3_misfit,year,A,-125.0547,47.1225,-0.7529811508628428,-1.4640675,1.3349152,0.7577803985821903,0.004799247719347477,4274
NO3_misfit,year,A,-125.0547,47.1225,-0.48673472094076814,-1.4640675,1.3349152,0.4915339686601156,0.004799247719347477,4275
NO3_misfit,year,A,-124.9823,47.1095,0.781881933506007,1.1046978,2.634438,38.13278710335923,38.914669036865234,4276
NO3_misfit,year,A,-124.9823,47.1095,1.0215631111938706,1.1046978,2.634438,37.893105925671364,38.914669036865234,4277
NO3_misfit,year,A,-124.9823,47.1095,1.9726618896805235,1.0403215,2.6018703,36.506788336149555,38.47945022583008,4278
NO3_misfit,year,A,-124.9823,47.1095,2.9640849521896584,2.989372,3.5878832,34.55548825948026,37.51957321166992,4279
NO3_misfit,year,A,-124.9823,47.1095,2.752066864018282,2.7630937,3.4734104,33.71397851562039,36.46604537963867,4280
NO3_misfit,year,A,-124.9823,47.1095,0.7569098459014825,2.0883462,3.1320596,33.31827402250672,34.0751838684082,4281
NO3_misfit,year,A,-124.9823,47.1095,-1.3383517380505658,-3.0249279,0.54528534,27.6082511063367,26.269899368286133,4282
NO3_misfit,year,A,-124.9823,47.1095,-2.6783955668068025,-5.259876,-0.58536124,23.598346052036295,20.919950485229492,4283
NO3_misfit,year,A,-124.9823,47.1095,-12.313793135467403,-12.289355,-4.141533,21.99848361093127,9.684690475463867,4284
NO3_misfit,year,A,-124.9823,47.1095,-12.991005844937781,-13.816679,-4.914196,17.93135923849247,4.9403533935546875,4285
NO3_misfit,year,A,-124.9823,47.1095,-13.709254745327023,-13.226714,-4.615737,16.370002511821774,2.660747766494751,4286
NO3_misfit,year,A,-124.9823,47.1095,-13.956192471387162,-13.278016,-4.6416903,15.443968273999467,1.4877758026123047,4287
NO3_misfit,year,A,-124.9823,47.1095,-12.840376888124048,-7.7336683,-1.836838,13.060482595769464,0.22010570764541626,4288
NO3_misfit,year,A,-124.9823,47.1095,-14.187596899026437,-7.761174,-1.8507531,14.257159006351037,0.06956210732460022,4289
NO3_misfit,year,A,-124.9823,47.1095,-10.443016149368454,-3.9043849,0.10037327,10.461960274990965,0.01894412562251091,4290
NO3_misfit,year,A,-124.9823,47.1095,-2.9891127099000427,-1.8654622,1.1318519,2.9904001832657072,0.0012874733656644821,4291
NO3_misfit,year,A,-124.9823,47.1095,-2.302938245335571,-1.8654622,1.1318519,2.3042257187012356,0.0012874733656644821,4292
NO3_misfit,year,A,-124.8168,47.1147,-2.092943819867415,0.10130449,2.1268272,35.61180749784593,33.518863677978516,4293
NO3_misfit,year,A,-124.8168,47.1147,-2.0620856478530527,0.10130449,2.1268272,35.58094932583157,33.518863677978516,4294
NO3_misfit,year,A,-124.8168,47.1147,-3.9199622912862324,-0.937366,1.6013702,33.55993497805381,29.639972686767578,4295
NO3_misfit,year,A,-124.8168,47.1147,-2.226554477948131,-4.9171267,-0.41196656,27.359403217572154,25.132848739624023,4296
NO3_misfit,year,A,-124.8168,47.1147,-7.192101299061715,-10.053298,-3.0103247,23.13046532799238,15.938364028930664,4297
NO3_misfit,year,A,-124.8168,47.1147,-12.186988051623722,-12.439051,-4.2172623,22.100178893298526,9.913190841674805,4298
NO3_misfit,year,A,-124.8168,47.1147,-13.312605020926974,-13.874762,-4.9435797,20.671575663016817,7.358970642089844,4299
NO3_misfit,year,A,-124.8168,47.1147,-16.74529308108642,-15.263467,-5.646117,18.7918705346997,2.0465774536132812,4300
NO3_misfit,year,A,-124.8168,47.1147,-20.965749324961923,-12.88699,-4.4438725,21.22532606284263,0.2595767378807068,4301
NO3_misfit,year,A,-124.8168,47.1147,-10.263343633211374,-8.674086,-2.3125894,10.39305390516591,0.12971027195453644,4302
NO3_misfit,year,A,-124.8168,47.1147,-0.5962327175682294,-4.183679,-0.04092002,0.6249156572764623,0.02868293970823288,4303
NO3_misfit,year,A,-124.7075,47.3435,-0.08183555305510737,0.20347169,2.178513,34.5177715271762,34.435935974121094,4306
NO3_misfit,year,A,-124.7075,47.3435,-0.020150144108953327,0.20347169,2.178513,34.45608611823005,34.435935974121094,4307
NO3_misfit,year,A,-124.7075,47.3435,-1.2494893533109206,-0.35640973,1.8952725,32.31569914640174,31.06620979309082,4308
NO3_misfit,year,A,-124.7075,47.3435,-4.555539650362832,-4.8711643,-0.38871455,28.83205561105619,24.27651596069336,4309
NO3_misfit,year,A,-124.7075,47.3435,-9.95365753320145,-7.1244063,-1.528616,29.54590263513016,19.59224510192871,4310
NO3_misfit,year,A,-124.7075,47.3435,-10.633033854892552,-9.371991,-2.6656554,27.014492137363256,16.381458282470703,4311
NO3_misfit,year,A,-124.7075,47.3435,-9.005070590592531,-9.601137,-2.7815793,22.208327197648195,13.203256607055664,4312
NO3_misfit,year,A,-124.7075,47.3435,-5.763185803227241,-3.1493373,0.48234725,16.633832279972847,10.870646476745605,4313
NO3_misfit,year,A,-124.7075,47.3435,-2.206648497617243,0.14690757,2.1498976,10.857837348020075,8.651188850402832,4314
NO3_misfit,year,A,-124.7075,47.3435,1.684739429402164,1.6584265,2.914566,5.667958419871518,7.352697849273682,4315
NO3_misfit,year,A,-124.7075,47.3435,1.7827856825500252,0.6354567,2.3970516,1.0449344827026603,2.8277201652526855,4316
NO3_misfit,year,A,-124.7075,47.3435,1.721315222494449,0.6354567,2.3970516,1.1064049427582365,2.8277201652526855,4317
NO3_misfit,year,A,-124.6403,47.1119,-1.0657703521482844,-0.97644883,1.5815984,34.381207669042816,33.31543731689453,4318
NO3_misfit,year,A,-124.6403,47.1119,-1.2300662589667155,-0.97644883,1.5815984,34.54550357586125,33.31543731689453,4319
NO3_misfit,year,A,-124.6403,47.1119,-4.054665779682395,-2.1540546,0.98585474,34.37852022609353,30.323854446411133,4320
NO3_misfit,year,A,-124.6403,47.1119,-6.995791943977739,-6.4828424,-1.2040527,29.92752793640938,22.93173599243164,4321
NO3_misfit,year,A,-124.6403,47.1119,-8.998119876537288,-8.751708,-2.351858,27.653458163890804,18.655338287353516,4322
NO3_misfit,year,A,-124.6403,47.1119,-11.338582592373488,-10.458209,-3.2151668,26.999312000637648,15.66072940826416,4323
NO3_misfit,year,A,-124.6403,47.1119,-10.699086985925884,-11.251821,-3.6166499,22.63592704329893,11.936840057373047,4324
NO3_misfit,year,A,-124.6403,47.1119,6.013158239498854,-4.6387568,-0.27114105,5.690546594485521,11.703704833984375,4325
NO3_misfit,year,A,-124.6403,47.1119,10.90380532352208,0.8673133,2.5143466,1.0662674227547748,11.970072746276855,4326
NO3_misfit,year,A,-124.6403,47.1119,13.404658940607863,7.3963304,5.817337,0.1230033366138161,13.52766227722168,4327
NO3_misfit,year,A,-124.6403,47.1119,6.294151882711173,2.5148296,3.347815,0.010248084482430267,6.3043999671936035,4329
NO3_misfit,year,A,-124.3933,47.12,1.331267877770543,1.5973355,2.8836603,32.21503873233688,33.54630661010742,4330
NO3_misfit,year,A,-124.3933,47.12,1.5389013120538273,4.3714733,4.28708,28.82629110127625,30.365192413330078,4331
NO3_misfit,year,A,-124.3933,47.12,10.005032501744342,9.924181,7.096161,18.530459441615033,28.535491943359375,4332
NO3_misfit,year,A,-124.3933,47.12,15.727477761726144,13.003784,8.654114,7.610708502311942,23.338186264038086,4333
NO3_misfit,year,A,-124.3933,47.12,16.404705740035126,14.266999,9.293166,0.7686989535683902,17.173404693603516,4334
NO3_misfit,year,A,-124.3933,47.12,17.070912521880498,14.266999,9.293166,0.10249217172301764,17.173404693603516,4335
NO3_misfit,year,A,-124.2683,46.1337,3.3244857077370895,1.7924339,2.9823594,34.536926340602754,37.861412048339844,4336
NO3_misfit,year,A,-124.2683,46.1337,2.9178161686168593,1.6136574,2.8919175,35.600849145103844,38.5186653137207,4337
NO3_misfit,year,A,-124.2683,46.1337,1.6618654866744436,0.8231088,2.4919837,35.30023549599157,36.962100982666016,4338
NO3_misfit,year,A,-124.2683,46.1337,1.6074763152357576,-0.11381141,2.0180016,33.59196368720565,35.199440002441406,4339
NO3_misfit,year,A,-124.2683,46.1337,-3.697473341436279,-0.46740565,1.8391203,33.99753742835034,30.300064086914062,4340
NO3_misfit,year,A,-124.2683,46.1337,-11.833517068924042,0.6442784,2.4015145,31.669775003494355,19.836257934570312,4341
NO3_misfit,year,A,-124.2683,46.1337,-14.224668194101142,0.46127385,2.3089337,29.037525821969794,14.812857627868652,4342
NO3_misfit,year,A,-124.2683,46.1337,-5.006028356706427,2.7887802,3.486405,16.69728011146717,11.691251754760742,4343
NO3_misfit,year,A,-124.2683,46.1337,9.169375471210849,9.039161,6.6484346,7.009680696391691,16.17905616760254,4344
NO3_misfit,year,A,-124.2683,46.1337,6.069873351722178,9.039161,6.6484346,10.109182815880361,16.17905616760254,4345
NO3_misfit,year,A,-124.0937,46.1312,2.5717454226247014,2.7485273,3.4660413,34.43180224583233,37.00354766845703,4346
NO3_misfit,year,A,-124.0937,46.1312,2.3936708852166717,2.97713,3.5816898,34.76856818949036,37.16223907470703,4347
NO3_misfit,year,A,-124.0937,46.1312,3.1937335907887814,4.668036,4.437109,33.151221853547156,36.34495544433594,4348
NO3_misfit,year,A,-124.0937,46.1312,1.20445810593759,5.6214104,4.9194155,31.709905755146394,32.914363861083984,4349
NO3_misfit,year,A,-124.0937,46.1312,7.963730603158709,7.1057677,5.670343,22.700429171621565,30.664159774780273,4350
NO3_misfit,year,A,-124.0937,46.1312,13.539741844189198,13.060748,8.682931,8.139281898486583,21.67902374267578,4352
NO3_misfit,year,A,-124.1075,46.1665,15.947682903557805,13.944108,9.129818,6.148598148077937,22.096281051635742,4356
NO3_misfit,year,A,-123.907,46.1905,7.89623996936391,5.899941,5.0603223,5.175569799312848,13.071809768676758,4358
NO3_misfit,year,A,-123.907,46.1905,7.3466919952226775,5.899941,5.0603223,5.72511777345408,13.071809768676758,4359
NO3_misfit,year,A,-124.0033,46.2485,8.924030543675125,10.4031315,7.338459,13.835538624415696,22.75956916809082,4361
NO3_misfit,year,A,-124.0033,46.2485,9.763067910366917,10.4031315,7.338459,12.996501257723903,22.75956916809082,4362
NO3_misfit,year,A,-124.0033,46.2485,6.915703748810428,8.189808,6.218752,14.059645677459104,20.97534942626953,4363
NO3_misfit,year,A,-124.0033,46.2485,6.060279257562177,6.899821,5.5661554,13.815651528570635,19.875930786132812,4364
NO3_misfit,year,A,-124.0033,46.2485,5.272141570490307,6.3617043,5.293926,13.023421173650318,18.295562744140625,4365
NO3_misfit,year,A,-124.0033,46.2485,5.5220070678816136,6.3617043,5.293926,12.773555676259011,18.295562744140625,4366
NO3_misfit,year,A,-124.1083,46.244,0.9954670522167497,6.803794,5.517576,27.351163044218797,28.346630096435547,4367
NO3_misfit,year,A,-124.1083,46.244,6.6479736450839155,6.803794,5.517576,21.69865645135163,28.346630096435547,4368
NO3_misfit,year,A,-124.1083,46.244,3.260949401814681,8.433785,6.3421793,24.306256027262467,27.56720542907715,4369
NO3_misfit,year,A,-124.1083,46.244,5.248541029059563,9.706815,6.9861965,19.883315889275398,25.13185691833496,4370
NO3_misfit,year,A,-124.1083,46.244,11.508933641415721,13.343689,8.82607,11.475019834536427,22.98395347595215,4371
NO3_misfit,year,A,-124.1083,46.244,17.33027818008304,14.938399,9.632824,5.512396075288051,22.842674255371094,4372
NO3_misfit,year,A,-124.1083,46.244,16.76479212632985,14.560235,9.441513,5.18825848707347,21.95305061340332,4373
NO3_misfit,year,A,-124.1083,46.244,16.968949523814562,14.560235,9.441513,4.984101089588759,21.95305061340332,4374
NO3_misfit,year,A,-124.5222,46.1331,1.5225190923684764,1.2173922,2.6914494,36.342967052651055,37.86548614501953,4375
NO3_misfit,year,A,-124.5222,46.1331,-3.4796781191779402,-0.7820516,1.6799428,36.99512764310372,33.51544952392578,4376
NO3_misfit,year,A,-124.5222,46.1331,-5.282908682006223,-2.5643525,0.77828753,35.34396672643982,30.061058044433594,4377
NO3_misfit,year,A,-124.5222,46.1331,-8.021611420882444,-6.541998,-1.2339792,31.34076234556506,23.319150924682617,4378
NO3_misfit,year,A,-124.5222,46.1331,-10.49974693111741,-9.198744,-2.5780108,28.589274061244364,18.089527130126953,4379
NO3_misfit,year,A,-124.5222,46.1331,-14.918756744701401,-11.164507,-3.5724785,30.525942108470932,15.607185363769531,4380
NO3_misfit,year,A,-124.5222,46.1331,-13.633238739868435,-12.48291,-4.2394505,23.98441786279324,10.351179122924805,4381
NO3_misfit,year,A,-124.5222,46.1331,-12.997522192450301,-14.421893,-5.2203703,18.327730017157332,5.330207824707031,4382
NO3_misfit,year,A,-124.5222,46.1331,-13.50021684088679,-11.375987,-3.679465,15.124523519658762,1.6243066787719727,4383
NO3_misfit,year,A,-124.5222,46.1331,-2.6352485373877177,-3.3517902,0.37992764,3.0211311534308085,0.3858826160430908,4384
NO3_misfit,year,A,-124.5222,46.1331,-0.033622890704446864,-2.2523792,0.936113,0.040891058736616206,0.007268168032169342,4385
NO3_misfit,year,A,-124.671,46.1249,3.2465831699806813,1.1575425,2.6611717,35.87986260028299,39.12644577026367,4387
NO3_misfit,year,A,-124.671,46.1249,3.407616196055905,2.175504,3.1761522,35.71764320335816,39.12525939941406,4388
NO3_misfit,year,A,-124.671,46.1249,2.8535154451544926,1.8397402,3.0062914,34.09436053140801,36.9478759765625,4389
NO3_misfit,year,A,-124.671,46.1249,2.6158975586449458,0.794165,2.4773412,31.541782952829664,34.15768051147461,4390
NO3_misfit,year,A,-124.671,46.1249,-3.099622655795674,-3.3018959,0.4051689,30.294006277011494,27.19438362121582,4391
NO3_misfit,year,A,-124.671,46.1249,-9.938806292315611,-8.149251,-2.0470788,30.421100374957213,20.4822940826416,4392
NO3_misfit,year,A,-124.671,46.1249,-13.01961334748713,-11.011694,-3.4951713,27.214919171766915,14.195305824279785,4393
NO3_misfit,year,A,-124.671,46.1249,-18.106076577182982,-12.931519,-4.466399,28.963217118259642,10.85714054107666,4394
NO3_misfit,year,A,-124.671,46.1249,-15.67807304500251,-14.859852,-5.441931,22.402585145222236,6.724512100219727,4395
NO3_misfit,year,A,-124.671,46.1249,-13.9003381141983,-14.601039,-5.310999,15.65934771388397,1.759009599685669,4396
NO3_misfit,year,A,-124.671,46.1249,-10.329305728788464,-11.67266,-3.82955,11.255948444719403,0.9266427159309387,4397
NO3_misfit,year,A,-124.671,46.1249,-5.157686141811158,-4.670233,-0.28706455,5.3888263679368755,0.23114022612571716,4398
NO3_misfit,year,A,-124.671,46.1249,-2.600600618902017,-2.9423296,0.5870712,2.7042435817749992,0.10364296287298203,4399
NO3_misfit,year,A,-124.909,46.1228,-0.6485817787877579,-0.5608043,1.7918705,45.2521927712194,44.60361099243164,4402
NO3_misfit,year,A,-124.909,46.1228,-0.5659835348050848,-0.5608043,1.7918705,45.169594527236725,44.60361099243164,4403
NO3_misfit,year,A,-124.909,46.1228,-0.34695420063531657,-0.4532708,1.846271,44.27450547016657,43.92755126953125,4404
NO3_misfit,year,A,-124.909,46.1228,0.1566001990535142,-0.4123575,1.8669689,40.90113524406172,41.057735443115234,4406
NO3_misfit,year,A,-124.909,46.1228,-0.4871078323962976,0.19420545,2.1738253,40.130132276976376,39.64302444458008,4407
NO3_misfit,year,A,-124.909,46.1228,0.8817513580493923,1.8664459,3.0198016,38.43288105772209,39.314632415771484,4408
NO3_misfit,year,A,-124.909,46.1228,5.711376757816048,3.6744,3.934435,32.97355976562145,38.6849365234375,4409
NO3_misfit,year,A,-124.909,46.1228,4.245041971192851,3.3122933,3.751247,31.566832418455586,35.81187438964844,4411
NO3_misfit,year,A,-124.909,46.1228,-4.411185427368711,-2.114073,1.0060812,30.747317476929258,26.336132049560547,4412
NO3_misfit,year,A,-124.909,46.1228,-1.5688374182715066,-2.0941374,1.0161666,27.904969467832053,26.336132049560547,4413
NO3_misfit,year,A,-124.909,46.1228,-4.424955336234984,-7.2217507,-1.577862,20.400669066093382,15.975713729858398,4414
NO3_misfit,year,A,-124.909,46.1228,-9.267306134936149,-10.017681,-2.9923065,17.029150769945915,7.761844635009766,4415
NO3_misfit,year,A,-124.909,46.1228,-10.75822724972307,-9.799734,-2.8820484,14.112512251477831,3.3542850017547607,4416
NO3_misfit,year,A,-124.909,46.1228,-9.691826592943924,-7.2377663,-1.5859642,10.869165908358353,1.1773393154144287,4418
NO3_misfit,year,A,-124.909,46.1228,-8.183503447609024,-6.982388,-1.45677,9.360842763023452,1.1773393154144287,4419
NO3_misfit,year,A,-124.909,46.1228,-0.5028558161633435,-2.2338068,0.9455086,0.5632193882542077,0.06036357209086418,4420
NO3_misfit,year,A,-124.909,46.1228,-0.09319810548414112,-1.0150228,1.5620841,0.1535616775750053,0.06036357209086418,4421
NO3_misfit,year,A,-124.909,46.1228,-0.016148323544187052,-0.25772876,1.9451946,0.02046621719084452,0.004317893646657467,4422
NO3_misfit,year,A,-124.909,46.1228,-0.05707996886694972,-0.25772876,1.9451946,0.06139786251360719,0.004317893646657467,4423
NO3_misfit,year,A,-125.1901,46.1307,-0.7900720656438764,-0.50803506,1.8185661,45.31471119528255,44.52463912963867,4424
NO3_misfit,year,A,-125.1901,46.1307,-0.7076164202298472,-0.50803506,1.8185661,45.23225554986852,44.52463912963867,4425
NO3_misfit,year,A,-125.1901,46.1307,-0.7664991977080362,-0.50803506,1.8185661,44.99932924531546,44.23283004760742,4426
NO3_misfit,year,A,-125.1901,46.1307,-0.7981878250489913,-0.52289116,1.8110505,43.20132884677751,42.403141021728516,4427
NO3_misfit,year,A,-125.1901,46.1307,-0.5298769824474192,0.4023377,2.279118,39.767986571070466,39.23810958862305,4428
NO3_misfit,year,A,-125.1901,46.1307,0.25925774034494964,2.0486653,3.1119852,37.48434882703786,37.74360656738281,4429
NO3_misfit,year,A,-125.1901,46.1307,2.9367194679928943,3.4841309,3.8381786,33.79319615090359,36.729915618896484,4430
NO3_misfit,year,A,-125.1901,46.1307,0.7408966987188208,1.9852486,3.0799031,30.94572973560735,31.686626434326172,4431
NO3_misfit,year,A,-125.1901,46.1307,-6.732038274576595,-6.170364,-1.0459719,25.405704274942806,18.67366600036621,4432
NO3_misfit,year,A,-125.1901,46.1307,-10.526467952880754,-8.890181,-2.4219105,18.45737997070302,7.930912017822266,4433
NO3_misfit,year,A,-125.1901,46.1307,-4.654493904720015,-8.71832,-2.3349674,12.58540592254228,7.930912017822266,4434
NO3_misfit,year,A,-125.1901,46.1307,-7.3864646026724685,-8.504475,-2.2267845,10.26561737748326,2.879152774810791,4435
NO3_misfit,year,A,-125.1901,46.1307,-5.9953851050464175,-5.5063524,-0.7100525,7.075045759114411,1.0796606540679932,4436
NO3_misfit,year,A,-125.1901,46.1307,-0.02451437927679198,-0.27926445,1.9342998,0.08186865441397803,0.05735427513718605,4437
NO3_misfit,year,A,-125.1901,46.1307,-0.06544871862650403,-0.27926445,1.9342998,0.12280299376369008,0.05735427513718605,4438
NO3_misfit,year,A,-125.1901,46.1307,-0.024514334115139494,-0.27926445,1.9342998,0.08186860925232554,0.05735427513718605,4439
NO3_misfit,year,A,-125.1901,46.1307,-0.14651269203053832,-0.0005528742,2.0752983,0.15347534015776634,0.006962648127228022,4440
NO3_misfit,year,A,-125.1901,46.1307,-0.13627937317313485,0.035453446,2.0935137,0.14324202130036287,0.006962648127228022,4441
NO3_misfit,year,A,-125.1901,46.1307,-0.17720558515549023,0.035453446,2.0935137,0.18416823328271825,0.006962648127228022,4442
NO3_misfit,year,A,-124.1308,44.6525,7.738890163372645,5.1595883,4.6857824,30.90997839741837,38.648868560791016,4443
NO3_misfit,year,A,-124.1308,44.6525,8.303363180525118,8.867501,6.561593,30.145863198869414,38.44922637939453,4444
NO3_misfit,year,A,-124.1308,44.6525,8.445802736753336,10.744605,7.5112085,29.61035342169393,38.056156158447266,4445
NO3_misfit,year,A,-124.1308,44.6525,17.762215509280203,13.653912,8.983009,19.785952673092844,37.54816818237305,4446
NO3_misfit,year,A,-124.1308,44.6525,23.77040716211435,19.42898,11.904581,12.38584283788565,36.15625,4447
NO3_misfit,year,A,-124.1308,44.6525,24.806837695707365,19.42898,11.904581,11.349412304292635,36.15625,4448
NO3_misfit,year,A,-124.2961,44.6533,4.232351540574676,2.9750223,3.5806236,32.83729338740384,37.069644927978516,4450
NO3_misfit,year,A,-124.2961,44.6533,3.819534055895737,2.5926669,3.3871925,32.52634454517848,36.34587860107422,4451
NO3_misfit,year,A,-124.2961,44.6533,3.1744009667395474,2.2088618,3.193028,32.38142331304561,35.555824279785156,4452
NO3_misfit,year,A,-124.2961,44.6533,2.0755171165207145,1.4845994,2.8266277,31.32978683855741,33.405303955078125,4453
NO3_misfit,year,A,-124.2961,44.6533,2.4047178953500854,0.7231531,2.4414167,28.676044967809094,31.08076286315918,4454
NO3_misfit,year,A,-124.2961,44.6533,3.6348486657571932,-0.91495377,1.6127083,22.458603787856088,26.09345245361328,4455
NO3_misfit,year,A,-124.2961,44.6533,1.7308364124594533,2.7134242,3.4482827,19.685570219010273,21.416406631469727,4456
NO3_misfit,year,A,-124.2961,44.6533,1.4662592850673022,6.4703636,5.348896,19.64401216879012,21.110271453857422,4457
NO3_misfit,year,A,-124.2961,44.6533,-1.5823016835889234,8.041592,6.14377,21.49910122887701,19.916799545288086,4458
NO3_misfit,year,A,-124.2961,44.6533,3.850578958303089,7.9728327,6.108986,12.581927602976208,16.432506561279297,4459
NO3_misfit,year,A,-124.2961,44.6533,5.2144060154972145,7.9728327,6.108986,11.218100545782082,16.432506561279297,4460
NO3_misfit,year,A,-124.6529,44.6483,3.1588803830662044,3.314912,3.752572,35.689351886220905,38.84823226928711,4461
NO3_misfit,year,A,-124.6529,44.6483,3.577338708396468,3.6869118,3.9407644,35.24322937632033,38.8205680847168,4462
NO3_misfit,year,A,-124.6529,44.6483,3.8768347386472115,4.5895734,4.397415,34.462314736450445,38.339149475097656,4463
NO3_misfit,year,A,-124.6529,44.6483,5.097822494955352,4.3264904,4.264323,32.37772911026926,37.47555160522461,4464
NO3_misfit,year,A,-124.6529,44.6483,-1.8468200864210118,-0.7380324,1.7022119,29.834548205317496,27.987728118896484,4465
NO3_misfit,year,A,-124.6529,44.6483,1.3724252099915581,-1.0825664,1.5279143,24.518209326751606,25.890634536743164,4466
NO3_misfit,year,A,-124.6529,44.6483,-1.8515294454422353,-4.7655883,-0.33530426,21.528102245124852,19.676572799682617,4467
NO3_misfit,year,A,-124.6529,44.6483,-3.5921563081622594,-7.1756577,-1.5545437,19.401099102962064,15.808942794799805,4468
NO3_misfit,year,A,-124.6529,44.6483,-8.747098657063312,-9.766396,-2.8651826,17.19187805312044,8.444779396057129,4469
NO3_misfit,year,A,-124.6529,44.6483,-2.493791177700434,-6.3134465,-1.1183565,10.499190881679926,8.005399703979492,4470
NO3_misfit,year,A,-124.6529,44.6483,-3.1380470521289787,-4.447334,-0.17430139,9.463263822301098,6.325216770172119,4471
NO3_misfit,year,A,-124.6529,44.6483,-3.459968488644485,-1.4313428,1.3514702,5.852343004177932,2.3923745155334473,4472
NO3_misfit,year,A,-124.6529,44.6483,-1.8835453795787278,-1.3153168,1.4101672,3.0536443995830003,1.1700990200042725,4473
NO3_misfit,year,A,-124.6529,44.6483,-1.7605784131041484,-1.3153168,1.4101672,2.930677433108421,1.1700990200042725,4474
NO3_misfit,year,A,-124.7731,44.655,4.9825955490240545,3.1789947,3.6838121,33.95781887968688,38.94041442871094,4475
NO3_misfit,year,A,-124.7731,44.655,4.365878981245373,3.9352405,4.0663924,33.44643409858861,37.812313079833984,4476
NO3_misfit,year,A,-124.7731,44.655,2.02817512845575,3.8999534,4.0485406,32.772751080040344,34.800926208496094,4477
NO3_misfit,year,A,-124.7731,44.655,2.858185830776968,3.5339053,3.8633592,30.478091177279673,33.33627700805664,4478
NO3_misfit,year,A,-124.7731,44.655,-1.2295398232577277,0.11465193,2.1335797,30.256866407120032,29.027326583862305,4479
NO3_misfit,year,A,-124.7731,44.655,-2.6546409416010697,-2.001515,1.0630237,26.759152202587398,24.104511260986328,4480
NO3_misfit,year,A,-124.7731,44.655,-3.4019485369805196,-3.8139703,0.14611351,21.444425191033254,18.042476654052734,4481
NO3_misfit,year,A,-124.7731,44.655,-6.594375868244445,-4.771812,-0.33845282,20.621511717243468,14.027135848999023,4482
NO3_misfit,year,A,-124.7731,44.655,-9.285391769766553,-8.76066,-2.356387,15.179740391134962,5.894348621368408,4483
NO3_misfit,year,A,-124.7731,44.655,-5.740712795914415,-5.8771434,-0.8976333,6.970881376923326,1.2301685810089111,4484
NO3_misfit,year,A,-124.7731,44.655,-1.0912861153951081,-3.8798544,0.112783074,1.7619829699864777,0.6706968545913696,4485
NO3_misfit,year,A,-124.7731,44.655,-0.23037649761273016,-1.581527,1.275493,0.4403228319747602,0.20994633436203003,4486
NO3_misfit,year,A,-124.7731,44.655,0.027609121227404,-1.3414054,1.3969691,0.215026456689695,0.242635577917099,4487
NO3_misfit,year,A,-124.7731,44.655,0.08904514004666003,-1.3414054,1.3969691,0.15359043787043897,0.242635577917099,4488
NO3_misfit,year,A,-124.9985,44.6596,-0.101632948650213,-0.44004953,1.8529596,44.405324812663885,44.30369186401367,4489
NO3_misfit,year,A,-124.9985,44.6596,0.009580223642586816,-0.52147484,1.811767,44.03072586766601,44.040306091308594,4490
NO3_misfit,year,A,-124.9985,44.6596,0.18970028526061355,-0.39486212,1.8758197,42.118710359270636,42.30841064453125,4491
NO3_misfit,year,A,-124.9985,44.6596,0.29015845490383185,1.2754804,2.7208357,38.925055320730934,39.215213775634766,4492
NO3_misfit,year,A,-124.9985,44.6596,2.1817705743371008,2.4755452,3.3279414,36.45578740906134,38.63755798339844,4493
NO3_misfit,year,A,-124.9985,44.6596,5.652996363551615,4.245586,4.2233944,32.42694824704409,38.0799446105957,4494
NO3_misfit,year,A,-124.9985,44.6596,3.4819019568250305,3.607939,3.9008126,30.329781697960126,33.811683654785156,4495
NO3_misfit,year,A,-124.9985,44.6596,-1.6920398441989306,1.1054353,2.634811,32.75878560225557,31.06674575805664,4496
NO3_misfit,year,A,-124.9985,44.6596,-1.4627016838794908,-0.40214872,1.8721334,29.581024056316014,28.118322372436523,4497
NO3_misfit,year,A,-124.9985,44.6596,-3.6282226699348215,-2.6475396,0.7362037,25.733681883191657,22.105459213256836,4498
NO3_misfit,year,A,-124.9985,44.6596,-8.414655546477473,-7.083633,-1.5079889,21.086420873931086,12.671765327453613,4499
NO3_misfit,year,A,-124.9985,44.6596,-10.656991382496926,-8.751514,-2.3517601,18.126715560811135,7.469724178314209,4500
NO3_misfit,year,A,-124.9985,44.6596,-8.171318464263798,-8.7474575,-2.3497078,15.641042642578007,7.469724178314209,4501
NO3_misfit,year,A,-124.9985,44.6596,-5.917344006898125,-8.182513,-2.063906,12.100394639374931,6.183050632476807,4502
NO3_misfit,year,A,-124.9985,44.6596,1.0166853515125167,-3.741778,0.18263519,2.3266989143871415,3.343384265899658,4503
NO3_misfit,year,A,-124.9985,44.6596,0.7463691398269645,-2.6625044,0.72863305,0.6455359295242318,1.3919050693511963,4504
NO3_misfit,year,A,-124.9985,44.6596,0.35156684112469283,-0.6650515,1.7391324,0.0921724240787831,0.44373926520347595,4505
NO3_misfit,year,A,-124.9985,44.6596,-0.000720741611050027,-0.40937757,1.8684764,0.102387437980698,0.10166669636964798,4506
NO3_misfit,year,A,-124.9985,44.6596,0.050473109568024616,-0.40937757,1.8684764,0.051193586801623364,0.10166669636964798,4507
NO3_misfit,year,A,-125.1141,44.6553,-0.17780477604313916,-0.43457025,1.8557315,42.666333981365405,42.488529205322266,4508
NO3_misfit,year,A,-125.1141,44.6553,-0.18221374756560493,-0.16854538,1.9903119,41.232113802497246,41.04990005493164,4509
NO3_misfit,year,A,-125.1141,44.6553,0.4439572546759081,-0.26231974,1.942872,39.34736354610534,39.79132080078125,4510
NO3_misfit,year,A,-125.1141,44.6553,1.1554296974033136,1.5079062,2.8384185,37.774318837752936,38.92974853515625,4511
NO3_misfit,year,A,-125.1141,44.6553,4.629088585720353,3.5044944,3.8484805,32.94264298166246,37.57173156738281,4512
NO3_misfit,year,A,-125.1141,44.6553,3.6693674745968146,2.628279,3.4052083,31.00040181251256,34.669769287109375,4513
NO3_misfit,year,A,-125.1141,44.6553,-0.1122556553787426,1.5946034,2.8822782,31.877052866072102,31.76479721069336,4514
NO3_misfit,year,A,-125.1141,44.6553,-3.5756386652306382,-0.35505807,1.8959563,31.655993355782396,28.080354690551758,4515
NO3_misfit,year,A,-125.1141,44.6553,-3.3503117514827565,-3.4547572,0.32783723,27.625261778948577,24.27495002746582,4516
NO3_misfit,year,A,-125.1141,44.6553,-9.35761452766647,-7.6325006,-1.7856579,21.74372006508102,12.38610553741455,4517
NO3_misfit,year,A,-125.1141,44.6553,-10.459827533076627,-9.514,-2.737497,18.321846595118863,7.862019062042236,4518
NO3_misfit,year,A,-125.1141,44.6553,0.43730046688496055,-2.0221462,1.0525864,0.0819235211712223,0.5192239880561829,4520
NO3_misfit,year,A,-125.1141,44.6553,0.09833599145011804,-0.6960503,1.7234504,0.1945449609081278,0.29288095235824585,4521
NO3_misfit,year,A,-125.1141,44.6553,0.06423138941275652,-0.56583744,1.7893243,0.1433447662497801,0.20757615566253662,4522
NO3_misfit,year,A,-125.3673,44.6622,-0.2792001191998139,-0.6202835,1.7617803,44.725531143369736,44.44633102416992,4524
NO3_misfit,year,A,-125.3673,44.6622,-0.24815092469233235,-0.6202835,1.7617803,44.694481948862254,44.44633102416992,4525
NO3_misfit,year,A,-125.3673,44.6622,0.17844591352154282,-0.5774975,1.7834255,44.20588102129291,44.38432693481445,4526
NO3_misfit,year,A,-125.3673,44.6622,-1.0930079006946656,-0.61055094,1.766704,41.933542110899744,40.84053421020508,4527
NO3_misfit,year,A,-125.3673,44.6622,-1.1802569688270594,-0.53059083,1.8071553,40.67641175398331,39.49615478515625,4528
NO3_misfit,year,A,-125.3673,44.6622,0.3766352197392493,1.7458236,2.9587796,37.599286411120126,37.975921630859375,4529
NO3_misfit,year,A,-124.1302,44.6513,5.185363953468709,5.3866305,4.800642,31.844375426414103,37.02973937988281,4532
NO3_misfit,year,A,-124.1302,44.6513,6.107919585828977,5.777888,4.998576,31.504293548936648,37.612213134765625,4538
NO3_misfit,year,A,-124.1302,44.6513,7.591128984400555,8.083313,6.164877,29.97079118161507,37.561920166015625,4539
NO3_misfit,year,A,-124.1302,44.6513,8.084716606591211,9.406474,6.834256,28.016567420508398,36.10128402709961,4540
NO3_misfit,year,A,-124.1302,44.6513,10.231480614290017,10.925234,7.6025877,25.82762049044631,36.05910110473633,4541
NO3_misfit,year,A,-124.2952,44.6513,3.4833953760654808,2.9338193,3.5597794,33.072158060213816,36.5555534362793,4543
NO3_misfit,year,A,-124.2952,44.6513,3.5802292711137547,3.2949004,3.742448,31.762727271854995,35.34295654296875,4547
NO3_misfit,year,A,-124.2952,44.6513,3.6752552281036337,2.4545295,3.3173096,29.95174748796082,33.62700271606445,4548
NO3_misfit,year,A,-124.2952,44.6513,5.078942791956429,1.7124555,2.9418988,27.38154075906896,32.46048355102539,4549
NO3_misfit,year,A,-124.2952,44.6513,2.169084288548678,0.5225942,2.3399553,26.195997498560697,28.365081787109375,4550
NO3_misfit,year,A,-124.2952,44.6513,-2.5163533553061974,1.4051033,2.7864113,26.11811994160991,23.60176658630371,4551
NO3_misfit,year,A,-124.2952,44.6513,8.045467949095354,10.495985,7.385433,14.655820274171248,22.7012882232666,4552
NO3_misfit,year,A,-124.2952,44.6513,8.318639324291292,10.479703,7.3771963,14.541304065601286,22.859943389892578,4553
NO3_misfit,year,A,-124.6517,44.6515,2.904325412816071,3.5210419,3.8568516,36.10056502907846,39.00489044189453,4554
NO3_misfit,year,A,-124.6517,44.6515,3.83386487819741,4.045915,4.122382,34.812310506324074,38.646175384521484,4555
NO3_misfit,year,A,-124.6517,44.6515,3.7153167299593832,4.552104,4.37846,33.73359684425937,37.44891357421875,4556
NO3_misfit,year,A,-124.6517,44.6515,0.5184937326989179,0.8776935,2.5195978,30.39878264974737,30.91727638244629,4557
NO3_misfit,year,A,-124.6517,44.6515,-0.5367243061994742,-2.7517867,0.6834657,25.34989187822096,24.813167572021484,4558
NO3_misfit,year,A,-124.6517,44.6515,-0.7127607913997203,-2.6321213,0.7440038,23.98059640846515,23.26783561706543,4559
NO3_misfit,year,A,-124.6517,44.6515,-0.19702377406379767,-3.960833,0.071816444,20.24064483729622,20.043621063232422,4560
NO3_misfit,year,A,-124.6517,44.6515,-13.04548313455479,-10.1616745,-3.0651515,19.939224742220805,6.893741607666016,4561
NO3_misfit,year,A,-124.6517,44.6515,-17.744200430270592,-8.044199,-1.9939334,19.79225131070272,2.048050880432129,4562
NO3_misfit,year,A,-124.6517,44.6515,-5.693380985005057,-2.8172576,0.6503444,7.561711344463981,1.8683303594589233,4563
NO3_misfit,year,A,-124.6517,44.6515,-2.3660032241036903,-1.9771166,1.0753666,4.127886244504691,1.761883020401001,4564
NO3_misfit,year,A,-124.7703,44.6508,4.478925657830935,5.701537,4.9599514,34.7136974805968,39.192623138427734,4565
NO3_misfit,year,A,-124.7703,44.6508,5.037404672028629,6.6932507,5.4616528,34.16329036581317,39.2006950378418,4566
NO3_misfit,year,A,-124.7703,44.6508,5.632640907194379,6.76143,5.4961443,33.18818657693648,38.82082748413086,4567
NO3_misfit,year,A,-124.7703,44.6508,26.702843140360926,7.794733,6.0188866,10.248916198017978,36.951759338378906,4568
NO3_misfit,year,A,-124.7703,44.6508,5.060910916900511,6.929354,5.5810966,30.587366365814333,35.648277282714844,4569
NO3_misfit,year,A,-124.7703,44.6508,2.2897214582342613,4.1334867,4.166684,28.58971503468566,30.879436492919922,4570
NO3_misfit,year,A,-124.7703,44.6508,0.010190066762238104,1.7900659,2.9811616,25.336831036143035,25.347021102905273,4571
NO3_misfit,year,A,-124.7703,44.6508,-10.041951109856413,-4.738739,-0.32172132,23.808935095757292,13.766983985900879,4572
NO3_misfit,year,A,-124.7703,44.6508,-9.49273781882266,-8.562584,-2.2561815,14.675103236303128,5.182365417480469,4573
NO3_misfit,year,A,-124.7703,44.6508,-6.706231907304543,-4.873862,-0.39007926,9.738040522035378,3.031808614730835,4574
NO3_misfit,year,A,-124.7703,44.6508,-1.1542245547599856,-1.0048912,1.5672096,3.0622880856819217,1.908063530921936,4575
NO3_misfit,year,A,-124.7703,44.6508,-0.21509352777413282,-0.7413677,1.7005246,1.7715658292572871,1.5564723014831543,4576
NO3_misfit,year,A,-124.1693,44.2002,8.258715567051969,7.232665,5.7345395,30.60993677669803,38.86865234375,4577
NO3_misfit,year,A,-124.1693,44.2002,9.274925785830845,7.232665,5.7345395,29.593726557919155,38.86865234375,4578
NO3_misfit,year,A,-124.1693,44.2002,9.184543093397831,7.6717143,5.9566517,29.099667111680294,38.284210205078125,4579
NO3_misfit,year,A,-124.1693,44.2002,10.13029068239754,14.051441,9.184117,23.931385342993085,34.061676025390625,4580
NO3_misfit,year,A,-124.1693,44.2002,16.22614139583545,17.25184,10.80318,17.80172496768994,34.02786636352539,4581
NO3_misfit,year,A,-124.1693,44.2002,16.1338201054866,17.25184,10.80318,17.89404625803879,34.02786636352539,4582
NO3_misfit,year,A,-124.2592,44.2,6.169513191079275,6.2617,5.243334,33.74874547591291,39.91825866699219,4583
NO3_misfit,year,A,-124.2592,44.2,6.097786283921359,6.2617,5.243334,33.82047238307083,39.91825866699219,4584
NO3_misfit,year,A,-124.2592,44.2,5.560662875453339,7.578228,5.9093575,32.048010220249786,37.608673095703125,4585
NO3_misfit,year,A,-124.2592,44.2,4.890235930291372,7.082751,5.658699,30.80381009021644,35.69404602050781,4586
NO3_misfit,year,A,-124.2592,44.2,4.859711015775005,7.082751,5.658699,30.834335004732807,35.69404602050781,4587
NO3_misfit,year,A,-124.2592,44.2,9.661671139813844,9.950718,7.109586,20.86535599031311,30.527027130126953,4588
NO3_misfit,year,A,-124.2592,44.2,18.09909851208586,15.512748,9.923383,7.416894606200274,25.515993118286133,4589
NO3_misfit,year,A,-124.2592,44.2,17.810817958934628,17.497108,10.927259,4.831304309742128,22.642122268676758,4590
NO3_misfit,year,A,-124.2592,44.2,17.80058781763455,17.497108,10.927259,4.841534451042208,22.642122268676758,4591
NO3_misfit,year,A,-124.4218,44.1998,4.59806708510235,5.2100835,4.7113276,34.174267967387884,38.772335052490234,4592
NO3_misfit,year,A,-124.4218,44.1998,4.546592599904066,5.2100835,4.7113276,34.22574245258617,38.772335052490234,4593
NO3_misfit,year,A,-124.4218,44.1998,4.112944254168795,5.259085,4.7361174,32.75154244016714,36.86448669433594,4594
NO3_misfit,year,A,-124.4218,44.1998,3.877696497262086,4.192599,4.1965885,27.25305797356311,31.130754470825195,4595
NO3_misfit,year,A,-124.4218,44.1998,2.688249570929628,4.150208,4.1751432,26.623579042351622,29.31182861328125,4596
NO3_misfit,year,A,-124.4218,44.1998,12.275536586160884,8.544781,6.3983307,13.635306309346928,25.910842895507812,4597
NO3_misfit,year,A,-124.4218,44.1998,16.922708808389498,16.127954,10.234612,6.695287407430815,23.617996215820312,4598
NO3_misfit,year,A,-124.4218,44.1998,16.145780413627083,16.947325,10.649127,5.4430390901570975,21.58881950378418,4599
NO3_misfit,year,A,-124.4218,44.1998,16.16629645319088,16.947325,10.649127,5.4225230505932975,21.58881950378418,4600
NO3_misfit,year,A,-124.5758,44.2007,3.53901338218585,4.4230056,4.3131495,34.59916258216962,38.13817596435547,4601
NO3_misfit,year,A,-124.5758,44.2007,3.2690582527114955,4.8088493,4.5083456,34.710624669651786,37.97968292236328,4602
NO3_misfit,year,A,-124.5758,44.2007,1.7880536552490867,4.930538,4.569907,35.32478890456537,37.11284255981445,4603
NO3_misfit,year,A,-124.5758,44.2007,-1.5281189675650424,3.134774,3.661441,34.281315683873636,32.753196716308594,4604
NO3_misfit,year,A,-124.5758,44.2007,1.6781437159659944,2.4840336,3.3322356,24.808029913794748,26.486173629760742,4605
NO3_misfit,year,A,-124.5758,44.2007,12.390187614552303,4.6872864,4.446848,11.564352638133244,23.954540252685547,4606
NO3_misfit,year,A,-124.5758,44.2007,14.262372200248398,6.1708093,5.1973534,6.9546192243121485,21.216991424560547,4607
NO3_misfit,year,A,-124.5758,44.2007,14.886087708893701,12.707717,8.504335,2.5222393937674314,17.408327102661133,4608
NO3_misfit,year,A,-124.5758,44.2007,14.66142137887229,12.880567,8.591779,1.855641761996849,16.51706314086914,4609
NO3_misfit,year,A,-124.5758,44.2007,14.620417363654092,12.880567,8.591779,1.8966457772150485,16.51706314086914,4610
NO3_misfit,year,A,-124.9765,44.1983,5.833151612869848,5.93578,5.078453,33.94982644499148,39.78297805786133,4611
NO3_misfit,year,A,-124.9765,44.1983,5.896812355505048,6.599026,5.4139853,33.733730399621905,39.63054275512695,4612
NO3_misfit,year,A,-124.9765,44.1983,7.628553762339134,7.720272,5.981217,31.535031900502663,39.1635856628418,4613
NO3_misfit,year,A,-124.9765,44.1983,7.991793998395874,8.481788,6.3664627,29.00553571351819,36.99732971191406,4614
NO3_misfit,year,A,-124.9765,44.1983,8.90975740690844,8.266223,6.25741,26.607221810620857,35.5169792175293,4615
NO3_misfit,year,A,-124.9765,44.1983,12.410156022445097,7.936414,6.090562,19.65812705860959,32.06828308105469,4616
NO3_misfit,year,A,-124.9765,44.1983,11.50862471460852,8.841009,6.548191,17.9423564255282,29.45098114013672,4617
NO3_misfit,year,A,-124.9765,44.1983,6.7175994502547685,6.073724,5.148238,13.763962210511833,20.4815616607666,4618
NO3_misfit,year,A,-124.9765,44.1983,3.626380798707462,4.458766,4.3312407,10.602982642759823,14.229363441467285,4619
NO3_misfit,year,A,-124.9765,44.1983,0.8408838023198602,-0.92336303,1.6084542,4.324705530260706,5.165589332580566,4620
NO3_misfit,year,A,-124.9765,44.1983,1.8971467018127441,1.0051268,2.5840654,0.0,1.8971467018127441,4621
NO3_misfit,year,A,-124.9765,44.1983,0.8790881402665495,1.1624917,2.6636755,0.05119159148393881,0.9302797317504883,4622
NO3_misfit,year,A,-126.67,48.65,7.843969561849158,6.419879,5.3233557,6.354882023539026,14.198851585388184,4623
NO3_misfit,year,A,-126.67,48.65,7.741319608767025,6.1448464,5.1842184,6.4575319766211585,14.198851585388184,4624
NO3_misfit,year,A,-126.67,48.65,6.816448095465726,4.6466155,4.4262724,6.457961198662692,13.274409294128418,4625
NO3_misfit,year,A,-126.67,48.65,5.652673812197577,3.4378304,3.8147554,8.306257157040704,13.958930969238281,4626
NO3_misfit,year,A,-126.67,48.65,7.968380010974721,4.3746724,4.288698,10.154193841564341,18.122573852539062,4628
NO3_misfit,year,A,-126.67,48.65,3.347520942430563,2.3655,3.2722702,19.2953108599376,22.642831802368164,4630
NO3_misfit,year,A,-126.67,48.65,3.2033604931482955,3.3073282,3.7487354,25.56829745057729,28.771657943725586,4631
NO3_misfit,year,A,-126.67,48.65,6.567136972696421,4.9457946,4.5776253,26.70462587520397,33.27176284790039,4633
NO3_misfit,year,A,-126.67,48.65,3.992665865077292,4.922063,4.5656195,29.2790969828231,33.27176284790039,4634
NO3_misfit,year,A,-126.67,48.65,4.03515404760525,3.9056697,4.0514326,31.032354649904516,35.067508697509766,4636
NO3_misfit,year,A,-126.67,48.65,1.7267235945933308,2.8887126,3.5369601,34.741446571422294,36.468170166015625,4637
NO3_misfit,year,A,-126.67,48.65,1.4115087627058287,2.1519935,3.1642585,36.80724123729417,38.21875,4638
NO3_misfit,year,A,-126.67,48.65,-1.7691997716645815,-0.37329093,1.8867323,41.56107751824661,39.79187774658203,4639
NO3_misfit,year,A,-126.67,48.65,-2.6765705044585104,-1.5164565,1.3084118,44.49074515655812,41.81417465209961,4640
NO3_misfit,year,A,-126.67,48.65,-2.068907807603239,-1.5164565,1.3084118,45.36257083250558,43.293663024902344,4641
NO3_misfit,year,A,-126.67,48.65,-1.275262279324366,-1.2297403,1.4534597,45.92410032253726,44.64883804321289,4642
NO3_misfit,year,A,-126.67,48.65,-1.0038124095330545,-1.2135566,1.461647,45.77348480333188,44.76967239379883,4643
NO3_misfit,year,A,-126.67,48.65,-1.0041381676364907,-1.2135566,1.461647,45.77381056143532,44.76967239379883,4644
NO3_misfit,year,A,-126.67,48.65,-0.6028636439029711,-1.3256795,1.4049248,45.37600359751625,44.77313995361328,4645
NO3_misfit,year,A,-125.9982,48.5998,-6.57768931243832,-2.6163073,0.752004,19.152947567443203,12.575258255004883,4646
NO3_misfit,year,A,-125.9982,48.5998,-6.5764560295848895,-2.9927425,0.56156766,19.1533841683178,12.57692813873291,4647
NO3_misfit,year,A,-125.9982,48.5998,-6.515905541704026,-3.9932408,0.05542159,19.15532223634514,12.639416694641113,4648
NO3_misfit,year,A,-125.9982,48.5998,-9.366915105878736,-3.9390821,0.08282018,21.938537954389478,12.571622848510742,4649
NO3_misfit,year,A,-125.9982,48.5998,-3.731853145692618,-2.8679616,0.6246935,18.5658365670183,14.833983421325684,4650
NO3_misfit,year,A,-125.9982,48.5998,-3.7319152482639204,-2.9390397,0.5887356,18.565898669589604,14.833983421325684,4651
NO3_misfit,year,A,-125.9982,48.5998,0.7462789250927209,-0.46434897,1.8406667,22.682555990068412,23.428834915161133,4652
NO3_misfit,year,A,-125.9982,48.5998,1.6403090196726104,-0.14105737,2.0042179,23.402608231914304,25.042917251586914,4653
NO3_misfit,year,A,-126.6732,48.6542,7.98297018723135,6.5352983,5.381746,6.354878476098728,14.337848663330078,4654
NO3_misfit,year,A,-126.6732,48.6542,7.880319646115081,6.260266,5.2426085,6.4575290172149975,14.337848663330078,4655
NO3_misfit,year,A,-126.6732,48.6542,6.777322266780795,4.7375083,4.4722548,6.457957770145475,13.23528003692627,4656
NO3_misfit,year,A,-126.6732,48.6542,5.509405240102602,3.1562731,3.6723175,8.306258097604918,13.81566333770752,4657
NO3_misfit,year,A,-126.6732,48.6542,7.982687650326151,4.6108084,4.4081583,10.051619829532248,18.0343074798584,4658
NO3_misfit,year,A,-126.6732,48.6542,3.3145947127331787,2.4438584,3.311911,19.295299086094946,22.609893798828125,4659
NO3_misfit,year,A,-126.6732,48.6542,3.371877128636875,3.4315572,3.811582,25.5682836227059,28.940160751342773,4660
NO3_misfit,year,A,-126.6732,48.6542,6.425515805646686,5.0320373,4.621255,26.704618776872845,33.13013458251953,4661
NO3_misfit,year,A,-126.6732,48.6542,3.851048007475203,4.934589,4.5719566,29.279086575044328,33.13013458251953,4662
NO3_misfit,year,A,-126.6732,48.6542,4.215772794280809,3.9932427,4.0957355,31.03236944815083,35.24814224243164,4663
NO3_misfit,year,A,-126.6732,48.6542,1.5024880402960008,2.8781953,3.5316396,34.741446591051655,36.243934631347656,4664
NO3_misfit,year,A,-126.6732,48.6542,1.4209624914736025,2.151654,3.1640868,36.80725558713968,38.22821807861328,4665
NO3_misfit,year,A,-126.6732,48.6542,-1.8426390328576687,-0.39947996,1.8734834,41.458224360006106,39.61558532714844,4666
NO3_misfit,year,A,-126.6732,48.6542,-2.5495124111100296,-1.5167961,1.3082399,44.38773491477214,41.83822250366211,4667
NO3_misfit,year,A,-126.6732,48.6542,-1.925213020331114,-1.5167961,1.3082399,45.15639130402252,43.231178283691406,4668
NO3_misfit,year,A,-126.6732,48.6542,-1.077083513379506,-1.2346544,1.4509737,45.71771614277404,44.64063262939453,4669
NO3_misfit,year,A,-126.6732,48.6542,-0.6940476668692455,-1.2184708,1.459161,45.46349880822667,44.76945114135742,4670
NO3_misfit,year,A,-126.6732,48.6542,-0.6943728385882224,-1.2184708,1.459161,45.463823979945644,44.76945114135742,4671
NO3_misfit,year,A,-126.6732,48.6542,-0.29254743486400514,-1.3055277,1.4151194,45.06592771440502,44.773380279541016,4672
NO3_misfit,year,A,-125.5003,48.5768,10.653181509663444,4.82878,4.518429,7.983668847392221,18.636850357055664,4673
NO3_misfit,year,A,-125.5003,48.5768,-10.34764698136365,-0.65285873,1.7453007,26.43983677018201,16.09218978881836,4674
NO3_misfit,year,A,-125.5003,48.5768,-0.08371269790079339,0.17216799,2.1626768,24.841790319360754,24.75807762145996,4675
NO3_misfit,year,A,-122.406117,47.5371639,1.4528786795479895,0.27521163,2.2148058,27.071428571428573,28.524307250976562,4682
NO3_misfit,year,A,-122.406117,47.5371639,15.70558967590332,8.665638,6.4594717,5.6,21.30558967590332,4683
NO3_misfit,year,A,-122.406117,47.5371639,0.519060679844447,1.4675438,2.8179996,24.857142857142858,25.376203536987305,4690
NO3_misfit,year,A,-122.3570023,47.6035995,-5.0802200862339575,-4.8753147,-0.3908143,31.214285714285715,26.134065628051758,4699
NO3_misfit,year,A,-122.3570023,47.6035995,-5.16654532296317,-5.1611238,-0.53540325,31.357142857142858,26.190597534179688,4700
NO3_misfit,year,A,-122.3570023,47.6035995,-4.705095291137695,-4.904392,-0.40552402,31.0,26.294904708862305,4701
NO3_misfit,year,A,-122.3570023,47.6035995,-4.579719270978657,-4.655875,-0.27980113,30.92857142857143,26.348852157592773,4702
NO3_misfit,year,A,-122.3570023,47.6035995,-3.571809223720006,-2.5550404,0.78299856,30.857142857142858,27.28533363342285,4703
NO3_misfit,year,A,-122.3570023,47.6035995,-4.491979054042272,-4.607497,-0.255327,30.857142857142858,26.365163803100586,4704
NO3_misfit,year,A,-122.3570023,47.6035995,-3.8016022273472387,-2.1486192,0.98860455,30.714285714285715,26.912683486938477,4705
NO3_misfit,year,A,-122.3570023,47.6035995,-4.657506670270649,-3.1782534,0.46771884,31.42857142857143,26.77106475830078,4706
NO3_misfit,year,A,-122.3570023,47.6035995,-4.840426853724889,-4.663231,-0.28352237,31.357142857142858,26.51671600341797,4707
NO3_misfit,year,A,-122.3570023,47.6035995,-4.825768879481725,-4.857434,-0.38176847,31.357142857142858,26.531373977661133,4708
NO3_misfit,year,A,-122.3570023,47.6035995,-4.693707329886301,-4.581521,-0.24218583,31.214285714285715,26.520578384399414,4709
NO3_misfit,year,A,-122.3570023,47.6035995,-4.471151079450337,-3.7721794,0.16725528,31.42857142857143,26.957420349121094,4710
NO3_misfit,year,A,-122.3570023,47.6035995,4.351346969604492,3.5521495,3.8725889,23.0,27.351346969604492,4711
NO3_misfit,year,A,-122.3570023,47.6035995,6.406057085309712,4.0451035,4.121971,21.07142857142857,27.47748565673828,4712
NO3_misfit,year,A,-122.3570023,47.6035995,6.491551807948522,4.874841,4.541731,20.142857142857142,26.634408950805664,4713
NO3_misfit,year,A,-122.3570023,47.6035995,6.603326525006974,5.249281,4.7311573,19.571428571428573,26.174755096435547,4714
NO3_misfit,year,A,-122.3570023,47.6035995,7.029725755964005,6.712902,5.471595,18.071428571428573,25.101154327392578,4715
NO3_misfit,year,A,-122.3570023,47.6035995,-4.1722211837768555,-2.8949418,0.6110444,13.5,9.327778816223145,4716
NO3_misfit,year,A,-122.3570023,47.6035995,-4.2201254708426355,-4.507814,-0.20489788,31.071428571428573,26.851303100585938,4717
NO3_misfit,year,A,-122.3570023,47.6035995,-4.349668230329243,-5.2064066,-0.5583117,30.92857142857143,26.578903198242188,4718
NO3_misfit,year,A,-122.3570023,47.6035995,-4.396035875592915,-4.9364023,-0.42171812,30.92857142857143,26.532535552978516,4719
NO3_misfit,year,A,-122.3570023,47.6035995,-4.117771693638392,-4.723208,-0.31386423,30.642857142857142,26.52508544921875,4720
NO3_misfit,year,A,-122.3570023,47.6035995,-3.3959138052804114,-1.0684965,1.535032,30.428571428571427,27.032657623291016,4721
NO3_misfit,year,A,-122.3570023,47.6035995,-5.024778366088867,-3.9566054,0.0739553,32.0,26.975221633911133,4722
NO3_misfit,year,A,-122.3570023,47.6035995,5.330898284912109,5.9017954,5.06126,23.0,28.33089828491211,4723
NO3_misfit,year,A,-122.3570023,47.6035995,5.420587812151226,6.283782,5.254505,22.42857142857143,27.849159240722656,4724
NO3_misfit,year,A,-122.3570023,47.6035995,8.081683567592076,7.2975354,5.767357,17.642857142857142,25.72454071044922,4725
NO3_misfit,year,A,-122.3570023,47.6035995,7.848130907331193,7.078584,5.656591,18.571428571428573,26.419559478759766,4726
NO3_misfit,year,A,-122.3570023,47.6035995,7.391469138009207,7.478666,5.8589897,17.214285714285715,24.605754852294922,4727
NO3_misfit,year,A,-122.3570023,47.6035995,4.092743737357004,4.381654,4.29223,14.785714285714285,18.87845802307129,4728
NO3_misfit,year,A,-122.3570023,47.6035995,0.3054041181291858,0.6837982,2.4215074,31.142857142857142,31.448261260986328,4729
NO3_misfit,year,A,-122.3570023,47.6035995,-0.9174957275390625,0.56717056,2.3625062,32.0,31.082504272460938,4730
NO3_misfit,year,A,-122.3570023,47.6035995,-0.6837370736258386,-0.25054765,1.9488274,31.071428571428573,30.387691497802734,4731
NO3_misfit,year,A,-122.3570023,47.6035995,0.0590297154017847,-0.30543473,1.9210604,30.214285714285715,30.2733154296875,4732
NO3_misfit,year,A,-122.3570023,47.6035995,-0.7249998365129748,-0.68734473,1.7278545,30.857142857142858,30.132143020629883,4733
NO3_misfit,year,A,-122.3570023,47.6035995,-0.016752515520369826,-0.49166888,1.8268456,30.571428571428573,30.554676055908203,4734
NO3_misfit,year,A,-122.3570023,47.6035995,1.9312463487897595,1.8138603,2.9931989,27.857142857142858,29.788389205932617,4735
NO3_misfit,year,A,-122.3570023,47.6035995,1.7892821175711475,1.7769322,2.9745173,28.42857142857143,30.217853546142578,4736
NO3_misfit,year,A,-122.3570023,47.6035995,0.7770739964076441,1.7489712,2.960372,28.214285714285715,28.99135971069336,4737
NO3_misfit,year,A,-122.3570023,47.6035995,0.7615985870361328,1.0170537,2.5900993,27.5,28.261598587036133,4738
NO3_misfit,year,A,-122.3570023,47.6035995,0.8267051151820581,1.3535101,2.7603106,27.714285714285715,28.540990829467773,4739
NO3_misfit,year,A,-122.3570023,47.6035995,0.43014853341238535,0.4064533,2.2812002,27.642857142857146,28.07300567626953,4740
NO3_misfit,year,A,-122.3570023,47.6035995,1.720135007585796,1.864635,3.0188856,26.92857142857143,28.648706436157227,4741
NO3_misfit,year,A,-122.3570023,47.6035995,2.554067066737584,2.0961528,3.136009,25.642857142857142,28.196924209594727,4742
NO3_misfit,year,A,-122.3570023,47.6035995,1.5942974090576172,2.243561,3.2105818,25.5,27.094297409057617,4743
NO3_misfit,year,A,-122.3570023,47.6035995,0.5599035535539905,1.1467242,2.6556988,25.142857142857142,25.702760696411133,4744
NO3_misfit,year,A,-122.3570023,47.6035995,1.835413796561106,1.666878,2.9188414,24.785714285714285,26.62112808227539,4745
NO3_misfit,year,A,-122.3570023,47.6035995,-1.5209892817905946,-1.0354103,1.5517702,24.71428571428571,23.193296432495117,4746
NO3_misfit,year,A,-122.3570023,47.6035995,-3.5248374938964844,-1.7832553,1.17344,31.0,27.475162506103516,4747
NO3_misfit,year,A,-122.3570023,47.6035995,-2.5246475764683325,-2.2691252,0.9276413,29.714285714285715,27.189638137817383,4748
NO3_misfit,year,A,-122.3570023,47.6035995,-2.3267824990408776,-1.5540601,1.2893884,28.571428571428573,26.244646072387695,4749
NO3_misfit,year,A,-122.3570023,47.6035995,-2.080927440098357,-1.9292055,1.0996046,28.642857142857146,26.56192970275879,4750
NO3_misfit,year,A,-122.3570023,47.6035995,-1.0426355089460095,-0.82937396,1.6560028,27.142857142857142,26.100221633911133,4751
NO3_misfit,year,A,-122.3570023,47.6035995,-0.5507390158517005,1.2733442,2.7197552,20.428571428571427,19.877832412719727,4752
NO3_misfit,year,A,-122.3570023,47.6035995,4.050281797136577,4.656967,4.4315095,22.42857142857143,26.478853225708008,4753
NO3_misfit,year,A,-122.3570023,47.6035995,6.914243153163362,5.1883874,4.7003517,19.642857142857146,26.557100296020508,4754
NO3_misfit,year,A,-122.3570023,47.6035995,8.085612160818918,5.733335,4.9760375,17.285714285714285,25.371326446533203,4755
NO3_misfit,year,A,-122.3570023,47.6035995,7.431905473981583,5.8911643,5.0558825,16.571428571428573,24.003334045410156,4756
NO3_misfit,year,A,-122.3570023,47.6035995,6.575463976178851,6.1357064,5.179595,15.571428571428571,22.146892547607422,4757
NO3_misfit,year,A,-122.3570023,47.6035995,-8.421104976109095,-7.0504603,-1.4912071,14.642857142857142,6.221752166748047,4758
NO3_misfit,year,A,-122.3570023,47.6035995,0.4124011993408203,4.214497,4.2076664,25.5,25.91240119934082,4759
NO3_misfit,year,A,-122.3570023,47.6035995,5.769232613699778,5.00055,4.6053257,20.785714285714285,26.554946899414062,4760
NO3_misfit,year,A,-122.3570023,47.6035995,4.0321584429059705,5.9491086,5.085196,18.357142857142858,22.389301300048828,4761
NO3_misfit,year,A,-122.3570023,47.6035995,4.746358326503206,5.6149044,4.9161243,19.142857142857146,23.88921546936035,4762
NO3_misfit,year,A,-122.3570023,47.6035995,2.531155177525111,5.401022,4.8079224,17.857142857142858,20.38829803466797,4763
NO3_misfit,year,A,-122.3570023,47.6035995,-6.504116092409406,-6.037012,-0.9785099,10.071428571428571,3.567312479019165,4764
NO3_misfit,year,A,-122.3570023,47.6035995,5.328845432826448,6.297156,5.261271,23.142857142857146,28.471702575683594,4765
NO3_misfit,year,A,-122.3570023,47.6035995,7.5237579345703125,6.979387,5.606407,21.0,28.523757934570312,4766
NO3_misfit,year,A,-122.3570023,47.6035995,9.229451860700333,8.052365,6.1492205,17.571428571428573,26.800880432128906,4767
NO3_misfit,year,A,-122.3570023,47.6035995,9.64502361842564,7.859752,6.051779,17.92857142857143,27.57359504699707,4768
NO3_misfit,year,A,-122.3570023,47.6035995,7.958426339285715,7.343562,5.790642,17.285714285714285,25.244140625,4769
NO3_misfit,year,A,-122.3570023,47.6035995,4.096107482910156,3.6261163,3.9100082,16.5,20.596107482910156,4770
NO3_misfit,year,A,-122.4179993,47.777401,10.61534309387207,8.399237,6.3247013,19.0,29.61534309387207,4771
NO3_misfit,year,A,-122.4179993,47.777401,9.443999699183873,7.8252063,6.0343027,18.142857142857142,27.586856842041016,4772
NO3_misfit,year,A,-122.4179993,47.777401,8.298976625714982,7.454579,5.8468046,18.571428571428573,26.870405197143555,4773
NO3_misfit,year,A,-122.4179993,47.777401,8.329303196498326,7.9832864,6.114274,18.642857142857142,26.97216033935547,4774
NO3_misfit,year,A,-122.4179993,47.777401,10.448036738804408,8.280169,6.2644653,16.357142857142858,26.805179595947266,4775
NO3_misfit,year,A,-122.4179993,47.777401,10.55915151323591,7.7334805,5.987899,14.785714285714285,25.344865798950195,4776
NO3_misfit,year,A,-122.4179993,47.777401,5.927909306117465,5.0442104,4.6274137,13.642857142857144,19.57076644897461,4777
NO3_misfit,year,A,-122.4179993,47.777401,5.505526133946006,6.3252645,5.2754908,24.35714285714286,29.862668991088867,4778
NO3_misfit,year,A,-122.4179993,47.777401,6.807756151471818,5.733927,4.9763365,20.071428571428573,26.87918472290039,4779
NO3_misfit,year,A,-122.4179993,47.777401,5.037323543003627,5.5944214,4.9057617,19.357142857142858,24.394466400146484,4780
NO3_misfit,year,A,-122.4179993,47.777401,2.9145916530064184,6.233923,5.229282,20.285714285714285,23.200305938720703,4781
NO3_misfit,year,A,-122.4179993,47.777401,4.7269077301025355,5.9555507,5.088455,19.500000000000004,24.22690773010254,4782
NO3_misfit,year,A,-122.4179993,47.777401,0.5698915209089002,5.950626,5.0859632,18.857142857142858,19.427034378051758,4783
NO3_misfit,year,A,-122.4179993,47.777401,9.366464614868164,4.381545,4.2921753,1.5000000000000002,10.866464614868164,4784
NO3_misfit,year,A,-122.4179993,47.777401,-5.546090534755162,-4.744206,-0.3244872,30.357142857142858,24.811052322387695,4785
NO3_misfit,year,A,-122.4179993,47.777401,-5.297907965523855,-5.185861,-0.54791784,29.785714285714285,24.48780632019043,4786
NO3_misfit,year,A,-122.4179993,47.777401,-5.0905481066022595,-5.2064323,-0.5583246,31.142857142857142,26.052309036254883,4787
NO3_misfit,year,A,-122.4179993,47.777401,-5.281447546822683,-5.369035,-0.64058423,30.785714285714285,25.5042667388916,4788
NO3_misfit,year,A,-122.4179993,47.777401,-4.907967431204661,-4.9391394,-0.42310262,31.214285714285715,26.306318283081055,4789
NO3_misfit,year,A,-122.4179993,47.777401,-4.903701237269811,-4.6995087,-0.3018751,31.357142857142858,26.453441619873047,4790
NO3_misfit,year,A,-122.4179993,47.777401,-4.307901382446289,-4.254376,-0.07668495,30.5,26.19209861755371,4791
NO3_misfit,year,A,-122.4179993,47.777401,0.5437137058803003,3.1201258,3.6540308,30.714285714285715,31.257999420166016,4792
NO3_misfit,year,A,-122.4179993,47.777401,2.1421843937465113,2.090051,3.1329222,26.214285714285715,28.356470108032227,4793
NO3_misfit,year,A,-122.4179993,47.777401,1.6214100973946728,1.8314629,3.0021038,25.57142857142857,27.192838668823242,4794
NO3_misfit,year,A,-122.4179993,47.777401,1.4033647264753064,1.9279729,3.0509279,25.857142857142858,27.260507583618164,4795
NO3_misfit,year,A,-122.4179993,47.777401,1.3952917371477405,2.1276026,3.1519194,25.642857142857142,27.038148880004883,4796
NO3_misfit,year,A,-122.4179993,47.777401,0.43115534101213626,1.2726011,2.7193792,25.214285714285715,25.64544105529785,4797
NO3_misfit,year,A,-122.4179993,47.777401,-0.2089770180838464,0.030655742,2.0910866,22.571428571428573,22.362451553344727,4798
NO3_misfit,year,A,-122.4179993,47.777401,4.445075988769531,5.1103535,4.660875,22.0,26.44507598876953,4799
NO3_misfit,year,A,-122.4179993,47.777401,4.978873389107843,4.294343,4.24806,20.71428571428571,25.693159103393555,4800
NO3_misfit,year,A,-122.4179993,47.777401,5.380188533238002,4.3432508,4.2728024,20.357142857142858,25.73733139038086,4801
NO3_misfit,year,A,-122.4179993,47.777401,5.398491723196848,4.9842477,4.597079,20.285714285714285,25.684206008911133,4802
NO3_misfit,year,A,-122.4179993,47.777401,5.671303612845282,5.5018888,4.85895,19.78571428571429,25.45701789855957,4803
NO3_misfit,year,A,-122.4179993,47.777401,6.754007611955913,6.789077,5.510131,17.92857142857143,24.682579040527344,4804
NO3_misfit,year,A,-122.4179993,47.777401,1.100766181945799,3.4655323,3.8287697,10.000000000000002,11.1007661819458,4805
NO3_misfit,year,A,-122.4179993,47.777401,-3.314393997192383,-2.8656397,0.6258682,30.5,27.185606002807617,4806
NO3_misfit,year,A,-122.4179993,47.777401,-4.269596372331893,-4.639728,-0.27163243,30.571428571428573,26.30183219909668,4807
NO3_misfit,year,A,-122.4179993,47.777401,-4.396349498203822,-5.090207,-0.49952698,30.642857142857142,26.24650764465332,4808
NO3_misfit,year,A,-122.4179993,47.777401,-4.505017961774556,-4.851684,-0.37885952,30.92857142857143,26.423553466796875,4809
NO3_misfit,year,A,-122.4179993,47.777401,-4.037695203508651,-4.3412576,-0.12063789,30.571428571428573,26.533733367919922,4810
NO3_misfit,year,A,-122.4179993,47.777401,-4.3552622113909045,-4.6076183,-0.25538826,30.857142857142858,26.501880645751953,4811
NO3_misfit,year,A,-122.4179993,47.777401,-4.618154253278458,-3.1409743,0.4865781,30.428571428571427,25.81041717529297,4812
NO3_misfit,year,A,-122.4179993,47.777401,9.098154340471538,7.873885,6.0589285,18.42857142857143,27.52672576904297,4813
NO3_misfit,year,A,-122.4179993,47.777401,7.218436104910712,7.060148,5.647264,18.78571428571429,26.004150390625,4814
NO3_misfit,year,A,-122.4179993,47.777401,5.463100433349609,6.658716,5.4441824,19.0,24.46310043334961,4815
NO3_misfit,year,A,-122.4179993,47.777401,6.158496311732698,7.454615,5.8468227,19.142857142857146,25.301353454589844,4816
NO3_misfit,year,A,-122.4179993,47.777401,5.741618565150667,7.1318836,5.6835546,19.142857142857146,24.884475708007812,4817
NO3_misfit,year,A,-122.4179993,47.777401,6.2549672807965955,7.6353936,5.9382772,17.857142857142858,24.112110137939453,4818
NO3_misfit,year,A,-122.4179993,47.777401,3.7660775865827283,5.792584,5.006011,13.857142857142858,17.623220443725586,4819
NO3_misfit,year,A,-122.4179993,47.777401,3.1639900207519496,2.085593,3.1306667,28.000000000000004,31.163990020751953,4820
NO3_misfit,year,A,-122.4179993,47.777401,1.5390268053327283,1.0788078,2.6213403,27.857142857142858,29.396169662475586,4821
NO3_misfit,year,A,-122.4179993,47.777401,1.0026386805943055,0.27407897,2.214233,27.78571428571429,28.788352966308594,4822
NO3_misfit,year,A,-122.4179993,47.777401,0.9968577793666284,1.1231911,2.6437936,27.714285714285715,28.711143493652344,4823
NO3_misfit,year,A,-122.4179993,47.777401,0.7285199846540173,0.7796681,2.4700074,27.857142857142858,28.585662841796875,4824
NO3_misfit,year,A,-122.4179993,47.777401,0.5061427525111597,0.2783294,2.2163832,27.714285714285715,28.220428466796875,4825
NO3_misfit,year,A,-122.4179993,47.777401,0.2799273899623316,0.047682535,2.0997002,27.714285714285715,27.994213104248047,4826
NO3_misfit,year,A,-122.4179993,47.777401,-2.307283946446013,0.65782714,2.4083688,34.142857142857146,31.835573196411133,4827
NO3_misfit,year,A,-122.4179993,47.777401,-0.26189613342285156,-0.16384225,1.9926912,31.0,30.73810386657715,4828
NO3_misfit,year,A,-122.4179993,47.777401,-0.6092570168631433,-0.44734442,1.8492692,31.071428571428573,30.46217155456543,4829
NO3_misfit,year,A,-122.4179993,47.777401,-0.6780379159109948,-0.2885211,1.9296169,31.071428571428573,30.393390655517578,4830
NO3_misfit,year,A,-122.4179993,47.777401,-0.4012516566685278,-0.31620783,1.9156103,30.714285714285715,30.313034057617188,4831
NO3_misfit,year,A,-122.4179993,47.777401,-0.4913706098284045,-0.33165693,1.9077947,30.857142857142858,30.365772247314453,4832
NO3_misfit,year,A,-122.4179993,47.777401,-0.80184473310198,-0.5930927,1.775536,30.785714285714285,29.983869552612305,4833
NO3_misfit,year,A,-122.4179993,47.777401,-0.059539522443500914,-0.70797694,1.7174168,27.42857142857143,27.36903190612793,4834
NO3_misfit,year,A,-122.4179993,47.777401,-0.2336897168840686,-1.4217277,1.3563346,26.357142857142858,26.12345314025879,4835
NO3_misfit,year,A,-122.4179993,47.777401,-1.1056540352957605,-1.6363722,1.2477472,27.071428571428573,25.965774536132812,4836
NO3_misfit,year,A,-122.4179993,47.777401,-2.2927058083670495,-1.7009454,1.21508,28.571428571428573,26.278722763061523,4837
NO3_misfit,year,A,-122.4179993,47.777401,-0.8946045466831762,0.8136021,2.4871743,26.714285714285715,25.81968116760254,4838
NO3_misfit,year,A,-122.4179993,47.777401,-1.9322444370814758,-1.24312,1.446691,28.28571428571429,26.353469848632812,4839
NO3_misfit,year,A,-122.4179993,47.777401,0.16539846147809456,4.136782,4.168351,18.28571428571429,18.451112747192383,4840
NO3_misfit,year,A,-122.4179993,47.777401,-3.9803014482770642,-4.743644,-0.324203,30.142857142857142,26.162555694580078,4841
NO3_misfit,year,A,-122.4179993,47.777401,-4.973982129778182,-4.942528,-0.42481685,30.571428571428573,25.59744644165039,4842
NO3_misfit,year,A,-122.4179993,47.777401,-5.253486633300781,-5.418701,-0.6657102,31.0,25.74651336669922,4843
NO3_misfit,year,A,-122.4179993,47.777401,-4.6379383632114966,-5.1853557,-0.547662,30.714285714285715,26.07634735107422,4844
NO3_misfit,year,A,-122.4179993,47.777401,-4.884121213640487,-4.9478755,-0.42752218,31.071428571428573,26.187307357788086,4845
NO3_misfit,year,A,-122.4179993,47.777401,-4.893566949026926,-4.7382255,-0.32146168,31.214285714285715,26.32071876525879,4846
NO3_misfit,year,A,-122.4179993,47.777401,-4.639968599591938,-4.0712423,0.01596117,30.92857142857143,26.288602828979492,4847
NO3_misfit,year,A,-122.4179993,47.777401,6.587425504411968,5.1168146,4.6641436,21.92857142857143,28.5159969329834,4848
NO3_misfit,year,A,-122.4179993,47.777401,3.4413097926548524,5.939561,5.080366,23.28571428571429,26.72702407836914,4849
NO3_misfit,year,A,-122.4179993,47.777401,4.287217821393696,5.506663,4.8613653,21.07142857142857,25.358646392822266,4850
NO3_misfit,year,A,-122.4179993,47.777401,5.633780070713588,6.1228037,5.173067,19.357142857142858,24.990922927856445,4851
NO3_misfit,year,A,-122.4179993,47.777401,5.183325631277899,6.374439,5.3003683,19.28571428571429,24.469039916992188,4852
NO3_misfit,year,A,-122.4179993,47.777401,5.2724584851946155,6.905553,5.5690556,17.642857142857142,22.915315628051758,4853
NO3_misfit,year,A,-122.4179993,47.777401,1.247783388410296,-1.7093529,1.2108266,2.571428571428571,3.819211959838867,4854
NO3_misfit,year,A,-122.387001,47.3586006,1.1535415649414062,4.2019734,4.201331,25.0,26.153541564941406,4855
NO3_misfit,year,A,-122.387001,47.3586006,-0.2679023742675781,2.7903547,3.4872017,25.0,24.732097625732422,4856
NO3_misfit,year,A,-122.387001,47.3586006,-2.703132901872909,-1.5014565,1.3160002,30.071428571428573,27.368295669555664,4857
NO3_misfit,year,A,-122.387001,47.3586006,-2.2638683319091797,-1.6253289,1.2533339,29.5,27.23613166809082,4858
NO3_misfit,year,A,-122.387001,47.3586006,-2.572308949061803,-2.097068,1.014684,29.357142857142858,26.784833908081055,4859
NO3_misfit,year,A,-122.387001,47.3586006,-1.3665332794189489,-1.4603606,1.3367903,28.000000000000004,26.633466720581055,4860
NO3_misfit,year,A,-122.387001,47.3586006,-1.3852874210902648,-0.8429986,1.6491101,27.78571428571429,26.400426864624023,4861
NO3_misfit,year,A,-122.387001,47.3586006,-0.8202751704624731,1.3758357,2.771605,26.714285714285715,25.894010543823242,4862
NO3_misfit,year,A,-122.387001,47.3586006,5.460691724504741,3.1947405,3.6917777,18.92857142857143,24.389263153076172,4863
NO3_misfit,year,A,-122.387001,47.3586006,4.096688134329661,2.02711,3.1010807,20.785714285714285,24.882402420043945,4864
NO3_misfit,year,A,-122.387001,47.3586006,-3.7124677385602673,-4.4024425,-0.15159106,30.142857142857142,26.430389404296875,4865
NO3_misfit,year,A,-122.387001,47.3586006,-4.247338976178849,-4.612889,-0.2580545,30.428571428571427,26.181232452392578,4866
NO3_misfit,year,A,-122.387001,47.3586006,-4.949795041765487,-5.195121,-0.5526023,31.071428571428573,26.121633529663086,4867
NO3_misfit,year,A,-122.387001,47.3586006,-4.512294496808735,-4.7750154,-0.34007335,30.92857142857143,26.416276931762695,4868
NO3_misfit,year,A,-122.387001,47.3586006,-4.655872344970703,-4.854778,-0.38042474,31.0,26.344127655029297,4869
NO3_misfit,year,A,-122.387001,47.3586006,-4.313445227486746,-4.503026,-0.20247555,30.785714285714285,26.47226905822754,4870
NO3_misfit,year,A,-122.387001,47.3586006,-4.1407506125313915,-3.391995,0.35958827,30.92857142857143,26.78782081604004,4871
NO3_misfit,year,A,-122.387001,47.3586006,-6.206256798335485,-1.5377984,1.297615,12.857142857142858,6.650886058807373,4872
NO3_misfit,year,A,-122.387001,47.3586006,1.1982410975864948,3.5393953,3.8661366,8.285714285714286,9.483955383300781,4873
NO3_misfit,year,A,-122.387001,47.3586006,-5.326902934483119,-4.83509,-0.3704648,30.642857142857142,25.315954208374023,4874
NO3_misfit,year,A,-122.387001,47.3586006,-5.17628914969308,-4.9886394,-0.44814444,30.642857142857142,25.466567993164062,4875
NO3_misfit,year,A,-122.387001,47.3586006,-4.8948353358677466,-5.27466,-0.5928407,30.714285714285715,25.81945037841797,4876
NO3_misfit,year,A,-122.387001,47.3586006,-4.525036675589426,-4.7259197,-0.3152361,30.714285714285715,26.18924903869629,4877
NO3_misfit,year,A,-122.387001,47.3586006,-4.6184986659458716,-4.9419575,-0.42452836,30.714285714285715,26.095787048339844,4878
NO3_misfit,year,A,-122.387001,47.3586006,-4.1664712088448645,-4.5275517,-0.21488309,30.428571428571427,26.262100219726562,4879
NO3_misfit,year,A,-122.387001,47.3586006,-3.6908482142857153,-4.0148053,0.044512272,30.214285714285715,26.5234375,4880
NO3_misfit,year,A,-122.387001,47.3586006,0.3467581612723194,0.9112469,2.5365722,31.42857142857143,31.77532958984375,4881
NO3_misfit,year,A,-122.387001,47.3586006,0.5739901406424366,0.6845387,2.421882,30.92857142857143,31.502561569213867,4882
NO3_misfit,year,A,-122.387001,47.3586006,0.19373267037527953,0.46455526,2.3105936,30.642857142857142,30.836589813232422,4883
NO3_misfit,year,A,-122.387001,47.3586006,-0.18406186785016843,0.09937288,2.1258502,30.714285714285715,30.530223846435547,4884
NO3_misfit,year,A,-122.387001,47.3586006,-0.5438736506870825,-0.057213604,2.046634,30.714285714285715,30.170412063598633,4885
NO3_misfit,year,A,-122.387001,47.3586006,-0.36109025137765016,-0.29333803,1.92718,30.642857142857142,30.281766891479492,4886
NO3_misfit,year,A,-122.387001,47.3586006,-0.7119829995291589,-0.47224832,1.8366704,30.571428571428573,29.859445571899414,4887
NO3_misfit,year,A,-122.387001,47.3586006,7.963633946010045,8.005351,6.125437,21.642857142857142,29.606491088867188,4888
NO3_misfit,year,A,-122.387001,47.3586006,7.884640012468612,7.617693,5.9293227,20.928571428571427,28.81321144104004,4889
NO3_misfit,year,A,-122.387001,47.3586006,9.000814437866211,7.7098303,5.9759345,19.0,28.00081443786621,4890
NO3_misfit,year,A,-122.387001,47.3586006,9.911434173583984,8.825143,6.540164,17.0,26.911434173583984,4891
NO3_misfit,year,A,-122.387001,47.3586006,10.011675698416575,8.464577,6.3577557,17.285714285714285,27.29738998413086,4892
NO3_misfit,year,A,-122.387001,47.3586006,4.961435045514788,7.7925572,6.0177855,14.571428571428571,19.53286361694336,4893
NO3_misfit,year,A,-122.387001,47.3586006,9.961025510515483,9.265017,6.7626934,16.42857142857143,26.389596939086914,4894
NO3_misfit,year,A,-122.387001,47.3586006,4.331008093697683,7.0530853,5.643691,14.214285714285715,18.5452938079834,4895
NO3_misfit,year,A,-122.387001,47.3586006,13.894472667149135,8.913143,6.5846834,1.8571428571428572,15.751615524291992,4896
NO3_misfit,year,A,-122.387001,47.3586006,14.156545639038086,9.609574,6.937003,2.5000000000000004,16.656545639038086,4897
NO3_misfit,year,A,-122.387001,47.3586006,2.8965838296072803,2.9699175,3.5780413,27.92857142857143,30.82515525817871,4898
NO3_misfit,year,A,-122.387001,47.3586006,3.2128388541085364,2.8942811,3.5397773,26.571428571428573,29.78426742553711,4899
NO3_misfit,year,A,-122.387001,47.3586006,3.1540791647774853,2.544097,3.3626213,24.57142857142857,27.725507736206055,4900
NO3_misfit,year,A,-122.387001,47.3586006,2.388580594743999,2.612705,3.3973296,24.42857142857143,26.81715202331543,4901
NO3_misfit,year,A,-122.387001,47.3586006,1.620206287928987,2.6428015,3.4125552,24.142857142857146,25.763063430786133,4902
NO3_misfit,year,A,-122.387001,47.3586006,2.0617433275495216,3.0208457,3.6038055,24.35714285714286,26.418886184692383,4903
NO3_misfit,year,A,-122.387001,47.3586006,-2.0640890938895105,0.6566324,2.4077644,24.071428571428573,22.007339477539062,4904
NO3_misfit,year,A,-122.387001,47.3586006,-2.0039871760777075,1.7229832,2.9472246,24.214285714285715,22.210298538208008,4905
NO3_misfit,year,A,-122.387001,47.3586006,3.362589659009661,-0.17001857,1.9895666,3.7214285714285715,7.084018230438232,4906
NO3_misfit,year,A,-122.387001,47.3586006,5.001760482788086,2.0212517,3.0981169,3.25,8.251760482788086,4907
NO3_misfit,year,A,-122.387001,47.3586006,9.397751944405691,8.5363035,6.394042,21.214285714285715,30.612037658691406,4908
NO3_misfit,year,A,-122.387001,47.3586006,8.158247266496932,7.74717,5.9948244,20.428571428571427,28.58681869506836,4909
NO3_misfit,year,A,-122.387001,47.3586006,6.948624202183311,8.31877,6.2839937,19.85714285714286,26.805767059326172,4910
NO3_misfit,year,A,-122.387001,47.3586006,8.856942585536412,9.137762,6.6983166,17.142857142857142,25.999799728393555,4911
NO3_misfit,year,A,-122.387001,47.3586006,16.211414609636577,11.069689,7.675667,8.928571428571429,25.139986038208008,4912
NO3_misfit,year,A,-122.387001,47.3586006,9.667566026960099,9.455073,6.858842,16.071428571428573,25.738994598388672,4913
NO3_misfit,year,A,-122.387001,47.3586006,15.569249016898018,9.236589,6.748313,0.7857142857142857,16.354963302612305,4914
NO3_misfit,year,A,-122.387001,47.3586006,3.4287340981619714,5.458262,4.8368797,25.928571428571427,29.3573055267334,4915
NO3_misfit,year,A,-122.387001,47.3586006,4.2144434792654835,5.525794,4.8710437,23.92857142857143,28.143014907836914,4916
NO3_misfit,year,A,-122.387001,47.3586006,5.066767011369979,5.8839736,5.0522447,20.428571428571427,25.495338439941406,4917
NO3_misfit,year,A,-122.387001,47.3586006,4.901630401611328,6.8529196,5.5424285,18.5,23.401630401611328,4918
NO3_misfit,year,A,-122.387001,47.3586006,5.3634444645472925,6.891362,5.5618763,16.714285714285715,22.077730178833008,4919
NO3_misfit,year,A,-122.387001,47.3586006,9.144176755632673,6.1522727,5.1879754,8.428571428571429,17.5727481842041,4920
NO3_misfit,year,A,-122.387001,47.3586006,-0.013884353637695579,-0.440438,1.852763,3.5500000000000003,3.5361156463623047,4921
NO3_misfit,year,A,-122.387001,47.3586006,-0.7016265869140623,-1.3823979,1.3762312,5.8,5.0983734130859375,4922
NO3_misfit,year,A,-122.387001,47.3586006,2.0677002498081762,2.039772,3.1074862,29.285714285714285,31.35341453552246,4923
NO3_misfit,year,A,-122.387001,47.3586006,1.416861125401084,1.9057375,3.039679,28.85714285714286,30.274003982543945,4924
NO3_misfit,year,A,-122.387001,47.3586006,0.951738902500697,1.5190337,2.844048,28.357142857142858,29.308881759643555,4925
NO3_misfit,year,A,-122.387001,47.3586006,0.5150865827287916,1.4090829,2.7884245,28.642857142857146,29.157943725585938,4926
NO3_misfit,year,A,-122.387001,47.3586006,0.6594627925327821,1.3450191,2.756015,28.28571428571429,28.94517707824707,4927
NO3_misfit,year,A,-122.387001,47.3586006,0.24880763462611455,0.9609745,2.5617292,28.571428571428573,28.820236206054688,4928
NO3_misfit,year,A,-122.387001,47.3586006,-0.2522215162004784,0.61404294,2.3862185,28.85714285714286,28.604921340942383,4929
NO3_misfit,year,A,-122.387001,47.3586006,0.716569083077566,6.762799,5.4968367,15.714285714285715,16.43085479736328,4930
NO3_misfit,year,A,-122.387001,47.3586006,-5.181404318128314,-1.2250779,1.4558184,12.928571428571429,7.747167110443115,4931
NO3_misfit,year,A,-122.387001,47.3586006,0.15974807739257812,1.930877,3.052397,25.5,25.659748077392578,4932
NO3_misfit,year,A,-122.387001,47.3586006,-1.0172075544084827,1.407732,2.7877412,26.857142857142858,25.839935302734375,4933
NO3_misfit,year,A,-122.387001,47.3586006,-5.012353897094727,-4.732882,-0.3187585,31.5,26.487646102905273,4934
NO3_misfit,year,A,-122.387001,47.3586006,-4.897077015468053,-4.652826,-0.27825856,31.357142857142858,26.460065841674805,4935
NO3_misfit,year,A,-122.387001,47.3586006,-4.803792136056085,-4.9283757,-0.41765738,31.28571428571429,26.481922149658203,4936
NO3_misfit,year,A,-122.387001,47.3586006,-4.979629244123188,-4.880339,-0.39335608,31.42857142857143,26.448942184448242,4937
NO3_misfit,year,A,-122.387001,47.3586006,-4.726883752005442,-4.8174157,-0.3615234,31.214285714285715,26.487401962280273,4938
NO3_misfit,year,A,-122.387001,47.3586006,-4.357264927455358,-4.6391954,-0.27136302,30.857142857142858,26.4998779296875,4939
NO3_misfit,year,A,-122.387001,47.3586006,-4.3624948774065295,-3.4257667,0.3425033,30.857142857142858,26.494647979736328,4940
NO3_misfit,year,A,-122.387001,47.3586006,1.3110109056745252,4.605497,4.405471,26.857142857142858,28.168153762817383,4941
NO3_misfit,year,A,-122.387001,47.3586006,3.8941102709089,4.6292806,4.417503,23.357142857142858,27.251253128051758,4942
NO3_misfit,year,A,-122.387001,47.3586006,4.451665605817524,5.5440316,4.88027,21.07142857142857,25.523094177246094,4943
NO3_misfit,year,A,-122.387001,47.3586006,6.350236620221818,6.4143243,5.320546,18.571428571428573,24.92166519165039,4944
NO3_misfit,year,A,-122.387001,47.3586006,6.121870040893555,6.9999204,5.6167955,18.0,24.121870040893555,4945
NO3_misfit,year,A,-122.387001,47.3586006,6.537578855242046,7.885181,6.0646434,16.42857142857143,22.966150283813477,4946
NO3_misfit,year,A,-122.387001,47.3586006,-1.4383179800851007,1.2916025,2.728992,12.428571428571429,10.990253448486328,4947
NO3_misfit,year,A,-122.387001,47.3586006,-4.818334988185338,-5.1877913,-0.54889417,7.857142857142858,3.0388078689575195,4948
NO3_misfit,year,A,-122.387001,47.3586006,5.558662687029159,5.0821447,4.6466045,20.928571428571427,26.487234115600586,4949
NO3_misfit,year,A,-122.387001,47.3586006,4.158132280622208,4.0572195,4.128101,23.571428571428573,27.72956085205078,4950
NO3_misfit,year,A,-122.387001,47.3586006,4.673364911760601,3.9539409,4.0758524,22.42857142857143,27.10193634033203,4951
NO3_misfit,year,A,-122.387001,47.3586006,6.263880320957725,5.0250807,4.617736,19.85714285714286,26.121023178100586,4952
NO3_misfit,year,A,-122.387001,47.3586006,5.855120522635321,6.6983833,5.4642496,19.28571428571429,25.14083480834961,4953
NO3_misfit,year,A,-122.387001,47.3586006,4.409030641828263,8.263777,6.256172,19.071428571428573,23.480459213256836,4954
NO3_misfit,year,A,-122.387001,47.3586006,19.950435038975307,10.36528,7.31931,3.3071428571428574,23.257577896118164,4957
NO3_misfit,year,A,-122.387001,47.3586006,12.525137083871023,8.645045,6.449054,1.2142857142857144,13.739422798156738,4958
NO3_misfit,year,A,-122.387001,47.3586006,12.046186447143555,9.040728,6.649227,8.0,20.046186447143555,4959
NO3_misfit,year,A,-122.387001,47.3586006,4.678330625806536,-1.0198647,1.5596347,2.571428571428571,7.249759197235107,4960
NO3_misfit,year,A,-122.4280014,47.7439995,2.432896750313894,2.1938598,3.1854384,27.964285714285715,30.39718246459961,4961
NO3_misfit,year,A,-122.4280014,47.7439995,1.2176355634416822,1.2192737,2.6924012,28.142857142857146,29.360492706298828,4962
NO3_misfit,year,A,-122.4280014,47.7439995,0.9548800332205616,0.4273367,2.291765,27.92857142857143,28.883451461791992,4963
NO3_misfit,year,A,-122.4280014,47.7439995,0.7390136718749964,1.3428336,2.7549095,28.000000000000004,28.739013671875,4964
NO3_misfit,year,A,-122.4280014,47.7439995,0.5815609523228211,0.8234009,2.4921315,27.78571428571429,28.36727523803711,4965
NO3_misfit,year,A,-122.4280014,47.7439995,0.6663668496268116,0.9265429,2.5443103,27.92857142857143,28.594938278198242,4966
NO3_misfit,year,A,-122.4280014,47.7439995,-0.12503542218889763,-0.28817502,1.9297919,27.78571428571429,27.66067886352539,4967
NO3_misfit,year,A,-122.4280014,47.7439995,-0.3881547110421337,0.5784262,2.3682003,23.42857142857143,23.040416717529297,4968
NO3_misfit,year,A,-122.4280014,47.7439995,-0.7712533133370556,0.7404103,2.4501472,23.92857142857143,23.157318115234375,4969
NO3_misfit,year,A,-122.4280014,47.7439995,9.593685967581614,8.279078,6.263913,17.785714285714285,27.3794002532959,4970
NO3_misfit,year,A,-122.4280014,47.7439995,8.443237032209122,7.304967,5.7711163,17.571428571428573,26.014665603637695,4971
NO3_misfit,year,A,-122.4280014,47.7439995,6.779579162597656,6.8963757,5.5644126,18.0,24.779579162597656,4972
NO3_misfit,year,A,-122.4280014,47.7439995,5.914124080113002,7.3383174,5.7879887,19.357142857142858,25.27126693725586,4973
NO3_misfit,year,A,-122.4280014,47.7439995,5.072797775268551,7.594232,5.917454,19.500000000000004,24.572797775268555,4974
NO3_misfit,year,A,-122.4280014,47.7439995,5.947621481759207,7.7522106,5.9973745,19.714285714285715,25.661907196044922,4975
NO3_misfit,year,A,-122.4280014,47.7439995,5.179552623203822,6.55404,5.391227,13.357142857142858,18.53669548034668,4976
NO3_misfit,year,A,-122.4280014,47.7439995,-5.042801720755442,-4.7674356,-0.33623886,28.964285714285715,23.921483993530273,4977
NO3_misfit,year,A,-122.4280014,47.7439995,-5.267894199916295,-5.097891,-0.50341415,29.857142857142858,24.589248657226562,4978
NO3_misfit,year,A,-122.4280014,47.7439995,-6.011489323207311,-5.246627,-0.5786588,31.357142857142858,25.345653533935547,4979
NO3_misfit,year,A,-122.4280014,47.7439995,-5.185710089547296,-5.1195908,-0.5143919,31.28571428571429,26.100004196166992,4980
NO3_misfit,year,A,-122.4280014,47.7439995,-4.842041833060129,-4.887098,-0.39677525,31.214285714285715,26.372243881225586,4981
NO3_misfit,year,A,-122.4280014,47.7439995,-4.906560352870397,-4.724419,-0.31447697,31.357142857142858,26.45058250427246,4982
NO3_misfit,year,A,-122.4280014,47.7439995,-4.656756809779576,-4.23519,-0.06697893,30.857142857142858,26.20038604736328,4983
NO3_misfit,year,A,-122.4280014,47.7439995,-3.7721326010567786,-4.2484617,-0.07369304,30.178571428571427,26.40643882751465,4984
NO3_misfit,year,A,-122.4280014,47.7439995,-4.243198394775391,-4.573327,-0.23804045,30.5,26.25680160522461,4985
NO3_misfit,year,A,-122.4280014,47.7439995,-4.650478090558735,-5.063104,-0.48581576,30.92857142857143,26.278093338012695,4986
NO3_misfit,year,A,-122.4280014,47.7439995,-4.695364543369838,-4.7800317,-0.34261107,31.142857142857142,26.447492599487305,4987
NO3_misfit,year,A,-122.4280014,47.7439995,-4.32091658455985,-4.495237,-0.1985352,30.857142857142858,26.536226272583008,4988
NO3_misfit,year,A,-122.4280014,47.7439995,-4.1714962550572,-4.4540753,-0.17771173,30.714285714285715,26.542789459228516,4989
NO3_misfit,year,A,-122.4280014,47.7439995,-4.500342232840403,-2.920083,0.5983256,30.214285714285715,25.713943481445312,4990
NO3_misfit,year,A,-122.4280014,47.7439995,1.068636485508506,1.6479441,2.909263,24.35714285714286,25.425779342651367,4991
NO3_misfit,year,A,-122.4280014,47.7439995,1.1941618238176623,1.21599,2.6907399,24.642857142857142,25.837018966674805,4992
NO3_misfit,year,A,-122.4280014,47.7439995,9.075013705662318,3.0008712,3.5937004,1.3571428571428572,10.432156562805176,4993
NO3_misfit,year,A,-122.4280014,47.7439995,7.963800294058664,2.8152251,3.4997833,0.7857142857142857,8.74951457977295,4994
NO3_misfit,year,A,-122.4280014,47.7439995,9.72149293082101,6.7438273,5.4872394,6.757142857142858,16.478635787963867,4995
NO3_misfit,year,A,-122.4280014,47.7439995,9.988071278163364,7.308361,5.772834,6.742857142857143,16.730928421020508,4996
NO3_misfit,year,A,-122.4280014,47.7439995,5.063956124441962,6.2795787,5.2523785,24.28571428571429,29.34967041015625,4997
NO3_misfit,year,A,-122.4280014,47.7439995,4.992527553013389,6.2795787,5.2523785,24.35714285714286,29.34967041015625,4998
NO3_misfit,year,A,-122.4280014,47.7439995,5.176438467843191,5.746521,4.982708,21.714285714285715,26.890724182128906,4999
NO3_misfit,year,A,-122.4280014,47.7439995,5.043271200997488,5.5497904,4.8831835,19.714285714285715,24.757556915283203,5000
NO3_misfit,year,A,-122.4280014,47.7439995,3.694177355085099,6.2831645,5.254193,19.071428571428573,22.765605926513672,5001
NO3_misfit,year,A,-122.4280014,47.7439995,4.086846487862726,6.015238,5.1186504,20.21428571428571,24.301132202148438,5002
NO3_misfit,year,A,-122.4280014,47.7439995,2.8935726710728247,6.099687,5.1613727,16.785714285714285,19.67928695678711,5003
NO3_misfit,year,A,-122.4280014,47.7439995,7.433507238115583,3.7247787,3.959921,1.4285714285714286,8.862078666687012,5005
NO3_misfit,year,A,-122.4280014,47.7439995,11.084359577723912,8.931415,6.5939264,8.642857142857142,19.727216720581055,5006
NO3_misfit,year,A,-122.4280014,47.7439995,-0.5630051749093212,-1.3395771,1.397894,27.17857142857143,26.61556625366211,5008
NO3_misfit,year,A,-122.4280014,47.7439995,-0.035754067557199676,-1.3771455,1.3788884,26.214285714285715,26.178531646728516,5009
NO3_misfit,year,A,-122.4280014,47.7439995,-1.0989878518240808,-1.5504133,1.2912333,27.071428571428573,25.972440719604492,5010
NO3_misfit,year,A,-122.4280014,47.7439995,-1.8056131090436693,-1.522866,1.3051693,28.142857142857146,26.337244033813477,5011
NO3_misfit,year,A,-122.4280014,47.7439995,-0.013904571533203125,1.1528832,2.6588147,25.0,24.986095428466797,5012
NO3_misfit,year,A,-122.4280014,47.7439995,-2.114255632672993,-1.2545879,1.4408896,28.42857142857143,26.314315795898438,5013
NO3_misfit,year,A,-122.4280014,47.7439995,6.402993883405411,5.640994,4.9293227,11.571428571428573,17.974422454833984,5014
NO3_misfit,year,A,-122.4280014,47.7439995,5.7730448586600165,5.204556,4.7085314,12.928571428571429,18.701616287231445,5015
NO3_misfit,year,A,-122.4280014,47.7439995,3.305794307163783,6.5902357,5.4095383,14.357142857142858,17.66293716430664,5016
NO3_misfit,year,A,-122.4280014,47.7439995,8.254903793334961,6.120762,5.1720343,3.75,12.004903793334961,5017
NO3_misfit,year,A,-122.4280014,47.7439995,-0.027917316981724838,0.6386422,2.3986633,31.357142857142858,31.329225540161133,5018
NO3_misfit,year,A,-122.4280014,47.7439995,-0.6276220594133655,-0.13714753,2.0061958,31.357142857142858,30.729520797729492,5019
NO3_misfit,year,A,-122.4280014,47.7439995,-0.5845435006277917,-0.37771928,1.884492,31.071428571428573,30.48688507080078,5020
NO3_misfit,year,A,-122.4280014,47.7439995,-0.5950469970703125,-0.37206486,1.8873526,31.0,30.404953002929688,5021
NO3_misfit,year,A,-122.4280014,47.7439995,-0.3591183253696997,-0.36385417,1.8915063,30.714285714285715,30.355167388916016,5022
NO3_misfit,year,A,-122.4280014,47.7439995,-0.7096432277134497,-0.6557564,1.7438347,30.714285714285715,30.004642486572266,5023
NO3_misfit,year,A,-122.4280014,47.7439995,-0.46548570905412845,-0.31667298,1.915375,30.785714285714285,30.320228576660156,5024
NO3_misfit,year,A,-122.4280014,47.7439995,10.597642353602819,9.175877,6.717598,2.642857142857143,13.240499496459961,5025
NO3_misfit,year,A,-122.4280014,47.7439995,11.328970636640276,9.628908,6.946784,1.0714285714285714,12.400399208068848,5026
NO3_misfit,year,A,-122.4280014,47.7439995,10.240471976143972,8.514662,6.383094,18.714285714285715,28.954757690429688,5027
NO3_misfit,year,A,-122.4280014,47.7439995,9.690967559814453,7.9724307,6.108783,18.0,27.690967559814453,5028
NO3_misfit,year,A,-122.4280014,47.7439995,8.330157688685826,7.7038608,5.9729147,18.642857142857142,26.97301483154297,5029
NO3_misfit,year,A,-122.4280014,47.7439995,9.724668502807617,8.471331,6.3611727,17.0,26.724668502807617,5030
NO3_misfit,year,A,-122.4280014,47.7439995,10.082922254289901,8.233023,6.240614,16.928571428571427,27.011493682861328,5031
NO3_misfit,year,A,-122.4280014,47.7439995,9.421950204031805,8.327078,6.2881966,16.28571428571429,25.707664489746094,5032
NO3_misfit,year,A,-122.4280014,47.7439995,4.1342748914446155,5.341003,4.7775593,15.142857142857142,19.277132034301758,5033
NO3_misfit,year,A,-122.4280014,47.7439995,5.584397452218193,6.0351324,5.128715,15.214285714285714,20.798683166503906,5034
NO3_misfit,year,A,-122.4280014,47.7439995,3.6688412257603247,4.9837604,4.5968323,22.285714285714285,25.95455551147461,5035
NO3_misfit,year,A,-122.4280014,47.7439995,5.238473347255162,4.474069,4.3389826,20.642857142857142,25.881330490112305,5036
NO3_misfit,year,A,-122.4280014,47.7439995,5.142403193882533,4.347449,4.274926,20.857142857142858,25.99954605102539,5037
NO3_misfit,year,A,-122.4280014,47.7439995,5.1459339686802466,5.1938796,4.7031302,20.785714285714285,25.93164825439453,5038
NO3_misfit,year,A,-122.4280014,47.7439995,5.475099836077007,5.9075384,5.064166,19.92857142857143,25.403671264648438,5039
NO3_misfit,year,A,-122.4280014,47.7439995,6.7748789106096545,6.4655795,5.3464756,17.142857142857142,23.917736053466797,5040
NO3_misfit,year,A,-122.4280014,47.7439995,3.7247184480939586,2.9674277,3.5767817,5.057142857142858,8.781861305236816,5041
NO3_misfit,year,A,-122.4280014,47.7439995,4.253251211983816,5.6815996,4.949865,8.214285714285715,12.467536926269531,5042
NO3_misfit,year,A,-122.4280014,47.7439995,6.833920615059988,5.4871407,4.851489,21.214285714285715,28.048206329345703,5043
NO3_misfit,year,A,-122.4280014,47.7439995,6.762492043631418,5.4871407,4.851489,21.285714285714285,28.048206329345703,5044
NO3_misfit,year,A,-122.4280014,47.7439995,4.951828547886439,6.1039886,5.163549,21.857142857142858,26.808971405029297,5045
NO3_misfit,year,A,-122.4280014,47.7439995,4.765285491943359,5.5122075,4.86417,20.5,25.26528549194336,5046
NO3_misfit,year,A,-122.4280014,47.7439995,6.138685771397181,6.1069355,5.16504,18.857142857142858,24.99582862854004,5047
NO3_misfit,year,A,-122.4280014,47.7439995,6.1129597255161805,6.287166,5.256217,18.28571428571429,24.39867401123047,5048
NO3_misfit,year,A,-122.4280014,47.7439995,5.96891975402832,6.9516335,5.592367,16.0,21.96891975402832,5049
NO3_misfit,year,A,-122.4280014,47.7439995,3.783846923283168,0.41218236,2.2840986,1.8571428571428572,5.640989780426025,5050
NO3_misfit,year,A,-122.4280014,47.7439995,1.7580500330243791,-1.4522529,1.3408921,1.3571428571428572,3.1151928901672363,5051
NO3_misfit,year,A,-122.4280014,47.7439995,13.540738242013113,6.7120605,5.4711685,1.7142857142857144,15.255023956298828,5052
NO3_misfit,year,A,-122.4280014,47.7439995,17.644630977085658,7.935338,6.0900173,2.357142857142857,20.001773834228516,5053
NO3_misfit,year,A,-122.4280014,47.7439995,-4.534495217459543,-4.54079,-0.22158027,30.214285714285715,25.679790496826172,5054
NO3_misfit,year,A,-122.4280014,47.7439995,-4.703845160348074,-4.924027,-0.4154575,30.285714285714285,25.58186912536621,5055
NO3_misfit,year,A,-122.4280014,47.7439995,-4.94589696611677,-5.372297,-0.64223456,30.714285714285715,25.768388748168945,5056
NO3_misfit,year,A,-122.4280014,47.7439995,-5.184983662196569,-4.960916,-0.43411946,31.357142857142858,26.17215919494629,5057
NO3_misfit,year,A,-122.4280014,47.7439995,-5.1086300441197,-5.1120095,-0.5105567,31.214285714285715,26.105655670166016,5058
NO3_misfit,year,A,-122.4280014,47.7439995,-4.92372785295759,-4.72979,-0.31719422,31.214285714285715,26.290557861328125,5059
NO3_misfit,year,A,-122.4280014,47.7439995,-3.6446456909179688,-3.8145776,0.14580631,30.0,26.35535430908203,5060
NO3_misfit,year,A,-122.4280014,47.7439995,4.294435501098633,3.6329076,3.913444,26.5,30.794435501098633,5061
NO3_misfit,year,A,-122.4280014,47.7439995,2.352073124476842,2.2366862,3.207104,26.142857142857142,28.494930267333984,5062
NO3_misfit,year,A,-122.4280014,47.7439995,2.024717875889369,1.9842838,3.079415,25.357142857142858,27.381860733032227,5063
NO3_misfit,year,A,-122.4280014,47.7439995,1.8864479064941406,2.1029568,3.139451,25.0,26.88644790649414,5064
NO3_misfit,year,A,-122.4280014,47.7439995,2.01465470450265,2.0897698,3.1327798,25.357142857142858,27.371797561645508,5065
NO3_misfit,year,A,-122.4280014,47.7439995,2.826395034790039,1.664471,2.9176238,23.0,25.82639503479004,5066
NO3_misfit,year,A,-122.4280014,47.7439995,0.3059817722865503,-0.12719636,2.01123,21.714285714285715,22.020267486572266,5067
NO3_misfit,year,A,-122.4280014,47.7439995,0.14581571306501218,-1.0323681,1.5533092,21.285714285714285,21.431529998779297,5068
NO3_misfit,year,A,-122.3980026,47.5247993,-4.467132568359375,-4.458942,-0.18017387,31.0,26.532867431640625,5069
NO3_misfit,year,A,-122.3980026,47.5247993,-4.638441903250559,-4.676151,-0.29005837,31.214285714285715,26.575843811035156,5070
NO3_misfit,year,A,-122.3980026,47.5247993,7.935174942016602,7.6128716,5.9268837,17.0,24.9351749420166,5071
NO3_misfit,year,A,-122.3980026,47.5247993,-1.0756665638514917,2.649765,3.416078,16.785714285714285,15.710047721862793,5072
NO3_misfit,year,A,-122.3980026,47.5247993,4.458381925310409,1.3768232,2.7721045,21.428571428571427,25.886953353881836,5073
NO3_misfit,year,A,-122.3980026,47.5247993,2.45785358973912,0.92347485,2.5427582,20.428571428571427,22.886425018310547,5074
NO3_misfit,year,A,-122.3980026,47.5247993,-4.259378978184291,-4.2398205,-0.06932163,30.642857142857142,26.38347816467285,5075
NO3_misfit,year,A,-122.3980026,47.5247993,-4.102945872715541,-3.9410496,0.0818249,30.642857142857142,26.5399112701416,5076
NO3_misfit,year,A,-122.3980026,47.5247993,8.190544400896345,8.171462,6.2094707,14.928571428571429,23.119115829467773,5077
NO3_misfit,year,A,-122.3980026,47.5247993,0.17876447950090757,3.7972445,3.996581,14.714285714285714,14.893050193786621,5078
NO3_misfit,year,A,-122.3980026,47.5247993,0.388309206281388,1.2777901,2.7220042,28.571428571428573,28.95973777770996,5079
NO3_misfit,year,A,-122.3980026,47.5247993,0.30224391392298955,0.7036745,2.4315627,28.571428571428573,28.873672485351562,5080
NO3_misfit,year,A,-122.3980026,47.5247993,2.8983001708984375,4.679889,4.4431057,15.5,18.398300170898438,5081
NO3_misfit,year,A,-122.3980026,47.5247993,-9.355318886893137,-6.125941,-1.0234983,13.714285714285715,4.358966827392578,5082
NO3_misfit,year,A,-122.3980026,47.5247993,19.055633817400253,7.8407917,6.0421867,1.4285714285714286,20.48420524597168,5083
NO3_misfit,year,A,-122.3980026,47.5247993,0.012259483337402344,2.035935,3.105545,13.0,13.012259483337402,5085
NO3_misfit,year,A,-122.3980026,47.5247993,-3.4962421144757947,-1.8963268,1.1162378,11.142857142857142,7.646615028381348,5086
NO3_misfit,year,A,-122.3980026,47.5247993,-0.4223224094935816,0.02319466,2.087312,30.785714285714285,30.363391876220703,5087
NO3_misfit,year,A,-122.3980026,47.5247993,-0.6712861742292127,-0.54221255,1.801276,30.642857142857142,29.97157096862793,5088
NO3_misfit,year,A,-122.3980026,47.5247993,0.7384433746337891,1.6361369,2.9032898,25.0,25.73844337463379,5089
NO3_misfit,year,A,-122.3980026,47.5247993,0.035965510777064225,0.9690677,2.5658236,24.857142857142858,24.893108367919922,5090
NO3_misfit,year,A,-122.3980026,47.5247993,-4.224572317940847,-4.162651,-0.03028202,30.785714285714285,26.561141967773438,5091
NO3_misfit,year,A,-122.3980026,47.5247993,-3.7955409458705347,-3.6140773,0.24723816,30.285714285714285,26.49017333984375,5092
NO3_misfit,year,A,-122.4219971,47.5703011,0.4669737134660963,1.1753935,2.6702025,28.642857142857146,29.109830856323242,5093
NO3_misfit,year,A,-122.4219971,47.5703011,0.3889135633196119,1.2100673,2.6877437,28.642857142857146,29.031770706176758,5094
NO3_misfit,year,A,-122.4219971,47.5703011,0.42622375488280895,1.2646039,2.7153335,28.500000000000004,28.926223754882812,5095
NO3_misfit,year,A,-122.4219971,47.5703011,0.41532352992466315,0.6256556,2.3920934,28.42857142857143,28.843894958496094,5096
NO3_misfit,year,A,-122.4219971,47.5703011,-4.620356695992605,-4.954007,-0.43062425,30.785714285714285,26.16535758972168,5097
NO3_misfit,year,A,-122.4219971,47.5703011,-4.289976664951869,-4.6417847,-0.2726729,30.642857142857142,26.352880477905273,5098
NO3_misfit,year,A,-122.4219971,47.5703011,-5.154372896466938,-4.7819667,-0.34359002,31.42857142857143,26.274198532104492,5099
NO3_misfit,year,A,-122.4219971,47.5703011,-4.241983958653041,-4.2136545,-0.056084394,30.642857142857142,26.4008731842041,5100
NO3_misfit,year,A,-122.4219971,47.5703011,-0.4585279737200061,-0.07083264,2.0397441,30.857142857142858,30.39861488342285,5101
NO3_misfit,year,A,-122.4219971,47.5703011,-0.32991327558244876,-0.118067235,2.0158484,30.785714285714285,30.455801010131836,5102
NO3_misfit,year,A,-122.4219971,47.5703011,-0.38526998247419186,-0.17131537,1.9889106,30.714285714285715,30.329015731811523,5103
NO3_misfit,year,A,-122.4219971,47.5703011,-0.661725452968053,-0.2055657,1.9715835,30.857142857142858,30.195417404174805,5104
NO3_misfit,year,A,-122.4219971,47.5703011,6.22921289716448,6.2788835,5.252027,16.214285714285715,22.443498611450195,5105
NO3_misfit,year,A,-122.4219971,47.5703011,7.311868395124163,5.6611395,4.939514,13.071428571428571,20.383296966552734,5106
NO3_misfit,year,A,-122.4219971,47.5703011,7.42209952218192,5.2717333,4.742516,10.642857142857142,18.064956665039062,5107
NO3_misfit,year,A,-122.4219971,47.5703011,-4.613216945103236,-4.6377244,-0.27061868,31.142857142857142,26.529640197753906,5109
NO3_misfit,year,A,-122.4219971,47.5703011,-4.772826331002374,-4.757391,-0.3311572,31.28571428571429,26.512887954711914,5110
NO3_misfit,year,A,-122.4219971,47.5703011,-4.472400665283203,-4.481915,-0.19179559,31.0,26.527599334716797,5111
NO3_misfit,year,A,-122.4219971,47.5703011,-4.546085630144393,-4.3703,-0.1353302,31.071428571428573,26.52534294128418,5112
NO3_misfit,year,A,-122.4219971,47.5703011,-0.564011710030691,-0.49420327,1.8255635,26.785714285714285,26.221702575683594,5113
NO3_misfit,year,A,-122.4219971,47.5703011,-0.901868275233678,-1.1721433,1.4825978,27.357142857142858,26.45527458190918,5114
NO3_misfit,year,A,-122.4219971,47.5703011,0.4619680132184705,0.8220824,2.4914646,25.357142857142858,25.819110870361328,5115
NO3_misfit,year,A,-122.4219971,47.5703011,1.2299415043422144,1.7344253,2.9530132,21.714285714285715,22.94422721862793,5116
NO3_misfit,year,A,-122.4219971,47.5703011,9.208334514072963,7.816762,6.0300303,16.857142857142858,26.06547737121582,5117
NO3_misfit,year,A,-122.4219971,47.5703011,9.354180199759348,7.972453,6.108794,17.285714285714285,26.639894485473633,5118
NO3_misfit,year,A,-122.4219971,47.5703011,8.689110892159597,8.000513,6.1229887,16.714285714285715,25.403396606445312,5119
NO3_misfit,year,A,-122.4219971,47.5703011,6.8494276319231275,6.560066,5.3942757,16.642857142857146,23.492284774780273,5120
NO3_misfit,year,A,-122.4219971,47.5703011,6.815149852207728,6.1591682,5.191464,17.357142857142858,24.172292709350586,5121
NO3_misfit,year,A,-122.4219971,47.5703011,5.659230640956331,6.6969337,5.463516,16.642857142857146,22.302087783813477,5122
NO3_misfit,year,A,-122.4219971,47.5703011,6.351830346243723,6.2196045,5.2220383,16.785714285714285,23.137544631958008,5123
NO3_misfit,year,A,-122.4219971,47.5703011,-5.603949138096402,-2.1837766,0.97081864,13.642857142857144,8.038908004760742,5124
NO3_misfit,year,A,-122.4219971,47.5703011,1.4530628749302466,2.1503632,3.1634336,24.785714285714285,26.23877716064453,5125
NO3_misfit,year,A,-122.4219971,47.5703011,2.051667349679132,2.5003886,3.3405094,24.71428571428571,26.765953063964844,5126
NO3_misfit,year,A,-122.4219971,47.5703011,0.8357459477015929,1.5043898,2.8366396,24.71428571428571,25.550031661987305,5127
NO3_misfit,year,A,-122.4219971,47.5703011,0.1267457689557716,0.20671996,2.1801562,24.35714285714286,24.483888626098633,5128
NO3_misfit,year,A,-122.4219971,47.5703011,-4.443914685930526,-4.91329,-0.4100256,31.071428571428573,26.627513885498047,5129
NO3_misfit,year,A,-122.4219971,47.5703011,-4.186761038643972,-4.5623975,-0.23251128,30.785714285714285,26.598953247070312,5130
NO3_misfit,year,A,-122.4219971,47.5703011,-4.488498960222518,-4.6345253,-0.2690003,31.071428571428573,26.582929611206055,5131
NO3_misfit,year,A,-122.4219971,47.5703011,-3.8590158735002795,-3.5371308,0.28616488,30.357142857142858,26.498126983642578,5132
NO3_misfit,year,A,-122.4219971,47.5703011,7.36729621887207,5.642321,4.929994,18.5,25.86729621887207,5133
NO3_misfit,year,A,-122.4219971,47.5703011,6.812376022338867,6.564883,5.3967123,18.0,24.812376022338867,5134
NO3_misfit,year,A,-122.4219971,47.5703011,6.591946738106863,7.1230206,5.679071,16.714285714285715,23.306232452392578,5135
NO3_misfit,year,A,-122.4219971,47.5703011,9.446531568254743,7.720446,5.981305,15.428571428571429,24.875102996826172,5137
NO3_misfit,year,A,-122.4219971,47.5703011,9.701130730765206,7.9547186,6.099822,15.785714285714286,25.486845016479492,5138
NO3_misfit,year,A,-122.4219971,47.5703011,9.200257982526507,8.051759,6.1489143,15.071428571428571,24.271686553955078,5139
NO3_misfit,year,A,-122.4219971,47.5703011,7.932559422084264,6.5496316,5.388997,12.642857142857142,20.575416564941406,5140
NO3_misfit,year,A,-122.3880005,47.7126999,1.2988243103027344,2.0024018,3.088581,26.5,27.798824310302734,5141
NO3_misfit,year,A,-122.3880005,47.7126999,1.6521151406424401,1.8304158,3.0015743,25.428571428571427,27.080686569213867,5142
NO3_misfit,year,A,-122.3880005,47.7126999,1.2195167541503906,2.188529,3.1827416,25.5,26.71951675415039,5143
NO3_misfit,year,A,-122.3880005,47.7126999,1.5523697989327587,1.5234882,2.8463016,24.57142857142857,26.123798370361328,5144
NO3_misfit,year,A,-122.3880005,47.7126999,-0.9297041211809436,-0.51519907,1.8149419,23.357142857142858,22.427438735961914,5145
NO3_misfit,year,A,-122.3880005,47.7126999,5.245448521205358,4.4347076,4.31907,20.642857142857142,25.8883056640625,5146
NO3_misfit,year,A,-122.3880005,47.7126999,5.760117122105186,4.936235,4.572789,19.85714285714286,25.617259979248047,5147
NO3_misfit,year,A,-122.3880005,47.7126999,7.516537802559988,5.736328,4.9775515,17.714285714285715,25.230823516845703,5148
NO3_misfit,year,A,-122.3880005,47.7126999,7.86190741402762,6.9925275,5.613055,16.642857142857146,24.504764556884766,5149
NO3_misfit,year,A,-122.3880005,47.7126999,3.9613653182983395,3.5876186,3.8905325,6.65,10.61136531829834,5150
NO3_misfit,year,A,-122.3880005,47.7126999,4.752852848597936,5.400514,4.8076653,20.642857142857142,25.395709991455078,5151
NO3_misfit,year,A,-122.3880005,47.7126999,6.650128500802175,5.984667,5.1031847,18.214285714285715,24.86441421508789,5152
NO3_misfit,year,A,-122.3880005,47.7126999,7.511742728097097,6.222687,5.2235975,16.714285714285715,24.226028442382812,5153
NO3_misfit,year,A,-122.3880005,47.7126999,8.438048771449498,6.6575346,5.4435844,14.642857142857142,23.08090591430664,5154
NO3_misfit,year,A,-122.3880005,47.7126999,-6.492209127971105,-5.1808963,-0.5454061,9.857142857142858,3.364933729171753,5155
NO3_misfit,year,A,-122.3880005,47.7126999,0.8543308803013367,1.1406038,2.6526024,27.78571428571429,28.640045166015625,5156
NO3_misfit,year,A,-122.3880005,47.7126999,1.0869715554373585,0.769114,2.464668,27.92857142857143,29.01554298400879,5157
NO3_misfit,year,A,-122.3880005,47.7126999,0.6824735913957838,0.81202954,2.4863787,27.642857142857146,28.32533073425293,5158
NO3_misfit,year,A,-122.3880005,47.7126999,0.8333639417375807,0.8178784,2.4893377,27.642857142857146,28.476221084594727,5159
NO3_misfit,year,A,-122.3880005,47.7126999,0.22195216587611455,-0.3968388,1.8748196,27.571428571428573,27.793380737304688,5160
NO3_misfit,year,A,-122.3880005,47.7126999,9.060058048793248,7.3440895,5.7909083,18.142857142857142,27.20291519165039,5161
NO3_misfit,year,A,-122.3880005,47.7126999,9.280538558959961,7.993493,6.119438,17.0,26.28053855895996,5162
NO3_misfit,year,A,-122.3880005,47.7126999,9.362745829990931,7.876984,6.0604963,17.357142857142858,26.71988868713379,5163
NO3_misfit,year,A,-122.3880005,47.7126999,9.420493262154714,7.701668,5.971805,15.714285714285715,25.13477897644043,5164
NO3_misfit,year,A,-122.3880005,47.7126999,4.521907261439733,4.57051,4.3877716,15.142857142857142,19.664764404296875,5165
NO3_misfit,year,A,-122.3880005,47.7126999,4.381524222237722,5.249669,4.7313538,21.214285714285715,25.595809936523438,5166
NO3_misfit,year,A,-122.3880005,47.7126999,4.019191741943356,5.991534,5.106659,20.000000000000004,24.01919174194336,5167
NO3_misfit,year,A,-122.3880005,47.7126999,9.270119530814034,5.845405,5.032733,10.785714285714286,20.05583381652832,5168
NO3_misfit,year,A,-122.3880005,47.7126999,7.435969761439733,6.299347,5.2623796,15.142857142857142,22.578826904296875,5169
NO3_misfit,year,A,-122.3880005,47.7126999,4.120838301522392,2.923171,3.5543923,8.714285714285714,12.835124015808105,5170
NO3_misfit,year,A,-122.3880005,47.7126999,-4.768501554216659,-5.2580204,-0.5844228,31.071428571428573,26.302927017211914,5171
NO3_misfit,year,A,-122.3880005,47.7126999,-4.254910060337611,-5.013192,-0.46056557,30.642857142857142,26.38794708251953,5172
NO3_misfit,year,A,-122.3880005,47.7126999,-4.197966166904994,-4.8824425,-0.39442015,30.642857142857142,26.44489097595215,5173
NO3_misfit,year,A,-122.3880005,47.7126999,-4.155782972063339,-4.6381235,-0.27082062,30.571428571428573,26.415645599365234,5174
NO3_misfit,year,A,-122.3880005,47.7126999,-4.315107345581055,-3.5274956,0.29103935,30.5,26.184892654418945,5175
NO3_misfit,year,A,-122.3880005,47.7126999,-0.328974860055105,-0.40056485,1.8729346,30.785714285714285,30.45673942565918,5176
NO3_misfit,year,A,-122.3880005,47.7126999,-0.6792580740792431,-0.5536683,1.7954805,30.92857142857143,30.249313354492188,5177
NO3_misfit,year,A,-122.3880005,47.7126999,-0.6751651763916016,-0.3717068,1.8875338,31.0,30.3248348236084,5178
NO3_misfit,year,A,-122.3880005,47.7126999,-0.6686052594866077,-0.3523453,1.8973286,30.857142857142858,30.18853759765625,5179
NO3_misfit,year,A,-122.3880005,47.7126999,-0.3441540854317786,-0.9289037,1.6056513,30.428571428571427,30.08441734313965,5180
NO3_misfit,year,A,-122.3880005,47.7126999,-5.760951723371235,-5.4636693,-0.68845916,31.42857142857143,25.667619705200195,5181
NO3_misfit,year,A,-122.3880005,47.7126999,-5.765053885323663,-5.270951,-0.5909641,31.78571428571429,26.020660400390625,5182
NO3_misfit,year,A,-122.3880005,47.7126999,-5.3954797472272595,-5.032423,-0.47029448,31.642857142857142,26.247377395629883,5183
NO3_misfit,year,A,-122.3880005,47.7126999,-5.037784576416016,-4.723404,-0.3139634,31.5,26.462215423583984,5184
NO3_misfit,year,A,-122.3880005,47.7126999,-3.984769003731863,-3.5949092,0.25693512,30.785714285714285,26.800945281982422,5185
NO3_misfit,year,A,-122.3880005,47.7126999,-5.535371507917134,-5.4955406,-0.7045827,31.42857142857143,25.893199920654297,5186
NO3_misfit,year,A,-122.3880005,47.7126999,-5.151141575404576,-5.277414,-0.59423375,31.357142857142858,26.20600128173828,5187
NO3_misfit,year,A,-122.3880005,47.7126999,-5.191234588623047,-4.965037,-0.4362042,31.5,26.308765411376953,5188
NO3_misfit,year,A,-122.3880005,47.7126999,-5.025901249476842,-4.9013925,-0.40400672,31.357142857142858,26.331241607666016,5189
NO3_misfit,year,A,-122.3880005,47.7126999,-4.347567694527761,-4.058859,0.022225857,30.785714285714285,26.438146591186523,5190
NO3_misfit,year,A,-122.3880005,47.7126999,6.427335739135739,6.692462,5.461254,19.500000000000004,25.927335739135742,5191
NO3_misfit,year,A,-122.3880005,47.7126999,8.83455739702497,7.6153893,5.9281573,16.28571428571429,25.120271682739258,5192
NO3_misfit,year,A,-122.3880005,47.7126999,7.250088827950613,7.1891956,5.7125483,18.214285714285715,25.464374542236328,5193
NO3_misfit,year,A,-122.3880005,47.7126999,9.34758540562221,7.5392704,5.8896494,15.071428571428571,24.41901397705078,5194
NO3_misfit,year,A,-122.3880005,47.7126999,8.73746245247977,5.806253,5.012926,12.142857142857144,20.880319595336914,5195
NO3_misfit,year,A,-122.3880005,47.7126999,-2.442264556884769,-2.2725646,0.9259013,29.000000000000004,26.557735443115234,5196
NO3_misfit,year,A,-122.3880005,47.7126999,-1.694786616734099,-1.8886776,1.1201074,28.142857142857146,26.448070526123047,5197
NO3_misfit,year,A,-122.3880005,47.7126999,2.3292661394391736,0.79174197,2.4761155,23.357142857142858,25.68640899658203,5198
NO3_misfit,year,A,-122.3880005,47.7126999,0.42535645621163454,-1.1701915,1.4835851,25.857142857142858,26.282499313354492,5199
NO3_misfit,year,A,-122.3880005,47.7126999,7.347418103899274,1.1596239,2.6622248,12.928571428571429,20.275989532470703,5200
NO3_misfit,year,A,-122.4469986,47.6605988,-5.2287409646170495,-5.105387,-0.50720644,31.571428571428573,26.342687606811523,5201
NO3_misfit,year,A,-122.4469986,47.6605988,-4.4824850899832605,-4.7551126,-0.3300047,31.071428571428573,26.588943481445312,5202
NO3_misfit,year,A,-122.4469986,47.6605988,-4.720154626028879,-4.930887,-0.4189279,31.214285714285715,26.494131088256836,5203
NO3_misfit,year,A,-122.4469986,47.6605988,-4.368135179792134,-4.5983644,-0.25070667,30.92857142857143,26.560436248779297,5204
NO3_misfit,year,A,-122.4469986,47.6605988,-4.172802788870676,-3.5730503,0.26799345,30.714285714285715,26.54148292541504,5205
NO3_misfit,year,A,-122.4469986,47.6605988,-2.272521155221124,-2.1673896,0.9791087,28.78571428571429,26.513193130493164,5206
NO3_misfit,year,A,-122.4469986,47.6605988,0.20646749223981686,-1.35388,1.3906583,26.285714285714285,26.4921817779541,5207
NO3_misfit,year,A,-122.4469986,47.6605988,-0.9625323159354089,-2.0180614,1.0546529,27.571428571428573,26.608896255493164,5208
NO3_misfit,year,A,-122.4469986,47.6605988,0.8670836857386988,0.24037156,2.1971805,25.214285714285715,26.081369400024414,5209
NO3_misfit,year,A,-122.4469986,47.6605988,4.057660784040177,3.2583232,3.723944,16.071428571428573,20.12908935546875,5210
NO3_misfit,year,A,-122.4469986,47.6605988,4.267571313040598,4.630313,4.418025,22.285714285714285,26.553285598754883,5211
NO3_misfit,year,A,-122.4469986,47.6605988,4.093081338065012,5.1342974,4.672988,22.285714285714285,26.378795623779297,5212
NO3_misfit,year,A,-122.4469986,47.6605988,6.9412514822823645,5.8443656,5.0322075,18.571428571428573,25.512680053710938,5213
NO3_misfit,year,A,-122.4469986,47.6605988,7.654687064034599,6.197545,5.2108784,15.214285714285714,22.868972778320312,5214
NO3_misfit,year,A,-122.4469986,47.6605988,5.196491840907505,2.9000022,3.5426717,3.692857142857143,8.889348983764648,5215
NO3_misfit,year,A,-122.4469986,47.6605988,-0.624010631016322,-0.27124813,1.9383552,31.142857142857142,30.51884651184082,5216
NO3_misfit,year,A,-122.4469986,47.6605988,-0.5867898123604931,-0.4118488,1.8672261,30.92857142857143,30.341781616210938,5217
NO3_misfit,year,A,-122.4469986,47.6605988,-0.7589481898716528,-0.0070033493,2.072035,31.214285714285715,30.455337524414062,5218
NO3_misfit,year,A,-122.4469986,47.6605988,-1.2793617248535156,-0.45341408,1.8461986,31.5,30.220638275146484,5219
NO3_misfit,year,A,-122.4469986,47.6605988,-0.8777315957205651,-0.9521633,1.5938843,31.071428571428573,30.193696975708008,5220
NO3_misfit,year,A,-122.4469986,47.6605988,8.336450576782227,8.064389,6.155304,19.0,27.336450576782227,5221
NO3_misfit,year,A,-122.4469986,47.6605988,9.771771294730051,8.396422,6.3232775,17.285714285714285,27.057485580444336,5222
NO3_misfit,year,A,-122.4469986,47.6605988,9.039777483258927,8.418048,6.334217,16.571428571428573,25.6112060546875,5223
NO3_misfit,year,A,-122.4469986,47.6605988,9.766145706176758,8.615839,6.4342785,17.0,26.766145706176758,5224
NO3_misfit,year,A,-122.4469986,47.6605988,5.1145477294921875,6.0013537,5.1116266,16.0,21.114547729492188,5225
NO3_misfit,year,A,-122.4469986,47.6605988,3.953120095389231,5.632498,4.9250245,21.785714285714285,25.738834381103516,5226
NO3_misfit,year,A,-122.4469986,47.6605988,4.7646359034947,6.0932913,5.1581373,20.285714285714285,25.050350189208984,5227
NO3_misfit,year,A,-122.4469986,47.6605988,6.866182327270508,6.3909802,5.308736,17.5,24.366182327270508,5228
NO3_misfit,year,A,-122.4469986,47.6605988,7.533849988664899,7.1276736,5.681425,14.928571428571429,22.462421417236328,5229
NO3_misfit,year,A,-122.4469986,47.6605988,-9.291565077645439,-3.449452,0.3305211,13.285714285714286,3.9941492080688477,5230
NO3_misfit,year,A,-122.4469986,47.6605988,4.4617075238909045,5.574275,4.89557,20.642857142857142,25.104564666748047,5231
NO3_misfit,year,A,-122.4469986,47.6605988,7.124059404645646,6.113111,5.168164,17.071428571428573,24.19548797607422,5232
NO3_misfit,year,A,-122.4469986,47.6605988,3.2056268964494983,5.519712,4.8679667,15.142857142857142,18.34848403930664,5233
NO3_misfit,year,A,-122.4469986,47.6605988,6.083562305995397,6.3983917,5.3124857,16.142857142857142,22.22641944885254,5234
NO3_misfit,year,A,-122.4469986,47.6605988,6.063500022888183,4.048071,4.123472,3.9000000000000004,9.963500022888184,5235
NO3_misfit,year,A,-122.4469986,47.6605988,-5.875407082693918,-5.390828,-0.6516094,31.714285714285715,25.838878631591797,5236
NO3_misfit,year,A,-122.4469986,47.6605988,-5.016798564365931,-5.1631327,-0.53641963,31.142857142857142,26.12605857849121,5237
NO3_misfit,year,A,-122.4469986,47.6605988,-4.982016699654718,-4.857745,-0.38192582,31.28571428571429,26.30369758605957,5238
NO3_misfit,year,A,-122.4469986,47.6605988,-5.590672901698522,-4.987499,-0.4475677,31.857142857142858,26.266469955444336,5239
NO3_misfit,year,A,-122.4469986,47.6605988,-5.11232648577009,-4.370058,-0.13520789,31.714285714285715,26.601959228515625,5240
NO3_misfit,year,A,-122.4469986,47.6605988,2.0876037052699488,2.0057914,3.0902958,25.214285714285715,27.301889419555664,5241
NO3_misfit,year,A,-122.4469986,47.6605988,2.5528921399797717,2.7467065,3.4651203,24.642857142857142,27.195749282836914,5242
NO3_misfit,year,A,-122.4469986,47.6605988,2.8692956651960095,1.7729783,2.972517,22.857142857142858,25.726438522338867,5243
NO3_misfit,year,A,-122.4469986,47.6605988,2.662432261875697,2.4437568,3.3118596,23.857142857142858,26.519575119018555,5244
NO3_misfit,year,A,-122.4469986,47.6605988,-0.785352161952428,-0.4521042,1.8468612,22.857142857142858,22.07179069519043,5245
NO3_misfit,year,A,-122.4469986,47.6605988,1.0160339900425477,0.7104401,2.4349854,27.78571428571429,28.801748275756836,5246
NO3_misfit,year,A,-122.4469986,47.6605988,1.073926653180802,0.9986044,2.580766,27.571428571428573,28.645355224609375,5247
NO3_misfit,year,A,-122.4469986,47.6605988,0.8222160339355433,1.4285576,2.7982767,28.000000000000004,28.822216033935547,5248
NO3_misfit,year,A,-122.4469986,47.6605988,0.9645325796944739,0.98261315,2.572676,27.571428571428573,28.535961151123047,5249
NO3_misfit,year,A,-122.4469986,47.6605988,0.9730745043073377,0.098631196,2.125475,27.357142857142858,28.330217361450195,5250
NO3_misfit,year,A,-122.4469986,47.6605988,-5.431231362479075,-5.43495,-0.67393017,31.214285714285715,25.78305435180664,5251
NO3_misfit,year,A,-122.4469986,47.6605988,-4.714862823486328,-5.1079817,-0.50851893,31.0,26.285137176513672,5252
NO3_misfit,year,A,-122.4469986,47.6605988,-4.752325875418528,-4.818753,-0.36219978,31.214285714285715,26.461959838867188,5253
NO3_misfit,year,A,-122.4469986,47.6605988,-4.63337734767369,-4.9292917,-0.41812086,31.071428571428573,26.438051223754883,5254
NO3_misfit,year,A,-122.4469986,47.6605988,-4.557632173810688,-3.6364393,0.23592532,31.42857142857143,26.870939254760742,5255
NO3_misfit,year,A,-122.4469986,47.6605988,5.762904030936102,6.881608,5.556942,19.78571428571429,25.54861831665039,5256
NO3_misfit,year,A,-122.4469986,47.6605988,7.785958153860911,7.8999176,6.0720987,17.785714285714285,25.571672439575195,5257
NO3_misfit,year,A,-122.4469986,47.6605988,7.5242721012660425,7.4772267,5.858262,18.214285714285715,25.738557815551758,5258
NO3_misfit,year,A,-122.4469986,47.6605988,6.735570362636022,7.814634,6.028954,17.642857142857142,24.378427505493164,5259
NO3_misfit,year,A,-122.4469986,47.6605988,4.757736478533063,5.7269406,4.9728026,15.428571428571429,20.186307907104492,5260
NO3_misfit,year,A,-122.45722,47.376111,9.547013909476144,9.261033,6.7606783,3.7357142857142858,13.28272819519043,5263
NO3_misfit,year,A,-122.45722,47.376111,9.731190545218332,12.063906,8.178635,12.785714285714285,22.516904830932617,5265
NO3_misfit,year,A,-122.45722,47.376111,11.346842547825403,11.214164,7.7487555,3.1571428571428575,14.503985404968262,5268
NO3_misfit,year,A,-122.45722,47.376111,1.1290231432233497,7.465841,5.852502,19.85714285714286,20.98616600036621,5270
NO3_misfit,year,A,-122.45722,47.376111,1.2421648842947839,0.20703134,2.1803138,25.928571428571427,27.17073631286621,5272
NO3_misfit,year,A,-122.45722,47.376111,-1.059240613664901,-1.7383776,1.1961433,27.571428571428573,26.512187957763672,5273
NO3_misfit,year,A,-122.45722,47.376111,0.9871477399553577,3.0065153,3.5965557,22.142857142857142,23.1300048828125,5274
NO3_misfit,year,A,-122.45722,47.376111,0.3201702662876684,-0.9179518,1.6111917,26.285714285714285,26.605884552001953,5276
NO3_misfit,year,A,-122.45722,47.376111,7.477259227207728,1.6128495,2.8915088,19.357142857142858,26.834402084350586,5277
NO3_misfit,year,A,-122.45722,47.376111,0.11375454493931514,1.646723,2.9086452,29.928571428571427,30.042325973510742,5278
NO3_misfit,year,A,-122.45722,47.376111,0.3699477059500538,1.8026791,2.9875424,28.92857142857143,29.298519134521484,5279
NO3_misfit,year,A,-122.45722,47.376111,1.9197769165039062,3.3613546,3.7760668,26.5,28.419776916503906,5282
NO3_misfit,year,A,-122.45722,47.376111,2.0913505554199183,2.5968966,3.3893323,24.500000000000004,26.591350555419922,5283
NO3_misfit,year,A,-122.45722,47.376111,2.5394690377371667,4.9788156,4.594331,20.928571428571427,23.468040466308594,5284
NO3_misfit,year,A,-122.45722,47.376111,1.3005387442452552,4.8691773,4.538865,19.571428571428573,20.871967315673828,5286
NO3_misfit,year,A,-122.45722,47.376111,12.584762709481375,11.342244,7.813551,2.7142857142857144,15.29904842376709,5289
NO3_misfit,year,A,-122.45722,47.376111,12.779958997453962,13.391371,8.850191,9.428571428571429,22.20853042602539,5290
NO3_misfit,year,A,-122.45722,47.376111,10.17721176147461,10.254927,7.263483,1.0,11.17721176147461,5292
NO3_misfit,year,A,-122.45722,47.376111,4.676819120134624,5.1260004,4.668791,19.92857142857143,24.605390548706055,5295
NO3_misfit,year,A,-122.45722,47.376111,0.3206283705575126,0.19564548,2.1745539,1.0714285714285714,1.392056941986084,5299
NO3_misfit,year,A,-122.45722,47.376111,-0.2593804904392796,2.4677477,3.3239965,4.514285714285715,4.2549052238464355,5301
NO3_misfit,year,A,-122.45722,47.376111,-0.22466500316347393,-0.3324868,1.9073749,0.7857142857142857,0.5610492825508118,5302
NO3_misfit,year,A,-122.45722,47.376111,-2.0752152034214575,-1.8586237,1.1353115,28.714285714285715,26.639070510864258,5304
NO3_misfit,year,A,-122.45722,47.376111,-3.434911455426896,-1.2730156,1.4315671,30.428571428571427,26.99365997314453,5305
NO3_misfit,year,A,-122.45722,47.376111,13.996610913957868,2.9729998,3.5796006,12.928571428571429,26.925182342529297,5307
NO3_misfit,year,A,-122.3509979,47.5695,-3.1492026192801355,-1.8969765,1.1159091,24.071428571428573,20.922225952148438,5310
NO3_misfit,year,A,-122.3509979,47.5695,-1.1192406245640356,0.18626787,2.1698098,25.714285714285715,24.59504508972168,5311
NO3_misfit,year,A,-122.3509979,47.5695,-0.29925509861537236,0.48375347,2.3203058,24.928571428571427,24.629316329956055,5312
NO3_misfit,year,A,-122.3509979,47.5695,-3.5127797807965955,-1.8613249,1.133945,26.142857142857142,22.630077362060547,5313
NO3_misfit,year,A,-122.3509979,47.5695,0.5210072653634192,0.7614755,2.4608037,27.571428571428573,28.092435836791992,5314
NO3_misfit,year,A,-122.3509979,47.5695,-0.8438946860177197,0.010667697,2.0809746,28.92857142857143,28.08467674255371,5315
NO3_misfit,year,A,-122.3509979,47.5695,-0.11791065761021358,-0.27721775,1.9353352,30.071428571428573,29.95351791381836,5316
NO3_misfit,year,A,-122.3509979,47.5695,-0.3353887285505017,-0.7015805,1.7206526,30.642857142857142,30.30746841430664,5317
NO3_misfit,year,A,-122.3509979,47.5695,0.2698753901890356,-0.04308544,2.0537813,14.785714285714285,15.05558967590332,5318
NO3_misfit,year,A,-122.3509979,47.5695,-10.719279629843577,-11.10065,-3.5401738,15.714285714285715,4.995006084442139,5319
NO3_misfit,year,A,-122.3509979,47.5695,7.182053702218191,6.713202,5.4717464,16.214285714285715,23.396339416503906,5320
NO3_misfit,year,A,-122.3509979,47.5695,2.0718026842389783,2.5624623,3.371912,16.857142857142858,18.928945541381836,5321
NO3_misfit,year,A,-122.3509979,47.5695,7.185194287981304,6.3846297,5.3055234,16.42857142857143,23.613765716552734,5322
NO3_misfit,year,A,-122.3509979,47.5695,2.680273873465403,2.4427464,3.3113484,17.785714285714285,20.465988159179688,5323
NO3_misfit,year,A,-122.3509979,47.5695,-4.537978853498188,-4.287666,-0.093526125,30.92857142857143,26.390592575073242,5324
NO3_misfit,year,A,-122.3509979,47.5695,-3.687071119035995,-3.223284,0.44493806,30.571428571428573,26.884357452392578,5325
NO3_misfit,year,A,-122.3509979,47.5695,-3.774939673287527,-4.3112617,-0.10546327,30.285714285714285,26.510774612426758,5326
NO3_misfit,year,A,-122.3509979,47.5695,8.844198226928711,-1.2315394,1.4525497,18.0,26.84419822692871,5327
NO3_misfit,year,A,-122.3509979,47.5695,-5.07444953918457,-4.4336615,-0.16738462,31.5,26.42555046081543,5328
NO3_misfit,year,A,-122.3509979,47.5695,-5.8015733446393725,-3.740253,0.18340659,32.642857142857146,26.841283798217773,5329
NO3_misfit,year,A,-122.3509979,47.5695,-2.069596426827566,0.19689208,2.1751845,14.785714285714285,12.716117858886719,5330
NO3_misfit,year,A,-122.3509979,47.5695,-9.536752462387085,-10.158167,-3.0633771,13.0,3.463247537612915,5331
NO3_misfit,year,A,-122.3509979,47.5695,6.483618327549525,6.821703,5.526636,13.357142857142858,19.840761184692383,5332
NO3_misfit,year,A,-122.3509979,47.5695,-4.169738633292063,-6.076476,-0.9984746,14.214285714285715,10.044547080993652,5333
NO3_misfit,year,A,-122.296435,47.51108,-6.270691735403876,-3.7268252,0.19019961,29.21428571428571,22.943593978881836,5334
NO3_misfit,year,A,-122.296435,47.51108,-5.442440986633301,-4.8214245,-0.36355138,20.5,15.0575590133667,5335
NO3_misfit,year,A,-122.296435,47.51108,-8.074038369315012,-11.110855,-3.5453365,17.714285714285715,9.640247344970703,5336
NO3_misfit,year,A,-122.296435,47.51108,-9.3124019077846,-5.5637617,-0.73909545,27.78571428571429,18.473312377929688,5337
NO3_misfit,year,A,-122.296435,47.51108,5.835135051182338,3.1368508,3.6624918,23.357142857142858,29.192277908325195,5338
NO3_misfit,year,A,-122.296435,47.51108,8.02442114693778,7.4565372,5.847795,20.142857142857142,28.167278289794922,5339
NO3_misfit,year,A,-122.296435,47.51108,5.895377022879465,5.0653796,4.6381226,26.285714285714285,32.18109130859375,5340
NO3_misfit,year,A,-122.296435,47.51108,4.616398947579523,1.1264415,2.645438,29.21428571428571,33.830684661865234,5341
NO3_misfit,year,A,-122.296435,47.51108,-9.696811131068635,-4.244729,-0.07180476,42.357142857142854,32.66033172607422,5342
NO3_misfit,year,A,-122.296435,47.51108,-3.409476961408341,-2.0071778,1.0601588,24.928571428571427,21.519094467163086,5343
NO3_misfit,year,A,-122.296435,47.51108,-18.46072827066694,-18.32012,-7.19246,21.714285714285715,3.2535574436187744,5344
NO3_misfit,year,A,-122.296435,47.51108,-6.934291975838796,-4.697924,-0.3010733,21.285714285714285,14.351422309875488,5345
NO3_misfit,year,A,-122.314003,47.5293999,-5.032193865094868,-4.025214,0.03924656,31.92857142857143,26.896377563476562,5346
NO3_misfit,year,A,-122.314003,47.5293999,-6.868361064365935,-4.195014,-0.046654224,38.142857142857146,31.27449607849121,5347
NO3_misfit,year,A,-122.314003,47.5293999,-1.0258861269269666,-1.8815247,1.123726,16.142857142857142,15.116971015930176,5348
NO3_misfit,year,A,-122.314003,47.5293999,-0.1379495348249158,1.800763,2.9865732,17.142857142857142,17.004907608032227,5349
NO3_misfit,year,A,-122.314003,47.5293999,4.114213671003068,4.180303,4.1903677,17.071428571428573,21.18564224243164,5350
NO3_misfit,year,A,-122.314003,47.5293999,-0.8482976640973803,-1.1137305,1.5121484,19.642857142857146,18.794559478759766,5351
NO3_misfit,year,A,-122.314003,47.5293999,-1.7267567770821692,-0.8413084,1.6499652,25.428571428571427,23.701814651489258,5352
NO3_misfit,year,A,-122.314003,47.5293999,-6.133302688598636,-3.1246133,0.49485505,29.000000000000004,22.866697311401367,5353
NO3_misfit,year,A,-122.314003,47.5293999,1.6009595053536554,-0.26526672,1.9413811,12.571428571428571,14.172388076782227,5354
NO3_misfit,year,A,-122.314003,47.5293999,0.563894408089773,-0.8833769,1.628683,14.214285714285715,14.778180122375488,5355
NO3_misfit,year,A,-122.314003,47.5293999,-0.6790861402239123,-1.1030777,1.5175376,30.857142857142858,30.178056716918945,5356
NO3_misfit,year,A,-122.314003,47.5293999,0.3210187639508888,0.10858807,2.130512,32.35714285714286,32.67816162109375,5357
NO3_misfit,year,A,-122.314003,47.5293999,-10.22943047114781,-7.454948,-1.6958351,15.071428571428571,4.841998100280762,5358
NO3_misfit,year,A,-122.314003,47.5293999,-14.310164519718718,-15.089916,-5.558319,16.642857142857146,2.3326926231384277,5359
NO3_misfit,year,A,-122.314003,47.5293999,-0.17243794032505733,0.3180202,2.2364624,23.571428571428573,23.398990631103516,5360
NO3_misfit,year,A,-122.314003,47.5293999,-0.6351579938616077,0.6133082,2.3858469,22.857142857142858,22.22198486328125,5361
NO3_misfit,year,A,-122.314003,47.5293999,-3.988030297415598,-3.9479742,0.078321695,30.714285714285715,26.726255416870117,5362
NO3_misfit,year,A,-122.314003,47.5293999,3.2570928846086744,0.45129,2.3038828,28.642857142857146,31.89995002746582,5363
NO3_misfit,year,A,-122.314003,47.5293999,13.0781067439488,7.5259137,5.882892,15.285714285714286,28.363821029663086,5364
NO3_misfit,year,A,-122.314003,47.5293999,13.372776848929268,9.179232,6.7192955,15.285714285714286,28.658491134643555,5365
NO3_misfit,year,A,-122.314003,47.5293999,-1.6861880166190009,-1.7699002,1.1801962,15.071428571428571,13.38524055480957,5366
NO3_misfit,year,A,-122.314003,47.5293999,-10.007762159620011,-10.401524,-3.1864898,17.428571428571427,7.420809268951416,5367
NO3_misfit,year,A,-122.314003,47.5293999,-0.3269339970179992,0.21379592,2.183736,28.78571428571429,28.45878028869629,5368
NO3_misfit,year,A,-122.314003,47.5293999,0.5879838126046302,-0.16298017,1.9931273,27.571428571428573,28.159412384033203,5369
NO3_misfit,year,A,-122.4260025,47.6012001,9.074565070016043,8.5063095,6.378868,21.214285714285715,30.288850784301758,5370
NO3_misfit,year,A,-122.4260025,47.6012001,8.662236349923273,7.3884315,5.8133407,20.21428571428571,28.876522064208984,5371
NO3_misfit,year,A,-122.4260025,47.6012001,7.994528634207587,8.059776,6.1529703,18.28571428571429,26.280242919921875,5372
NO3_misfit,year,A,-122.4260025,47.6012001,5.24913215637207,7.573304,5.906867,21.5,26.74913215637207,5373
NO3_misfit,year,A,-122.4260025,47.6012001,6.716928209577286,7.9744363,6.1097975,17.571428571428573,24.28835678100586,5374
NO3_misfit,year,A,-122.4260025,47.6012001,7.27016530718122,8.097415,6.1720114,18.28571428571429,25.555879592895508,5375
NO3_misfit,year,A,-122.4260025,47.6012001,5.2742603846958716,5.635789,4.926689,14.785714285714285,20.059974670410156,5376
NO3_misfit,year,A,-122.4260025,47.6012001,-4.007634026663645,-2.0329826,1.0471044,31.214285714285715,27.20665168762207,5377
NO3_misfit,year,A,-122.4260025,47.6012001,-4.485496520996094,-2.0103767,1.0585406,31.5,27.014503479003906,5378
NO3_misfit,year,A,-122.4260025,47.6012001,-4.811952590942383,-4.5018687,-0.20189023,31.5,26.688047409057617,5379
NO3_misfit,year,A,-122.4260025,47.6012001,-5.057409831455775,-4.89116,-0.39883018,31.642857142857142,26.585447311401367,5380
NO3_misfit,year,A,-122.4260025,47.6012001,-4.6325672694614966,-4.6017313,-0.25240993,31.214285714285715,26.58171844482422,5381
NO3_misfit,year,A,-122.4260025,47.6012001,-4.826719011579243,-4.869764,-0.38800597,31.42857142857143,26.601852416992188,5382
NO3_misfit,year,A,-122.4260025,47.6012001,-3.9493029458182214,-3.2191815,0.4470135,30.571428571428573,26.62212562561035,5383
NO3_misfit,year,A,-122.4260025,47.6012001,-4.29451424734933,-2.8605847,0.6284255,30.142857142857142,25.848342895507812,5384
NO3_misfit,year,A,-122.4260025,47.6012001,-4.36044774736677,-2.6937315,0.71283555,30.214285714285715,25.853837966918945,5385
NO3_misfit,year,A,-122.4260025,47.6012001,-4.698463712419784,-5.202562,-0.5563667,30.571428571428573,25.87296485900879,5386
NO3_misfit,year,A,-122.4260025,47.6012001,-4.37922477722168,-5.011647,-0.45978403,30.5,26.12077522277832,5387
NO3_misfit,year,A,-122.4260025,47.6012001,-4.043639591761998,-4.7903094,-0.3478105,30.357142857142858,26.31350326538086,5388
NO3_misfit,year,A,-122.4260025,47.6012001,-4.297445297241211,-4.8805003,-0.39343762,30.5,26.20255470275879,5389
NO3_misfit,year,A,-122.4260025,47.6012001,-3.9034818921770373,-4.372801,-0.13659549,30.357142857142858,26.45366096496582,5390
NO3_misfit,year,A,-122.4260025,47.6012001,3.9649652753557483,5.073169,4.6420636,22.142857142857142,26.10782241821289,5391
NO3_misfit,year,A,-122.4260025,47.6012001,5.7642538888113855,4.8653884,4.536948,21.428571428571427,27.192825317382812,5392
NO3_misfit,year,A,-122.4260025,47.6012001,5.729393822806223,4.7866592,4.49712,21.285714285714285,27.015108108520508,5393
NO3_misfit,year,A,-122.4260025,47.6012001,6.088891438075475,5.289069,4.751286,20.142857142857142,26.231748580932617,5394
NO3_misfit,year,A,-122.4260025,47.6012001,6.5025354112897595,6.172959,5.1984406,18.857142857142858,25.359678268432617,5395
NO3_misfit,year,A,-122.4260025,47.6012001,6.506876809256418,6.7344975,5.4825196,17.785714285714285,24.292591094970703,5396
NO3_misfit,year,A,-122.4260025,47.6012001,4.297668729509624,5.0574813,4.634127,24.42857142857143,28.726240158081055,5398
NO3_misfit,year,A,-122.4260025,47.6012001,4.575312205723353,4.8628507,4.5356646,23.357142857142858,27.93245506286621,5399
NO3_misfit,year,A,-122.4260025,47.6012001,5.870249067034038,5.4434004,4.829361,19.92857142857143,25.79882049560547,5400
NO3_misfit,year,A,-122.4260025,47.6012001,6.964988436017716,6.048615,5.1355357,18.071428571428573,25.03641700744629,5401
NO3_misfit,year,A,-122.4260025,47.6012001,5.630732127598353,6.114948,5.169093,15.857142857142858,21.48787498474121,5402
NO3_misfit,year,A,-122.4260025,47.6012001,7.323351178850448,6.3339286,5.279874,16.928571428571427,24.251922607421875,5403
NO3_misfit,year,A,-122.4260025,47.6012001,-8.02122211456299,-4.061113,0.0210855,14.500000000000002,6.478777885437012,5404
NO3_misfit,year,A,-122.4260025,47.6012001,-0.9118333544049975,0.75366974,2.4568548,28.642857142857146,27.73102378845215,5405
NO3_misfit,year,A,-122.4260025,47.6012001,-1.3523273468017614,0.35815313,2.2567654,29.000000000000004,27.647672653198242,5406
NO3_misfit,year,A,-122.4260025,47.6012001,-2.1493535723005017,-2.037421,1.044859,29.142857142857142,26.99350357055664,5407
NO3_misfit,year,A,-122.4260025,47.6012001,-1.1357247488839306,-1.1892991,1.4739187,27.42857142857143,26.2928466796875,5408
NO3_misfit,year,A,-122.4260025,47.6012001,-1.763663700648717,-1.5831578,1.274668,28.357142857142858,26.59347915649414,5409
NO3_misfit,year,A,-122.4260025,47.6012001,0.3559335981096545,1.0321684,2.5977457,25.142857142857142,25.498790740966797,5410
NO3_misfit,year,A,-122.4260025,47.6012001,1.0739707946777344,1.462351,2.8153725,21.0,22.073970794677734,5411
NO3_misfit,year,A,-122.4260025,47.6012001,4.409099578857422,3.7092562,3.9520683,27.0,31.409099578857422,5412
NO3_misfit,year,A,-122.4260025,47.6012001,3.4401223318917395,3.0017767,3.5941586,26.571428571428573,30.011550903320312,5413
NO3_misfit,year,A,-122.4260025,47.6012001,2.2648609706333716,2.3374608,3.2580853,25.785714285714285,28.050575256347656,5414
NO3_misfit,year,A,-122.4260025,47.6012001,2.007560729980465,2.3072212,3.2427874,24.500000000000004,26.50756072998047,5415
NO3_misfit,year,A,-122.4260025,47.6012001,2.1966487339564758,2.3628814,3.2709455,24.71428571428571,26.910934448242188,5416
NO3_misfit,year,A,-122.4260025,47.6012001,1.0697917938232386,1.3339983,2.7504396,24.500000000000004,25.569791793823242,5417
NO3_misfit,year,A,-122.4260025,47.6012001,-0.6160052163260339,0.24881105,2.2014499,24.071428571428573,23.45542335510254,5418
NO3_misfit,year,A,-122.4260025,47.6012001,10.335660661969868,8.13936,6.1932316,20.57142857142857,30.907089233398438,5419
NO3_misfit,year,A,-122.4260025,47.6012001,8.773238318307062,7.391202,5.814742,20.21428571428571,28.987524032592773,5420
NO3_misfit,year,A,-122.4260025,47.6012001,9.547315325055802,7.880491,6.0622706,17.571428571428573,27.118743896484375,5421
NO3_misfit,year,A,-122.4260025,47.6012001,8.782026835850306,7.4962435,5.8678823,18.857142857142858,27.639169692993164,5422
NO3_misfit,year,A,-122.4260025,47.6012001,9.368608747209823,8.048736,6.1473846,17.428571428571427,26.79718017578125,5423
NO3_misfit,year,A,-122.4260025,47.6012001,8.19283594403948,7.9380794,6.091404,17.214285714285715,25.407121658325195,5424
NO3_misfit,year,A,-122.4260025,47.6012001,3.6788112095424097,4.306534,4.2542276,17.214285714285715,20.893096923828125,5425
NO3_misfit,year,A,-122.4260025,47.6012001,-2.4324765886579236,-1.9068495,1.1109143,29.142857142857142,26.71038055419922,5426
NO3_misfit,year,A,-122.4260025,47.6012001,-4.417718887329102,-2.490037,0.8158834,30.5,26.0822811126709,5427
NO3_misfit,year,A,-122.4260025,47.6012001,-4.3005782536097925,-5.0506616,-0.47952104,30.785714285714285,26.485136032104492,5428
NO3_misfit,year,A,-122.4260025,47.6012001,-4.335898535592214,-4.7394447,-0.32207847,30.785714285714285,26.44981575012207,5429
NO3_misfit,year,A,-122.4260025,47.6012001,-4.4596018110002795,-4.883958,-0.39518666,30.857142857142858,26.397541046142578,5430
NO3_misfit,year,A,-122.4260025,47.6012001,-4.483095169067383,-4.5687094,-0.23570442,31.0,26.516904830932617,5431
NO3_misfit,year,A,-122.4260025,47.6012001,-4.3948094504220165,-4.560494,-0.23154831,30.92857142857143,26.533761978149414,5432
NO3_misfit,year,A,-122.4260025,47.6012001,2.02285603114537,2.2006922,3.1888947,29.428571428571427,31.451427459716797,5433
NO3_misfit,year,A,-122.4260025,47.6012001,0.83974756513323,1.8174837,2.9950318,29.714285714285715,30.554033279418945,5434
NO3_misfit,year,A,-122.4260025,47.6012001,0.3798313140869105,1.3363856,2.7516475,29.000000000000004,29.379831314086914,5435
NO3_misfit,year,A,-122.4260025,47.6012001,0.1513290405273402,1.1990435,2.6821668,29.000000000000004,29.151329040527344,5436
NO3_misfit,year,A,-122.4260025,47.6012001,0.26822199140276126,1.3074496,2.7370088,28.714285714285715,28.982507705688477,5437
NO3_misfit,year,A,-122.4260025,47.6012001,0.3820364815848194,0.7021316,2.430782,28.42857142857143,28.81060791015625,5438
NO3_misfit,year,A,-122.4260025,47.6012001,0.2589212145124158,-0.24461003,1.9518312,28.357142857142858,28.616064071655273,5439
NO3_misfit,year,A,-122.4260025,47.6012001,0.5914993286132812,1.342053,2.7545145,31.5,32.09149932861328,5440
NO3_misfit,year,A,-122.4260025,47.6012001,0.5597008296421571,1.1300584,2.6472678,31.28571428571429,31.845415115356445,5441
NO3_misfit,year,A,-122.4260025,47.6012001,0.14443479265485593,0.50837976,2.3327641,30.785714285714285,30.93014907836914,5442
NO3_misfit,year,A,-122.4260025,47.6012001,-0.51789256504604,-0.18146369,1.9837766,30.92857142857143,30.41067886352539,5443
NO3_misfit,year,A,-122.4260025,47.6012001,-0.09263665335518922,-0.09554751,2.027241,30.642857142857142,30.550220489501953,5444
NO3_misfit,year,A,-122.4260025,47.6012001,-0.43835149492536374,-0.25471088,1.9467213,30.714285714285715,30.27593421936035,5445
NO3_misfit,year,A,-122.4260025,47.6012001,-0.9421239580426892,-0.5330247,1.8059239,31.142857142857142,30.200733184814453,5446
NO3_misfit,year,A,-122.4260025,47.6012001,3.238376072474889,6.0254493,5.1238165,27.142857142857142,30.38123321533203,5447
NO3_misfit,year,A,-122.4260025,47.6012001,6.674921035766602,5.607357,4.912306,23.5,30.1749210357666,5448
NO3_misfit,year,A,-122.4260025,47.6012001,5.032745088849751,5.6060667,4.9116535,20.57142857142857,25.60417366027832,5449
NO3_misfit,year,A,-122.4260025,47.6012001,7.6412718636648975,6.271201,5.2481403,14.42857142857143,22.069843292236328,5450
NO3_misfit,year,A,-122.4260025,47.6012001,8.014843532017299,6.365673,5.2959337,15.857142857142858,23.871986389160156,5451
NO3_misfit,year,A,-122.4260025,47.6012001,5.876691545758929,5.5836315,4.9003034,13.071428571428571,18.9481201171875,5452
NO3_misfit,year,A,-122.4329987,47.4528999,7.657599040440147,7.7511353,5.9968305,19.85714285714286,27.514741897583008,5454
NO3_misfit,year,A,-122.4329987,47.4528999,9.40226227896554,8.9012785,6.578681,17.357142857142858,26.7594051361084,5455
NO3_misfit,year,A,-122.4329987,47.4528999,8.380450384957449,8.43082,6.340679,18.714285714285715,27.094736099243164,5456
NO3_misfit,year,A,-122.4329987,47.4528999,9.887587138584681,9.227386,6.743657,16.857142857142858,26.74472999572754,5457
NO3_misfit,year,A,-122.4329987,47.4528999,3.62190682547433,6.1143765,5.168804,15.857142857142858,19.479049682617188,5458
NO3_misfit,year,A,-122.4329987,47.4528999,-4.703609466552734,-5.094324,-0.5016098,30.5,25.796390533447266,5459
NO3_misfit,year,A,-122.4329987,47.4528999,-4.490245819091797,-4.7263284,-0.31544304,30.5,26.009754180908203,5460
NO3_misfit,year,A,-122.4329987,47.4528999,-4.343153272356307,-4.4723725,-0.18696833,30.571428571428573,26.228275299072266,5461
NO3_misfit,year,A,-122.4329987,47.4528999,-4.300941194806779,-4.592435,-0.24770713,30.428571428571427,26.12763023376465,5462
NO3_misfit,year,A,-122.4329987,47.4528999,-3.8093027387346545,-3.509481,0.30015278,30.357142857142858,26.547840118408203,5463
NO3_misfit,year,A,-122.4329987,47.4528999,11.652780532836914,6.3063726,5.265934,13.5,25.152780532836914,5464
NO3_misfit,year,A,-122.4329987,47.4528999,10.299202237810407,7.069454,5.651972,13.428571428571429,23.727773666381836,5465
NO3_misfit,year,A,-122.4329987,47.4528999,8.784796033586774,6.8988323,5.5656557,13.428571428571429,22.213367462158203,5466
NO3_misfit,year,A,-122.4329987,47.4528999,6.6188171931675495,5.5113564,4.86374,10.785714285714286,17.404531478881836,5467
NO3_misfit,year,A,-122.4329987,47.4528999,-1.2448128019060407,-1.2036854,1.4666408,5.507142857142857,4.262330055236816,5468
NO3_misfit,year,A,-122.4329987,47.4528999,10.760292870657784,8.713618,6.4837446,15.785714285714286,26.54600715637207,5469
NO3_misfit,year,A,-122.4329987,47.4528999,10.312728881835938,9.34718,6.8042603,16.0,26.312728881835938,5470
NO3_misfit,year,A,-122.4329987,47.4528999,9.697862352643693,9.468208,6.865487,16.071428571428573,25.769290924072266,5471
NO3_misfit,year,A,-122.4329987,47.4528999,9.937673023768832,10.396258,7.334982,15.642857142857144,25.580530166625977,5472
NO3_misfit,year,A,-122.4329987,47.4528999,9.190674100603376,9.055233,6.6565657,12.428571428571429,21.619245529174805,5473
NO3_misfit,year,A,-122.4329987,47.4528999,0.3080793108258888,1.2414333,2.7036116,28.85714285714286,29.16522216796875,5474
NO3_misfit,year,A,-122.4329987,47.4528999,0.34231676374162845,1.3065239,2.7365406,28.714285714285715,29.056602478027344,5475
NO3_misfit,year,A,-122.4329987,47.4528999,0.307746342250276,1.3674611,2.7673683,28.642857142857146,28.950603485107422,5476
NO3_misfit,year,A,-122.4329987,47.4528999,0.3830435616629444,1.0889453,2.6264687,28.42857142857143,28.811614990234375,5477
NO3_misfit,year,A,-122.4329987,47.4528999,-0.12553106035505124,0.6672203,2.4131207,28.714285714285715,28.588754653930664,5478
NO3_misfit,year,A,-122.4329987,47.4528999,-0.5958769662039636,0.11896021,2.135759,31.071428571428573,30.47555160522461,5479
NO3_misfit,year,A,-122.4329987,47.4528999,-0.40208462306431514,0.10701261,2.129715,31.071428571428573,30.669343948364258,5480
NO3_misfit,year,A,-122.4329987,47.4528999,-0.4449152265276233,0.19235666,2.17289,30.857142857142858,30.412227630615234,5481
NO3_misfit,year,A,-122.4329987,47.4528999,-0.2710522242954809,0.11350737,2.1330006,30.714285714285715,30.443233489990234,5482
NO3_misfit,year,A,-122.4329987,47.4528999,-1.0751446315220434,-0.29150406,1.9281079,31.214285714285715,30.139141082763672,5483
NO3_misfit,year,A,-122.4329987,47.4528999,-4.525465284075057,-5.0749726,-0.49181986,30.571428571428573,26.045963287353516,5484
NO3_misfit,year,A,-122.4329987,47.4528999,-4.759809766496932,-4.7765927,-0.34087133,31.071428571428573,26.31161880493164,5485
NO3_misfit,year,A,-122.4329987,47.4528999,-4.695438929966517,-4.6834946,-0.29377365,31.142857142857142,26.447418212890625,5486
NO3_misfit,year,A,-122.4329987,47.4528999,-4.6335378374372205,-4.388241,-0.14440656,31.142857142857142,26.509319305419922,5487
NO3_misfit,year,A,-122.4329987,47.4528999,-4.701701028006418,-4.178087,-0.038090944,31.214285714285715,26.512584686279297,5488
NO3_misfit,year,A,-122.4329987,47.4528999,-1.7626571655273473,-1.9045413,1.112082,28.500000000000004,26.737342834472656,5489
NO3_misfit,year,A,-122.4329987,47.4528999,-0.725472041538783,-0.6625959,1.7403747,27.142857142857142,26.41738510131836,5490
NO3_misfit,year,A,-122.4329987,47.4528999,-0.9560909271240234,-1.0244308,1.5573246,27.5,26.543909072875977,5491
NO3_misfit,year,A,-122.4329987,47.4528999,-0.7485888344900964,-0.56006646,1.7922437,27.071428571428573,26.322839736938477,5492
NO3_misfit,year,A,-122.4329987,47.4528999,1.901900155203684,2.422467,3.3010893,22.285714285714285,24.18761444091797,5493
NO3_misfit,year,A,-122.4329987,47.4528999,2.181354522705078,2.7105346,3.446821,25.5,27.681354522705078,5494
NO3_misfit,year,A,-122.4329987,47.4528999,1.9222387586321155,2.7262447,3.4547687,24.642857142857142,26.565095901489258,5495
NO3_misfit,year,A,-122.4329987,47.4528999,2.3083735874721008,2.597586,3.3896809,24.71428571428571,27.022659301757812,5496
NO3_misfit,year,A,-122.4329987,47.4528999,1.5769680568150086,2.3065298,3.2424374,24.28571428571429,25.862682342529297,5497
NO3_misfit,year,A,-122.4329987,47.4528999,-2.77612604413714,-0.04931249,2.050631,24.28571428571429,21.50958824157715,5498
NO3_misfit,year,A,-122.4329987,47.4528999,7.38660703386579,4.6067853,4.4061227,19.78571428571429,27.172321319580078,5499
NO3_misfit,year,A,-122.4329987,47.4528999,8.298192977905273,5.3767066,4.7956214,18.0,26.298192977905273,5500
NO3_misfit,year,A,-122.4329987,47.4528999,10.771247046334404,6.498998,5.363382,14.714285714285714,25.485532760620117,5501
NO3_misfit,year,A,-122.4329987,47.4528999,8.626022338867188,7.349045,5.793415,12.5,21.126022338867188,5502
NO3_misfit,year,A,-122.4329987,47.4528999,2.8337369918823243,-0.40338358,1.8715086,3.15,5.983736991882324,5503
NO3_misfit,year,A,-122.4329987,47.4528999,6.549106597900391,5.6667747,4.9423647,19.0,25.54910659790039,5504
NO3_misfit,year,A,-122.4329987,47.4528999,6.94334384373256,6.5444045,5.3863525,18.071428571428573,25.014772415161133,5505
NO3_misfit,year,A,-122.4329987,47.4528999,6.8193770817347925,6.9419827,5.5874853,17.214285714285715,24.033662796020508,5506
NO3_misfit,year,A,-122.4329987,47.4528999,5.385545185634069,6.693048,5.4615507,16.142857142857142,21.52840232849121,5507
NO3_misfit,year,A,-122.4329987,47.4528999,-5.82367869785854,-1.3044947,1.415642,14.42857142857143,8.60489273071289,5508
NO3_misfit,year,A,-122.4329987,47.4528999,-5.768596921648303,-4.8938584,-0.40019536,32.07142857142858,26.302831649780273,5509
NO3_misfit,year,A,-122.4329987,47.4528999,-4.636488505772181,-4.64472,-0.27415776,31.142857142857142,26.50636863708496,5510
NO3_misfit,year,A,-122.4329987,47.4528999,-4.754956109183176,-4.7797937,-0.34249067,31.214285714285715,26.45932960510254,5511
NO3_misfit,year,A,-122.4329987,47.4528999,-4.317569187709264,-4.535305,-0.21880531,30.857142857142858,26.539573669433594,5512
NO3_misfit,year,A,-122.4329987,47.4528999,-4.272723334176199,-3.617955,0.24527645,30.785714285714285,26.512990951538086,5513
NO3_misfit,year,A,-122.3440018,47.5769997,0.9997950962611633,1.647437,2.9090064,24.71428571428571,25.714080810546875,5514
NO3_misfit,year,A,-122.3440018,47.5769997,-1.173601695469447,-0.41425976,1.8660065,24.642857142857142,23.469255447387695,5515
NO3_misfit,year,A,-122.3440018,47.5769997,-4.7311731066022595,-4.5678325,-0.23526073,31.142857142857142,26.411684036254883,5516
NO3_misfit,year,A,-122.3440018,47.5769997,-3.6499061584472656,-2.0416799,1.0427045,31.0,27.350093841552734,5517
NO3_misfit,year,A,-122.3440018,47.5769997,-1.4297869546072839,-0.03507847,2.057832,27.071428571428573,25.64164161682129,5518
NO3_misfit,year,A,-122.3440018,47.5769997,-0.5539883204868872,-0.5132906,1.8159074,22.214285714285715,21.660297393798828,5519
NO3_misfit,year,A,-122.3440018,47.5769997,1.098263331821986,3.482213,3.8372085,16.857142857142858,17.955406188964844,5520
NO3_misfit,year,A,-122.3440018,47.5769997,-9.253599643707277,-8.336029,-2.1415684,14.500000000000002,5.246400356292725,5521
NO3_misfit,year,A,-122.3440018,47.5769997,-4.400560106549946,-4.5483427,-0.22540116,30.92857142857143,26.528011322021484,5522
NO3_misfit,year,A,-122.3440018,47.5769997,-1.5915025983537987,-0.6778938,1.7326356,28.85714285714286,27.265640258789062,5523
NO3_misfit,year,A,-122.3440018,47.5769997,6.3954530443464,5.231374,4.7220984,14.857142857142858,21.252595901489258,5524
NO3_misfit,year,A,-122.3440018,47.5769997,-7.615015574863978,-9.415612,-2.6877234,15.142857142857142,7.527841567993164,5525
NO3_misfit,year,A,-122.3440018,47.5769997,1.1078404017857117,0.920607,2.5413074,27.28571428571429,28.3935546875,5526
NO3_misfit,year,A,-122.3440018,47.5769997,0.6539421081542969,0.22491002,2.1893587,27.5,28.153942108154297,5527
NO3_misfit,year,A,-122.3440018,47.5769997,9.057612827845983,6.0362616,5.129286,15.142857142857142,24.200469970703125,5528
NO3_misfit,year,A,-122.3440018,47.5769997,-0.7427733285086511,-2.181607,0.9719162,14.071428571428573,13.328655242919922,5529
NO3_misfit,year,A,-122.3440018,47.5769997,7.107619966779435,7.035515,5.6348023,17.571428571428573,24.679048538208008,5530
NO3_misfit,year,A,-122.3440018,47.5769997,3.4506410871233246,2.6026146,3.3922248,15.642857142857144,19.09349822998047,5531
NO3_misfit,year,A,-122.3440018,47.5769997,9.752418518066406,7.6912875,5.9665537,15.5,25.252418518066406,5532
NO3_misfit,year,A,-122.3440018,47.5769997,4.268510818481445,2.9903815,3.5883937,16.5,20.768510818481445,5533
NO3_misfit,year,A,-122.3440018,47.5769997,-4.776293890816827,-4.4694467,-0.18548799,31.28571428571429,26.50942039489746,5534
NO3_misfit,year,A,-122.3440018,47.5769997,-4.188529695783345,-3.5249553,0.29232442,31.42857142857143,27.240041732788086,5535
NO3_misfit,year,A,-122.3440018,47.5769997,-0.44226482936314326,-0.39108896,1.8777285,30.571428571428573,30.12916374206543,5536
NO3_misfit,year,A,-122.3440018,47.5769997,0.2473417009626111,-0.6123427,1.7657975,30.357142857142858,30.60448455810547,5537
NO3_misfit,year,A,-122.4329987,47.5332985,8.164320264543807,8.07981,6.163105,21.178571428571427,29.342891693115234,5538
NO3_misfit,year,A,-122.4329987,47.5332985,8.49660573686872,7.509018,5.874345,19.78571428571429,28.282320022583008,5539
NO3_misfit,year,A,-122.4329987,47.5332985,8.740187508719305,7.80866,6.025932,18.28571428571429,27.025901794433594,5540
NO3_misfit,year,A,-122.4329987,47.5332985,8.242757797241211,7.3954997,5.8169165,19.0,27.24275779724121,5541
NO3_misfit,year,A,-122.4329987,47.5332985,8.387264251708984,7.982511,6.113882,17.5,25.887264251708984,5542
NO3_misfit,year,A,-122.4329987,47.5332985,8.496447971888951,8.099648,6.1731415,18.142857142857142,26.639305114746094,5543
NO3_misfit,year,A,-122.4329987,47.5332985,0.2763116019112708,2.953043,3.5695045,17.071428571428573,17.347740173339844,5544
NO3_misfit,year,A,-122.4329987,47.5332985,-0.3556071690150695,-1.0903311,1.5239861,27.78571428571429,27.43010711669922,5545
NO3_misfit,year,A,-122.4329987,47.5332985,-0.21275002615792715,-1.0903311,1.5239861,27.642857142857146,27.43010711669922,5546
NO3_misfit,year,A,-122.4329987,47.5332985,-1.1925065176827587,-0.7128806,1.714936,28.42857142857143,27.236064910888672,5547
NO3_misfit,year,A,-122.4329987,47.5332985,-1.8965612139020678,-1.9639777,1.0820136,28.642857142857146,26.746295928955078,5548
NO3_misfit,year,A,-122.4329987,47.5332985,-1.36160741533552,-0.99571514,1.5718517,27.714285714285715,26.352678298950195,5549
NO3_misfit,year,A,-122.4329987,47.5332985,-1.5295104980468786,-1.176871,1.480206,28.000000000000004,26.470489501953125,5550
NO3_misfit,year,A,-122.4329987,47.5332985,-1.13410350254604,0.75012386,2.455061,26.92857142857143,25.79446792602539,5551
NO3_misfit,year,A,-122.4329987,47.5332985,-2.489553451538086,1.0095813,2.586319,26.5,24.010446548461914,5552
NO3_misfit,year,A,-122.4329987,47.5332985,4.002961567470006,5.8069034,5.013255,25.392857142857142,29.39581871032715,5553
NO3_misfit,year,A,-122.4329987,47.5332985,4.65343311854771,5.5888863,4.9029617,23.92857142857143,28.58200454711914,5554
NO3_misfit,year,A,-122.4329987,47.5332985,3.6453465053013403,5.753371,4.9861736,21.285714285714285,24.931060791015625,5555
NO3_misfit,year,A,-122.4329987,47.5332985,5.172022683279856,6.308384,5.2669516,17.785714285714285,22.95773696899414,5556
NO3_misfit,year,A,-122.4329987,47.5332985,5.3408707209995825,6.2501736,5.237503,16.785714285714285,22.126585006713867,5557
NO3_misfit,year,A,-122.4329987,47.5332985,5.638643537248884,5.085461,4.648282,12.428571428571429,18.067214965820312,5558
NO3_misfit,year,A,-122.4329987,47.5332985,2.74479318346296,-0.5221145,1.8114433,3.135714285714286,5.880507469177246,5559
NO3_misfit,year,A,-122.4329987,47.5332985,-2.7170625414167127,-2.6839564,0.7177807,29.142857142857142,26.42579460144043,5560
NO3_misfit,year,A,-122.4329987,47.5332985,-2.788491112845282,-2.6839564,0.7177807,29.21428571428571,26.42579460144043,5561
NO3_misfit,year,A,-122.4329987,47.5332985,-3.6337081364222925,-2.2645228,0.92996955,29.785714285714285,26.152006149291992,5562
NO3_misfit,year,A,-122.4329987,47.5332985,-4.830062593732563,-5.2566466,-0.58372784,30.92857142857143,26.098508834838867,5563
NO3_misfit,year,A,-122.4329987,47.5332985,-4.580389022827148,-4.866204,-0.38620496,31.0,26.41961097717285,5564
NO3_misfit,year,A,-122.4329987,47.5332985,-4.3742040906633655,-4.7886024,-0.34694695,30.857142857142858,26.482938766479492,5565
NO3_misfit,year,A,-122.4329987,47.5332985,-4.422086443219868,-4.5547814,-0.22865844,30.92857142857143,26.506484985351562,5566
NO3_misfit,year,A,-122.4329987,47.5332985,-4.540731702532089,-4.316563,-0.10814524,31.071428571428573,26.530696868896484,5567
NO3_misfit,year,A,-122.4329987,47.5332985,0.6523541041782899,1.4109664,2.7893772,31.28571428571429,31.938068389892578,5568
NO3_misfit,year,A,-122.4329987,47.5332985,-0.036769049508233564,0.61618775,2.3873036,31.28571428571429,31.248945236206055,5569
NO3_misfit,year,A,-122.4329987,47.5332985,-0.4540770394461511,0.017259823,2.0843096,31.071428571428573,30.617351531982422,5570
NO3_misfit,year,A,-122.4329987,47.5332985,-0.44824763706752435,-0.0076225717,2.0717218,30.92857142857143,30.480323791503906,5571
NO3_misfit,year,A,-122.4329987,47.5332985,-0.2423488071986597,0.013056694,2.0821834,30.785714285714285,30.543365478515625,5572
NO3_misfit,year,A,-122.4329987,47.5332985,-0.503680910382954,0.063022,2.1074605,30.92857142857143,30.424890518188477,5573
NO3_misfit,year,A,-122.4329987,47.5332985,-0.9808597564697266,-0.3055171,1.9210187,31.0,30.019140243530273,5574
NO3_misfit,year,A,-122.4329987,47.5332985,-4.217837469918386,-4.7522225,-0.3285427,29.785714285714285,25.5678768157959,5575
NO3_misfit,year,A,-122.4329987,47.5332985,-4.360694612775529,-4.7522225,-0.3285427,29.928571428571427,25.5678768157959,5576
NO3_misfit,year,A,-122.4329987,47.5332985,-4.6594521658761145,-2.8727374,0.6222775,30.428571428571427,25.769119262695312,5577
NO3_misfit,year,A,-122.4329987,47.5332985,-4.614790780203684,-4.9371667,-0.42210484,30.714285714285715,26.09949493408203,5578
NO3_misfit,year,A,-122.4329987,47.5332985,-4.795040948050364,-5.1412997,-0.5253744,30.714285714285715,25.91924476623535,5579
NO3_misfit,year,A,-122.4329987,47.5332985,-4.170845031738281,-4.744111,-0.32443905,30.5,26.32915496826172,5580
NO3_misfit,year,A,-122.4329987,47.5332985,-4.5560291835239966,-4.838309,-0.3720932,30.714285714285715,26.15825653076172,5581
NO3_misfit,year,A,-122.4329987,47.5332985,-4.174900599888392,-4.1917987,-0.045027494,30.642857142857142,26.46795654296875,5582
NO3_misfit,year,A,-122.4329987,47.5332985,2.890421458653041,3.4994104,3.8459086,27.857142857142858,30.7475643157959,5583
NO3_misfit,year,A,-122.4329987,47.5332985,3.1761357443673255,3.4994104,3.8459086,27.571428571428573,30.7475643157959,5584
NO3_misfit,year,A,-122.4329987,47.5332985,2.140058244977677,2.6663582,3.4244723,27.071428571428573,29.21148681640625,5585
NO3_misfit,year,A,-122.4329987,47.5332985,1.857346670968191,2.603827,3.3928382,25.714285714285715,27.571632385253906,5586
NO3_misfit,year,A,-122.4329987,47.5332985,2.0954415457589306,2.4948232,3.337694,24.57142857142857,26.6668701171875,5587
NO3_misfit,year,A,-122.4329987,47.5332985,1.895157950265066,2.3939474,3.2866616,25.214285714285715,27.10944366455078,5588
NO3_misfit,year,A,-122.4329987,47.5332985,1.2269747597830616,1.5641984,2.8668964,24.42857142857143,25.655546188354492,5589
NO3_misfit,year,A,-122.4329987,47.5332985,-0.5909309387207067,-0.011490303,2.069765,24.000000000000004,23.409069061279297,5590
NO3_misfit,year,A,-122.4329987,47.5332985,-4.216027396065847,-4.510094,-0.20605135,30.785714285714285,26.569686889648438,5591
NO3_misfit,year,A,-122.4329987,47.5332985,-4.290357862200057,-3.7284608,0.18937218,31.071428571428573,26.781070709228516,5592
NO3_misfit,year,A,-122.4329987,47.5332985,-5.057603563581196,-5.105641,-0.50733495,31.42857142857143,26.370967864990234,5593
NO3_misfit,year,A,-122.4329987,47.5332985,-4.7478496006556945,-4.844261,-0.37510443,31.28571428571429,26.537864685058594,5594
NO3_misfit,year,A,-122.4329987,47.5332985,-4.696242468697687,-4.716901,-0.3106737,31.28571428571429,26.5894718170166,5595
NO3_misfit,year,A,-122.4329987,47.5332985,-4.794059208461217,-4.74146,-0.32309794,31.357142857142858,26.56308364868164,5596
NO3_misfit,year,A,-122.4329987,47.5332985,-4.354457310267858,-3.484907,0.31258464,30.857142857142858,26.502685546875,5597
NO3_misfit,year,A,-122.4329987,47.5332985,11.857480457850865,8.534663,6.3932123,18.142857142857142,30.000337600708008,5598
NO3_misfit,year,A,-122.4329987,47.5332985,11.64319474356515,8.534663,6.3932123,18.357142857142858,30.000337600708008,5599
NO3_misfit,year,A,-122.4329987,47.5332985,9.225966044834681,7.669754,5.95566,17.857142857142858,27.08310890197754,5600
NO3_misfit,year,A,-122.4329987,47.5332985,8.212800162179128,7.413429,5.825987,18.214285714285715,26.427085876464844,5601
NO3_misfit,year,A,-122.4329987,47.5332985,6.640169143676758,8.131729,6.18937,18.5,25.140169143676758,5602
NO3_misfit,year,A,-122.4329987,47.5332985,7.660567419869558,7.826831,6.0351243,18.214285714285715,25.874853134155273,5603
NO3_misfit,year,A,-122.4329987,47.5332985,7.506338391985214,7.813981,6.0286236,16.928571428571427,24.43490982055664,5604
NO3_misfit,year,A,-122.4329987,47.5332985,2.6283561161586206,4.9510436,4.5802813,16.214285714285715,18.842641830444336,5605
NO3_misfit,year,A,-122.4329987,47.5332985,2.5626049041748047,4.8400493,4.52413,25.5,28.062604904174805,5606
NO3_misfit,year,A,-122.4329987,47.5332985,3.9422874450683594,5.166329,4.689193,23.5,27.44228744506836,5607
NO3_misfit,year,A,-122.4329987,47.5332985,3.629317147391184,5.378766,4.7966633,21.785714285714285,25.41503143310547,5608
NO3_misfit,year,A,-122.4329987,47.5332985,5.711252757481166,6.074951,5.148859,18.857142857142858,24.568395614624023,5609
NO3_misfit,year,A,-122.4329987,47.5332985,3.9688502720424097,6.1089506,5.166059,17.714285714285715,21.683135986328125,5610
NO3_misfit,year,A,-122.4329987,47.5332985,5.382105418613978,6.130737,5.1770806,18.357142857142858,23.739248275756836,5611
NO3_misfit,year,A,-122.4329987,47.5332985,-9.216435841151647,-5.0755973,-0.492136,14.357142857142858,5.140707015991211,5612
NO3_misfit,year,A,-122.4329987,47.5332985,3.9992542266845703,5.0607924,4.6358023,22.0,25.99925422668457,5613
NO3_misfit,year,A,-122.4329987,47.5332985,3.9992542266845703,5.0607924,4.6358023,22.0,25.99925422668457,5614
NO3_misfit,year,A,-122.4329987,47.5332985,4.167356491088867,4.5008116,4.3525114,23.0,27.167356491088867,5615
NO3_misfit,year,A,-122.4329987,47.5332985,7.486675262451172,5.997881,5.10987,18.0,25.486675262451172,5616
NO3_misfit,year,A,-122.4329987,47.5332985,7.399158205304827,6.802813,5.51708,15.571428571428571,22.9705867767334,5617
NO3_misfit,year,A,-122.4329987,47.5332985,5.750343050275532,4.626455,4.416074,21.07142857142857,26.8217716217041,5618
NO3_misfit,year,A,-122.4329987,47.5332985,6.397899627685543,5.044875,4.6277494,19.500000000000004,25.897899627685547,5619
NO3_misfit,year,A,-122.4329987,47.5332985,1.9586326054164367,2.058333,3.1168761,29.21428571428571,31.17291831970215,5620
NO3_misfit,year,A,-122.4329987,47.5332985,1.7443468911307214,2.058333,3.1168761,29.428571428571427,31.17291831970215,5621
NO3_misfit,year,A,-122.4329987,47.5332985,0.8312794821602978,1.7731626,2.9726102,29.07142857142857,29.902708053588867,5622
NO3_misfit,year,A,-122.4329987,47.5332985,0.32984406607491223,1.1373708,2.6509671,28.85714285714286,29.186986923217773,5623
NO3_misfit,year,A,-122.4329987,47.5332985,0.7023585183279835,1.1176844,2.6410077,28.42857142857143,29.130929946899414,5624
NO3_misfit,year,A,-122.4329987,47.5332985,0.38473047528948,1.2000597,2.6826808,28.714285714285715,29.099016189575195,5625
NO3_misfit,year,A,-122.4329987,47.5332985,0.4776725769042933,1.2025107,2.6839209,28.500000000000004,28.977672576904297,5626
NO3_misfit,year,A,-122.4329987,47.5332985,0.21308871677943486,0.50549465,2.3313046,28.571428571428573,28.784517288208008,5627
NO3_misfit,year,A,-124.9512,47.9645,30.491073608398438,9.429129,6.8457174,3.75,34.24107360839844,40310
NO3_misfit,year,A,-124.9512,47.9645,-2.348038520812988,0.1800624,2.1666706,18.34,15.991961479187012,40311
NO3_misfit,year,A,-124.9512,47.9645,-3.6503324127197274,1.3925129,2.7800417,13.71,10.059667587280273,40312
NO3_misfit,year,A,-124.9512,47.9645,1.0438217544555664,1.9056826,3.0396514,3.56,4.603821754455566,40313
NO3_misfit,year,A,-124.9512,47.9645,0.33327308177948,0.4221911,2.289162,1.47,1.80327308177948,40314
NO3_misfit,year,A,-124.9512,47.9645,4.581073608398437,9.429129,6.8457174,29.66,34.24107360839844,40315
NO3_misfit,year,A,-124.9512,47.9645,7.051073608398436,9.429129,6.8457174,27.19,34.24107360839844,40316
NO3_misfit,year,A,-124.9512,47.9645,3.0628281402587874,2.212819,3.1950297,16.42,19.48282814025879,40317
NO3_misfit,year,A,-124.9512,47.9645,2.118978614807128,1.6675136,2.919163,9.13,11.248978614807129,40318
NO3_misfit,year,A,-124.9512,47.9645,2.3438217544555666,1.9056826,3.0396514,2.26,4.603821754455566,40319
NO3_misfit,year,A,-124.9512,47.9645,1.6061574363708497,0.51739377,2.3373244,0.36,1.9661574363708496,40320
NO3_misfit,year,A,-124.4333,48.3968,6.560418548583982,7.1486006,5.692012,33.31,39.870418548583984,40321
NO3_misfit,year,A,-124.4333,48.3968,2.733999786376952,6.3421154,5.2840157,30.69,33.42399978637695,40322
NO3_misfit,year,A,-124.4333,48.3968,5.185243072509767,5.533257,4.8748193,28.81,33.995243072509766,40323
NO3_misfit,year,A,-124.4333,48.3968,5.9492083740234385,6.0043693,5.113152,27.38,33.32920837402344,40324
NO3_misfit,year,A,-124.4333,48.3968,5.351253051757812,5.993228,5.107516,27.48,32.83125305175781,40325
NO3_misfit,year,A,-124.4333,48.3968,4.992096710205079,5.803118,5.01134,27.2,32.19209671020508,40326
NO3_misfit,year,A,-124.2677,48.352,6.6484446716308625,7.272818,5.7548523,33.23,39.87844467163086,40327
NO3_misfit,year,A,-124.2677,48.352,4.70910369873047,6.209687,5.217021,29.38,34.08910369873047,40328
NO3_misfit,year,A,-124.2677,48.352,5.470003967285155,5.6892967,4.9537587,27.62,33.090003967285156,40330
NO3_misfit,year,A,-124.2677,48.352,4.728377838134765,5.3156,4.7647076,27.73,32.458377838134766,40331
NO3_misfit,year,A,-124.2677,48.352,4.049121856689453,5.6107125,4.9140034,27.75,31.799121856689453,40332
NO3_misfit,year,A,-124.1005,48.2985,6.9578727722167955,7.869179,6.056548,32.85,39.8078727722168,40333
NO3_misfit,year,A,-124.1005,48.2985,4.464073791503907,6.3711824,5.2987204,30.11,34.574073791503906,40334
NO3_misfit,year,A,-124.1005,48.2985,4.264013824462889,5.4578443,4.836668,29.94,34.20401382446289,40335
NO3_misfit,year,A,-124.1005,48.2985,4.918259277343751,5.582613,4.899788,28.36,33.27825927734375,40336
NO3_misfit,year,A,-124.1005,48.2985,4.864337310791015,5.335961,4.775008,27.64,32.504337310791016,40337
NO3_misfit,year,A,-124.1005,48.2985,6.3263725280761705,5.492934,4.85442,25.6,31.926372528076172,40338
NO3_misfit,year,A,-123.483,48.2233,6.238135223388671,7.3597503,5.798831,31.12,37.35813522338867,40339
NO3_misfit,year,A,-123.483,48.2233,5.340989990234377,6.5738726,5.4012604,30.33,35.670989990234375,40340
NO3_misfit,year,A,-123.483,48.2233,6.5993165588378915,5.6923237,4.95529,28.04,34.63931655883789,40341
NO3_misfit,year,A,-123.483,48.2233,7.136521606445314,5.304716,4.759202,25.47,32.60652160644531,40342
NO3_misfit,year,A,-123.483,48.2233,8.710237884521483,5.499762,4.8578744,23.35,32.060237884521484,40343
NO3_misfit,year,A,-123.483,48.2233,7.815650329589843,5.238523,4.725715,23.39,31.205650329589844,40344
NO3_misfit,year,A,-123.0193,48.2728,5.590333557128908,7.67486,5.9582434,30.65,36.240333557128906,40345
NO3_misfit,year,A,-123.0193,48.2728,6.831937713623049,6.5057817,5.3668137,27.58,34.41193771362305,40347
NO3_misfit,year,A,-123.0193,48.2728,7.822122955322264,6.3620234,5.2940874,22.6,30.422122955322266,40349
NO3_misfit,year,A,-123.0193,48.2728,7.991012878417969,6.6946445,5.462358,21.93,29.92101287841797,40350
NO3_misfit,year,A,-122.4535,47.7028,8.659760894775392,7.6671147,5.9543247,23.06,31.71976089477539,40351
NO3_misfit,year,A,-122.4535,47.7028,6.000984497070313,7.090977,5.6628604,24.68,30.680984497070312,40352
NO3_misfit,year,A,-122.4535,47.7028,7.499341812133789,7.114535,5.674778,22.16,29.65934181213379,40354
NO3_misfit,year,A,-122.4535,47.7028,8.161327590942381,7.4559937,5.84752,20.76,28.921327590942383,40355
NO3_misfit,year,A,-122.4535,47.7028,6.171520080566406,7.6421056,5.941673,20.16,26.331520080566406,40356
NO3_misfit,year,A,-124.9512,47.9645,7.84714309692383,5.9431715,5.0821924,29.33,37.17714309692383,40357
NO3_misfit,year,A,-124.9512,47.9645,7.837143096923828,5.9431715,5.0821924,29.34,37.17714309692383,40358
NO3_misfit,year,A,-124.9512,47.9645,4.603488159179687,2.9558852,3.5709424,22.8,27.403488159179688,40359
NO3_misfit,year,A,-124.9512,47.9645,4.513488159179687,2.9558852,3.5709424,22.89,27.403488159179688,40360
NO3_misfit,year,A,-124.9512,47.9645,0.8821107482910158,3.694319,3.9445117,22.59,23.472110748291016,40361
NO3_misfit,year,A,-124.9512,47.9645,0.4421107482910145,3.6351068,3.9145565,23.03,23.472110748291016,40362
NO3_misfit,year,A,-124.9512,47.9645,6.906380233764649,9.918812,7.093445,11.94,18.84638023376465,40363
NO3_misfit,year,A,-124.9512,47.9645,11.808317489624024,9.951803,7.110135,4.43,16.238317489624023,40364
NO3_misfit,year,A,-124.9512,47.9645,11.879457206726075,10.893709,7.5866394,0.28,12.159457206726074,40365
NO3_misfit,year,A,-124.9512,47.9645,12.019457206726074,10.893709,7.5866394,0.14,12.159457206726074,40366
NO3_misfit,year,A,-124.9512,47.9645,10.034448051452637,9.906484,7.087208,0.1,10.134448051452637,40367
NO3_misfit,year,A,-124.9512,47.9645,10.054448051452637,9.906484,7.087208,0.08,10.134448051452637,40368
NO3_misfit,year,A,-124.7828,48.465,6.664547729492185,5.2848573,4.749155,33.45,40.11454772949219,40369
NO3_misfit,year,A,-124.7828,48.465,5.80485122680664,5.2332273,4.723036,34.32,40.12485122680664,40370
NO3_misfit,year,A,-124.7828,48.465,24.297998657226564,14.630476,9.477047,2.51,26.807998657226562,40371
NO3_misfit,year,A,-124.7828,48.465,24.717998657226563,14.630476,9.477047,2.09,26.807998657226562,40372
NO3_misfit,year,A,-124.7828,48.465,24.056821823120117,17.828447,11.094881,0.25,24.306821823120117,40373
NO3_misfit,year,A,-124.7828,48.465,24.136821823120115,17.828447,11.094881,0.17,24.306821823120117,40374
NO3_misfit,year,A,-124.7828,48.465,22.507977600097657,20.035328,12.2113285,0.13,22.637977600097656,40375
NO3_misfit,year,A,-124.7828,48.465,22.507977600097657,20.121704,12.255026,0.13,22.637977600097656,40376
NO3_misfit,year,A,-124.4333,48.3968,7.216057434082032,6.173435,5.1986814,31.86,39.07605743408203,40377
NO3_misfit,year,A,-124.4333,48.3968,6.536057434082032,6.173435,5.1986814,32.54,39.07605743408203,40378
NO3_misfit,year,A,-124.4333,48.3968,11.867367782592773,13.448181,8.878931,15.71,27.577367782592773,40379
NO3_misfit,year,A,-124.4333,48.3968,10.56601608276367,13.794251,9.054007,16.62,27.186016082763672,40380
NO3_misfit,year,A,-124.4333,48.3968,19.386545410156252,15.865839,10.10201,7.01,26.39654541015625,40382
NO3_misfit,year,A,-124.4333,48.3968,19.839416580200194,14.461278,9.391451,6.92,26.759416580200195,40383
NO3_misfit,year,A,-124.4333,48.3968,21.808029174804688,16.818829,10.584122,4.5,26.308029174804688,40386
NO3_misfit,year,A,-124.4333,48.3968,22.078029174804687,16.743423,10.545975,4.23,26.308029174804688,40387
NO3_misfit,year,A,-123.9827,48.272,7.935400848388671,6.7020574,5.4661083,30.37,38.30540084838867,40388
NO3_misfit,year,A,-123.9827,48.272,6.845400848388671,6.7020574,5.4661083,31.46,38.30540084838867,40389
NO3_misfit,year,A,-123.9827,48.272,10.115673294067381,8.260605,6.254568,19.51,29.625673294067383,40390
NO3_misfit,year,A,-123.9827,48.272,10.385673294067384,8.260605,6.254568,19.24,29.625673294067383,40391
NO3_misfit,year,A,-123.9827,48.272,8.669851226806642,8.246853,6.247611,20.83,29.49985122680664,40393
NO3_misfit,year,A,-123.9827,48.272,8.759851226806642,8.246853,6.247611,20.74,29.49985122680664,40394
NO3_misfit,year,A,-123.9827,48.272,8.687588729858398,8.314594,6.2818813,20.71,29.3975887298584,40396
NO3_misfit,year,A,-123.9827,48.272,8.7675887298584,8.314594,6.2818813,20.63,29.3975887298584,40397
NO3_misfit,year,A,-123.483,48.2233,6.214196166992188,6.4823527,5.354961,30.29,36.50419616699219,40399
NO3_misfit,year,A,-123.483,48.2233,6.474196166992186,6.4823527,5.354961,30.03,36.50419616699219,40400
NO3_misfit,year,A,-123.483,48.2233,6.892423400878908,8.22769,6.237916,21.49,28.382423400878906,40401
NO3_misfit,year,A,-123.483,48.2233,7.122423400878905,8.22769,6.237916,21.26,28.382423400878906,40402
NO3_misfit,year,A,-123.483,48.2233,6.895954208374022,8.15627,6.201786,21.17,28.065954208374023,40404
NO3_misfit,year,A,-123.483,48.2233,6.945954208374022,8.15627,6.201786,21.12,28.065954208374023,40405
NO3_misfit,year,A,-123.483,48.2233,6.771293563842775,8.30951,6.2793093,21.08,27.851293563842773,40407
NO3_misfit,year,A,-123.483,48.2233,6.761293563842774,8.30951,6.2793093,21.09,27.851293563842773,40408
NO3_misfit,year,A,-123.0193,48.2728,6.445444793701171,6.704458,5.467323,26.78,33.22544479370117,40410
NO3_misfit,year,A,-123.0193,48.2728,6.2454447937011714,6.704458,5.467323,26.98,33.22544479370117,40411
NO3_misfit,year,A,-123.0193,48.2728,7.890427169799803,8.0836525,6.1650486,19.94,27.830427169799805,40412
NO3_misfit,year,A,-123.0193,48.2728,8.090427169799806,8.0836525,6.1650486,19.74,27.830427169799805,40413
NO3_misfit,year,A,-123.0193,48.2728,8.265416183471679,7.987064,6.116185,19.46,27.72541618347168,40415
NO3_misfit,year,A,-123.0193,48.2728,8.253658599853516,8.071417,6.1588593,19.43,27.683658599853516,40416
NO3_misfit,year,A,-123.0193,48.2728,8.187053070068359,7.8837547,6.063922,19.39,27.57705307006836,40418
NO3_misfit,year,A,-123.0193,48.2728,8.147112731933593,7.9424844,6.0936327,19.37,27.517112731933594,40419
NO3_misfit,year,A,-122.4535,47.7028,9.363259429931642,9.681393,6.973336,21.63,30.99325942993164,40421
NO3_misfit,year,A,-122.4535,47.7028,9.163259429931642,9.681393,6.973336,21.83,30.99325942993164,40422
NO3_misfit,year,A,-122.4535,47.7028,10.012050247192384,9.184978,6.7222023,18.4,28.412050247192383,40423
NO3_misfit,year,A,-122.4535,47.7028,10.222050247192382,9.184978,6.7222023,18.19,28.412050247192383,40424
NO3_misfit,year,A,-122.4535,47.7028,9.675716857910157,9.742373,7.0041857,18.77,28.445716857910156,40425
NO3_misfit,year,A,-122.4535,47.7028,9.715716857910156,9.742373,7.0041857,18.73,28.445716857910156,40426
NO3_misfit,year,A,-122.4535,47.7028,9.066792297363282,10.053482,7.1615734,12.95,22.01679229736328,40427
NO3_misfit,year,A,-122.4535,47.7028,9.78679229736328,10.08249,7.1762486,12.23,22.01679229736328,40428
NO3_misfit,year,A,-122.4535,47.7028,12.668139991760254,8.058447,6.152297,2.44,15.108139991760254,40429
NO3_misfit,year,A,-122.4535,47.7028,11.403228340148926,7.9780726,6.111636,1.69,13.093228340148926,40430
NO3_misfit,year,A,-122.4535,47.7028,10.964079513549805,6.2727413,5.2489195,0.11,11.074079513549805,40431
NO3_misfit,year,A,-122.4535,47.7028,11.034079513549806,6.2727413,5.2489195,0.04,11.074079513549805,40432
NO3_misfit,year,A,-122.3732,47.884,5.021295013427736,4.9886837,4.599323,26.31,31.331295013427734,40433
NO3_misfit,year,A,-122.3732,47.884,4.631003265380858,4.546993,4.375874,26.62,31.25100326538086,40434
NO3_misfit,year,A,-122.3732,47.884,5.2995565032959,4.6136417,4.4095917,25.74,31.0395565032959,40435
NO3_misfit,year,A,-122.3732,47.884,6.011716079711913,3.962591,4.080229,24.3,30.311716079711914,40436
NO3_misfit,year,A,-122.3732,47.884,4.407081985473631,3.8473904,4.02195,24.85,29.257081985473633,40437
NO3_misfit,year,A,-122.3732,47.884,3.7925107574462906,3.9553084,4.076545,25.49,29.28251075744629,40438
NO3_misfit,year,A,-122.3732,47.884,4.024452209472656,4.08649,4.1429086,25.25,29.274452209472656,40439
NO3_misfit,year,A,-122.3732,47.884,3.3519020843505842,3.7196438,3.9573233,25.17,28.521902084350586,40441
NO3_misfit,year,A,-122.3732,47.884,1.4573993682861328,3.855459,4.0260315,24.75,26.207399368286133,40442
NO3_misfit,year,A,-122.3732,47.884,0.08929740905761818,3.9335985,4.065562,24.63,24.719297409057617,40443
NO3_misfit,year,A,-122.4544,47.7047,5.759181671142578,6.4581766,5.3427305,26.07,31.829181671142578,40445
NO3_misfit,year,A,-122.4544,47.7047,7.789181671142579,6.4581766,5.3427305,24.04,31.829181671142578,40446
NO3_misfit,year,A,-122.4544,47.7047,6.55586524963379,5.7601104,4.989583,24.29,30.84586524963379,40447
NO3_misfit,year,A,-122.4544,47.7047,6.364313507080077,5.4007635,4.8077917,23.85,30.214313507080078,40448
NO3_misfit,year,A,-122.4544,47.7047,3.478988952636719,4.757707,4.4824734,25.93,29.40898895263672,40449
NO3_misfit,year,A,-122.4544,47.7047,3.367570571899414,4.3609776,4.28177,26.07,29.437570571899414,40450
NO3_misfit,year,A,-122.4544,47.7047,4.541451263427735,3.9064837,4.0518446,26.2,30.741451263427734,40451
NO3_misfit,year,A,-122.4544,47.7047,4.993144226074218,4.0411425,4.1199675,25.8,30.79314422607422,40452
NO3_misfit,year,A,-122.4544,47.7047,4.489883193969728,4.8495708,4.5289464,25.74,30.229883193969727,40453
NO3_misfit,year,A,-122.4544,47.7047,2.267322540283203,2.9433453,3.5645986,25.75,28.017322540283203,40454
NO3_misfit,year,A,-122.3049,48.018,2.3818751525878916,2.7117374,3.4474297,29.13,31.51187515258789,40457
NO3_misfit,year,A,-122.3049,48.018,1.9120369720458967,2.021687,3.0983372,29.42,31.3320369720459,40458
NO3_misfit,year,A,-122.3049,48.018,0.43044868469238295,1.8248171,2.9987419,29.59,30.020448684692383,40459
NO3_misfit,year,A,-122.3049,48.018,0.7719692230224595,1.7398273,2.9557462,28.6,29.37196922302246,40460
NO3_misfit,year,A,-122.3049,48.018,1.9610861206054686,1.6239555,2.8971272,27.41,29.37108612060547,40462
NO3_misfit,year,A,-122.3049,48.018,2.7667610931396496,3.9005222,4.0488286,25.72,28.48676109313965,40464
NO3_misfit,year,A,-122.3049,48.018,0.8951873779296875,4.9520364,4.580783,24.0,24.895187377929688,40466
NO3_misfit,year,A,-122.3049,48.018,2.191623001098634,6.161117,5.1924496,20.72,22.911623001098633,40468
NO3_misfit,year,A,-122.491,48.1082,2.652667388916015,3.670206,3.932313,29.39,32.042667388916016,40469
NO3_misfit,year,A,-122.491,48.1082,2.692667388916014,3.670206,3.932313,29.35,32.042667388916016,40470
NO3_misfit,year,A,-122.491,48.1082,2.363879699707031,3.0057533,3.5961704,29.48,31.84387969970703,40471
NO3_misfit,year,A,-122.491,48.1082,1.8631497192382795,2.3293538,3.253984,29.42,31.28314971923828,40472
NO3_misfit,year,A,-122.491,48.1082,1.506537933349609,2.0818045,3.1287503,29.23,30.73653793334961,40473
NO3_misfit,year,A,-122.491,48.1082,2.679271545410156,2.404008,3.291751,28.16,30.839271545410156,40474
NO3_misfit,year,A,-122.491,48.1082,2.862252578735351,5.090532,4.6508474,27.14,30.00225257873535,40476
NO3_misfit,year,A,-122.491,48.1082,3.1430245208740217,6.9441943,5.588604,17.92,21.063024520874023,40478
NO3_misfit,year,A,-122.491,48.1082,3.899713439941408,7.390069,5.814169,16.33,20.229713439941406,40480
NO3_misfit,year,A,-122.5562,48.2437,2.886737213134765,3.2166605,3.702867,29.14,32.026737213134766,40481
NO3_misfit,year,A,-122.5562,48.2437,2.641219024658202,3.4233916,3.807451,29.37,32.0112190246582,40482
NO3_misfit,year,A,-122.5562,48.2437,2.987344741821289,2.6916478,3.4372663,28.75,31.73734474182129,40483
NO3_misfit,year,A,-122.5562,48.2437,3.623335113525389,3.5172036,3.85491,27.51,31.13333511352539,40485
NO3_misfit,year,A,-122.5562,48.2437,7.228047332763673,6.397032,5.3117976,15.79,23.018047332763672,40488
NO3_misfit,year,A,-122.5562,48.2437,2.710778121948243,6.506948,5.3674035,15.62,18.330778121948242,40489
NO3_misfit,year,A,-122.5562,48.2437,2.3244584655761713,6.890161,5.561269,15.64,17.964458465576172,40492
NO3_misfit,year,A,-122.6882,48.1462,5.910650100708008,5.3220797,4.767986,23.16,29.070650100708008,40493
NO3_misfit,year,A,-122.6882,48.1462,4.841278305053709,5.0305376,4.6204967,23.26,28.10127830505371,40494
NO3_misfit,year,A,-122.6882,48.1462,3.9767195892333973,4.1997714,4.2002172,23.28,27.2567195892334,40495
NO3_misfit,year,A,-122.6882,48.1462,3.3869130706787125,3.7955973,3.9957476,23.24,26.62691307067871,40497
NO3_misfit,year,A,-122.6882,48.1462,3.1286605072021487,4.086988,4.1431603,23.18,26.30866050720215,40499
NO3_misfit,year,A,-122.6882,48.1462,3.0235765838623045,3.9958289,4.0970435,23.16,26.183576583862305,40501
NO3_misfit,year,A,-122.6882,48.1462,3.0777854156494158,4.0541053,4.1265254,23.08,26.157785415649414,40504
NO3_misfit,year,A,-122.8551,48.1908,4.773770065307616,4.7398324,4.4734306,26.53,31.303770065307617,40505
NO3_misfit,year,A,-122.8551,48.1908,4.7057763671875,4.752261,4.479718,25.84,30.5457763671875,40506
NO3_misfit,year,A,-122.8551,48.1908,6.083431549072266,5.077733,4.6443725,23.18,29.263431549072266,40508
NO3_misfit,year,A,-122.8551,48.1908,4.621172027587889,4.7717676,4.4895864,23.92,28.54117202758789,40510
NO3_misfit,year,A,-122.8551,48.1908,4.596966323852538,4.733617,4.4702864,23.19,27.78696632385254,40515
NO3_misfit,year,A,-122.8551,48.1908,4.756966323852538,4.733617,4.4702864,23.03,27.78696632385254,40516
NO3_misfit,year,A,-123.0212,48.2723,4.433135833740234,4.6603827,4.433237,27.41,31.843135833740234,40517
NO3_misfit,year,A,-123.0212,48.2723,5.293297958374023,4.7196,4.463195,26.3,31.593297958374023,40518
NO3_misfit,year,A,-123.0212,48.2723,5.146353607177733,4.4230022,4.313148,24.87,30.016353607177734,40519
NO3_misfit,year,A,-123.0212,48.2723,4.87461639404297,4.7361803,4.471583,23.74,28.61461639404297,40520
NO3_misfit,year,A,-123.0212,48.2723,4.7140692901611345,4.3331714,4.267703,23.58,28.294069290161133,40521
NO3_misfit,year,A,-123.0212,48.2723,4.446328353881835,5.2056704,4.709095,23.55,27.996328353881836,40524
NO3_misfit,year,A,-123.0212,48.2723,4.52455696105957,5.133909,4.6727915,23.41,27.93455696105957,40525
NO3_misfit,year,A,-123.0212,48.2723,4.532513732910157,5.0448947,4.62776,23.38,27.912513732910156,40528
NO3_misfit,year,A,-122.7195,48.3742,4.787408752441408,5.0476503,4.6291537,25.33,30.117408752441406,40529
NO3_misfit,year,A,-122.7195,48.3742,4.944127807617189,4.8101077,4.5089827,24.99,29.934127807617188,40530
NO3_misfit,year,A,-122.7195,48.3742,5.521930694580078,4.784961,4.4962606,23.5,29.021930694580078,40531
NO3_misfit,year,A,-122.7195,48.3742,5.4609988403320315,4.1490464,4.174556,22.93,28.39099884033203,40532
NO3_misfit,year,A,-122.7195,48.3742,5.426949310302735,4.1340528,4.1669703,22.7,28.126949310302734,40533
NO3_misfit,year,A,-122.7195,48.3742,5.480817871093748,4.6753273,4.440798,22.42,27.90081787109375,40535
NO3_misfit,year,A,-122.7195,48.3742,5.404643173217774,4.4390845,4.3212843,22.38,27.784643173217773,40537
NO3_misfit,year,A,-122.7195,48.3742,5.371949386596679,3.717153,3.9560633,22.3,27.67194938659668,40539
NO3_misfit,year,A,-122.6266,47.9862,5.871426544189454,4.871932,4.540259,23.79,29.661426544189453,40541
NO3_misfit,year,A,-122.6266,47.9862,5.436408462524415,5.4132347,4.8141007,23.31,28.746408462524414,40542
NO3_misfit,year,A,-122.6266,47.9862,4.361972579956056,4.8481936,4.5282497,23.74,28.101972579956055,40543
NO3_misfit,year,A,-122.6266,47.9862,3.7267765808105473,4.339487,4.270898,24.27,27.996776580810547,40545
NO3_misfit,year,A,-122.6266,47.9862,3.1949979400634767,4.3414,4.271866,24.34,27.534997940063477,40547
NO3_misfit,year,A,-122.6266,47.9862,1.8544026947021486,3.7508345,3.9731026,24.59,26.44440269470215,40549
NO3_misfit,year,A,-122.6266,47.9862,0.2391554260253912,3.9021854,4.04967,24.86,25.09915542602539,40551
NO3_misfit,year,A,-122.6054,47.8989,5.230063781738281,5.785488,5.0024214,23.64,28.87006378173828,40553
NO3_misfit,year,A,-122.6054,47.8989,5.300063781738281,5.813754,5.016721,23.57,28.87006378173828,40555
NO3_misfit,year,A,-122.6054,47.8989,5.499973220825197,5.6056385,4.9114366,23.33,28.829973220825195,40556
NO3_misfit,year,A,-122.6054,47.8989,5.505670700073242,5.6200233,4.9187136,22.84,28.345670700073242,40557
NO3_misfit,year,A,-122.6054,47.8989,6.575194168090821,5.5677342,4.892261,21.45,28.02519416809082,40558
NO3_misfit,year,A,-122.6054,47.8989,7.047134094238281,5.565814,4.8912897,20.32,27.36713409423828,40560
NO3_misfit,year,A,-122.6054,47.8989,5.536203231811523,5.2851534,4.749305,19.41,24.946203231811523,40561
NO3_misfit,year,A,-122.6054,47.8989,5.121068572998048,4.8062687,4.50704,18.15,23.271068572998047,40562
NO3_misfit,year,A,-122.6054,47.8989,5.01075553894043,4.8160415,4.511984,17.25,22.26075553894043,40564
NO3_misfit,year,A,-122.7198,47.8003,5.638299407958986,5.8324413,5.0261745,23.06,28.698299407958984,40565
NO3_misfit,year,A,-122.7198,47.8003,5.97044219970703,6.066299,5.1444817,22.85,28.82044219970703,40566
NO3_misfit,year,A,-122.7198,47.8003,6.555052795410155,5.4168806,4.815945,21.96,28.515052795410156,40567
NO3_misfit,year,A,-122.7198,47.8003,9.790511703491212,5.5751743,4.8960247,17.9,27.69051170349121,40569
NO3_misfit,year,A,-122.7198,47.8003,5.79413719177246,4.9370103,4.5731816,17.55,23.34413719177246,40571
NO3_misfit,year,A,-122.7198,47.8003,3.921710968017578,3.7896552,3.9927416,17.75,21.671710968017578,40573
NO3_misfit,year,A,-122.7198,47.8003,2.614613113403319,3.3605866,3.7756784,17.69,20.30461311340332,40576
NO3_misfit,year,A,-123.1349,47.3713,6.7636181640625,7.4401293,5.839494,30.07,36.8336181640625,40577
NO3_misfit,year,A,-123.1349,47.3713,5.6727574157714855,6.852079,5.542003,30.22,35.892757415771484,40578
NO3_misfit,year,A,-123.1349,47.3713,4.573617553710939,4.8107357,4.5093,30.15,34.72361755371094,40580
NO3_misfit,year,A,-123.1349,47.3713,3.89424819946289,5.2077184,4.710131,30.3,34.19424819946289,40582
NO3_misfit,year,A,-123.1349,47.3713,5.349615783691405,6.558254,5.393359,28.78,34.129615783691406,40584
NO3_misfit,year,A,-123.1349,47.3713,4.45870132446289,8.73253,6.493312,28.3,32.75870132446289,40586
NO3_misfit,year,A,-123.1349,47.3713,12.874645385742188,12.048793,8.170989,17.09,29.964645385742188,40588
NO3_misfit,year,A,-123.1074,47.4256,7.571163330078125,8.125048,6.1859903,29.59,37.161163330078125,40589
NO3_misfit,year,A,-123.1074,47.4256,7.230210876464845,7.5043783,5.871998,29.9,37.130210876464844,40591
NO3_misfit,year,A,-123.1074,47.4256,6.223841094970702,6.157055,5.190395,30.1,36.3238410949707,40592
NO3_misfit,year,A,-123.1074,47.4256,4.2748416137695315,4.714132,4.4604287,30.18,34.45484161376953,40593
NO3_misfit,year,A,-123.1074,47.4256,3.477001037597656,5.120078,4.6657944,30.16,33.637001037597656,40594
NO3_misfit,year,A,-123.1074,47.4256,3.7076818847656234,7.6247134,5.9328747,29.01,32.717681884765625,40595
NO3_misfit,year,A,-123.1074,47.4256,3.721907501220702,9.235731,6.747878,27.62,31.341907501220703,40597
NO3_misfit,year,A,-123.1074,47.4256,3.816581192016603,8.388988,6.319516,23.06,26.8765811920166,40599
NO3_misfit,year,A,-123.0075,47.5465,7.065303192138671,8.191129,6.2194204,29.64,36.70530319213867,40601
NO3_misfit,year,A,-123.0075,47.5465,6.861980590820313,8.212857,6.2304125,29.84,36.70198059082031,40602
NO3_misfit,year,A,-123.0075,47.5465,6.872136993408205,7.3463535,5.7920537,29.83,36.7021369934082,40603
NO3_misfit,year,A,-123.0075,47.5465,7.05005615234375,7.22376,5.730035,29.57,36.62005615234375,40604
NO3_misfit,year,A,-123.0075,47.5465,6.121868743896485,6.458347,5.3428164,28.36,34.481868743896484,40606
NO3_misfit,year,A,-123.0075,47.5465,5.051413879394531,5.361349,4.7878523,27.89,32.94141387939453,40608
NO3_misfit,year,A,-123.0075,47.5465,5.4993367004394536,5.272894,4.743103,26.77,32.26933670043945,40609
NO3_misfit,year,A,-123.0075,47.5465,4.065233306884764,6.418869,5.322845,26.42,30.485233306884766,40610
NO3_misfit,year,A,-123.0075,47.5465,-0.44354331970214744,4.580775,4.3929644,25.38,24.93645668029785,40611
NO3_misfit,year,A,-123.0075,47.5465,-0.913705215454101,4.1424522,4.17122,24.11,23.1962947845459,40612
NO3_misfit,year,A,-122.94,47.6066,6.550461883544923,7.980205,6.1127157,29.63,36.18046188354492,40613
NO3_misfit,year,A,-122.94,47.6066,6.679378662109375,7.4745483,5.856907,29.59,36.269378662109375,40614
NO3_misfit,year,A,-122.94,47.6066,6.885833129882812,7.700346,5.971136,29.64,36.52583312988281,40615
NO3_misfit,year,A,-122.94,47.6066,7.510756072998046,7.4142175,5.8263855,28.94,36.45075607299805,40617
NO3_misfit,year,A,-122.94,47.6066,8.081546783447266,6.9344697,5.583684,27.0,35.081546783447266,40618
NO3_misfit,year,A,-122.94,47.6066,9.41690704345703,5.5850334,4.9010124,22.53,31.94690704345703,40619
NO3_misfit,year,A,-122.94,47.6066,7.596679153442384,5.3475814,4.780887,22.81,30.406679153442383,40621
NO3_misfit,year,A,-122.94,47.6066,5.818928604125976,6.1320634,5.1777515,23.12,28.938928604125977,40622
NO3_misfit,year,A,-122.94,47.6066,0.9890724945068357,4.7546997,4.480952,22.07,23.059072494506836,40623
NO3_misfit,year,A,-122.94,47.6066,-2.338544158935548,3.2737048,3.7317255,21.78,19.441455841064453,40624
NO3_misfit,year,A,-122.8599,47.6621,11.796045227050783,7.9782257,6.1117144,24.08,35.87604522705078,40625
NO3_misfit,year,A,-122.8599,47.6621,9.542498779296874,7.721967,5.9820747,26.05,35.592498779296875,40626
NO3_misfit,year,A,-122.8599,47.6621,9.29054489135742,6.794346,5.5127964,23.6,32.89054489135742,40627
NO3_misfit,year,A,-122.8599,47.6621,7.873020095825197,5.788696,5.004044,22.58,30.453020095825195,40628
NO3_misfit,year,A,-122.8599,47.6621,6.759919738769533,4.8953834,4.552123,22.65,29.40991973876953,40630
NO3_misfit,year,A,-122.8599,47.6621,6.0853245544433605,5.9167705,5.068836,21.72,27.80532455444336,40631
NO3_misfit,year,A,-122.8599,47.6621,-0.35708038330078296,4.7888474,4.498227,22.42,22.06291961669922,40633
NO3_misfit,year,A,-122.8599,47.6621,-1.4140327453613288,2.844439,3.5145626,22.55,21.135967254638672,40635
NO3_misfit,year,A,-122.7603,47.736,10.16749725341797,7.942977,6.0938816,22.15,32.31749725341797,40637
NO3_misfit,year,A,-122.7603,47.736,9.45749725341797,7.608021,5.92443,22.86,32.31749725341797,40638
NO3_misfit,year,A,-122.7603,47.736,8.994595108032225,7.072493,5.653509,21.94,30.934595108032227,40639
NO3_misfit,year,A,-122.7603,47.736,8.812557830810547,6.5840063,5.406387,20.86,29.672557830810547,40640
NO3_misfit,year,A,-122.7603,47.736,8.305087432861328,5.808766,5.0141973,20.39,28.695087432861328,40641
NO3_misfit,year,A,-122.7603,47.736,5.55369155883789,4.7578254,4.482533,18.82,24.37369155883789,40644
NO3_misfit,year,A,-122.7603,47.736,2.346456146240236,3.8966005,4.0468445,17.9,20.246456146240234,40645
NO3_misfit,year,A,-122.7603,47.736,0.7609831237792974,2.5678942,3.37466,17.86,18.620983123779297,40647
NO3_misfit,year,A,-123.0576,47.4899,7.307236022949219,8.353183,6.301403,29.68,36.98723602294922,40649
NO3_misfit,year,A,-123.0576,47.4899,7.117236022949218,8.353183,6.301403,29.87,36.98723602294922,40650
NO3_misfit,year,A,-123.0576,47.4899,7.098016815185545,7.790166,6.016576,29.92,37.01801681518555,40651
NO3_misfit,year,A,-123.0576,47.4899,7.172968139648436,6.8413672,5.536584,29.76,36.93296813964844,40653
NO3_misfit,year,A,-123.0576,47.4899,7.130958099365234,6.9965076,5.615069,28.73,35.860958099365234,40654
NO3_misfit,year,A,-123.0576,47.4899,5.373927764892578,4.960027,4.5848255,28.57,33.94392776489258,40655
NO3_misfit,year,A,-123.0576,47.4899,4.648395690917969,5.2136474,4.713131,28.34,32.98839569091797,40656
NO3_misfit,year,A,-123.0576,47.4899,4.88942916870117,6.2603436,5.242648,27.17,32.05942916870117,40657
NO3_misfit,year,A,-123.0576,47.4899,2.3199539184570312,7.083368,5.659011,26.75,29.06995391845703,40658
NO3_misfit,year,A,-123.0576,47.4899,0.5191024017333987,5.983594,5.102642,24.68,25.1991024017334,40660
NO3_misfit,year,A,-123.0239,47.3558,4.6512704467773425,5.6847415,4.951454,29.94,34.591270446777344,40661
NO3_misfit,year,A,-123.0239,47.3558,5.1191510009765615,5.657053,4.9374466,29.62,34.73915100097656,40663
NO3_misfit,year,A,-123.0239,47.3558,5.286934204101563,5.878639,5.0495462,29.43,34.71693420410156,40665
NO3_misfit,year,A,-123.0239,47.3558,6.071020507812499,7.1305857,5.682898,28.35,34.4210205078125,40667
NO3_misfit,year,A,-123.0239,47.3558,18.430933837890628,9.379111,6.8204136,15.12,33.550933837890625,40669
NO3_misfit,year,A,-123.0239,47.3558,14.619324264526368,12.57432,8.436851,11.94,26.559324264526367,40671
NO3_misfit,year,A,-122.4436,47.5589,7.974409790039061,6.8313437,5.531513,23.03,31.004409790039062,40673
NO3_misfit,year,A,-122.4436,47.5589,8.916477890014647,6.4938436,5.360774,23.03,31.94647789001465,40674
NO3_misfit,year,A,-122.4436,47.5589,8.586853256225584,6.4485474,5.337859,23.26,31.846853256225586,40675
NO3_misfit,year,A,-122.4436,47.5589,7.7193952178955065,6.287905,5.256591,23.69,31.409395217895508,40676
NO3_misfit,year,A,-122.4436,47.5589,6.894564895629884,5.7462974,4.982595,23.97,30.864564895629883,40677
NO3_misfit,year,A,-122.4436,47.5589,6.17870620727539,5.4511814,4.8332977,24.21,30.38870620727539,40678
NO3_misfit,year,A,-122.4436,47.5589,5.406002197265625,5.077453,4.644231,24.59,29.996002197265625,40679
NO3_misfit,year,A,-122.4436,47.5589,4.670028610229494,4.244304,4.222746,26.08,30.750028610229492,40680
NO3_misfit,year,A,-122.4436,47.5589,5.040916671752928,4.4302683,4.316824,25.76,30.80091667175293,40681
NO3_misfit,year,A,-122.4436,47.5589,5.163107986450196,4.7463207,4.476713,25.13,30.293107986450195,40682
NO3_misfit,year,A,-122.4436,47.5589,4.407170181274413,4.0941386,4.146778,25.12,29.527170181274414,40683
NO3_misfit,year,A,-122.4436,47.5589,4.0713676452636705,3.5485947,3.8707905,25.1,29.171367645263672,40684
NO3_misfit,year,A,-122.4061,47.4566,8.212235412597657,5.2824373,4.747931,23.79,32.002235412597656,40685
NO3_misfit,year,A,-122.4061,47.4566,5.528088378906251,5.1716557,4.691887,26.45,31.97808837890625,40686
NO3_misfit,year,A,-122.4061,47.4566,6.414835662841796,5.02677,4.6185904,25.53,31.944835662841797,40687
NO3_misfit,year,A,-122.4061,47.4566,7.036745071411133,5.2384634,4.725685,24.75,31.786745071411133,40688
NO3_misfit,year,A,-122.4061,47.4566,6.696745071411133,5.2384634,4.725685,25.09,31.786745071411133,40689
NO3_misfit,year,A,-122.4061,47.4566,5.482629470825195,5.210377,4.7114763,26.07,31.552629470825195,40690
NO3_misfit,year,A,-122.4061,47.4566,5.096184997558595,4.579451,4.392295,25.97,31.066184997558594,40691
NO3_misfit,year,A,-122.4061,47.4566,5.167203750610351,3.7805934,3.9881573,25.91,31.07720375061035,40692
NO3_misfit,year,A,-122.4061,47.4566,5.316284942626954,3.841458,4.0189486,25.7,31.016284942626953,40693
NO3_misfit,year,A,-122.4061,47.4566,4.278860626220702,4.581563,4.393363,25.69,29.968860626220703,40694
NO3_misfit,year,A,-122.4061,47.4566,3.7136528778076183,3.672427,3.9334364,25.47,29.183652877807617,40695
NO3_misfit,year,A,-122.4061,47.4566,2.841594543457031,3.3145943,3.7524111,25.41,28.25159454345703,40696
NO3_misfit,year,A,-122.3617,47.3951,4.905823364257813,5.1392336,4.675485,27.11,32.01582336425781,40697
NO3_misfit,year,A,-122.3617,47.3951,5.065823364257813,5.0572176,4.6339936,26.95,32.01582336425781,40698
NO3_misfit,year,A,-122.3617,47.3951,5.357821350097655,4.9123316,4.5606966,26.62,31.977821350097656,40699
NO3_misfit,year,A,-122.3617,47.3951,6.863241729736327,5.058128,4.6344543,24.69,31.553241729736328,40701
NO3_misfit,year,A,-122.3617,47.3951,7.65369583129883,3.6839721,3.9392772,23.49,31.143695831298828,40704
NO3_misfit,year,A,-122.3617,47.3951,7.847757873535155,3.940488,4.069047,23.19,31.037757873535156,40705
NO3_misfit,year,A,-122.3617,47.3951,6.05062171936035,4.1805706,4.190503,23.03,29.08062171936035,40708
NO3_misfit,year,A,-122.4999,47.3208,5.309390945434572,4.903925,4.556444,26.58,31.88939094543457,40709
NO3_misfit,year,A,-122.4999,47.3208,5.65939094543457,4.903925,4.556444,26.23,31.88939094543457,40710
NO3_misfit,year,A,-122.4999,47.3208,6.37547492980957,4.8996887,4.554301,25.5,31.87547492980957,40711
NO3_misfit,year,A,-122.4999,47.3208,6.327840118408204,4.836231,4.5221977,25.47,31.797840118408203,40712
NO3_misfit,year,A,-122.4999,47.3208,5.752822113037109,4.786034,4.4968038,25.8,31.55282211303711,40714
NO3_misfit,year,A,-122.4999,47.3208,5.224997634887696,4.7707415,4.489067,26.13,31.354997634887695,40715
NO3_misfit,year,A,-122.4999,47.3208,5.036548080444337,4.6032248,4.4043217,26.06,31.096548080444336,40716
NO3_misfit,year,A,-122.4999,47.3208,5.008236541748047,5.650741,4.9342537,25.86,30.868236541748047,40717
NO3_misfit,year,A,-122.4999,47.3208,5.281790618896483,6.227038,5.2257986,25.12,30.401790618896484,40718
NO3_misfit,year,A,-122.4999,47.3208,4.731569137573242,5.90109,5.0609035,25.16,29.891569137573242,40719
NO3_misfit,year,A,-122.6329,47.183,5.787150421142577,5.4052753,4.810074,25.46,31.247150421142578,40721
NO3_misfit,year,A,-122.6329,47.183,5.957450103759765,5.151901,4.6818933,25.05,31.007450103759766,40722
NO3_misfit,year,A,-122.6329,47.183,5.864419403076173,5.1268954,4.6692433,25.06,30.924419403076172,40723
NO3_misfit,year,A,-122.6329,47.183,5.772977752685549,4.6830487,4.444704,25.08,30.852977752685547,40724
NO3_misfit,year,A,-122.6329,47.183,5.671143569946288,5.173656,4.692899,24.96,30.63114356994629,40726
NO3_misfit,year,A,-122.6329,47.183,5.651749649047851,6.034358,5.128323,24.71,30.36174964904785,40727
NO3_misfit,year,A,-122.6329,47.183,5.809610214233398,6.2610807,5.243021,24.16,29.9696102142334,40728
NO3_misfit,year,A,-122.6329,47.183,5.183028564453124,6.472826,5.3501415,23.89,29.073028564453125,40729
NO3_misfit,year,A,-122.6329,47.183,5.311434783935546,6.3403645,5.2831297,23.21,28.521434783935547,40730
NO3_misfit,year,A,-122.6329,47.183,5.632479324340821,6.1695337,5.1967077,22.36,27.99247932434082,40731
NO3_misfit,year,A,-122.7862,47.1673,4.6602702331542964,5.78517,5.00226,25.98,30.640270233154297,40733
NO3_misfit,year,A,-122.7862,47.1673,5.443108596801757,5.721729,4.970166,25.21,30.653108596801758,40734
NO3_misfit,year,A,-122.7862,47.1673,5.651578750610351,5.6057386,4.911487,24.91,30.56157875061035,40735
NO3_misfit,year,A,-122.7862,47.1673,5.862458038330079,5.9856305,5.103672,24.45,30.312458038330078,40736
NO3_misfit,year,A,-122.7862,47.1673,5.776285934448243,6.252728,5.2387953,24.2,29.976285934448242,40738
NO3_misfit,year,A,-122.7862,47.1673,5.508987121582031,6.4913316,5.3595033,23.57,29.07898712158203,40739
NO3_misfit,year,A,-122.7862,47.1673,5.516174926757813,6.531469,5.3798084,21.86,27.376174926757812,40741
NO3_misfit,year,A,-122.7862,47.1673,4.524250564575194,5.289217,4.751361,21.69,26.214250564575195,40743
NO3_misfit,year,A,-122.7085,47.2776,5.309354553222658,5.487314,4.851577,26.24,31.549354553222656,40745
NO3_misfit,year,A,-122.7085,47.2776,5.509354553222657,5.487314,4.851577,26.04,31.549354553222656,40746
NO3_misfit,year,A,-122.7085,47.2776,5.434581146240234,5.312408,4.763093,26.14,31.574581146240234,40747
NO3_misfit,year,A,-122.7085,47.2776,5.26616828918457,5.2323594,4.722597,26.07,31.33616828918457,40748
NO3_misfit,year,A,-122.7085,47.2776,8.446340942382811,5.705937,4.962177,22.35,30.796340942382812,40750
NO3_misfit,year,A,-122.7085,47.2776,11.280810317993165,6.409271,5.3179893,19.04,30.320810317993164,40751
NO3_misfit,year,A,-122.7085,47.2776,19.05890655517578,7.304546,5.7709036,10.0,29.05890655517578,40752
NO3_misfit,year,A,-122.7085,47.2776,21.306644287109375,8.052478,6.1492777,5.66,26.966644287109375,40753
NO3_misfit,year,A,-122.7085,47.2776,21.990395965576173,9.587759,6.925967,2.81,24.800395965576172,40755
NO3_misfit,year,A,-122.3023,48.0151,3.793526992797851,5.0037403,4.60694,28.14,31.93352699279785,40757
NO3_misfit,year,A,-122.3023,48.0151,3.33352699279785,5.0037403,4.60694,28.6,31.93352699279785,40758
NO3_misfit,year,A,-122.3023,48.0151,5.565729522705077,5.0058494,4.608007,25.35,30.915729522705078,40759
NO3_misfit,year,A,-122.3023,48.0151,4.404894027709961,4.8633404,4.5359125,22.59,26.99489402770996,40760
NO3_misfit,year,A,-122.3023,48.0151,4.338808212280274,5.3812737,4.7979317,20.59,24.928808212280273,40762
NO3_misfit,year,A,-122.3023,48.0151,4.881847763061524,6.0681276,5.1454067,15.85,20.731847763061523,40764
NO3_misfit,year,A,-122.3023,48.0151,10.750867195129395,7.815317,6.0292997,0.18,10.930867195129395,40766
NO3_misfit,year,A,-122.3023,48.0151,6.785741329193115,5.517124,4.8666577,0.25,7.035741329193115,40768
NO3_misfit,year,A,-122.4872,48.1073,6.334848632812498,7.6077986,5.9243174,26.51,32.8448486328125,40769
NO3_misfit,year,A,-122.4872,48.1073,6.304848632812501,7.6077986,5.9243174,26.54,32.8448486328125,40770
NO3_misfit,year,A,-122.4872,48.1073,6.26379119873047,6.7915196,5.511367,26.63,32.89379119873047,40771
NO3_misfit,year,A,-122.4872,48.1073,5.4110936737060555,6.508087,5.36798,26.29,31.701093673706055,40772
NO3_misfit,year,A,-122.4872,48.1073,4.303115615844728,6.8101583,5.520796,24.74,29.043115615844727,40773
NO3_misfit,year,A,-122.4872,48.1073,3.2575997924804696,7.151109,5.693281,23.54,26.79759979248047,40774
NO3_misfit,year,A,-122.4872,48.1073,11.262351608276367,9.061272,6.6596203,12.4,23.662351608276367,40776
NO3_misfit,year,A,-122.4872,48.1073,10.362315254211426,8.857057,6.5563097,0.17,10.532315254211426,40778
NO3_misfit,year,A,-122.4872,48.1073,7.929380912780761,7.5304737,5.885199,0.48,8.409380912780762,40780
NO3_misfit,year,A,-122.3672,47.8849,10.292515563964844,10.180645,7.2259045,21.45,31.742515563964844,40781
NO3_misfit,year,A,-122.3672,47.8849,10.590005035400392,9.532841,6.898185,21.13,31.72000503540039,40782
NO3_misfit,year,A,-122.3672,47.8849,6.788155364990235,9.15431,6.706688,24.7,31.488155364990234,40783
NO3_misfit,year,A,-122.3672,47.8849,9.641555938720703,8.399154,6.3246593,20.84,30.481555938720703,40784
NO3_misfit,year,A,-122.3672,47.8849,4.596625671386718,7.638557,5.9398775,22.64,27.23662567138672,40785
NO3_misfit,year,A,-122.3672,47.8849,5.246053237915039,7.3984313,5.8183994,20.48,25.72605323791504,40786
NO3_misfit,year,A,-122.3672,47.8849,6.291066513061523,7.7124715,5.9772706,18.39,24.681066513061523,40787
NO3_misfit,year,A,-122.3672,47.8849,4.76163429260254,7.1575685,5.6965485,17.81,22.57163429260254,40789
NO3_misfit,year,A,-122.3672,47.8849,1.7752340698242186,5.0296454,4.620045,17.16,18.93523406982422,40790
NO3_misfit,year,A,-122.3672,47.8849,2.5321996307373045,3.7480671,3.9717026,11.24,13.772199630737305,40791
NO3_misfit,year,A,-122.4428,47.5523,13.851972503662111,11.048015,7.6647015,20.08,33.93197250366211,40793
NO3_misfit,year,A,-122.4428,47.5523,12.347925872802733,10.89701,7.5883093,21.53,33.877925872802734,40794
NO3_misfit,year,A,-122.4428,47.5523,12.347852783203123,10.916457,7.5981474,21.42,33.767852783203125,40795
NO3_misfit,year,A,-122.4428,47.5523,11.203895416259765,10.698534,7.4879017,22.16,33.363895416259766,40796
NO3_misfit,year,A,-122.4428,47.5523,8.988774719238283,9.38285,6.8223047,23.31,32.29877471923828,40797
NO3_misfit,year,A,-122.4428,47.5523,7.096660919189453,9.337124,6.7991724,23.18,30.276660919189453,40798
NO3_misfit,year,A,-122.4428,47.5523,6.555931091308594,8.269155,6.258893,20.75,27.305931091308594,40799
NO3_misfit,year,A,-122.4428,47.5523,10.608846435546875,8.69224,6.472929,15.99,26.598846435546875,40800
NO3_misfit,year,A,-122.4428,47.5523,9.18214614868164,8.385708,6.317857,15.67,24.85214614868164,40801
NO3_misfit,year,A,-122.4428,47.5523,4.022153930664063,4.2776937,4.2396374,15.42,19.442153930664062,40802
NO3_misfit,year,A,-122.4428,47.5523,3.047510719299316,2.6663988,3.4244928,12.65,15.697510719299316,40803
NO3_misfit,year,A,-122.4428,47.5523,1.6433502578735357,0.5722589,2.3650804,12.11,13.753350257873535,40804
NO3_misfit,year,A,-122.5521,48.2413,5.349799346923827,6.7638736,5.4973807,27.55,32.89979934692383,40805
NO3_misfit,year,A,-122.5521,48.2413,5.202610321044922,6.3111596,5.2683554,27.68,32.88261032104492,40806
NO3_misfit,year,A,-122.5521,48.2413,6.053720855712889,6.2987647,5.262085,25.85,31.90372085571289,40808
NO3_misfit,year,A,-122.5521,48.2413,7.036719665527343,7.1467276,5.691064,24.14,31.176719665527344,40810
NO3_misfit,year,A,-122.5521,48.2413,14.412178421020508,9.948994,7.108714,11.85,26.262178421020508,40812
NO3_misfit,year,A,-122.5521,48.2413,22.970749816894532,14.445581,9.383511,0.29,23.26074981689453,40814
NO3_misfit,year,A,-122.5521,48.2413,17.255665130615235,14.079125,9.198122,0.68,17.935665130615234,40816
NO3_misfit,year,A,-122.6176,47.9796,10.993088989257814,8.774724,6.514658,18.97,29.963088989257812,40817
NO3_misfit,year,A,-122.6176,47.9796,9.97239013671875,8.842471,6.54893,17.79,27.76239013671875,40818
NO3_misfit,year,A,-122.6176,47.9796,8.889967956542968,8.497401,6.374362,17.21,26.09996795654297,40820
NO3_misfit,year,A,-122.6176,47.9796,7.964126968383788,8.282882,6.2658377,16.35,24.31412696838379,40822
NO3_misfit,year,A,-122.6176,47.9796,6.097890396118164,7.767416,6.005067,15.98,22.077890396118164,40824
NO3_misfit,year,A,-122.6176,47.9796,6.396293869018555,7.0651717,5.6498055,13.26,19.656293869018555,40826
NO3_misfit,year,A,-122.6176,47.9796,4.369343566894532,7.113784,5.6743984,12.2,16.56934356689453,40828
NO3_misfit,year,A,-122.6026,47.8955,9.475012130737305,9.323286,6.7921715,19.43,28.905012130737305,40829
NO3_misfit,year,A,-122.6026,47.8955,9.725012130737305,9.323286,6.7921715,19.18,28.905012130737305,40831
NO3_misfit,year,A,-122.6026,47.8955,10.302166366577147,9.092074,6.6752033,18.6,28.90216636657715,40832
NO3_misfit,year,A,-122.6026,47.8955,12.161851577758789,9.039916,6.648817,16.07,28.23185157775879,40833
NO3_misfit,year,A,-122.6026,47.8955,11.213265686035156,8.439413,6.345026,14.97,26.183265686035156,40834
NO3_misfit,year,A,-122.6026,47.8955,9.829326171875,8.258387,6.2534456,14.23,24.059326171875,40836
NO3_misfit,year,A,-122.6026,47.8955,8.666678085327149,6.976007,5.6046977,11.36,20.02667808532715,40837
NO3_misfit,year,A,-122.8643,48.1933,7.323255920410155,6.906596,5.569583,28.1,35.423255920410156,40841
NO3_misfit,year,A,-122.8643,48.1933,9.569120635986327,7.137056,5.6861715,23.76,33.32912063598633,40842
NO3_misfit,year,A,-122.8643,48.1933,8.37332794189453,7.937776,6.0912504,21.53,29.90332794189453,40844
NO3_misfit,year,A,-122.8643,48.1933,8.165501098632813,7.7798615,6.011363,20.27,28.435501098632812,40846
NO3_misfit,year,A,-122.8643,48.1933,9.022476730346678,8.838485,6.546914,17.94,26.96247673034668,40848
NO3_misfit,year,A,-122.8643,48.1933,8.891253967285156,7.713067,5.977572,17.23,26.121253967285156,40850
NO3_misfit,year,A,-122.8643,48.1933,8.846279373168944,6.990625,5.612093,16.76,25.606279373168945,40852
NO3_misfit,year,A,-123.0203,48.2717,6.916979370117186,5.788542,5.0039663,29.69,36.60697937011719,40853
NO3_misfit,year,A,-123.0203,48.2717,6.468794860839843,6.2333317,5.228983,29.46,35.928794860839844,40854
NO3_misfit,year,A,-123.0203,48.2717,9.823780975341798,6.7190104,5.4746847,23.04,32.8637809753418,40855
NO3_misfit,year,A,-123.0203,48.2717,8.148481445312498,6.629356,5.429329,19.67,27.8184814453125,40856
NO3_misfit,year,A,-123.0203,48.2717,7.382887954711915,6.6458488,5.4376726,19.13,26.512887954711914,40858
NO3_misfit,year,A,-123.0203,48.2717,6.307398147583008,6.771894,5.501438,18.68,24.987398147583008,40860
NO3_misfit,year,A,-123.0203,48.2717,6.2614437866210935,7.0803523,5.657485,18.32,24.581443786621094,40862
NO3_misfit,year,A,-123.0203,48.2717,6.4005770111084,7.098902,5.6668696,18.06,24.4605770111084,40864
NO3_misfit,year,A,-122.7166,48.3691,7.227954101562499,6.6648617,5.4472914,26.8,34.0279541015625,40865
NO3_misfit,year,A,-122.7166,48.3691,7.558090515136719,6.6961946,5.4631424,26.68,34.23809051513672,40866
NO3_misfit,year,A,-122.7166,48.3691,8.133091430664063,7.0846925,5.6596813,24.52,32.65309143066406,40867
NO3_misfit,year,A,-122.7166,48.3691,8.086779022216795,6.888368,5.560362,19.85,27.936779022216797,40868
NO3_misfit,year,A,-122.7166,48.3691,7.358479461669923,7.755564,5.999071,19.04,26.398479461669922,40870
NO3_misfit,year,A,-122.7166,48.3691,6.778532257080077,6.28964,5.2574687,18.26,25.038532257080078,40872
NO3_misfit,year,A,-122.7166,48.3691,6.0416645812988286,6.144386,5.1839857,18.27,24.311664581298828,40874
NO3_misfit,year,A,-122.4554,47.7045,13.874587249755859,11.050121,7.6657677,19.55,33.42458724975586,40877
NO3_misfit,year,A,-122.4554,47.7045,11.001541595458985,10.16478,7.2178783,21.52,32.521541595458984,40879
NO3_misfit,year,A,-122.4554,47.7045,9.038657150268556,9.753556,7.009843,21.54,30.578657150268555,40880
NO3_misfit,year,A,-122.4554,47.7045,8.490755767822264,9.113426,6.6860056,21.28,29.770755767822266,40881
NO3_misfit,year,A,-122.4554,47.7045,5.345953369140624,8.559486,6.4057703,22.1,27.445953369140625,40882
NO3_misfit,year,A,-122.4554,47.7045,6.851977539062499,8.708303,6.481056,20.05,26.9019775390625,40883
NO3_misfit,year,A,-122.4554,47.7045,4.140854110717772,6.473577,5.350521,16.01,20.150854110717773,40885
NO3_misfit,year,A,-122.4554,47.7045,-2.29103775024414,3.4629886,3.827483,14.45,12.15896224975586,40886
NO3_misfit,year,A,-122.4554,47.7045,-3.9989030456542967,2.7114682,3.4472933,14.26,10.261096954345703,40888
NO3_misfit,year,A,-122.7195,47.801,10.262163848876952,9.567362,6.9156485,19.03,29.292163848876953,40889
NO3_misfit,year,A,-122.7195,47.801,10.334897384643554,9.523611,6.8935156,18.89,29.224897384643555,40890
NO3_misfit,year,A,-122.7195,47.801,9.301294097900392,9.184013,6.721715,19.24,28.54129409790039,40891
NO3_misfit,year,A,-122.7195,47.801,7.252842941284179,8.611502,6.432084,18.46,25.71284294128418,40894
NO3_misfit,year,A,-122.7195,47.801,4.943441162109375,6.850918,5.541416,13.74,18.683441162109375,40896
NO3_misfit,year,A,-122.7195,47.801,5.028234901428223,4.887605,4.5481877,5.81,10.838234901428223,40898
NO3_misfit,year,A,-122.7195,47.801,3.252128448486328,2.3946867,3.2870355,4.41,7.662128448486328,40900
NO3_misfit,year,A,-123.1315,47.3712,8.072106323242188,9.790526,7.0285463,32.79,40.86210632324219,40901
NO3_misfit,year,A,-123.1315,47.3712,8.611528320312502,8.52337,6.387499,32.33,40.9415283203125,40902
NO3_misfit,year,A,-123.1315,47.3712,9.327437438964843,8.21659,6.2323008,30.96,40.287437438964844,40903
NO3_misfit,year,A,-123.1315,47.3712,10.879394073486328,9.140583,6.6997433,28.98,39.85939407348633,40905
NO3_misfit,year,A,-123.1315,47.3712,16.46421859741211,17.50912,10.933336,19.52,35.98421859741211,40907
NO3_misfit,year,A,-123.1315,47.3712,12.648732299804687,11.126415,7.704364,0.13,12.778732299804688,40909
NO3_misfit,year,A,-123.1315,47.3712,1.3500818729400634,1.4797392,2.8241692,0.3,1.6500818729400635,40911
NO3_misfit,year,A,-123.1079,47.4252,9.062735443115237,10.593565,7.4347982,32.37,41.432735443115234,40913
NO3_misfit,year,A,-123.1079,47.4252,8.901225128173827,10.192708,7.232007,32.71,41.61122512817383,40915
NO3_misfit,year,A,-123.1079,47.4252,10.33583770751953,8.477164,6.3641243,30.89,41.22583770751953,40916
NO3_misfit,year,A,-123.1079,47.4252,6.164356384277344,7.405324,5.8218865,30.34,36.504356384277344,40917
NO3_misfit,year,A,-123.1079,47.4252,7.7898945617675786,8.333422,6.2914057,27.02,34.80989456176758,40918
NO3_misfit,year,A,-123.1079,47.4252,19.227054824829104,15.745712,10.041239,11.26,30.4870548248291,40920
NO3_misfit,year,A,-123.1079,47.4252,12.969558334350586,11.208591,7.7459364,0.15,13.119558334350586,40921
NO3_misfit,year,A,-123.1079,47.4252,1.8822905540466308,1.5973799,2.8836827,0.3,2.182290554046631,40923
NO3_misfit,year,A,-123.0084,47.5465,8.921540527343751,10.446742,7.3605213,32.22,41.14154052734375,40925
NO3_misfit,year,A,-123.0084,47.5465,8.651540527343748,10.446742,7.3605213,32.49,41.14154052734375,40926
NO3_misfit,year,A,-123.0084,47.5465,9.055064849853515,10.021107,7.145195,32.07,41.125064849853516,40927
NO3_misfit,year,A,-123.0084,47.5465,9.991175231933592,10.566317,7.421014,30.94,40.931175231933594,40928
NO3_misfit,year,A,-123.0084,47.5465,9.501584472656251,8.749263,6.5017767,29.31,38.81158447265625,40930
NO3_misfit,year,A,-123.0084,47.5465,6.484765167236329,7.727777,5.9850135,27.63,34.11476516723633,40932
NO3_misfit,year,A,-123.0084,47.5465,4.910002975463868,8.081792,6.1641073,24.22,29.130002975463867,40933
NO3_misfit,year,A,-123.0084,47.5465,6.336402893066406,6.526276,5.3771815,8.25,14.586402893066406,40934
NO3_misfit,year,A,-123.0084,47.5465,4.087547626495361,1.7745553,2.9733148,0.16,4.247547626495361,40935
NO3_misfit,year,A,-123.0084,47.5465,0.6110350179672241,0.006645418,2.07894,0.22,0.8310350179672241,40936
NO3_misfit,year,A,-122.9404,47.6062,8.93649200439453,10.864502,7.571864,32.21,41.14649200439453,40937
NO3_misfit,year,A,-122.9404,47.6062,9.060978546142579,10.919212,7.5995417,32.11,41.17097854614258,40938
NO3_misfit,year,A,-122.9404,47.6062,9.106091461181641,10.803801,7.541155,32.04,41.14609146118164,40939
NO3_misfit,year,A,-122.9404,47.6062,10.140943756103514,10.86328,7.571246,30.01,40.150943756103516,40940
NO3_misfit,year,A,-122.9404,47.6062,9.07339859008789,9.0549965,6.6564455,28.75,37.82339859008789,40942
NO3_misfit,year,A,-122.9404,47.6062,5.327232818603516,7.7671432,6.0049286,27.27,32.597232818603516,40943
NO3_misfit,year,A,-122.9404,47.6062,5.078393783569336,8.377499,6.3137035,25.16,30.238393783569336,40945
NO3_misfit,year,A,-122.9404,47.6062,12.389323120117187,6.734158,5.4823475,3.87,16.259323120117188,40946
NO3_misfit,year,A,-122.9404,47.6062,2.3325041580200194,0.16632953,2.159723,0.12,2.4525041580200195,40947
NO3_misfit,year,A,-122.9404,47.6062,-0.05960515558719637,-0.36818546,1.8893151,0.27,0.21039484441280365,40948
NO3_misfit,year,A,-122.8605,47.6613,9.001847991943361,11.1770735,7.729992,31.49,40.49184799194336,40949
NO3_misfit,year,A,-122.8605,47.6613,10.987776031494139,10.854025,7.5665636,28.51,39.49777603149414,40950
NO3_misfit,year,A,-122.8605,47.6613,10.802979278564454,9.797413,7.03203,25.45,36.25297927856445,40951
NO3_misfit,year,A,-122.8605,47.6613,5.2335841369628895,8.151892,6.1995707,26.53,31.76358413696289,40952
NO3_misfit,year,A,-122.8605,47.6613,5.245855560302733,8.241066,6.2446833,24.01,29.255855560302734,40954
NO3_misfit,year,A,-122.8605,47.6613,2.3768516921997076,5.750892,4.9849195,12.61,14.986851692199707,40956
NO3_misfit,year,A,-122.8605,47.6613,1.188345136642456,-0.5629141,1.7908032,0.06,1.248345136642456,40957
NO3_misfit,year,A,-122.8605,47.6613,0.06528137683868407,-0.14931333,2.0000412,0.14,0.20528137683868408,40959
NO3_misfit,year,A,-122.7606,47.7367,14.698026123046876,11.680288,7.984565,20.06,34.758026123046875,40961
NO3_misfit,year,A,-122.7606,47.7367,14.428026123046877,11.037216,7.659239,20.33,34.758026123046875,40962
NO3_misfit,year,A,-122.7606,47.7367,10.196040115356446,9.836631,7.0518703,21.54,31.736040115356445,40963
NO3_misfit,year,A,-122.7606,47.7367,11.282414627075195,9.521618,6.8925066,18.3,29.582414627075195,40964
NO3_misfit,year,A,-122.7606,47.7367,16.987510147094724,9.151066,6.7050467,10.06,27.047510147094727,40966
NO3_misfit,year,A,-122.7606,47.7367,15.147445907592774,6.8475223,5.539698,4.51,19.657445907592773,40968
NO3_misfit,year,A,-122.7606,47.7367,8.370884590148925,4.555798,4.3803287,2.07,10.440884590148926,40970
NO3_misfit,year,A,-122.7606,47.7367,2.200310106277466,-0.3667457,1.8900435,1.13,3.330310106277466,40972
NO3_misfit,year,A,-122.679,48.1371,6.951886825561523,7.9461827,6.095504,24.07,31.021886825561523,40973
NO3_misfit,year,A,-122.679,48.1371,5.516730499267577,8.125536,6.1862373,22.8,28.316730499267578,40974
NO3_misfit,year,A,-122.679,48.1371,6.007792510986327,8.24793,6.2481556,21.46,27.467792510986328,40976
NO3_misfit,year,A,-122.679,48.1371,5.401467056274413,7.315043,5.7762136,20.53,25.931467056274414,40978
NO3_misfit,year,A,-122.679,48.1371,6.979248123168944,7.4675364,5.853359,17.17,24.149248123168945,40980
NO3_misfit,year,A,-122.679,48.1371,7.4425267791748055,7.369514,5.8037705,15.54,22.982526779174805,40982
NO3_misfit,year,A,-122.679,48.1371,6.710219650268554,7.6487,5.945009,15.47,22.180219650268555,40984
NO3_misfit,year,A,-123.0222,47.3572,10.574498596191408,10.641116,7.4588547,30.31,40.884498596191406,40985
NO3_misfit,year,A,-123.0222,47.3572,12.048302001953125,10.762328,7.520175,28.93,40.978302001953125,40987
NO3_misfit,year,A,-123.0222,47.3572,14.336824493408201,11.978346,8.13535,26.42,40.7568244934082,40989
NO3_misfit,year,A,-123.0222,47.3572,25.270216674804686,18.505655,11.437477,12.03,37.30021667480469,40991
NO3_misfit,year,A,-123.0222,47.3572,13.153845634460449,11.3949375,7.840208,0.16,13.31384563446045,40993
NO3_misfit,year,A,-123.0222,47.3572,0.7359390687942504,1.7982736,2.9853137,0.33,1.0659390687942505,40995
NO3_misfit,year,A,-122.4069,47.4554,11.690166015625,10.527818,7.401537,22.23,33.920166015625,40997
NO3_misfit,year,A,-122.4069,47.4554,9.327266845703125,10.370994,7.322201,24.59,33.917266845703125,40998
NO3_misfit,year,A,-122.4069,47.4554,10.079467315673828,10.510101,7.3925743,23.73,33.80946731567383,40999
NO3_misfit,year,A,-122.4069,47.4554,8.756464233398436,9.50529,6.884247,23.76,32.51646423339844,41000
NO3_misfit,year,A,-122.4069,47.4554,8.617557983398438,9.348531,6.804943,23.02,31.637557983398438,41002
NO3_misfit,year,A,-122.4069,47.4554,8.79414176940918,8.881044,6.5684443,19.25,28.04414176940918,41003
NO3_misfit,year,A,-122.4069,47.4554,7.792685241699218,8.688873,6.4712267,18.28,26.07268524169922,41004
NO3_misfit,year,A,-122.4069,47.4554,6.922244873046875,9.060815,6.6593895,17.66,24.582244873046875,41005
NO3_misfit,year,A,-122.4069,47.4554,3.634527893066407,5.714323,4.966419,14.28,17.914527893066406,41006
NO3_misfit,year,A,-122.4069,47.4554,0.6656773757934573,1.2630986,2.714572,11.43,12.095677375793457,41007
NO3_misfit,year,A,-122.4069,47.4554,1.1224588394165043,0.0824845,2.1173065,9.1,10.222458839416504,41008
NO3_misfit,year,A,-122.3594,47.3931,9.069321594238282,10.449995,7.3621674,24.79,33.85932159423828,41009
NO3_misfit,year,A,-122.3594,47.3931,9.249321594238282,10.21493,7.243249,24.61,33.85932159423828,41010
NO3_misfit,year,A,-122.3594,47.3931,9.122946472167968,9.891044,7.079397,24.53,33.65294647216797,41011
NO3_misfit,year,A,-122.3594,47.3931,8.591731719970703,9.754303,7.0102205,24.57,33.1617317199707,41012
NO3_misfit,year,A,-122.3594,47.3931,7.895130615234375,9.107872,6.683195,24.52,32.415130615234375,41013
NO3_misfit,year,A,-122.3594,47.3931,7.146339416503906,8.891786,6.5738783,24.0,31.146339416503906,41014
NO3_misfit,year,A,-122.3594,47.3931,5.925368957519531,8.758329,6.506364,22.82,28.74536895751953,41015
NO3_misfit,year,A,-122.3594,47.3931,7.076342086791993,8.68049,6.4669847,19.27,26.346342086791992,41016
NO3_misfit,year,A,-122.3594,47.3931,6.513185501098633,9.141155,6.700033,18.0,24.513185501098633,41017
NO3_misfit,year,A,-122.3594,47.3931,5.834891204833985,8.631073,6.441985,14.37,20.204891204833984,41018
NO3_misfit,year,A,-122.3594,47.3931,0.18069133758544886,2.7238111,3.4535375,10.15,10.33069133758545,41019
NO3_misfit,year,A,-122.3594,47.3931,0.07219711303710952,1.0329682,2.5981503,8.34,8.41219711303711,41020
NO3_misfit,year,A,-122.4985,47.3167,8.797536010742188,10.370478,7.3219395,24.63,33.42753601074219,41021
NO3_misfit,year,A,-122.4985,47.3167,8.822953033447266,10.199082,7.2352324,24.45,33.272953033447266,41022
NO3_misfit,year,A,-122.4985,47.3167,8.721445159912108,9.658874,6.9619436,24.17,32.89144515991211,41023
NO3_misfit,year,A,-122.4985,47.3167,8.107206878662108,9.395045,6.828474,23.94,32.04720687866211,41024
NO3_misfit,year,A,-122.4985,47.3167,6.962115859985353,9.596334,6.9303055,22.15,29.11211585998535,41026
NO3_misfit,year,A,-122.4985,47.3167,6.267544326782225,9.870418,7.068962,20.69,26.957544326782227,41027
NO3_misfit,year,A,-122.4985,47.3167,5.569860916137696,10.019255,7.1442585,19.27,24.839860916137695,41028
NO3_misfit,year,A,-122.4985,47.3167,4.153022003173827,10.096613,7.1833935,16.55,20.703022003173828,41029
NO3_misfit,year,A,-122.4985,47.3167,5.870915336608887,5.7227316,4.9706736,5.83,11.700915336608887,41030
NO3_misfit,year,A,-122.4985,47.3167,4.079510307312011,2.0475504,3.1114213,2.9,6.979510307312012,41031
NO3_misfit,year,A,-122.6323,47.182,9.02558250427246,10.534862,7.405101,18.05,27.07558250427246,41033
NO3_misfit,year,A,-122.6323,47.182,8.87179946899414,10.438988,7.356599,17.75,26.62179946899414,41034
NO3_misfit,year,A,-122.6323,47.182,9.382125091552734,10.029834,7.1496105,17.05,26.432125091552734,41035
NO3_misfit,year,A,-122.6323,47.182,9.987504730224611,10.043089,7.156316,16.24,26.22750473022461,41036
NO3_misfit,year,A,-122.6323,47.182,10.38497703552246,10.107515,7.1889086,15.07,25.45497703552246,41038
NO3_misfit,year,A,-122.6323,47.182,10.516278152465821,10.195661,7.2335005,13.87,24.38627815246582,41039
NO3_misfit,year,A,-122.6323,47.182,10.30559455871582,10.291918,7.282197,13.38,23.68559455871582,41040
NO3_misfit,year,A,-122.6323,47.182,9.679110260009766,10.719492,7.4985037,12.28,21.959110260009766,41041
NO3_misfit,year,A,-122.6323,47.182,9.272252578735351,9.539449,6.9015274,10.98,20.25225257873535,41042
NO3_misfit,year,A,-122.6323,47.182,8.817340698242187,9.326559,6.793828,9.16,17.977340698242188,41043
NO3_misfit,year,A,-122.7852,47.1671,10.772964782714844,10.074404,7.1721582,14.93,25.702964782714844,41045
NO3_misfit,year,A,-122.7852,47.1671,10.788003768920898,10.025462,7.147399,14.91,25.6980037689209,41046
NO3_misfit,year,A,-122.7852,47.1671,10.93311065673828,10.265429,7.268796,14.31,25.24311065673828,41047
NO3_misfit,year,A,-122.7852,47.1671,11.229479293823243,10.741522,7.5096493,13.27,24.499479293823242,41048
NO3_misfit,year,A,-122.7852,47.1671,11.187883605957031,10.785359,7.531826,12.26,23.44788360595703,41050
NO3_misfit,year,A,-122.7852,47.1671,9.85688591003418,10.441606,7.3579226,10.5,20.35688591003418,41052
NO3_misfit,year,A,-122.7852,47.1671,9.668248672485351,9.37797,6.8198357,7.73,17.39824867248535,41054
NO3_misfit,year,A,-122.7852,47.1671,9.410957794189454,9.504271,6.883731,7.02,16.430957794189453,41056
NO3_misfit,year,A,-122.7089,47.2769,8.79329933166504,10.019038,7.144149,18.36,27.15329933166504,41057
NO3_misfit,year,A,-122.7089,47.2769,8.84329933166504,10.019038,7.144149,18.31,27.15329933166504,41058
NO3_misfit,year,A,-122.7089,47.2769,9.020567245483399,10.019038,7.144149,18.18,27.2005672454834,41059
NO3_misfit,year,A,-122.7089,47.2769,10.102116699218751,10.002878,7.135974,17.13,27.23211669921875,41060
NO3_misfit,year,A,-122.7089,47.2769,10.285768127441408,10.513886,7.3944893,16.4,26.685768127441406,41062
NO3_misfit,year,A,-122.7089,47.2769,10.6977099609375,10.89945,7.5895443,14.83,25.5277099609375,41063
NO3_misfit,year,A,-122.7089,47.2769,10.288123931884765,11.143187,7.7128487,13.66,23.948123931884766,41064
NO3_misfit,year,A,-122.7089,47.2769,16.926706924438477,9.730127,6.9979906,1.11,18.036706924438477,41065
NO3_misfit,year,A,-122.7089,47.2769,10.040261878967286,7.500817,5.870196,0.86,10.900261878967285,41067
NO3_misfit,year,A,-123.0574,47.4899,9.667393951416017,10.836129,7.5575104,31.97,41.637393951416016,41069
NO3_misfit,year,A,-123.0574,47.4899,9.427393951416015,10.720716,7.4991236,32.21,41.637393951416016,41070
NO3_misfit,year,A,-123.0574,47.4899,9.242496185302734,10.4970665,7.3859806,32.32,41.562496185302734,41071
NO3_misfit,year,A,-123.0574,47.4899,9.899494171142578,10.294243,7.283373,31.5,41.39949417114258,41073
NO3_misfit,year,A,-123.0574,47.4899,9.028182983398438,8.414942,6.3326464,30.5,39.52818298339844,41074
NO3_misfit,year,A,-123.0574,47.4899,8.105071716308593,7.5506177,5.8953896,29.07,37.175071716308594,41075
NO3_misfit,year,A,-123.0574,47.4899,6.100308837890626,9.391997,6.826933,26.31,32.410308837890625,41076
NO3_misfit,year,A,-123.0574,47.4899,21.06569633483887,11.23844,7.761037,0.65,21.715696334838867,41077
NO3_misfit,year,A,-123.0574,47.4899,7.142600727081299,4.246538,4.223876,0.05,7.192600727081299,41078
NO3_misfit,year,A,-123.0574,47.4899,1.928006362915039,1.0800021,2.6219444,0.05,1.978006362915039,41080
NO3_misfit,year,A,-122.45264,47.70974,10.58322509765625,9.821395,7.044162,19.16,29.74322509765625,41081
NO3_misfit,year,A,-122.45264,47.70974,10.347740936279298,9.686941,6.976143,19.2,29.547740936279297,41083
NO3_misfit,year,A,-122.45264,47.70974,8.836114807128908,8.952873,6.604782,20.08,28.916114807128906,41084
NO3_misfit,year,A,-122.45264,47.70974,8.02244155883789,8.476309,6.3636913,20.57,28.59244155883789,41085
NO3_misfit,year,A,-122.45264,47.70974,7.2269499969482425,8.708176,6.4809914,21.18,28.406949996948242,41086
NO3_misfit,year,A,-122.45264,47.70974,8.775503082275392,8.918587,6.5874367,20.33,29.10550308227539,41087
NO3_misfit,year,A,-122.45264,47.70974,8.84555694580078,9.177698,6.71852,20.03,28.87555694580078,41088
NO3_misfit,year,A,-122.45264,47.70974,9.393000564575196,9.32153,6.7912836,18.29,27.683000564575195,41089
NO3_misfit,year,A,-122.45264,47.70974,8.811613311767577,9.021563,6.639532,17.76,26.571613311767578,41090
NO3_misfit,year,A,-122.45264,47.70974,8.799221649169922,8.983234,6.620142,17.61,26.409221649169922,41091
NO3_misfit,year,A,-122.36654,47.8827,8.914687423706056,8.651425,6.452282,20.97,29.884687423706055,41093
NO3_misfit,year,A,-122.36654,47.8827,8.308895721435547,8.380606,6.315275,21.36,29.668895721435547,41094
NO3_misfit,year,A,-122.36654,47.8827,7.160053253173828,8.2631645,6.255863,22.25,29.410053253173828,41095
NO3_misfit,year,A,-122.36654,47.8827,6.961882019042967,7.7900457,6.016515,22.35,29.31188201904297,41096
NO3_misfit,year,A,-122.36654,47.8827,6.137438125610352,7.583488,5.912019,22.68,28.81743812561035,41097
NO3_misfit,year,A,-122.36654,47.8827,8.436540679931639,7.776579,6.009702,19.17,27.60654067993164,41098
NO3_misfit,year,A,-122.36654,47.8827,8.708184051513673,7.717491,5.9798098,17.7,26.408184051513672,41100
NO3_misfit,year,A,-122.36654,47.8827,8.125233993530273,8.065392,6.1558104,16.14,24.265233993530273,41101
NO3_misfit,year,A,-122.36654,47.8827,14.627048263549804,10.387092,7.330345,8.24,22.867048263549805,41102
NO3_misfit,year,A,-122.36654,47.8827,20.845084915161134,10.649165,7.462926,1.74,22.585084915161133,41103
NO3_misfit,year,A,-122.36654,47.8827,21.035084915161132,10.649165,7.462926,1.55,22.585084915161133,41104
NO3_misfit,year,A,-122.30578,48.0174,7.958158798217774,6.7956066,5.5134344,23.68,31.638158798217773,41105
NO3_misfit,year,A,-122.30578,48.0174,7.458158798217774,6.7956066,5.5134344,24.18,31.638158798217773,41106
NO3_misfit,year,A,-122.30578,48.0174,6.142800064086913,6.342534,5.2842274,25.03,31.172800064086914,41107
NO3_misfit,year,A,-122.30578,48.0174,5.949429473876954,6.02149,5.1218133,23.04,28.989429473876953,41108
NO3_misfit,year,A,-122.30578,48.0174,6.018726425170897,6.89064,5.561511,21.67,27.6887264251709,41110
NO3_misfit,year,A,-122.30578,48.0174,12.12844757080078,10.3137665,7.29325,12.46,24.58844757080078,41112
NO3_misfit,year,A,-122.30578,48.0174,19.482550735473634,12.658863,8.47962,3.13,22.612550735473633,41114
NO3_misfit,year,A,-122.30578,48.0174,19.77938606262207,13.069184,8.6872,1.48,21.25938606262207,41116
NO3_misfit,year,A,-122.49156,48.10942,10.5304443359375,9.8447485,7.055977,22.8,33.3304443359375,41117
NO3_misfit,year,A,-122.49156,48.10942,10.6004443359375,9.8447485,7.055977,22.73,33.3304443359375,41118
NO3_misfit,year,A,-122.49156,48.10942,10.30471160888672,9.228418,6.744179,22.97,33.27471160888672,41119
NO3_misfit,year,A,-122.49156,48.10942,9.961756286621092,8.580207,6.416253,22.94,32.901756286621094,41120
NO3_misfit,year,A,-122.49156,48.10942,9.359452590942382,8.098124,6.17237,22.64,31.999452590942383,41121
NO3_misfit,year,A,-122.49156,48.10942,12.496968841552736,8.832306,6.543788,18.4,30.896968841552734,41122
NO3_misfit,year,A,-122.49156,48.10942,27.001075592041015,14.465686,9.393681,0.16,27.161075592041016,41124
NO3_misfit,year,A,-122.49156,48.10942,22.098310546875,17.336498,10.846007,0.17,22.268310546875,41126
NO3_misfit,year,A,-122.49156,48.10942,20.58298439025879,15.605271,9.97019,0.31,20.89298439025879,41128
NO3_misfit,year,A,-122.7171,48.37612,8.108859558105468,7.2127233,5.724451,24.23,32.33885955810547,41129
NO3_misfit,year,A,-122.7171,48.37612,8.401922454833983,7.242052,5.7392883,23.76,32.161922454833984,41130
NO3_misfit,year,A,-122.7171,48.37612,9.358039169311525,7.3708973,5.80447,21.72,31.078039169311523,41131
NO3_misfit,year,A,-122.7171,48.37612,8.285521697998046,7.462557,5.8508406,21.55,29.835521697998047,41132
NO3_misfit,year,A,-122.7171,48.37612,8.365982666015626,7.346433,5.792094,21.11,29.475982666015625,41133
NO3_misfit,year,A,-122.7171,48.37612,8.403925247192383,7.5462875,5.893199,20.68,29.083925247192383,41135
NO3_misfit,year,A,-122.7171,48.37612,8.615519409179687,7.5255575,5.882712,20.37,28.985519409179688,41137
NO3_misfit,year,A,-122.7171,48.37612,9.605651321411134,7.7274694,5.984858,19.31,28.915651321411133,41139
NO3_misfit,year,A,-123.02076,48.27268,7.148118286132814,6.8549337,5.5434475,27.97,35.11811828613281,41141
NO3_misfit,year,A,-123.02076,48.27268,6.803017272949219,7.050051,5.642156,27.36,34.16301727294922,41142
NO3_misfit,year,A,-123.02076,48.27268,6.763053359985353,6.8509655,5.54144,25.06,31.82305335998535,41143
NO3_misfit,year,A,-123.02076,48.27268,8.295136108398438,6.71017,5.470212,22.36,30.655136108398438,41144
NO3_misfit,year,A,-123.02076,48.27268,8.124554367065429,7.0880427,5.661376,22.03,30.15455436706543,41146
NO3_misfit,year,A,-123.02076,48.27268,7.839902801513674,7.624133,5.932581,21.83,29.669902801513672,41148
NO3_misfit,year,A,-123.02076,48.27268,7.753612823486328,7.5855727,5.9130735,21.68,29.433612823486328,41150
NO3_misfit,year,A,-123.02076,48.27268,7.6827426910400405,7.532691,5.886321,21.65,29.33274269104004,41152
NO3_misfit,year,A,-122.86666,48.19324,8.509513397216796,7.787177,6.015064,25.48,33.9895133972168,41153
NO3_misfit,year,A,-122.86666,48.19324,8.256950225830078,7.4612937,5.8502016,24.66,32.91695022583008,41154
NO3_misfit,year,A,-122.86666,48.19324,8.54763427734375,7.206549,5.721328,22.09,30.63763427734375,41156
NO3_misfit,year,A,-122.86666,48.19324,8.053258361816408,7.429213,5.833972,22.06,30.113258361816406,41158
NO3_misfit,year,A,-122.86666,48.19324,8.097450408935547,7.920945,6.082736,21.84,29.937450408935547,41160
NO3_misfit,year,A,-122.86666,48.19324,8.00827667236328,7.898968,6.071618,21.78,29.78827667236328,41162
NO3_misfit,year,A,-122.86666,48.19324,7.963716735839842,7.957292,6.101124,21.76,29.723716735839844,41164
NO3_misfit,year,A,-122.68643,48.14672,9.110678482055665,7.7215753,5.9818764,21.2,30.310678482055664,41165
NO3_misfit,year,A,-122.68643,48.14672,8.99813804626465,7.937794,6.09126,20.9,29.89813804626465,41166
NO3_misfit,year,A,-122.68643,48.14672,8.869542770385742,7.961224,6.103113,20.82,29.689542770385742,41167
NO3_misfit,year,A,-122.68643,48.14672,8.598024139404298,8.077241,6.161805,20.74,29.338024139404297,41169
NO3_misfit,year,A,-122.68643,48.14672,8.396348571777345,8.468624,6.359803,20.65,29.046348571777344,41171
NO3_misfit,year,A,-122.68643,48.14672,8.316599502563477,8.452082,6.3514347,20.61,28.926599502563477,41174
NO3_misfit,year,A,-122.68643,48.14672,8.29785011291504,8.39089,6.3204784,20.52,28.81785011291504,41175
NO3_misfit,year,A,-122.6212,47.98406,9.291825256347657,8.087257,6.166873,20.04,29.331825256347656,41177
NO3_misfit,year,A,-122.6212,47.98406,9.123141708374025,7.8830633,6.063572,19.56,28.683141708374023,41178
NO3_misfit,year,A,-122.6212,47.98406,9.162863311767577,8.455017,6.3529196,18.69,27.852863311767578,41182
NO3_misfit,year,A,-122.6212,47.98406,8.71711082458496,9.260857,6.7605896,18.8,27.51711082458496,41184
NO3_misfit,year,A,-122.6212,47.98406,9.572193679809569,9.325544,6.793314,17.69,27.26219367980957,41186
NO3_misfit,year,A,-122.6212,47.98406,8.343046417236327,9.153757,6.7064085,18.76,27.103046417236328,41188
NO3_misfit,year,A,-122.60412,47.89546,8.762564773559571,8.724046,6.4890203,19.88,28.64256477355957,41189
NO3_misfit,year,A,-122.60412,47.89546,8.87256477355957,8.724046,6.4890203,19.77,28.64256477355957,41191
NO3_misfit,year,A,-122.60412,47.89546,8.956682739257811,8.515073,6.3833017,19.69,28.646682739257812,41192
NO3_misfit,year,A,-122.60412,47.89546,9.088265914916992,8.363594,6.306669,19.23,28.318265914916992,41193
NO3_misfit,year,A,-122.60412,47.89546,8.455736694335936,8.11516,6.1809883,18.69,27.145736694335938,41194
NO3_misfit,year,A,-122.60412,47.89546,8.237089385986327,8.2764635,6.2625904,18.01,26.247089385986328,41195
NO3_misfit,year,A,-122.60412,47.89546,8.51842788696289,8.2244215,6.2362633,16.21,24.72842788696289,41197
NO3_misfit,year,A,-122.60412,47.89546,9.039920425415039,7.9337673,6.089223,14.15,23.18992042541504,41198
NO3_misfit,year,A,-122.60412,47.89546,8.5796671295166,7.9544377,6.09968,13.71,22.2896671295166,41199
NO3_misfit,year,A,-122.55274,48.2428,9.70271728515625,8.8701515,6.562934,24.27,33.97271728515625,41201
NO3_misfit,year,A,-122.55274,48.2428,9.588949584960936,8.479194,6.3651505,24.35,33.93894958496094,41202
NO3_misfit,year,A,-122.55274,48.2428,9.060818328857422,7.817164,6.030234,24.11,33.17081832885742,41203
NO3_misfit,year,A,-122.55274,48.2428,9.638284912109373,8.092601,6.1695757,22.76,32.398284912109375,41205
NO3_misfit,year,A,-122.55274,48.2428,14.194928436279296,13.462792,8.886323,15.72,29.914928436279297,41207
NO3_misfit,year,A,-122.55274,48.2428,23.980752182006835,17.442478,10.899622,0.55,24.530752182006836,41209
NO3_misfit,year,A,-122.55274,48.2428,21.19516845703125,16.921085,10.635853,0.29,21.48516845703125,41211
NO3_misfit,year,A,-122.7214,47.79946,8.878018341064454,8.91614,6.586199,19.29,28.168018341064453,41213
NO3_misfit,year,A,-122.7214,47.79946,8.984746551513673,8.897374,6.576706,19.15,28.134746551513672,41214
NO3_misfit,year,A,-122.7214,47.79946,9.260051574707031,8.68185,6.4676733,18.66,27.92005157470703,41215
NO3_misfit,year,A,-122.7214,47.79946,8.406964569091798,8.624195,6.438506,17.97,26.376964569091797,41218
NO3_misfit,year,A,-122.7214,47.79946,6.92937355041504,7.673811,5.957712,16.2,23.12937355041504,41219
NO3_misfit,year,A,-122.7214,47.79946,7.354833145141601,6.357855,5.2919784,14.23,21.5848331451416,41221
NO3_misfit,year,A,-122.7214,47.79946,6.433530349731445,6.8952613,5.563849,13.98,20.413530349731445,41223
NO3_misfit,year,A,-122.76152,47.7355,11.21307991027832,9.729782,6.997816,19.27,30.48307991027832,41225
NO3_misfit,year,A,-122.76152,47.7355,11.013079910278321,9.729782,6.997816,19.47,30.48307991027832,41226
NO3_misfit,year,A,-122.76152,47.7355,8.65493148803711,8.7528305,6.503582,19.81,28.46493148803711,41227
NO3_misfit,year,A,-122.76152,47.7355,7.214292144775392,8.69079,6.4721966,19.9,27.11429214477539,41228
NO3_misfit,year,A,-122.76152,47.7355,8.049024124145507,8.615205,6.433958,18.23,26.279024124145508,41230
NO3_misfit,year,A,-122.76152,47.7355,7.990047454833984,7.808711,6.0259576,15.75,23.740047454833984,41232
NO3_misfit,year,A,-122.76152,47.7355,7.676942291259765,6.5318446,5.3799987,13.81,21.486942291259766,41234
NO3_misfit,year,A,-122.76152,47.7355,4.280495986938476,6.2058134,5.215061,12.39,16.670495986938477,41236
NO3_misfit,year,A,-122.85972,47.66098,17.720804901123046,14.545016,9.433814,23.53,41.25080490112305,41237
NO3_misfit,year,A,-122.85972,47.66098,12.324183349609374,11.547584,7.917431,25.37,37.694183349609375,41238
NO3_misfit,year,A,-122.85972,47.66098,8.02413314819336,9.383813,6.822792,25.81,33.83413314819336,41239
NO3_misfit,year,A,-122.85972,47.66098,10.108514862060545,9.042641,6.650195,22.67,32.77851486206055,41240
NO3_misfit,year,A,-122.85972,47.66098,7.485454788208006,8.923643,6.5899954,24.26,31.745454788208008,41242
NO3_misfit,year,A,-122.85972,47.66098,8.48850700378418,7.534024,5.8869953,15.53,24.01850700378418,41244
NO3_misfit,year,A,-122.85972,47.66098,13.756853523254394,6.0028887,5.112403,0.81,14.566853523254395,41246
NO3_misfit,year,A,-122.85972,47.66098,14.207355880737305,6.335951,5.280897,0.35,14.557355880737305,41248
NO3_misfit,year,A,-122.93898,47.60732,18.85048049926758,16.353386,10.348657,23.56,42.41048049926758,41249
NO3_misfit,year,A,-122.93898,47.60732,17.896029052734374,16.257782,10.300291,24.44,42.336029052734375,41250
NO3_misfit,year,A,-122.93898,47.60732,17.350719146728515,15.802157,10.069794,24.82,42.170719146728516,41251
NO3_misfit,year,A,-122.93898,47.60732,15.897068786621094,14.568706,9.445798,25.2,41.097068786621094,41252
NO3_misfit,year,A,-122.93898,47.60732,11.302505493164062,11.184001,7.7334967,26.25,37.55250549316406,41253
NO3_misfit,year,A,-122.93898,47.60732,7.308545227050782,9.280312,6.7704315,27.38,34.68854522705078,41254
NO3_misfit,year,A,-122.93898,47.60732,5.995567321777344,8.914052,6.585143,28.25,34.245567321777344,41255
NO3_misfit,year,A,-122.93898,47.60732,13.61710090637207,8.766779,6.510638,15.55,29.16710090637207,41256
NO3_misfit,year,A,-122.93898,47.60732,5.0705058288574225,6.2548294,5.2398586,13.78,18.850505828857422,41258
NO3_misfit,year,A,-122.93898,47.60732,3.4217414093017577,6.50378,5.365801,13.58,17.001741409301758,41260
NO3_misfit,year,A,-123.00732,47.54838,18.051659240722657,16.214582,10.278437,24.61,42.661659240722656,41261
NO3_misfit,year,A,-123.00732,47.54838,17.850237579345702,16.214582,10.278437,24.78,42.6302375793457,41262
NO3_misfit,year,A,-123.00732,47.54838,17.310323944091795,15.678675,10.007324,25.26,42.5703239440918,41263
NO3_misfit,year,A,-123.00732,47.54838,16.729315795898437,15.245246,9.788055,25.46,42.18931579589844,41264
NO3_misfit,year,A,-123.00732,47.54838,10.28529510498047,11.208093,7.7456846,27.9,38.18529510498047,41266
NO3_misfit,year,A,-123.00732,47.54838,8.530655975341798,10.143115,7.2069187,28.88,37.4106559753418,41268
NO3_misfit,year,A,-123.00732,47.54838,7.260686492919923,8.881786,6.56882,29.4,36.66068649291992,41269
NO3_misfit,year,A,-123.00732,47.54838,10.288918762207032,8.738508,6.496336,21.22,31.50891876220703,41270
NO3_misfit,year,A,-123.00732,47.54838,3.3186182403564466,7.5869,5.913745,18.81,22.128618240356445,41271
NO3_misfit,year,A,-123.00732,47.54838,6.011013107299805,6.2790103,5.2520914,14.17,20.181013107299805,41272
NO3_misfit,year,A,-123.05594,47.49096,16.293567810058594,14.389381,9.355079,27.59,43.883567810058594,41274
NO3_misfit,year,A,-123.05594,47.49096,15.334333648681639,14.141747,9.229802,28.01,43.34433364868164,41275
NO3_misfit,year,A,-123.05594,47.49096,12.985336456298828,13.485014,8.897565,29.34,42.32533645629883,41277
NO3_misfit,year,A,-123.05594,47.49096,6.09382308959961,10.912535,7.596163,34.61,40.70382308959961,41278
NO3_misfit,year,A,-123.05594,47.49096,5.116688232421872,8.532786,6.3922634,34.77,39.886688232421875,41279
NO3_misfit,year,A,-123.05594,47.49096,4.825441284179689,8.197327,6.222556,33.83,38.65544128417969,41280
NO3_misfit,year,A,-123.05594,47.49096,8.88306869506836,9.314215,6.7875824,27.11,35.99306869506836,41281
NO3_misfit,year,A,-123.05594,47.49096,9.700649795532225,10.2094345,7.240469,18.44,28.140649795532227,41282
NO3_misfit,year,A,-123.05594,47.49096,8.627212219238281,10.35875,7.3160067,16.07,24.69721221923828,41284
NO3_misfit,year,A,-123.10922,47.42576,15.236973114013672,14.223268,9.271043,29.18,44.41697311401367,41285
NO3_misfit,year,A,-123.10922,47.42576,12.240485382080081,13.1069975,8.706328,32.05,44.29048538208008,41287
NO3_misfit,year,A,-123.10922,47.42576,7.979683227539063,10.870332,7.574813,34.18,42.15968322753906,41288
NO3_misfit,year,A,-123.10922,47.42576,5.317343749999999,8.373972,6.311919,34.71,40.02734375,41289
NO3_misfit,year,A,-123.10922,47.42576,5.998589324951169,8.400063,6.325119,34.2,40.19858932495117,41290
NO3_misfit,year,A,-123.10922,47.42576,10.538203887939453,10.973224,7.6268654,28.82,39.35820388793945,41291
NO3_misfit,year,A,-123.10922,47.42576,7.6398114013671865,11.9808855,8.136636,24.87,32.50981140136719,41293
NO3_misfit,year,A,-123.10922,47.42576,10.606587142944337,12.225486,8.260377,14.53,25.136587142944336,41295
NO3_misfit,year,A,-123.13382,47.37096,10.440508117675783,11.933569,8.112699,32.51,42.95050811767578,41297
NO3_misfit,year,A,-123.13382,47.37096,8.252867126464842,10.262662,7.267397,34.1,42.352867126464844,41299
NO3_misfit,year,A,-123.13382,47.37096,6.388257751464842,8.469787,6.3603916,35.49,41.878257751464844,41301
NO3_misfit,year,A,-123.13382,47.37096,6.853013000488282,8.650827,6.4519796,35.04,41.89301300048828,41302
NO3_misfit,year,A,-123.13382,47.37096,10.135315856933595,10.483447,7.3790903,31.04,41.175315856933594,41303
NO3_misfit,year,A,-123.13382,47.37096,10.303941192626954,12.250683,8.273125,24.81,35.11394119262695,41305
NO3_misfit,year,A,-123.13382,47.37096,10.587323837280273,12.354069,8.325426,12.07,22.657323837280273,41307
NO3_misfit,year,A,-123.02252,47.35682,9.385645141601564,10.181607,7.226392,33.26,42.64564514160156,41309
NO3_misfit,year,A,-123.02252,47.35682,9.235645141601566,10.039619,7.154561,33.41,42.64564514160156,41311
NO3_misfit,year,A,-123.02252,47.35682,9.601947784423828,10.746856,7.512347,33.0,42.60194778442383,41313
NO3_misfit,year,A,-123.02252,47.35682,9.61889572143555,11.541828,7.9145193,32.05,41.66889572143555,41315
NO3_misfit,year,A,-123.02252,47.35682,7.370967712402344,12.060495,8.176909,28.41,35.780967712402344,41317
NO3_misfit,year,A,-123.02252,47.35682,-14.01114547729492,5.4148874,4.8149366,28.88,14.868854522705078,41319
NO3_misfit,year,A,-122.44816,47.55912,9.69119903564453,9.720793,6.993268,21.28,30.97119903564453,41321
NO3_misfit,year,A,-122.44816,47.55912,9.341917572021483,9.578808,6.921439,21.44,30.781917572021484,41322
NO3_misfit,year,A,-122.44816,47.55912,8.829921798706053,9.506525,6.8848715,21.92,30.749921798706055,41323
NO3_misfit,year,A,-122.44816,47.55912,7.43343147277832,9.650409,6.9576616,23.16,30.59343147277832,41324
NO3_misfit,year,A,-122.44816,47.55912,6.662059783935547,9.040295,6.6490088,22.75,29.412059783935547,41325
NO3_misfit,year,A,-122.44816,47.55912,6.457032852172851,8.785061,6.519887,22.32,28.77703285217285,41326
NO3_misfit,year,A,-122.44816,47.55912,8.045639953613282,8.78982,6.522295,21.04,29.08563995361328,41327
NO3_misfit,year,A,-122.44816,47.55912,8.24170997619629,8.98083,6.618926,20.97,29.21170997619629,41328
NO3_misfit,year,A,-122.44816,47.55912,8.229686279296875,9.030678,6.644143,20.98,29.209686279296875,41329
NO3_misfit,year,A,-122.44816,47.55912,8.367944488525392,9.355086,6.80826,20.74,29.10794448852539,41330
NO3_misfit,year,A,-122.44816,47.55912,8.36617401123047,9.4436245,6.85305,20.47,28.83617401123047,41331
NO3_misfit,year,A,-122.44816,47.55912,8.223341293334961,8.961939,6.6093683,20.43,28.65334129333496,41332
NO3_misfit,year,A,-122.40806,47.45758,8.393546218872071,9.374388,6.8180237,22.63,31.02354621887207,41333
NO3_misfit,year,A,-122.40806,47.45758,8.412624588012694,9.20243,6.7310314,22.51,30.922624588012695,41334
NO3_misfit,year,A,-122.40806,47.45758,7.9799562835693365,9.043001,6.6503773,22.61,30.589956283569336,41335
NO3_misfit,year,A,-122.40806,47.45758,7.698517456054688,8.609449,6.4310465,22.11,29.808517456054688,41336
NO3_misfit,year,A,-122.40806,47.45758,7.423604278564454,8.537583,6.3946896,22.22,29.643604278564453,41338
NO3_misfit,year,A,-122.40806,47.45758,8.21078857421875,8.931758,6.5941,21.16,29.37078857421875,41339
NO3_misfit,year,A,-122.40806,47.45758,9.371030426025392,8.691003,6.4723034,19.65,29.02103042602539,41340
NO3_misfit,year,A,-122.40806,47.45758,9.401234664916991,9.030348,6.643976,18.96,28.361234664916992,41341
NO3_misfit,year,A,-122.40806,47.45758,8.611928634643554,8.241583,6.2449446,17.57,26.181928634643555,41342
NO3_misfit,year,A,-122.40806,47.45758,8.749469451904297,8.183141,6.2153797,16.57,25.319469451904297,41343
NO3_misfit,year,A,-122.40806,47.45758,9.214596557617188,7.9823265,6.1137886,15.7,24.914596557617188,41344
NO3_misfit,year,A,-122.6319,47.1826,11.969604949951172,11.549546,7.9184237,17.27,29.239604949951172,41345
NO3_misfit,year,A,-122.6319,47.1826,12.73894058227539,11.300444,7.792404,16.39,29.12894058227539,41346
NO3_misfit,year,A,-122.6319,47.1826,12.788947143554687,11.103817,7.692932,16.21,28.998947143554688,41347
NO3_misfit,year,A,-122.6319,47.1826,12.758503646850585,11.184475,7.733736,16.03,28.788503646850586,41348
NO3_misfit,year,A,-122.6319,47.1826,13.16025619506836,11.460079,7.8731623,15.2,28.36025619506836,41350
NO3_misfit,year,A,-122.6319,47.1826,13.903850173950195,11.724526,8.006945,13.9,27.803850173950195,41351
NO3_misfit,year,A,-122.6319,47.1826,13.26532211303711,12.083209,8.1884,13.85,27.11532211303711,41352
NO3_misfit,year,A,-122.6319,47.1826,13.370973281860351,12.874657,8.588789,13.32,26.69097328186035,41353
NO3_misfit,year,A,-122.6319,47.1826,12.940412979125977,12.080308,8.186933,13.27,26.210412979125977,41354
NO3_misfit,year,A,-122.6319,47.1826,12.65040786743164,11.748502,8.0190735,13.17,25.82040786743164,41355
NO3_misfit,year,A,-122.7877,47.1687,13.330613632202148,11.649279,7.968878,14.98,28.31061363220215,41357
NO3_misfit,year,A,-122.7877,47.1687,13.453865432739258,11.649279,7.968878,14.85,28.303865432739258,41358
NO3_misfit,year,A,-122.7877,47.1687,14.003740539550781,11.730309,8.00987,13.76,27.76374053955078,41359
NO3_misfit,year,A,-122.7877,47.1687,15.082066497802735,12.112071,8.203001,12.04,27.122066497802734,41361
NO3_misfit,year,A,-122.7877,47.1687,13.490298233032227,11.715486,8.002371,12.04,25.530298233032227,41363
NO3_misfit,year,A,-122.7877,47.1687,13.072631454467773,12.007824,8.150264,11.9,24.972631454467773,41365
NO3_misfit,year,A,-122.7877,47.1687,13.136898880004884,11.722177,8.005756,11.12,24.256898880004883,41367
NO3_misfit,year,A,-122.7086,47.2767,11.963819351196289,11.354139,7.8195686,17.41,29.37381935119629,41369
NO3_misfit,year,A,-122.7086,47.2767,12.023819351196288,11.354139,7.8195686,17.35,29.37381935119629,41370
NO3_misfit,year,A,-122.7086,47.2767,12.163604736328125,11.354139,7.8195686,17.25,29.413604736328125,41371
NO3_misfit,year,A,-122.7086,47.2767,11.935063705444335,11.537522,7.912341,17.14,29.075063705444336,41372
NO3_misfit,year,A,-122.7086,47.2767,13.088209381103514,11.705244,7.9971905,16.01,29.098209381103516,41374
NO3_misfit,year,A,-122.7086,47.2767,13.037666320800781,11.908332,8.099931,15.75,28.78766632080078,41375
NO3_misfit,year,A,-122.7086,47.2767,10.666287155151366,12.763046,8.532326,17.78,28.446287155151367,41376
NO3_misfit,year,A,-122.7086,47.2767,17.62113227844238,13.077238,8.691274,9.6,27.221132278442383,41377
NO3_misfit,year,A,-122.7086,47.2767,17.832815093994142,13.826695,9.070419,6.58,24.41281509399414,41379
NO3_misfit,year,A,-122.36036,47.39252,8.40867401123047,9.027872,6.642724,22.49,30.89867401123047,41381
NO3_misfit,year,A,-122.36036,47.39252,8.134421463012696,8.825737,6.5404654,22.38,30.514421463012695,41382
NO3_misfit,year,A,-122.36036,47.39252,8.31867401123047,8.951932,6.604306,22.58,30.89867401123047,41383
NO3_misfit,year,A,-122.36036,47.39252,8.293357315063478,8.824947,6.540066,22.56,30.853357315063477,41384
NO3_misfit,year,A,-122.36036,47.39252,8.16753547668457,8.429615,6.340069,22.07,30.23753547668457,41385
NO3_misfit,year,A,-122.36036,47.39252,7.919507141113282,8.441617,6.346141,21.88,29.79950714111328,41386
NO3_misfit,year,A,-122.36036,47.39252,8.395998077392576,8.900873,6.578476,20.92,29.315998077392578,41387
NO3_misfit,year,A,-122.36036,47.39252,9.596355743408203,8.729553,6.491806,19.43,29.026355743408203,41388
NO3_misfit,year,A,-122.36036,47.39252,9.886515274047852,9.450312,6.856434,18.61,28.49651527404785,41389
NO3_misfit,year,A,-122.36036,47.39252,9.061038970947266,9.71979,6.9927607,18.25,27.311038970947266,41390
NO3_misfit,year,A,-122.36036,47.39252,8.848115158081054,9.859217,7.0632963,17.55,26.398115158081055,41391
NO3_misfit,year,A,-122.36036,47.39252,9.568314437866212,9.533008,6.8982687,15.87,25.43831443786621,41392
NO3_misfit,year,A,-122.50268,47.32016,8.790247650146483,9.838552,7.052842,22.28,31.070247650146484,41393
NO3_misfit,year,A,-122.50268,47.32016,8.699345169067382,9.92832,7.098255,22.19,30.889345169067383,41394
NO3_misfit,year,A,-122.50268,47.32016,8.584522705078125,9.525817,6.8946314,22.02,30.604522705078125,41395
NO3_misfit,year,A,-122.50268,47.32016,8.312957611083984,9.508517,6.8858795,21.91,30.222957611083984,41396
NO3_misfit,year,A,-122.50268,47.32016,8.132085800170898,9.795646,7.0311356,21.5,29.6320858001709,41398
NO3_misfit,year,A,-122.50268,47.32016,8.879322280883787,9.983173,7.126005,20.51,29.38932228088379,41399
NO3_misfit,year,A,-122.50268,47.32016,9.306326217651367,10.153772,7.21231,19.93,29.236326217651367,41400
NO3_misfit,year,A,-122.50268,47.32016,9.88004364013672,11.231048,7.7572966,18.86,28.74004364013672,41401
NO3_misfit,year,A,-122.50268,47.32016,8.675269851684572,11.233913,7.758747,18.49,27.16526985168457,41402
NO3_misfit,year,A,-122.50268,47.32016,8.424431838989257,12.250191,8.272875,17.96,26.384431838989258,41403
NO3_misfit,year,A,-126.67,48.65,3.94144219154546,5.323338,4.7686224,5.022546112592724,8.963988304138184,41405
NO3_misfit,year,A,-126.67,48.65,4.054039680818898,5.01151,4.6108704,4.920172011991161,8.974211692810059,41406
NO3_misfit,year,A,-126.67,48.65,4.49676567705425,4.947585,4.5785313,5.125761445443309,9.622527122497559,41407
NO3_misfit,year,A,-126.67,48.65,5.701427402959566,4.2771215,4.239348,5.22925096465518,10.930678367614746,41408
NO3_misfit,year,A,-126.67,48.65,1.0904250985517336,4.156543,4.1783476,20.73170701204397,21.822132110595703,41409
NO3_misfit,year,A,-126.67,48.65,5.090582131322499,4.9663515,4.588025,25.359739066187267,30.450321197509766,41410
NO3_misfit,year,A,-126.67,48.65,8.270854978389544,6.673388,5.451605,26.70025631921788,34.97111129760742,41411
NO3_misfit,year,A,-126.67,48.65,8.977597473803453,7.190362,5.7131386,27.93751025324733,36.91510772705078,41412
NO3_misfit,year,A,-126.67,48.65,7.431177806977821,7.1262193,5.680689,29.48392992007296,36.91510772705078,41413
NO3_misfit,year,A,-126.67,48.65,7.627364953527994,7.083828,5.6592436,30.619163671960287,38.24652862548828,41414
NO3_misfit,year,A,-126.67,48.65,5.655116141774016,5.900143,5.060425,33.81533139850919,39.4704475402832,41415
NO3_misfit,year,A,-126.67,48.65,5.027058940991047,5.2890935,4.7512984,35.36717094792497,40.394229888916016,41416
NO3_misfit,year,A,-126.67,48.65,1.8646368625485508,2.0785897,3.1271238,39.29754880639676,41.16218566894531,41417
NO3_misfit,year,A,-126.67,48.65,1.5907321415752662,0.88844275,2.5250359,41.5030102290302,43.09374237060547,41418
NO3_misfit,year,A,-126.67,48.65,0.9983842764571307,0.85906124,2.510172,43.09348126309365,44.09186553955078,41419
NO3_misfit,year,A,-126.67,48.65,1.105832872269204,0.8770187,2.5192564,43.44633311283822,44.55216598510742,41420
NO3_misfit,year,A,-126.67,48.65,0.7931661221500192,0.8932024,2.5274436,43.8099031832699,44.60306930541992,41421
NO3_misfit,year,A,-126.67,48.65,1.206327383020792,0.8932024,2.5274436,43.39674192239913,44.60306930541992,41422
NO3_misfit,year,A,-126.67,48.65,1.0876401345752242,0.8932024,2.5274436,43.51518884491696,44.60282897949219,41423
NO3_misfit,year,A,-122.4280014,47.7439995,4.684191022600444,4.696725,4.451623,27.67857142857143,32.362762451171875,41424
NO3_misfit,year,A,-122.4280014,47.7439995,3.2104473114013636,3.1873639,3.688046,28.000000000000004,31.210447311401367,41425
NO3_misfit,year,A,-122.4280014,47.7439995,2.8614147731236024,2.8251476,3.5048032,28.28571428571429,31.14712905883789,41426
NO3_misfit,year,A,-122.4280014,47.7439995,3.209407261439729,2.9389958,3.5623982,28.142857142857146,31.352264404296875,41427
NO3_misfit,year,A,-122.4280014,47.7439995,2.8218607221330885,2.925659,3.5556512,28.642857142857146,31.464717864990234,41428
NO3_misfit,year,A,-122.4280014,47.7439995,2.940412248883927,2.837166,3.510883,28.571428571428573,31.5118408203125,41429
NO3_misfit,year,A,-122.4280014,47.7439995,2.591523034232001,2.7354846,3.459443,27.78571428571429,30.37723731994629,41431
NO3_misfit,year,A,-122.4469986,47.6605988,3.6126512799944166,2.9081745,3.5468059,27.642857142857146,31.255508422851562,41432
NO3_misfit,year,A,-122.4469986,47.6605988,3.43937655857631,3.0829413,3.6352193,28.071428571428573,31.510805130004883,41433
NO3_misfit,year,A,-122.4469986,47.6605988,3.437768118722097,3.3232703,3.7568002,28.214285714285715,31.652053833007812,41434
NO3_misfit,year,A,-122.4469986,47.6605988,3.7375166756766163,3.2168784,3.7029772,27.92857142857143,31.666088104248047,41435
NO3_misfit,year,A,-122.4469986,47.6605988,3.595895222255159,2.9982557,3.5923774,27.642857142857146,31.238752365112305,41437
NO3_misfit,year,A,-122.4329987,47.4528999,5.9310278211321155,4.1257286,4.162759,25.642857142857142,31.573884963989258,41438
NO3_misfit,year,A,-122.4329987,47.4528999,5.320978709629603,4.0563912,4.1276817,26.357142857142858,31.67812156677246,41439
NO3_misfit,year,A,-122.4329987,47.4528999,5.35504559108189,4.094113,4.1467648,26.42857142857143,31.78361701965332,41440
NO3_misfit,year,A,-122.4329987,47.4528999,5.301082611083984,4.1262617,4.1630287,26.5,31.801082611083984,41441
NO3_misfit,year,A,-122.4329987,47.4528999,5.203691482543945,3.7037232,3.949269,26.5,31.703691482543945,41442
NO3_misfit,year,A,-122.3570023,47.6035995,1.2782216753278455,1.9790113,3.076748,30.857142857142858,32.1353645324707,41443
NO3_misfit,year,A,-122.3570023,47.6035995,1.0388853890555225,1.9296871,3.051795,30.92857142857143,31.967456817626953,41444
NO3_misfit,year,A,-122.3570023,47.6035995,1.1358307429722387,1.9423927,3.0582228,30.785714285714285,31.921545028686523,41445
NO3_misfit,year,A,-122.3570023,47.6035995,1.0787454332624158,2.002825,3.0887952,30.857142857142858,31.935888290405273,41446
NO3_misfit,year,A,-122.3570023,47.6035995,1.4061963217599036,1.7914426,2.981858,30.571428571428573,31.977624893188477,41447
NO3_misfit,year,A,-122.3570023,47.6035995,2.8467063903808594,2.440542,3.3102334,30.0,32.84670639038086,41448
NO3_misfit,year,A,-122.4329987,47.5332985,1.917371477399552,4.160592,4.180396,31.071428571428573,32.988800048828125,41450
NO3_misfit,year,A,-122.4329987,47.5332985,2.3670997619628906,2.9673514,3.5767431,30.0,32.36709976196289,41451
NO3_misfit,year,A,-122.4329987,47.5332985,1.0074043273925781,2.1706684,3.173706,31.0,32.00740432739258,41452
NO3_misfit,year,A,-122.4329987,47.5332985,0.679298945835658,2.2364452,3.2069821,31.357142857142858,32.036441802978516,41453
NO3_misfit,year,A,-122.4329987,47.5332985,0.7536839076450867,2.2730968,3.225524,31.28571428571429,32.039398193359375,41454
NO3_misfit,year,A,-122.4329987,47.5332985,0.7553738185337586,2.3290603,3.2538354,31.28571428571429,32.04108810424805,41455
NO3_misfit,year,A,-122.4329987,47.5332985,1.9043121337890625,1.9450833,3.059584,30.0,31.904312133789062,41456
NO3_misfit,year,A,-122.45722,47.376111,1.7434340885707336,2.4096289,3.2945948,29.21428571428571,30.957719802856445,41459
NO3_misfit,year,A,-122.4179993,47.777401,4.160948072160995,4.551116,4.37796,29.928571428571427,34.08951950073242,41460
NO3_misfit,year,A,-122.4179993,47.777401,2.553245816911968,1.907189,3.0404134,28.42857142857143,30.9818172454834,41461
NO3_misfit,year,A,-122.4179993,47.777401,1.5583087376185816,1.3825022,2.7749774,28.714285714285715,30.272594451904297,41462
NO3_misfit,year,A,-122.4179993,47.777401,1.6639554159981849,1.4453013,2.8067472,28.571428571428573,30.235383987426758,41463
NO3_misfit,year,A,-122.4179993,47.777401,1.4131150926862404,1.5501988,2.8598142,28.85714285714286,30.2702579498291,41464
NO3_misfit,year,A,-122.4179993,47.777401,1.4919215611049097,1.3682806,2.767783,28.714285714285715,30.206207275390625,41465
NO3_misfit,year,A,-122.4179993,47.777401,2.4118298121861024,1.6749775,2.9229388,28.28571428571429,30.69754409790039,41466
NO3_misfit,year,A,-122.387001,47.3586006,7.517514910016743,5.584622,4.9008045,25.57142857142857,33.08894348144531,41468
NO3_misfit,year,A,-122.387001,47.3586006,6.563971383231028,4.7998457,4.503791,25.785714285714285,32.34968566894531,41469
NO3_misfit,year,A,-122.387001,47.3586006,5.5274328504289905,4.007798,4.103099,26.142857142857142,31.670289993286133,41470
NO3_misfit,year,A,-122.387001,47.3586006,5.603654588971818,3.9237137,4.060561,26.071428571428573,31.67508316040039,41471
NO3_misfit,year,A,-122.387001,47.3586006,5.278755460466655,3.9577627,4.0777864,26.42857142857143,31.707326889038086,41472
NO3_misfit,year,A,-122.387001,47.3586006,5.5117293766566675,3.9766762,4.0873547,26.214285714285715,31.726015090942383,41473
NO3_misfit,year,A,-122.387001,47.3586006,4.567798614501953,3.5595117,3.8763132,26.5,31.067798614501953,41475
NO3_misfit,year,A,-122.4260025,47.6012001,7.542769295828684,6.24625,5.2355185,25.785714285714285,33.32848358154297,41476
NO3_misfit,year,A,-122.4260025,47.6012001,6.271327972412109,5.717703,4.968129,26.5,32.77132797241211,41477
NO3_misfit,year,A,-122.4260025,47.6012001,5.189547947474889,4.1208296,4.1602807,26.642857142857142,31.83240509033203,41478
NO3_misfit,year,A,-122.4260025,47.6012001,5.081378391810826,3.9648728,4.081383,26.642857142857142,31.72423553466797,41479
NO3_misfit,year,A,-122.4260025,47.6012001,5.110124043055944,3.9732401,4.085616,26.642857142857142,31.752981185913086,41480
NO3_misfit,year,A,-122.4260025,47.6012001,5.116259983607701,3.8070686,4.0015507,26.642857142857142,31.759117126464844,41481
NO3_misfit,year,A,-122.4260025,47.6012001,5.463861737932476,3.7292068,3.962161,26.42857142857143,31.892433166503906,41483
NO3_misfit,year,A,-122.4219971,47.5703011,1.1685910906110486,2.2262483,3.2018235,30.857142857142858,32.025733947753906,41484
NO3_misfit,year,A,-122.4219971,47.5703011,0.9470994131905677,2.283838,3.230958,31.071428571428573,32.01852798461914,41485
NO3_misfit,year,A,-122.4219971,47.5703011,1.5881789071219323,2.144234,3.160333,30.428571428571427,32.01675033569336,41486
NO3_misfit,year,A,-122.4219971,47.5703011,1.198774065290177,2.3348885,3.256784,30.571428571428573,31.77020263671875,41487
NO3_misfit,year,A,-122.3570023,47.6035995,4.633752005440847,3.7607634,3.9781256,27.714285714285715,32.34803771972656,41488
NO3_misfit,year,A,-122.3570023,47.6035995,4.719055720738002,3.7670662,3.981314,27.357142857142858,32.07619857788086,41489
NO3_misfit,year,A,-122.3570023,47.6035995,4.021113531930105,3.4490893,3.8204513,27.714285714285715,31.73539924621582,41490
NO3_misfit,year,A,-122.3570023,47.6035995,3.9422367640903992,3.5081642,3.850337,27.78571428571429,31.727951049804688,41491
NO3_misfit,year,A,-122.3570023,47.6035995,3.8818059648786267,3.365863,3.7783477,27.857142857142858,31.738948822021484,41492
NO3_misfit,year,A,-122.3570023,47.6035995,5.142512185232977,3.9021196,4.049637,27.78571428571429,32.928226470947266,41494
NO3_misfit,year,A,-122.4329987,47.5332985,7.3754425048828125,6.04167,5.132022,25.75,33.12544250488281,41495
NO3_misfit,year,A,-122.4329987,47.5332985,5.859624590192521,4.899863,4.554389,26.071428571428573,31.931053161621094,41496
NO3_misfit,year,A,-122.4329987,47.5332985,5.348145348685129,4.085654,4.1424856,26.285714285714285,31.633859634399414,41497
NO3_misfit,year,A,-122.4329987,47.5332985,5.33595085144043,4.064654,4.1318617,26.5,31.83595085144043,41498
NO3_misfit,year,A,-122.4329987,47.5332985,5.271243776593888,4.0790763,4.1391582,26.571428571428573,31.84267234802246,41499
NO3_misfit,year,A,-122.4329987,47.5332985,5.429745265415736,3.9191353,4.0582447,26.357142857142858,31.786888122558594,41500
NO3_misfit,year,A,-122.4329987,47.5332985,5.1955285753522595,3.579584,3.886468,26.357142857142858,31.552671432495117,41501
NO3_misfit,year,A,-122.4329987,47.4528999,1.0300025939941406,2.1794848,3.1781662,31.0,32.03000259399414,41503
NO3_misfit,year,A,-122.4329987,47.4528999,0.3842958722795764,2.308054,3.2432084,31.642857142857142,32.02715301513672,41504
NO3_misfit,year,A,-122.4329987,47.4528999,1.0331649780273438,2.344705,3.2617502,31.0,32.033164978027344,41505
NO3_misfit,year,A,-122.4329987,47.4528999,0.6780248369489392,2.3939557,3.2866657,31.357142857142858,32.0351676940918,41506
NO3_misfit,year,A,-122.4329987,47.4528999,0.8478502546037952,2.0656064,3.1205559,31.142857142857142,31.990707397460938,41507
NO3_misfit,year,A,-122.4179993,47.777401,5.304962158203125,4.9529757,4.581259,27.5,32.804962158203125,41508
NO3_misfit,year,A,-122.4179993,47.777401,3.6191370827811085,2.928235,3.5569544,27.42857142857143,31.04770851135254,41509
NO3_misfit,year,A,-122.4179993,47.777401,3.5491294860839844,2.6610572,3.4217906,27.5,31.049129486083984,41510
NO3_misfit,year,A,-122.4179993,47.777401,3.117722920009065,2.7238133,3.4535387,28.142857142857146,31.26058006286621,41511
NO3_misfit,year,A,-122.4179993,47.777401,2.9517427171979627,2.7861848,3.4850922,28.357142857142858,31.30888557434082,41512
NO3_misfit,year,A,-122.4179993,47.777401,3.1770624433244947,2.9127555,3.5491233,28.142857142857146,31.31991958618164,41513
NO3_misfit,year,A,-122.4179993,47.777401,2.7724039895193897,2.5982594,3.3900218,27.42857142857143,30.20097541809082,41515
NO3_misfit,year,A,-122.4280014,47.7439995,3.4164003644670764,4.863789,4.5361395,29.892857142857142,33.30925750732422,41516
NO3_misfit,year,A,-122.4280014,47.7439995,1.7870415278843481,2.1784148,3.1776247,29.285714285714285,31.072755813598633,41517
NO3_misfit,year,A,-122.4280014,47.7439995,2.0507804325648706,1.6694835,2.9201596,28.714285714285715,30.765066146850586,41518
NO3_misfit,year,A,-122.4280014,47.7439995,1.5945761544363855,1.8366936,3.0047503,29.428571428571427,31.023147583007812,41519
NO3_misfit,year,A,-122.4280014,47.7439995,1.4764398847307483,1.5358707,2.8525658,29.642857142857142,31.11929702758789,41520
NO3_misfit,year,A,-122.4280014,47.7439995,1.0710563659667969,1.472671,2.8205934,30.0,31.071056365966797,41521
NO3_misfit,year,A,-122.4280014,47.7439995,1.8233503614153186,1.9499614,3.0620518,29.142857142857142,30.96620750427246,41523
NO3_misfit,year,A,-122.4260025,47.6012001,2.547088623046875,4.5352306,4.3699236,31.0,33.547088623046875,41524
NO3_misfit,year,A,-122.4260025,47.6012001,1.843863895961217,3.8939233,4.0454903,31.142857142857142,32.98672103881836,41525
NO3_misfit,year,A,-122.4260025,47.6012001,1.4230774470738012,2.0163012,3.0956125,30.285714285714285,31.708791732788086,41526
NO3_misfit,year,A,-122.4260025,47.6012001,0.5906377519880017,2.0270064,3.1010282,31.357142857142858,31.94778060913086,41527
NO3_misfit,year,A,-122.4260025,47.6012001,1.9698489052908776,2.1277158,3.1519766,29.928571428571427,31.898420333862305,41528
NO3_misfit,year,A,-122.4260025,47.6012001,0.9734916687011719,2.0079865,3.0914063,31.0,31.973491668701172,41529
NO3_misfit,year,A,-122.4260025,47.6012001,1.1718630109514514,2.2199094,3.1986167,31.142857142857142,32.314720153808594,41530
NO3_misfit,year,A,-122.387001,47.3586006,1.892114366803849,4.016769,4.1076374,31.071428571428573,32.96354293823242,41532
NO3_misfit,year,A,-122.387001,47.3586006,1.2144066946847083,2.497113,3.3388524,31.071428571428573,32.28583526611328,41533
NO3_misfit,year,A,-122.387001,47.3586006,0.6889272417340955,2.160344,3.1684828,31.357142857142858,32.04607009887695,41534
NO3_misfit,year,A,-122.387001,47.3586006,0.7451084681919617,2.1836534,3.180275,31.28571428571429,32.03082275390625,41535
NO3_misfit,year,A,-122.387001,47.3586006,0.6670652117047986,2.2332945,3.205388,31.357142857142858,32.024208068847656,41536
NO3_misfit,year,A,-122.387001,47.3586006,1.0210609436035156,2.350906,3.2648869,31.0,32.021060943603516,41537
NO3_misfit,year,A,-122.387001,47.3586006,1.099935531616211,2.1559408,3.1662555,30.0,31.09993553161621,41539
NO3_misfit,year,A,-122.4469986,47.6605988,0.20925739833286627,1.6499236,2.9102643,30.92857142857143,31.137828826904297,41540
NO3_misfit,year,A,-122.4469986,47.6605988,0.7978741782052161,1.7261941,2.9488492,30.571428571428573,31.36930274963379,41541
NO3_misfit,year,A,-122.4469986,47.6605988,0.5933974129813038,1.7999294,2.9861512,30.92857142857143,31.521968841552734,41542
NO3_misfit,year,A,-122.4469986,47.6605988,1.0398060934884192,1.7939261,2.9831142,30.571428571428573,31.611234664916992,41543
NO3_misfit,year,A,-122.4469986,47.6605988,3.1748232160295764,2.4602108,3.3201838,29.642857142857142,32.81768035888672,41545
NO3_misfit,year,A,-122.4219971,47.5703011,5.342649732317241,4.047263,4.123064,26.42857142857143,31.771221160888672,41546
NO3_misfit,year,A,-122.4219971,47.5703011,5.341650009155273,4.070268,4.1347017,26.5,31.841650009155273,41547
NO3_misfit,year,A,-122.4219971,47.5703011,5.262271608625138,3.827871,4.012075,26.571428571428573,31.83370018005371,41548
NO3_misfit,year,A,-122.4219971,47.5703011,4.974372863769531,3.5074997,3.8500009,26.5,31.47437286376953,41549
NO3_misfit,year,A,-122.45722,47.376111,2.8694294520786805,4.2105856,4.2056875,28.78571428571429,31.65514373779297,41551
NO3_misfit,year,A,-122.45722,47.376111,2.5024266924176892,3.3922222,3.7916827,28.357142857142858,30.859569549560547,41552
NO3_misfit,year,A,-122.4469986,47.6605988,0.7828014918736024,1.6982517,2.9347134,31.28571428571429,32.06851577758789,41553
NO3_misfit,year,A,-122.4469986,47.6605988,0.5691438402448377,1.6102341,2.8901856,31.357142857142858,31.926286697387695,41554
NO3_misfit,year,A,-122.4469986,47.6605988,0.7554773603166858,1.2297727,2.6977124,31.142857142857142,31.898334503173828,41555
NO3_misfit,year,A,-122.4469986,47.6605988,0.5668618338448645,1.2024114,2.6838706,31.071428571428573,31.638290405273438,41556
NO3_misfit,year,A,-122.4469986,47.6605988,0.0673119681222083,1.5298398,2.8495147,30.571428571428573,30.63874053955078,41557
NO3_misfit,year,A,-122.3570023,47.6035995,0.7511531284877222,1.628141,2.8992448,31.714285714285715,32.46543884277344,41559
NO3_misfit,year,A,-122.3570023,47.6035995,0.8809798104422413,1.5266181,2.847885,31.42857142857143,32.30955123901367,41560
NO3_misfit,year,A,-122.3570023,47.6035995,0.4577500479561927,1.1352427,2.6498904,31.571428571428573,32.029178619384766,41561
NO3_misfit,year,A,-122.3570023,47.6035995,0.4973264421735486,1.2546996,2.7103229,31.357142857142858,31.854469299316406,41562
NO3_misfit,year,A,-122.3570023,47.6035995,0.5633144378662109,1.3188462,2.7427742,31.0,31.56331443786621,41563
NO3_misfit,year,A,-122.3570023,47.6035995,1.3093504224504748,1.4136075,2.7907133,30.142857142857142,31.452207565307617,41565
NO3_misfit,year,A,-122.45722,47.376111,1.5543880462646484,2.9483204,3.5671153,30.0,31.55438804626465,41566
NO3_misfit,year,A,-122.45722,47.376111,2.1711393083844825,2.38085,3.2800355,28.85714285714286,31.028282165527344,41567
NO3_misfit,year,A,-122.4179993,47.777401,-0.7496337890625,3.7667072,3.9811325,34.5,33.7503662109375,41568
NO3_misfit,year,A,-122.4179993,47.777401,0.5256729125976562,1.6347529,2.9025896,30.0,30.525672912597656,41569
NO3_misfit,year,A,-122.4179993,47.777401,1.4961784907749731,1.4182847,2.7930796,29.285714285714285,30.781892776489258,41570
NO3_misfit,year,A,-122.4179993,47.777401,1.7137328556605738,1.4683154,2.81839,29.714285714285715,31.42801856994629,41571
NO3_misfit,year,A,-122.4179993,47.777401,1.3948225293840686,1.2326548,2.6991706,30.142857142857142,31.53767967224121,41572
NO3_misfit,year,A,-122.4179993,47.777401,1.1185686928885339,1.0439918,2.603727,29.928571428571427,31.04714012145996,41573
NO3_misfit,year,A,-122.4179993,47.777401,1.3510627746581996,1.9443365,3.059206,28.000000000000004,29.351062774658203,41575
NO3_misfit,year,A,-122.4219971,47.5703011,0.6426816667829236,1.4111311,2.7894607,31.357142857142858,31.99982452392578,41576
NO3_misfit,year,A,-122.4219971,47.5703011,0.8107602255684974,1.5164173,2.8427243,31.071428571428573,31.88218879699707,41577
NO3_misfit,year,A,-122.4219971,47.5703011,0.9960087367466528,1.5729382,2.8713179,30.785714285714285,31.781723022460938,41578
NO3_misfit,year,A,-122.4219971,47.5703011,0.60428319658552,1.7224946,2.9469776,30.285714285714285,30.889997482299805,41579
NO3_misfit,year,A,-122.4329987,47.4528999,1.3262661525181372,1.8772008,3.0252426,30.785714285714285,32.11198043823242,41580
NO3_misfit,year,A,-122.4329987,47.4528999,1.1262190682547413,1.523042,2.8460755,30.92857142857143,32.05479049682617,41581
NO3_misfit,year,A,-122.4329987,47.4528999,1.275151388985769,1.6341343,2.9022765,30.714285714285715,31.989437103271484,41582
NO3_misfit,year,A,-122.4329987,47.4528999,1.1559194837297717,1.7188387,2.945128,30.642857142857142,31.798776626586914,41583
NO3_misfit,year,A,-122.4329987,47.4528999,0.25225067138671875,1.6136507,2.8919141,30.0,30.25225067138672,41584
NO3_misfit,year,A,-122.387001,47.3586006,2.1304326738630017,3.3515315,3.7710974,30.857142857142858,32.98757553100586,41585
NO3_misfit,year,A,-122.387001,47.3586006,1.7687416076660156,2.4386294,3.3092659,31.0,32.768741607666016,41586
NO3_misfit,year,A,-122.387001,47.3586006,1.2767868041992188,1.8485497,3.0107481,31.0,32.27678680419922,41587
NO3_misfit,year,A,-122.387001,47.3586006,1.0455300467354895,1.4433917,2.8057811,31.071428571428573,32.11695861816406,41588
NO3_misfit,year,A,-122.387001,47.3586006,1.047201429094585,1.61792,2.894074,30.92857142857143,31.975772857666016,41589
NO3_misfit,year,A,-122.387001,47.3586006,1.1967122214181067,1.7430217,2.9573622,30.571428571428573,31.76814079284668,41590
NO3_misfit,year,A,-122.387001,47.3586006,0.47351837158203125,1.5092384,2.8390925,30.5,30.97351837158203,41592
NO3_misfit,year,A,-122.4329987,47.5332985,2.057923998151505,3.73776,3.9664881,31.071428571428573,33.12935256958008,41593
NO3_misfit,year,A,-122.4329987,47.5332985,1.7722097124372205,3.73776,3.9664881,31.357142857142858,33.12935256958008,41594
NO3_misfit,year,A,-122.4329987,47.5332985,1.809949602399552,2.8493185,3.517031,30.571428571428573,32.381378173828125,41595
NO3_misfit,year,A,-122.4329987,47.5332985,0.6080305916922413,1.8093361,2.99091,31.42857142857143,32.03660202026367,41596
NO3_misfit,year,A,-122.4329987,47.5332985,1.0421333312988281,1.4892429,2.8289769,31.0,32.04213333129883,41597
NO3_misfit,year,A,-122.4329987,47.5332985,0.6700139726911267,1.5464008,2.8578928,31.357142857142858,32.027156829833984,41598
NO3_misfit,year,A,-122.4329987,47.5332985,0.656751087733678,1.556724,2.8631153,31.142857142857142,31.79960823059082,41599
NO3_misfit,year,A,-122.4329987,47.5332985,-0.13483483450753297,1.5323163,2.8507676,30.642857142857142,30.50802230834961,41601
NO3_misfit,year,A,-122.4280014,47.7439995,3.3236073085239966,4.0581975,4.1285954,29.785714285714285,33.10932159423828,41602
NO3_misfit,year,A,-122.4280014,47.7439995,1.797530038016184,1.9706811,3.0725336,29.285714285714285,31.08324432373047,41603
NO3_misfit,year,A,-122.4280014,47.7439995,2.052675519670757,1.4253405,2.796649,28.92857142857143,30.981246948242188,41604
NO3_misfit,year,A,-122.4280014,47.7439995,2.005526951381139,1.3351827,2.7510388,29.142857142857142,31.14838409423828,41605
NO3_misfit,year,A,-122.4280014,47.7439995,0.808362688337052,1.1407917,2.6526976,30.071428571428573,30.879791259765625,41606
NO3_misfit,year,A,-122.4280014,47.7439995,2.4238659994942786,1.2793672,2.7228022,28.071428571428573,30.49529457092285,41607
NO3_misfit,year,A,-122.4280014,47.7439995,0.5642790113176588,1.71684,2.944117,28.642857142857146,29.207136154174805,41609
NO3_misfit,year,A,-122.4260025,47.6012001,2.9068369184221545,4.0113597,4.1049004,30.642857142857142,33.5496940612793,41610
NO3_misfit,year,A,-122.4260025,47.6012001,2.1534129551478784,3.458289,3.8251054,30.714285714285715,32.867698669433594,41611
NO3_misfit,year,A,-122.4260025,47.6012001,1.076601300920757,1.7441778,2.957947,30.92857142857143,32.00517272949219,41612
NO3_misfit,year,A,-122.4260025,47.6012001,0.6822362627301892,1.4874852,2.8280878,31.357142857142858,32.03937911987305,41613
NO3_misfit,year,A,-122.4260025,47.6012001,0.8016599927629748,1.337179,2.7520487,31.142857142857142,31.944517135620117,41614
NO3_misfit,year,A,-122.4260025,47.6012001,0.6615006583077552,1.62265,2.8964667,31.071428571428573,31.732929229736328,41615
NO3_misfit,year,A,-122.4260025,47.6012001,0.8636561802455347,1.7494003,2.960589,29.714285714285715,30.57794189453125,41616
NO3_misfit,year,A,-122.387001,47.3586006,4.7718118940080885,3.7907045,3.9932723,28.142857142857146,32.914669036865234,41618
NO3_misfit,year,A,-122.387001,47.3586006,4.111183166503903,2.9888592,3.5876236,28.500000000000004,32.611183166503906,41619
NO3_misfit,year,A,-122.387001,47.3586006,2.5118179321289062,2.389991,3.2846599,29.5,32.011817932128906,41620
NO3_misfit,year,A,-122.387001,47.3586006,2.388213838849751,2.3606017,3.269792,29.57142857142857,31.95964241027832,41621
NO3_misfit,year,A,-122.387001,47.3586006,2.5122092110770105,2.3862178,3.282751,29.428571428571427,31.940780639648438,41622
NO3_misfit,year,A,-122.387001,47.3586006,2.71507753644671,2.4357586,3.3078136,29.21428571428571,31.929363250732422,41624
NO3_misfit,year,A,-122.387001,47.3586006,2.5079721723284045,2.1800525,3.1784534,29.142857142857142,31.650829315185547,41625
NO3_misfit,year,A,-122.4219971,47.5703011,2.5480275835309705,2.4998028,3.340213,29.357142857142858,31.905170440673828,41626
NO3_misfit,year,A,-122.4219971,47.5703011,2.650986535208567,2.4010456,3.2902522,29.285714285714285,31.93670082092285,41627
NO3_misfit,year,A,-122.4219971,47.5703011,2.5699372972760877,2.333144,3.2559013,29.357142857142858,31.927080154418945,41628
NO3_misfit,year,A,-122.4219971,47.5703011,2.536148888724192,2.4945254,3.3375432,29.285714285714285,31.821863174438477,41629
NO3_misfit,year,A,-122.4329987,47.4528999,2.67492975507464,2.4375575,3.3087234,29.21428571428571,31.88921546936035,41630
NO3_misfit,year,A,-122.4329987,47.4528999,2.7451545170375304,2.5963042,3.3890324,29.21428571428571,31.959440231323242,41631
NO3_misfit,year,A,-122.4329987,47.4528999,2.891486849103657,2.6813788,3.4320712,29.07142857142857,31.962915420532227,41632
NO3_misfit,year,A,-122.4329987,47.4528999,2.7073129926409045,2.8066573,3.495449,29.142857142857142,31.850170135498047,41633
NO3_misfit,year,A,-122.4329987,47.4528999,2.7513095310756164,2.6539083,3.4181743,29.21428571428571,31.965595245361328,41634
NO3_misfit,year,A,-122.4280014,47.7439995,4.4777505057198645,3.2750359,3.7323987,26.571428571428573,31.049179077148438,41635
NO3_misfit,year,A,-122.4280014,47.7439995,3.906321934291295,3.2750359,3.7323987,27.142857142857142,31.049179077148438,41636
NO3_misfit,year,A,-122.4280014,47.7439995,2.1889648437499964,2.2924793,3.2353294,28.000000000000004,30.18896484375,41637
NO3_misfit,year,A,-122.4280014,47.7439995,2.0993908473423524,2.2741172,3.2260401,28.28571428571429,30.38510513305664,41638
NO3_misfit,year,A,-122.4280014,47.7439995,3.055560520717073,2.3434143,3.261097,28.642857142857146,31.69841766357422,41639
NO3_misfit,year,A,-122.4280014,47.7439995,2.8276072910853784,2.4326074,3.3062193,28.714285714285715,31.541893005371094,41640
NO3_misfit,year,A,-122.4280014,47.7439995,2.58166204180036,2.2356648,3.2065873,28.78571428571429,31.36737632751465,41641
NO3_misfit,year,A,-122.4280014,47.7439995,1.3042278289794886,2.0502064,3.1127648,28.500000000000004,29.804227828979492,41642
NO3_misfit,year,A,-122.3570023,47.6035995,3.5304549080984913,2.5016415,3.3411431,28.92857142857143,32.45902633666992,41644
NO3_misfit,year,A,-122.3570023,47.6035995,2.9228826250348767,2.2790973,3.2285595,29.357142857142858,32.280025482177734,41645
NO3_misfit,year,A,-122.3570023,47.6035995,3.104763031005856,2.1842828,3.1805935,29.000000000000004,32.10476303100586,41646
NO3_misfit,year,A,-122.3570023,47.6035995,2.869986942836217,1.9949266,3.0847993,29.142857142857142,32.01284408569336,41647
NO3_misfit,year,A,-122.3570023,47.6035995,2.802706582205637,2.2307792,3.2041156,29.285714285714285,32.08842086791992,41648
NO3_misfit,year,A,-122.3570023,47.6035995,2.529996599469868,1.8513367,3.012158,29.07142857142857,31.601425170898438,41649
NO3_misfit,year,A,-122.4329987,47.5332985,4.87960978916713,4.086133,4.142728,28.071428571428573,32.9510383605957,41651
NO3_misfit,year,A,-122.4329987,47.5332985,4.736752646309988,4.086133,4.142728,28.214285714285715,32.9510383605957,41652
NO3_misfit,year,A,-122.4329987,47.5332985,3.351353781563894,3.4460726,3.8189254,28.714285714285715,32.06563949584961,41653
NO3_misfit,year,A,-122.4329987,47.5332985,2.5368821280343212,2.350055,3.2644565,29.07142857142857,31.60831069946289,41654
NO3_misfit,year,A,-122.4329987,47.5332985,2.9481315612792933,2.534669,3.3578515,29.000000000000004,31.948131561279297,41655
NO3_misfit,year,A,-122.4329987,47.5332985,2.611826487949916,2.5258932,3.3534122,29.357142857142858,31.968969345092773,41656
NO3_misfit,year,A,-122.4329987,47.5332985,2.5724740709577283,2.3050365,3.241682,29.357142857142858,31.929616928100586,41658
NO3_misfit,year,A,-122.4329987,47.5332985,2.1662349700927734,2.1764736,3.176643,29.5,31.666234970092773,41659
NO3_misfit,year,A,-122.4179993,47.777401,4.230597632271902,3.1065788,3.6471772,27.714285714285715,31.944883346557617,41660
NO3_misfit,year,A,-122.4179993,47.777401,2.1720085144042933,2.3754184,3.2772877,28.000000000000004,30.172008514404297,41661
NO3_misfit,year,A,-122.4179993,47.777401,1.6640813010079505,2.0717773,3.1236777,28.571428571428573,30.235509872436523,41662
NO3_misfit,year,A,-122.4179993,47.777401,2.51488631112235,2.2685573,3.2232275,29.142857142857142,31.657743453979492,41663
NO3_misfit,year,A,-122.4179993,47.777401,2.519551140921454,2.2644591,3.2211542,28.78571428571429,31.305265426635742,41664
NO3_misfit,year,A,-122.4179993,47.777401,2.989985874720979,2.4569383,3.3185282,28.642857142857146,31.632843017578125,41665
NO3_misfit,year,A,-122.4179993,47.777401,3.7877344403948108,2.036658,3.1059108,26.142857142857142,29.930591583251953,41666
NO3_misfit,year,A,-122.4469986,47.6605988,2.551865986415315,2.33638,3.2575383,28.642857142857146,31.19472312927246,41668
NO3_misfit,year,A,-122.4469986,47.6605988,2.8658768790108837,2.553524,3.3673902,29.07142857142857,31.937305450439453,41669
NO3_misfit,year,A,-122.4469986,47.6605988,3.101811000279014,2.5446055,3.3628783,28.85714285714286,31.958953857421875,41670
NO3_misfit,year,A,-122.4469986,47.6605988,2.8813457489013636,2.3233619,3.2509527,29.000000000000004,31.881345748901367,41672
NO3_misfit,year,A,-122.4469986,47.6605988,2.668545586722235,2.0765996,3.1261172,28.78571428571429,31.454259872436523,41673
NO3_misfit,year,A,-122.4260025,47.6012001,4.741154806954519,4.3397255,4.271019,28.214285714285715,32.955440521240234,41674
NO3_misfit,year,A,-122.4260025,47.6012001,4.299473353794642,3.4322836,3.8119495,28.357142857142858,32.6566162109375,41675
NO3_misfit,year,A,-122.4260025,47.6012001,2.683460780552455,2.4193137,3.2994943,29.357142857142858,32.04060363769531,41676
NO3_misfit,year,A,-122.4260025,47.6012001,2.631892068045481,2.3618863,3.270442,29.285714285714285,31.917606353759766,41677
NO3_misfit,year,A,-122.4260025,47.6012001,2.583645411900111,2.524797,3.3528576,29.357142857142858,31.94078826904297,41678
NO3_misfit,year,A,-122.4260025,47.6012001,2.334022249494282,2.1544838,3.1655183,29.57142857142857,31.90545082092285,41679
NO3_misfit,year,A,-122.4260025,47.6012001,2.127847671508789,1.9156181,3.0446775,29.5,31.62784767150879,41681
NO3_misfit,year,A,-122.45722,47.376111,5.230786187308176,3.8416636,4.0190525,21.785714285714285,27.01650047302246,41682
NO3_misfit,year,A,-122.45722,47.376111,15.392145429338727,5.8066893,5.013147,7.928571428571429,23.320716857910156,41684
NO3_misfit,year,A,-122.45722,47.376111,4.0851770128522595,4.293396,4.247581,23.857142857142858,27.942319869995117,41685
NO3_misfit,year,A,-122.4469986,47.6605988,1.8413767133440295,2.569479,3.3754618,29.642857142857142,31.484233856201172,41686
NO3_misfit,year,A,-122.4469986,47.6605988,3.19479942321777,3.1694434,3.6789804,28.500000000000004,31.694799423217773,41687
NO3_misfit,year,A,-122.4469986,47.6605988,3.194472449166433,2.5353656,3.3582041,28.214285714285715,31.40875816345215,41688
NO3_misfit,year,A,-122.4469986,47.6605988,3.378847122192383,2.1066597,3.1413243,27.0,30.378847122192383,41689
NO3_misfit,year,A,-122.4469986,47.6605988,-0.9045955113002222,-1.4015771,1.3665285,25.285714285714285,24.381118774414062,41690
NO3_misfit,year,A,-122.3570023,47.6035995,2.102713993617467,3.0909584,3.639275,30.142857142857142,32.24557113647461,41692
NO3_misfit,year,A,-122.3570023,47.6035995,1.7003457205636145,2.9426792,3.5642614,30.571428571428573,32.27177429199219,41693
NO3_misfit,year,A,-122.3570023,47.6035995,1.9085475376674097,2.4370503,3.308467,30.214285714285715,32.122833251953125,41694
NO3_misfit,year,A,-122.3570023,47.6035995,1.9549576895577587,2.1559367,3.1662533,29.57142857142857,31.526386260986328,41695
NO3_misfit,year,A,-122.3570023,47.6035995,1.0663866315569202,1.3950604,2.7813306,29.142857142857142,30.209243774414062,41697
NO3_misfit,year,A,-122.3570023,47.6035995,-3.1395454406738317,-4.3241777,-0.111997366,28.000000000000004,24.860454559326172,41698
NO3_misfit,year,A,-122.4329987,47.5332985,2.763466698782782,3.9084744,4.0528517,28.28571428571429,31.04918098449707,41699
NO3_misfit,year,A,-122.4329987,47.5332985,2.6206095559256397,3.9084744,4.0528517,28.42857142857143,31.04918098449707,41700
NO3_misfit,year,A,-122.4329987,47.5332985,2.8978257860456154,3.408906,3.8001227,28.85714285714286,31.754968643188477,41701
NO3_misfit,year,A,-122.4329987,47.5332985,2.337066377912251,3.1709228,3.6797285,29.57142857142857,31.90849494934082,41702
NO3_misfit,year,A,-122.4329987,47.5332985,2.255801609584264,3.271111,3.7304132,29.142857142857142,31.398658752441406,41703
NO3_misfit,year,A,-122.4329987,47.5332985,1.9418612888881164,2.813974,3.4991503,29.21428571428571,31.156147003173828,41704
NO3_misfit,year,A,-122.4329987,47.5332985,0.8873740604945617,2.17719,3.1770053,29.21428571428571,30.101659774780273,41705
NO3_misfit,year,A,-122.4329987,47.5332985,-1.5997085571289098,-0.37585545,1.885435,29.000000000000004,27.400291442871094,41707
NO3_misfit,year,A,-122.4260025,47.6012001,2.9362724849155946,4.016553,4.1075277,28.28571428571429,31.221986770629883,41708
NO3_misfit,year,A,-122.4260025,47.6012001,2.783494131905691,3.0772483,3.6323392,28.214285714285715,30.997779846191406,41709
NO3_misfit,year,A,-122.4260025,47.6012001,1.8267816816057483,3.1411712,3.6646776,30.142857142857142,31.96963882446289,41710
NO3_misfit,year,A,-122.4260025,47.6012001,2.5938775198800244,3.1977413,3.693296,29.07142857142857,31.665306091308594,41711
NO3_misfit,year,A,-122.4260025,47.6012001,1.9084750584193664,2.6421294,3.4122152,29.21428571428571,31.122760772705078,41712
NO3_misfit,year,A,-122.4260025,47.6012001,0.8012052263532325,1.4090421,2.788404,28.85714285714286,29.658348083496094,41713
NO3_misfit,year,A,-122.4260025,47.6012001,-1.3658313751220739,0.082600676,2.1173651,28.500000000000004,27.13416862487793,41715
NO3_misfit,year,A,-122.4179993,47.777401,3.8274598802839,3.6890798,3.9418612,27.857142857142858,31.684602737426758,41716
NO3_misfit,year,A,-122.4179993,47.777401,2.874713352748323,3.1475875,3.6679235,27.642857142857146,30.51757049560547,41717
NO3_misfit,year,A,-122.4179993,47.777401,2.014667238507954,2.3379452,3.2583303,29.07142857142857,31.086095809936523,41718
NO3_misfit,year,A,-122.4179993,47.777401,3.228779111589702,2.635496,3.4088593,28.42857142857143,31.657350540161133,41719
NO3_misfit,year,A,-122.4179993,47.777401,3.6227591378348194,2.4430878,3.3115213,27.92857142857143,31.55133056640625,41720
NO3_misfit,year,A,-122.4179993,47.777401,3.533479145595006,2.040683,3.107947,27.142857142857142,30.67633628845215,41721
NO3_misfit,year,A,-122.4179993,47.777401,0.5408115386962891,-1.2303059,1.4531736,23.0,23.54081153869629,41723
NO3_misfit,year,A,-122.4280014,47.7439995,3.2775391169956727,3.7734816,3.9845595,27.53571428571429,30.81325340270996,41724
NO3_misfit,year,A,-122.4280014,47.7439995,2.9978536878313307,3.2227924,3.705969,27.642857142857146,30.640710830688477,41725
NO3_misfit,year,A,-122.4280014,47.7439995,2.444802965436665,2.615436,3.3987112,29.07142857142857,31.516231536865234,41726
NO3_misfit,year,A,-122.4280014,47.7439995,2.519856861659459,2.97246,3.5793276,29.142857142857142,31.6627140045166,41727
NO3_misfit,year,A,-122.4280014,47.7439995,2.5684705461774513,2.5736763,3.3775854,28.85714285714286,31.425613403320312,41728
NO3_misfit,year,A,-122.4280014,47.7439995,1.9922360011509461,1.9161087,3.0449257,28.28571428571429,30.277950286865234,41729
NO3_misfit,year,A,-122.4280014,47.7439995,-2.490772792271205,-1.0147339,1.5622302,26.142857142857142,23.652084350585938,41731
NO3_misfit,year,A,-122.4329987,47.4528999,2.469043731689453,3.0062625,3.596428,29.5,31.969043731689453,41732
NO3_misfit,year,A,-122.4329987,47.4528999,2.369588034493585,3.3399868,3.7652571,29.21428571428571,31.583873748779297,41733
NO3_misfit,year,A,-122.4329987,47.4528999,2.035847800118585,2.885719,3.5354457,29.21428571428571,31.250133514404297,41734
NO3_misfit,year,A,-122.4329987,47.4528999,2.280516488211493,2.8321877,3.5083647,28.78571428571429,31.06623077392578,41735
NO3_misfit,year,A,-122.4329987,47.4528999,-2.8672024863106884,-0.034317873,2.0582168,28.42857142857143,25.561368942260742,41736
NO3_misfit,year,A,-122.4219971,47.5703011,1.8146920885358533,2.8113523,3.4978242,29.357142857142858,31.17183494567871,41737
NO3_misfit,year,A,-122.4219971,47.5703011,1.2985828944614966,2.6519794,3.4171982,29.285714285714285,30.58429718017578,41738
NO3_misfit,year,A,-122.4219971,47.5703011,0.7665113721575061,2.0330637,3.1040926,29.142857142857142,29.90936851501465,41739
NO3_misfit,year,A,-122.4219971,47.5703011,-0.2575819832938038,0.85326165,2.507238,29.07142857142857,28.813846588134766,41740
NO3_misfit,year,A,-122.387001,47.3586006,2.323140008108954,3.5565786,3.8748295,28.78571428571429,31.108854293823242,41741
NO3_misfit,year,A,-122.387001,47.3586006,2.428499221801758,3.4841123,3.838169,29.5,31.928499221801758,41742
NO3_misfit,year,A,-122.387001,47.3586006,1.952296120779856,3.0031626,3.5948596,30.285714285714285,32.23801040649414,41743
NO3_misfit,year,A,-122.387001,47.3586006,1.7708334241594592,2.81851,3.5014453,29.642857142857142,31.4136905670166,41744
NO3_misfit,year,A,-122.387001,47.3586006,2.2013470785958447,3.0895455,3.6385603,29.57142857142857,31.772775650024414,41745
NO3_misfit,year,A,-122.387001,47.3586006,1.8036877768380322,2.3580756,3.2685142,29.07142857142857,30.8751163482666,41746
NO3_misfit,year,A,-122.387001,47.3586006,-4.018158231462753,-0.94514877,1.597433,28.071428571428573,24.05327033996582,41748
NO3_misfit,year,A,-122.3570023,47.6035995,4.438175746372767,4.2644806,4.232953,26.857142857142858,31.295318603515625,41749
NO3_misfit,year,A,-122.3570023,47.6035995,4.381157193865093,3.6739912,3.934228,26.92857142857143,31.309728622436523,41750
NO3_misfit,year,A,-122.3570023,47.6035995,3.8697160993303577,3.214194,3.7016191,27.142857142857142,31.0125732421875,41751
NO3_misfit,year,A,-122.3570023,47.6035995,3.77256338936942,3.6498532,3.9220166,27.142857142857142,30.915420532226562,41752
NO3_misfit,year,A,-122.3570023,47.6035995,3.403201784406388,3.1966727,3.6927552,27.071428571428573,30.47463035583496,41753
NO3_misfit,year,A,-122.3570023,47.6035995,2.05556161063058,1.5111567,2.840063,26.857142857142858,28.912704467773438,41755
NO3_misfit,year,A,-122.4260025,47.6012001,7.9498416355678,5.760885,4.989975,24.214285714285715,32.164127349853516,41756
NO3_misfit,year,A,-122.4260025,47.6012001,7.246280125209264,5.4992876,4.8576345,24.642857142857142,31.889137268066406,41757
NO3_misfit,year,A,-122.4260025,47.6012001,4.952866690499441,3.7978804,3.9969027,26.214285714285715,31.167152404785156,41758
NO3_misfit,year,A,-122.4260025,47.6012001,4.696227482386998,3.9673328,4.0826273,26.142857142857142,30.83908462524414,41759
NO3_misfit,year,A,-122.4260025,47.6012001,4.357351848057338,4.136064,4.167988,26.357142857142858,30.714494705200195,41760
NO3_misfit,year,A,-122.4260025,47.6012001,3.922125952584402,3.6164508,3.9051185,26.214285714285715,30.136411666870117,41761
NO3_misfit,year,A,-122.4260025,47.6012001,1.7716759272984106,1.0058539,2.5844333,26.285714285714285,28.057390213012695,41763
NO3_misfit,year,A,-122.4329987,47.5332985,6.07234627859933,5.2625303,4.73786,25.607142857142858,31.679489135742188,41764
NO3_misfit,year,A,-122.4329987,47.5332985,6.216653551374165,5.502806,4.859414,25.07142857142857,31.288082122802734,41765
NO3_misfit,year,A,-122.4329987,47.5332985,4.738309042794363,4.016335,4.1074176,26.214285714285715,30.952594757080078,41766
NO3_misfit,year,A,-122.4329987,47.5332985,4.97676113673619,4.197549,4.199093,25.928571428571427,30.905332565307617,41767
NO3_misfit,year,A,-122.4329987,47.5332985,4.559155327933176,4.516717,4.3605576,26.285714285714285,30.84486961364746,41768
NO3_misfit,year,A,-122.4329987,47.5332985,4.3407876150948645,3.9488523,4.0732784,26.071428571428573,30.412216186523438,41769
NO3_misfit,year,A,-122.4329987,47.5332985,3.030173982892716,2.3470793,3.2629511,26.071428571428573,29.10160255432129,41771
NO3_misfit,year,A,-122.45722,47.376111,3.914158957345144,5.3521576,4.783202,18.714285714285715,22.62844467163086,41773
NO3_misfit,year,A,-122.387001,47.3586006,4.9216897147042395,4.6055765,4.405511,27.071428571428573,31.993118286132812,41774
NO3_misfit,year,A,-122.387001,47.3586006,5.310536793300084,4.088723,4.144038,26.142857142857142,31.453393936157227,41775
NO3_misfit,year,A,-122.387001,47.3586006,4.751589638846262,3.5604763,3.8768015,26.285714285714285,31.037303924560547,41776
NO3_misfit,year,A,-122.387001,47.3586006,4.850875309535436,3.4646416,3.828319,26.142857142857142,30.993732452392578,41777
NO3_misfit,year,A,-122.387001,47.3586006,4.531189782278879,4.098491,4.14898,26.285714285714285,30.816904067993164,41778
NO3_misfit,year,A,-122.387001,47.3586006,4.2782887050083716,4.2621613,4.2317796,26.285714285714285,30.564002990722656,41779
NO3_misfit,year,A,-122.387001,47.3586006,3.1324773515973767,2.9836445,3.5849857,26.357142857142858,29.489620208740234,41781
NO3_misfit,year,A,-122.4219971,47.5703011,4.389847346714564,4.1477766,4.173913,26.357142857142858,30.746990203857422,41782
NO3_misfit,year,A,-122.4219971,47.5703011,4.2208227430071155,3.9821222,4.09011,26.142857142857142,30.363679885864258,41783
NO3_misfit,year,A,-122.4219971,47.5703011,3.4418116978236597,3.3479557,3.7692885,26.214285714285715,29.656097412109375,41784
NO3_misfit,year,A,-122.4219971,47.5703011,2.2205595288957873,1.1203895,2.6423762,26.142857142857142,28.36341667175293,41785
NO3_misfit,year,A,-122.4469986,47.6605988,4.3641989571707605,4.0825906,4.140936,25.928571428571427,30.292770385742188,41786
NO3_misfit,year,A,-122.4469986,47.6605988,4.164097922188894,3.4779022,3.8350277,26.714285714285715,30.87838363647461,41787
NO3_misfit,year,A,-122.4469986,47.6605988,3.758630207606725,4.001177,4.099749,27.142857142857142,30.901487350463867,41788
NO3_misfit,year,A,-122.4469986,47.6605988,3.2378758021763367,3.7596383,3.9775562,27.28571428571429,30.523590087890625,41789
NO3_misfit,year,A,-122.4469986,47.6605988,0.8246568952287952,0.9562203,2.559324,26.642857142857142,27.467514038085938,41791
NO3_misfit,year,A,-122.4280014,47.7439995,6.9597486768450025,5.739731,4.979273,24.392857142857146,31.35260581970215,41792
NO3_misfit,year,A,-122.4280014,47.7439995,5.056500298636301,4.2106104,4.2057,24.785714285714285,29.842214584350586,41793
NO3_misfit,year,A,-122.4280014,47.7439995,4.058428628104075,3.6607938,3.9275513,25.785714285714285,29.84414291381836,41794
NO3_misfit,year,A,-122.4280014,47.7439995,4.220423017229354,3.60274,3.8981824,25.928571428571427,30.14899444580078,41795
NO3_misfit,year,A,-122.4280014,47.7439995,3.457524980817521,3.760894,3.9781914,26.571428571428573,30.028953552246094,41796
NO3_misfit,year,A,-122.4280014,47.7439995,2.9488664354596814,3.4168417,3.8041375,26.357142857142858,29.30600929260254,41797
NO3_misfit,year,A,-122.4280014,47.7439995,-0.11095782688685674,0.27030182,2.212322,25.928571428571427,25.81761360168457,41798
NO3_misfit,year,A,-122.4329987,47.4528999,4.771725790841238,4.0711684,4.1351576,26.214285714285715,30.986011505126953,41800
NO3_misfit,year,A,-122.4329987,47.4528999,4.09774317060198,4.209358,4.2050667,26.714285714285715,30.812028884887695,41801
NO3_misfit,year,A,-122.4329987,47.4528999,4.590292521885463,4.2766194,4.239094,26.357142857142858,30.94743537902832,41802
NO3_misfit,year,A,-122.4329987,47.4528999,4.309425898960658,4.4204144,4.311839,26.357142857142858,30.666568756103516,41803
NO3_misfit,year,A,-122.4329987,47.4528999,3.756908689226421,4.079142,4.139191,26.42857142857143,30.18548011779785,41804
NO3_misfit,year,A,-122.4179993,47.777401,7.025363104684015,5.2197957,4.716241,24.71428571428571,31.739648818969727,41805
NO3_misfit,year,A,-122.4179993,47.777401,5.292543138776505,4.0529637,4.125948,24.071428571428573,29.363971710205078,41806
NO3_misfit,year,A,-122.4179993,47.777401,3.510353633335658,3.504596,3.8485317,25.357142857142858,28.867496490478516,41807
NO3_misfit,year,A,-122.4179993,47.777401,3.7351995195661267,3.7747056,3.9851787,25.857142857142858,29.592342376708984,41808
NO3_misfit,year,A,-122.4179993,47.777401,3.525652476719447,3.7332995,3.9642315,26.357142857142858,29.882795333862305,41809
NO3_misfit,year,A,-122.4179993,47.777401,3.142710004534038,3.5943396,3.8939326,26.42857142857143,29.57128143310547,41811
NO3_misfit,year,A,-122.4179993,47.777401,-0.9523895808628637,0.2636156,2.2089396,26.214285714285715,25.26189613342285,41812
NO3_misfit,year,A,-122.3570023,47.6035995,5.291756766183035,4.771295,4.4893475,26.714285714285715,32.00604248046875,41813
NO3_misfit,year,A,-122.3570023,47.6035995,5.577566691807338,4.813044,4.5104675,26.357142857142858,31.934709548950195,41814
NO3_misfit,year,A,-122.3570023,47.6035995,4.6032690320696155,4.8543787,4.5313787,26.642857142857142,31.246126174926758,41815
NO3_misfit,year,A,-122.3570023,47.6035995,4.825795582362584,4.0545626,4.1267567,26.142857142857142,30.968652725219727,41816
NO3_misfit,year,A,-122.3570023,47.6035995,4.752362115042551,4.4853635,4.344696,25.785714285714285,30.538076400756836,41817
NO3_misfit,year,A,-122.3570023,47.6035995,2.6234100886753637,3.1207304,3.6543365,24.785714285714285,27.40912437438965,41819
NO3_misfit,year,A,-122.4469986,47.6605988,5.2335017068045495,4.9525595,4.581048,25.428571428571427,30.662073135375977,41820
NO3_misfit,year,A,-122.4469986,47.6605988,4.633536475045339,5.0072246,4.6087027,25.714285714285715,30.347822189331055,41821
NO3_misfit,year,A,-122.4469986,47.6605988,4.514195578438894,4.8467765,4.5275326,25.714285714285715,30.22848129272461,41822
NO3_misfit,year,A,-122.4469986,47.6605988,4.194272177559988,4.84781,4.5280557,25.714285714285715,29.908557891845703,41823
NO3_misfit,year,A,-122.4469986,47.6605988,1.5849110739571728,3.189759,3.6892576,24.57142857142857,26.156339645385742,41825
NO3_misfit,year,A,-122.4329987,47.5332985,5.549048015049522,6.3678346,5.2970266,24.35714285714286,29.906190872192383,41826
NO3_misfit,year,A,-122.4329987,47.5332985,6.569251741681782,5.677767,4.9479256,25.07142857142857,31.64068031311035,41827
NO3_misfit,year,A,-122.4329987,47.5332985,5.916406903948104,5.0888147,4.6499786,25.428571428571427,31.34497833251953,41828
NO3_misfit,year,A,-122.4329987,47.5332985,5.647505623953684,4.35618,4.279343,25.285714285714285,30.93321990966797,41829
NO3_misfit,year,A,-122.4329987,47.5332985,5.457793644496373,5.119678,4.665592,25.142857142857142,30.600650787353516,41830
NO3_misfit,year,A,-122.4329987,47.5332985,4.770744051252095,4.913245,4.561159,25.07142857142857,29.842172622680664,41831
NO3_misfit,year,A,-122.4329987,47.5332985,2.882730484008789,3.592152,3.892826,25.0,27.88273048400879,41833
NO3_misfit,year,A,-122.4280014,47.7439995,5.088223593575613,5.832523,5.026216,24.464285714285715,29.552509307861328,41834
NO3_misfit,year,A,-122.4280014,47.7439995,5.099081584385463,5.120328,4.665921,24.857142857142858,29.95622444152832,41835
NO3_misfit,year,A,-122.4280014,47.7439995,4.825413295200892,4.3687162,4.285685,24.857142857142858,29.68255615234375,41836
NO3_misfit,year,A,-122.4280014,47.7439995,4.252918788364955,4.487026,4.345537,25.357142857142858,29.610061645507812,41837
NO3_misfit,year,A,-122.4280014,47.7439995,4.060972213745117,4.875334,4.54198,25.5,29.560972213745117,41838
NO3_misfit,year,A,-122.4280014,47.7439995,4.091070447649276,4.641496,4.4236827,24.928571428571427,29.019641876220703,41839
NO3_misfit,year,A,-122.4280014,47.7439995,1.0060708182198645,3.7495744,3.972465,23.571428571428573,24.577499389648438,41840
NO3_misfit,year,A,-122.4329987,47.4528999,5.461015973772323,5.0859504,4.6485295,25.928571428571427,31.38958740234375,41842
NO3_misfit,year,A,-122.4329987,47.4528999,5.543394088745117,4.670043,4.4381247,25.5,31.043394088745117,41843
NO3_misfit,year,A,-122.4329987,47.4528999,5.9771622249058325,5.1951365,4.703766,24.785714285714285,30.762876510620117,41844
NO3_misfit,year,A,-122.4329987,47.4528999,5.325377600533621,5.6446524,4.9311733,25.214285714285715,30.539663314819336,41845
NO3_misfit,year,A,-122.4329987,47.4528999,4.847541536603657,5.0199575,4.615144,25.07142857142857,29.918970108032227,41846
NO3_misfit,year,A,-122.4219971,47.5703011,5.459977831159321,4.7149568,4.460846,25.07142857142857,30.53140640258789,41847
NO3_misfit,year,A,-122.4219971,47.5703011,5.926609311785018,4.399998,4.3015103,24.928571428571427,30.855180740356445,41848
NO3_misfit,year,A,-122.4219971,47.5703011,4.390935080392019,4.795207,4.501444,25.214285714285715,29.605220794677734,41849
NO3_misfit,year,A,-122.4219971,47.5703011,0.32242447989327516,2.942396,3.5641184,25.357142857142858,25.679567337036133,41850
NO3_misfit,year,A,-122.45722,47.376111,6.688807078770228,7.9056997,6.0750237,22.357142857142858,29.045949935913086,41851
NO3_misfit,year,A,-122.45722,47.376111,2.7347210475376684,6.166525,5.1951857,20.285714285714285,23.020435333251953,41852
NO3_misfit,year,A,-122.4260025,47.6012001,5.732631410871235,6.398077,5.3123264,24.57142857142857,30.304059982299805,41853
NO3_misfit,year,A,-122.4260025,47.6012001,6.767463684082031,5.9451194,5.0831776,25.0,31.76746368408203,41854
NO3_misfit,year,A,-122.4260025,47.6012001,4.671623229980469,5.0857916,4.648449,26.0,30.67162322998047,41855
NO3_misfit,year,A,-122.4260025,47.6012001,5.265316554478236,4.2973294,4.249571,25.357142857142858,30.622459411621094,41856
NO3_misfit,year,A,-122.4260025,47.6012001,4.952096939086914,4.8147917,4.5113516,25.5,30.452096939086914,41857
NO3_misfit,year,A,-122.4260025,47.6012001,4.2203475407191675,4.420734,4.3120003,25.214285714285715,29.434633255004883,41859
NO3_misfit,year,A,-122.4260025,47.6012001,0.8622447422572534,2.7325406,3.4579537,25.214285714285715,26.07653045654297,41860
NO3_misfit,year,A,-122.387001,47.3586006,6.159042358398434,6.014869,5.118464,24.000000000000004,30.159042358398438,41861
NO3_misfit,year,A,-122.387001,47.3586006,6.155378069196431,5.3272424,4.7705975,25.57142857142857,31.726806640625,41862
NO3_misfit,year,A,-122.387001,47.3586006,5.476117815290177,4.840319,4.5242662,26.071428571428573,31.54754638671875,41863
NO3_misfit,year,A,-122.387001,47.3586006,5.107128143310547,4.6185374,4.4120684,26.0,31.107128143310547,41864
NO3_misfit,year,A,-122.387001,47.3586006,4.919184276035853,5.107345,4.6593533,25.857142857142858,30.77632713317871,41865
NO3_misfit,year,A,-122.387001,47.3586006,4.777804783412389,5.4044127,4.8096375,25.642857142857142,30.42066192626953,41867
NO3_misfit,year,A,-122.387001,47.3586006,2.824365070887975,4.907515,4.55826,25.642857142857142,28.467222213745117,41868
NO3_misfit,year,A,-122.4179993,47.777401,5.717988695417134,5.8299894,5.0249343,24.57142857142857,30.289417266845703,41869
NO3_misfit,year,A,-122.4179993,47.777401,5.040667125156947,4.9964375,4.6032457,24.857142857142858,29.897809982299805,41870
NO3_misfit,year,A,-122.4179993,47.777401,5.0859832763671875,4.4547424,4.3292055,25.0,30.085983276367188,41871
NO3_misfit,year,A,-122.4179993,47.777401,4.465787887573242,4.3759017,4.28932,25.5,29.965787887573242,41872
NO3_misfit,year,A,-122.4179993,47.777401,4.250136784144811,4.3244805,4.2633066,25.642857142857142,29.892993927001953,41873
NO3_misfit,year,A,-122.4179993,47.777401,4.446740559169225,4.8589206,4.533676,25.142857142857142,29.589597702026367,41874
NO3_misfit,year,A,-122.4179993,47.777401,0.9318041120256666,4.0586486,4.1288238,23.642857142857146,24.574661254882812,41876
NO3_misfit,year,A,-122.3570023,47.6035995,6.881500516618999,8.14352,6.1953354,23.92857142857143,30.81007194519043,41877
NO3_misfit,year,A,-122.3570023,47.6035995,9.489606312343053,8.341018,6.295248,21.142857142857142,30.632463455200195,41878
NO3_misfit,year,A,-122.3570023,47.6035995,10.00523267473493,8.986218,6.6216516,19.28571428571429,29.29094696044922,41879
NO3_misfit,year,A,-122.3570023,47.6035995,10.505002158028738,9.366834,6.8142023,17.714285714285715,28.219287872314453,41880
NO3_misfit,year,A,-122.3570023,47.6035995,10.315916061401367,9.93724,7.102767,16.0,26.315916061401367,41881
NO3_misfit,year,A,-122.3570023,47.6035995,2.258851868765694,4.4089,4.3060136,11.785714285714286,14.04456615447998,41882
NO3_misfit,year,A,-122.4219971,47.5703011,12.09725843157087,10.082682,7.176346,15.785714285714286,27.882972717285156,41884
NO3_misfit,year,A,-122.4219971,47.5703011,11.523891721452985,10.23388,7.252836,15.428571428571429,26.952463150024414,41885
NO3_misfit,year,A,-122.4219971,47.5703011,10.437312534877233,10.42943,7.3517637,15.142857142857142,25.580169677734375,41886
NO3_misfit,year,A,-122.4219971,47.5703011,3.7513904571533203,6.173551,5.19874,12.5,16.25139045715332,41887
NO3_misfit,year,A,-122.4179993,47.777401,8.383789607456752,9.463908,6.863312,21.857142857142858,30.24093246459961,41888
NO3_misfit,year,A,-122.4179993,47.777401,9.2317875453404,8.8626375,6.5591326,19.28571428571429,28.517501831054688,41889
NO3_misfit,year,A,-122.4179993,47.777401,8.451120376586914,8.609581,6.4311132,19.0,27.451120376586914,41890
NO3_misfit,year,A,-122.4179993,47.777401,9.503843579973491,9.36529,6.8134212,18.42857142857143,27.932415008544922,41891
NO3_misfit,year,A,-122.4179993,47.777401,9.102058955601283,9.903448,7.0856724,18.357142857142858,27.45920181274414,41892
NO3_misfit,year,A,-122.4179993,47.777401,14.214466367449079,10.581776,7.428834,12.428571428571429,26.643037796020508,41893
NO3_misfit,year,A,-122.4179993,47.777401,6.767816380092075,6.979388,5.606408,6.242857142857144,13.010673522949219,41894
NO3_misfit,year,A,-122.4260025,47.6012001,10.345044817243302,9.459173,6.860916,22.071428571428573,32.416473388671875,41896
NO3_misfit,year,A,-122.4260025,47.6012001,11.223203114100865,8.915009,6.5856266,20.142857142857142,31.366060256958008,41897
NO3_misfit,year,A,-122.4260025,47.6012001,10.539101191929408,9.392826,6.8273516,19.357142857142858,29.896244049072266,41898
NO3_misfit,year,A,-122.4260025,47.6012001,12.005523409162247,9.748979,7.0075274,16.571428571428573,28.57695198059082,41899
NO3_misfit,year,A,-122.4260025,47.6012001,11.870038713727677,10.228735,7.2502327,16.071428571428573,27.94146728515625,41900
NO3_misfit,year,A,-122.4260025,47.6012001,12.301046371459961,10.088246,7.179161,13.0,25.30104637145996,41901
NO3_misfit,year,A,-122.4260025,47.6012001,12.95889595576695,7.3520894,5.7949553,1.4285714285714286,14.387467384338379,41903
NO3_misfit,year,A,-122.387001,47.3586006,7.842372349330358,8.491064,6.3711557,24.642857142857142,32.4852294921875,41904
NO3_misfit,year,A,-122.387001,47.3586006,7.156645911080499,8.396211,6.3231697,24.71428571428571,31.87093162536621,41905
NO3_misfit,year,A,-122.387001,47.3586006,7.182229450770787,8.897511,6.5767746,22.642857142857142,29.82508659362793,41906
NO3_misfit,year,A,-122.387001,47.3586006,8.731584548950192,9.74418,7.0050993,19.500000000000004,28.231584548950195,41907
NO3_misfit,year,A,-122.387001,47.3586006,11.353459766932897,10.557391,7.416498,16.142857142857142,27.49631690979004,41908
NO3_misfit,year,A,-122.387001,47.3586006,11.092129298618861,11.028944,7.655054,14.357142857142858,25.44927215576172,41909
NO3_misfit,year,A,-122.387001,47.3586006,10.019526890345983,6.628688,5.4289913,1.142857142857143,11.162384033203125,41911
NO3_misfit,year,A,-122.4329987,47.4528999,10.715213503156388,9.426207,6.844239,18.571428571428573,29.28664207458496,41912
NO3_misfit,year,A,-122.4329987,47.4528999,14.977729797363281,10.132712,7.2016554,13.5,28.47772979736328,41913
NO3_misfit,year,A,-122.4329987,47.4528999,14.93233517238072,10.838623,7.558772,12.428571428571429,27.36090660095215,41914
NO3_misfit,year,A,-122.4329987,47.4528999,14.02258164542062,11.768694,8.029289,12.357142857142856,26.379724502563477,41915
NO3_misfit,year,A,-122.4329987,47.4528999,2.683315931047712,3.2602432,3.7249153,6.5285714285714285,9.21188735961914,41916
NO3_misfit,year,A,-122.45722,47.376111,13.31126550946917,12.807308,8.554718,4.564285714285714,17.875551223754883,41917
NO3_misfit,year,A,-122.4329987,47.5332985,8.357335226876394,9.288499,6.7745733,23.964285714285715,32.32162094116211,41919
NO3_misfit,year,A,-122.4329987,47.5332985,9.150831495012557,9.4098425,6.8359604,21.428571428571427,30.579402923583984,41920
NO3_misfit,year,A,-122.4329987,47.5332985,7.926174981253489,9.036538,6.647108,20.785714285714285,28.711889266967773,41921
NO3_misfit,year,A,-122.4329987,47.5332985,11.32578686305455,9.888452,7.078086,16.928571428571427,28.254358291625977,41922
NO3_misfit,year,A,-122.4329987,47.5332985,11.819310869489396,10.451601,7.36298,16.071428571428573,27.89073944091797,41923
NO3_misfit,year,A,-122.4329987,47.5332985,11.564365931919642,10.5371475,7.4062567,14.357142857142858,25.9215087890625,41924
NO3_misfit,year,A,-122.4329987,47.5332985,9.669581985473632,5.6804843,4.949301,2.9,12.569581985473633,41926
NO3_misfit,year,A,-122.4469986,47.6605988,8.916807447160991,9.015209,6.6363173,19.92857142857143,28.845378875732422,41927
NO3_misfit,year,A,-122.4469986,47.6605988,9.215245655604768,9.68165,6.973466,19.642857142857146,28.858102798461914,41928
NO3_misfit,year,A,-122.4469986,47.6605988,10.240142277308873,10.168104,7.2195606,17.642857142857142,27.882999420166016,41929
NO3_misfit,year,A,-122.4469986,47.6605988,12.235322952270508,10.261305,7.2667103,13.5,25.735322952270508,41930
NO3_misfit,year,A,-122.4469986,47.6605988,4.878439222063337,5.822807,5.021301,6.928571428571429,11.807010650634766,41931
NO3_misfit,year,A,-122.4280014,47.7439995,9.25535229274205,10.236658,7.254241,21.178571428571427,30.433923721313477,41933
NO3_misfit,year,A,-122.4280014,47.7439995,10.091762815202983,9.072333,6.6652164,18.92857142857143,29.020334243774414,41934
NO3_misfit,year,A,-122.4280014,47.7439995,9.438508987426758,8.925008,6.590686,18.5,27.938508987426758,41935
NO3_misfit,year,A,-122.4280014,47.7439995,8.601427623203822,9.570317,6.917144,18.857142857142858,27.45857048034668,41936
NO3_misfit,year,A,-122.4280014,47.7439995,8.915935243879044,10.0384655,7.1539764,18.571428571428573,27.487363815307617,41937
NO3_misfit,year,A,-122.4280014,47.7439995,12.438567570277623,10.1663685,7.2186823,13.142857142857142,25.581424713134766,41938
NO3_misfit,year,A,-122.4280014,47.7439995,10.048702921186175,5.878026,5.049236,1.5714285714285714,11.620131492614746,41939
NO3_misfit,year,A,-122.387001,47.3586006,6.015200478690012,8.823503,6.5393343,26.285714285714285,32.3009147644043,41941
NO3_misfit,year,A,-122.387001,47.3586006,7.881893702915736,8.952767,6.6047287,22.857142857142858,30.739036560058594,41942
NO3_misfit,year,A,-122.387001,47.3586006,7.9129919324602405,8.910679,6.583436,20.642857142857142,28.555849075317383,41943
NO3_misfit,year,A,-122.387001,47.3586006,7.525474275861466,10.061813,7.1657887,20.071428571428573,27.59690284729004,41944
NO3_misfit,year,A,-122.387001,47.3586006,11.34155900137765,10.63429,7.4554005,15.857142857142858,27.198701858520508,41945
NO3_misfit,year,A,-122.387001,47.3586006,11.453215190342494,12.378796,8.337935,14.857142857142858,26.31035804748535,41946
NO3_misfit,year,A,-122.387001,47.3586006,9.20645523071289,5.456703,4.836091,1.5000000000000002,10.70645523071289,41948
NO3_misfit,year,A,-122.4329987,47.5332985,7.006947108677455,8.992423,6.62479,25.357142857142858,32.36408996582031,41949
NO3_misfit,year,A,-122.4329987,47.5332985,7.3640899658203125,8.992423,6.62479,25.0,32.36408996582031,41950
NO3_misfit,year,A,-122.4329987,47.5332985,7.013898032052175,9.635912,6.950328,23.214285714285715,30.22818374633789,41951
NO3_misfit,year,A,-122.4329987,47.5332985,8.403039659772599,9.241775,6.7509356,19.571428571428573,27.974468231201172,41952
NO3_misfit,year,A,-122.4329987,47.5332985,8.913586480276923,10.099567,7.184888,18.28571428571429,27.19930076599121,41953
NO3_misfit,year,A,-122.4329987,47.5332985,10.135917118617467,10.708032,7.4927063,16.142857142857142,26.27877426147461,41954
NO3_misfit,year,A,-122.4329987,47.5332985,9.373530251639231,10.652451,7.464588,14.785714285714285,24.159244537353516,41955
NO3_misfit,year,A,-122.4329987,47.5332985,-3.5916159493582587,1.3114278,2.7390213,13.071428571428571,9.479812622070312,41957
NO3_misfit,year,A,-122.3570023,47.6035995,8.719429561070033,8.746181,6.5002174,20.857142857142858,29.57657241821289,41960
NO3_misfit,year,A,-122.3570023,47.6035995,10.513021741594585,9.04329,6.650524,18.92857142857143,29.441593170166016,41961
NO3_misfit,year,A,-122.3570023,47.6035995,11.044944763183594,9.704356,6.984953,17.0,28.044944763183594,41962
NO3_misfit,year,A,-122.3570023,47.6035995,11.264852251325335,10.384219,7.3288918,15.571428571428571,26.836280822753906,41963
NO3_misfit,year,A,-122.3570023,47.6035995,9.844335283551898,10.389168,7.331395,15.071428571428571,24.91576385498047,41964
NO3_misfit,year,A,-122.3570023,47.6035995,-3.7177640369960248,-0.7169596,1.7128725,11.785714285714286,8.067950248718262,41966
NO3_misfit,year,A,-122.4329987,47.4528999,10.521989549909318,9.626044,6.9453354,17.571428571428573,28.09341812133789,41967
NO3_misfit,year,A,-122.4329987,47.4528999,10.23076547895159,10.326043,7.2994604,17.214285714285715,27.445051193237305,41968
NO3_misfit,year,A,-122.4329987,47.4528999,10.770781653267996,10.988989,7.634841,16.214285714285715,26.98506736755371,41969
NO3_misfit,year,A,-122.4329987,47.4528999,10.569083077566964,11.983163,8.137788,15.285714285714286,25.85479736328125,41970
NO3_misfit,year,A,-122.4329987,47.4528999,-8.041681630270821,-3.0150335,0.5502908,12.714285714285714,4.672604084014893,41971
NO3_misfit,year,A,-122.4280014,47.7439995,10.928446088518417,10.279174,7.27575,21.178571428571427,32.107017517089844,41972
NO3_misfit,year,A,-122.4280014,47.7439995,12.513929094587052,9.590578,6.927393,17.071428571428573,29.585357666015625,41973
NO3_misfit,year,A,-122.4280014,47.7439995,9.96470614842006,9.391494,6.8266783,17.571428571428573,27.536134719848633,41974
NO3_misfit,year,A,-122.4280014,47.7439995,10.528526851109095,9.925812,7.096986,16.857142857142858,27.385669708251953,41975
NO3_misfit,year,A,-122.4280014,47.7439995,10.291383743286133,10.584552,7.4302387,16.5,26.791383743286133,41976
NO3_misfit,year,A,-122.4280014,47.7439995,7.7466231754847925,11.041619,7.6614666,16.214285714285715,23.960908889770508,41977
NO3_misfit,year,A,-122.4280014,47.7439995,0.5745115552629745,0.12865922,2.140666,6.292857142857143,6.867368698120117,41979
NO3_misfit,year,A,-122.4469986,47.6605988,10.040136337280273,9.367034,6.8143034,17.5,27.540136337280273,41980
NO3_misfit,year,A,-122.4469986,47.6605988,11.79767199925014,10.00912,7.1391315,15.571428571428571,27.36910057067871,41981
NO3_misfit,year,A,-122.4469986,47.6605988,13.258028030395508,10.703659,7.4904947,13.5,26.758028030395508,41982
NO3_misfit,year,A,-122.4469986,47.6605988,10.88297380719866,11.278013,7.7810564,13.214285714285715,24.097259521484375,41983
NO3_misfit,year,A,-122.4469986,47.6605988,-5.397298336029053,-0.098924376,2.0255327,12.5,7.102701663970947,41985
NO3_misfit,year,A,-122.4219971,47.5703011,10.179200308663503,10.226364,7.249034,16.714285714285715,26.89348602294922,41986
NO3_misfit,year,A,-122.4219971,47.5703011,9.870594569614955,10.42162,7.3478127,15.857142857142858,25.727737426757812,41987
NO3_misfit,year,A,-122.4219971,47.5703011,10.212894984654017,11.000049,7.640436,14.357142857142858,24.570037841796875,41988
NO3_misfit,year,A,-122.4219971,47.5703011,-9.679027761731831,-4.511987,-0.20700908,14.42857142857143,4.7495436668396,41989
NO3_misfit,year,A,-122.4179993,47.777401,10.990227835518972,10.145643,7.2081976,21.214285714285715,32.20451354980469,41990
NO3_misfit,year,A,-122.4179993,47.777401,10.116139275687079,9.495627,6.8793583,19.28571428571429,29.401853561401367,41991
NO3_misfit,year,A,-122.4179993,47.777401,10.186540331159318,9.20884,6.734275,17.071428571428573,27.25796890258789,41992
NO3_misfit,year,A,-122.4179993,47.777401,9.97985131399972,10.016406,7.1428175,16.857142857142858,26.836994171142578,41993
NO3_misfit,year,A,-122.4179993,47.777401,11.160254069737025,10.467927,7.3712387,15.857142857142858,27.017396926879883,41994
NO3_misfit,year,A,-122.4179993,47.777401,11.090065547398158,11.154643,7.718644,14.857142857142858,25.947208404541016,41995
NO3_misfit,year,A,-122.4179993,47.777401,-1.8334386689322333,-0.7046876,1.7190808,8.071428571428571,6.237989902496338,41997
NO3_misfit,year,A,-122.4260025,47.6012001,9.068243844168524,9.84261,7.0548954,23.78571428571429,32.85395812988281,41998
NO3_misfit,year,A,-122.4260025,47.6012001,10.372716086251394,9.600612,6.9324694,21.714285714285715,32.08700180053711,41999
NO3_misfit,year,A,-122.4260025,47.6012001,8.472034181867325,9.421966,6.8420935,20.071428571428573,28.5434627532959,42000
NO3_misfit,year,A,-122.4260025,47.6012001,11.753326416015625,10.045913,7.1577444,16.0,27.753326416015625,42001
NO3_misfit,year,A,-122.4260025,47.6012001,11.656481606619698,10.515756,7.3954353,15.285714285714286,26.942195892333984,42002
NO3_misfit,year,A,-122.4260025,47.6012001,9.557123456682477,10.334256,7.3036156,13.928571428571429,23.485694885253906,42003
NO3_misfit,year,A,-122.4260025,47.6012001,-1.5490639550345282,1.7697147,2.970866,10.571428571428571,9.022364616394043,42004
NO3_misfit,year,A,-122.4260025,47.6012001,14.381409236362998,10.905399,7.592553,19.85714285714286,34.23855209350586,42006
NO3_misfit,year,A,-122.4260025,47.6012001,11.291804722377233,10.139353,7.205015,22.142857142857142,33.434661865234375,42007
NO3_misfit,year,A,-122.4260025,47.6012001,9.415026800973074,8.401291,6.32574,19.714285714285715,29.12931251525879,42008
NO3_misfit,year,A,-122.4260025,47.6012001,8.065693719046454,8.648261,6.4506807,19.28571428571429,27.351408004760742,42009
NO3_misfit,year,A,-122.4260025,47.6012001,7.462120328630718,8.382488,6.316228,18.42857142857143,25.89069175720215,42010
NO3_misfit,year,A,-122.4260025,47.6012001,3.9389822823660694,7.653963,5.947672,18.42857142857143,22.3675537109375,42012
NO3_misfit,year,A,-122.4260025,47.6012001,-13.46890504019601,-8.349193,-2.148228,17.142857142857142,3.673952102661133,42013
NO3_misfit,year,A,-122.3570023,47.6035995,9.100159236363002,8.364033,6.3068914,21.357142857142858,30.45730209350586,42014
NO3_misfit,year,A,-122.3570023,47.6035995,9.095611027308873,8.420127,6.335269,20.642857142857142,29.738468170166016,42015
NO3_misfit,year,A,-122.3570023,47.6035995,7.771714891706193,8.659854,6.456546,19.071428571428573,26.843143463134766,42016
NO3_misfit,year,A,-122.3570023,47.6035995,8.352059500558035,8.681167,6.467328,19.214285714285715,27.56634521484375,42017
NO3_misfit,year,A,-122.3570023,47.6035995,7.058671406337194,7.7098923,5.9759655,18.142857142857142,25.201528549194336,42019
NO3_misfit,year,A,-122.3570023,47.6035995,-1.6335081372942248,1.2025615,2.6839466,17.857142857142858,16.223634719848633,42020
NO3_misfit,year,A,-122.4329987,47.5332985,11.910030909946986,10.202679,7.237051,21.107142857142858,33.017173767089844,42021
NO3_misfit,year,A,-122.4329987,47.5332985,10.868215833391464,9.515005,6.889161,20.428571428571427,31.29678726196289,42022
NO3_misfit,year,A,-122.4329987,47.5332985,8.784240722656246,8.541955,6.396901,19.500000000000004,28.28424072265625,42023
NO3_misfit,year,A,-122.4329987,47.5332985,7.829857962472097,9.033241,6.64544,18.214285714285715,26.044143676757812,42024
NO3_misfit,year,A,-122.4329987,47.5332985,8.418782097952704,9.073954,6.6660366,18.28571428571429,26.704496383666992,42025
NO3_misfit,year,A,-122.4329987,47.5332985,6.096280234200613,8.00123,6.123352,17.714285714285715,23.810565948486328,42026
NO3_misfit,year,A,-122.4329987,47.5332985,-6.768479074750626,-3.5244663,0.29257178,17.428571428571427,10.6600923538208,42028
NO3_misfit,year,A,-122.4329987,47.4528999,7.638777324131556,8.464109,6.35752,20.857142857142858,28.495920181274414,42029
NO3_misfit,year,A,-122.4329987,47.4528999,8.34744916643415,8.923364,6.5898533,18.78571428571429,27.133163452148438,42030
NO3_misfit,year,A,-122.4329987,47.4528999,7.341783251081193,8.816372,6.5357275,18.571428571428573,25.913211822509766,42031
NO3_misfit,year,A,-122.4329987,47.4528999,6.29947062901088,9.146198,6.7025843,17.571428571428573,23.870899200439453,42032
NO3_misfit,year,A,-122.4329987,47.4528999,-6.721650123596191,-5.6781397,-0.79695845,13.5,6.778349876403809,42033
NO3_misfit,year,A,-122.4469986,47.6605988,8.63055610656738,8.655494,6.45434,19.500000000000004,28.130556106567383,42034
NO3_misfit,year,A,-122.4469986,47.6605988,8.499826703752788,9.164113,6.711647,18.92857142857143,27.42839813232422,42035
NO3_misfit,year,A,-122.4469986,47.6605988,7.890287671770366,9.351326,6.8063574,18.42857142857143,26.318859100341797,42036
NO3_misfit,year,A,-122.4469986,47.6605988,5.958960396902899,8.469107,6.3600473,18.28571428571429,24.244674682617188,42037
NO3_misfit,year,A,-122.4469986,47.6605988,-3.168702261788507,1.3713632,2.7693424,18.28571428571429,15.117012023925781,42038
NO3_misfit,year,A,-122.387001,47.3586006,10.801671709333146,9.206271,6.732975,22.071428571428573,32.87310028076172,42041
NO3_misfit,year,A,-122.387001,47.3586006,10.827216012137278,9.122549,6.6906204,21.285714285714285,32.11293029785156,42042
NO3_misfit,year,A,-122.387001,47.3586006,8.177461624145508,8.700223,6.476968,21.0,29.177461624145508,42043
NO3_misfit,year,A,-122.387001,47.3586006,7.9713404519217335,9.19577,6.727662,18.92857142857143,26.899911880493164,42044
NO3_misfit,year,A,-122.387001,47.3586006,7.166554314749579,9.219876,6.7398577,18.78571428571429,25.952268600463867,42045
NO3_misfit,year,A,-122.387001,47.3586006,5.56860051836286,9.589717,6.926958,18.28571428571429,23.85431480407715,42046
NO3_misfit,year,A,-122.387001,47.3586006,-5.103942462376185,-1.1952865,1.4708898,14.642857142857142,9.538914680480957,42048
NO3_misfit,year,A,-122.4280014,47.7439995,12.097059522356307,10.471182,7.3728857,20.428571428571427,32.525630950927734,42049
NO3_misfit,year,A,-122.4280014,47.7439995,9.76520620073591,8.9369955,6.5967503,20.785714285714285,30.550920486450195,42050
NO3_misfit,year,A,-122.4280014,47.7439995,5.609415871756415,7.74247,5.992447,22.78571428571429,28.395130157470703,42051
NO3_misfit,year,A,-122.4280014,47.7439995,7.188489096505304,8.119287,6.183076,20.21428571428571,27.402774810791016,42052
NO3_misfit,year,A,-122.4280014,47.7439995,8.833682741437638,8.249668,6.249035,18.071428571428573,26.90511131286621,42053
NO3_misfit,year,A,-122.4280014,47.7439995,6.136829376220703,7.987287,6.1162977,17.0,23.136829376220703,42054
NO3_misfit,year,A,-122.4280014,47.7439995,-8.549681186676027,-6.5625267,-1.2443645,14.000000000000002,5.450318813323975,42056
NO3_misfit,year,A,-122.4469986,47.6605988,6.553688321794784,7.911094,6.077753,21.428571428571427,27.98225975036621,42057
NO3_misfit,year,A,-122.4469986,47.6605988,7.067236764090403,8.242105,6.2452087,20.285714285714285,27.352951049804688,42058
NO3_misfit,year,A,-122.4469986,47.6605988,7.272826331002371,8.486324,6.368758,18.714285714285715,25.987112045288086,42059
NO3_misfit,year,A,-122.4469986,47.6605988,6.319405147007533,8.046282,6.146143,16.857142857142858,23.17654800415039,42061
NO3_misfit,year,A,-122.4469986,47.6605988,-6.6108792168753485,-3.1789808,0.46735084,15.571428571428571,8.960549354553223,42062
NO3_misfit,year,A,-122.4329987,47.5332985,13.997396196637833,10.462009,7.368245,19.321428571428573,33.318824768066406,42063
NO3_misfit,year,A,-122.4329987,47.5332985,10.146363939557755,9.3481045,6.8047276,21.571428571428573,31.717792510986328,42064
NO3_misfit,year,A,-122.4329987,47.5332985,8.688638414655411,8.233582,6.240897,19.571428571428573,28.260066986083984,42065
NO3_misfit,year,A,-122.4329987,47.5332985,7.353901999337332,8.351515,6.300559,19.214285714285715,26.568187713623047,42066
NO3_misfit,year,A,-122.4329987,47.5332985,7.143957683018275,8.32424,6.2867603,18.857142857142858,26.001100540161133,42067
NO3_misfit,year,A,-122.4329987,47.5332985,3.799549375261577,7.532874,5.8864136,18.92857142857143,22.728120803833008,42068
NO3_misfit,year,A,-122.4329987,47.5332985,-12.788083757672993,-7.864228,-1.9028873,18.42857142857143,5.6404876708984375,42070
NO3_misfit,year,A,-122.4260025,47.6012001,13.546747480119976,10.7180605,7.49778,19.92857142857143,33.475318908691406,42071
NO3_misfit,year,A,-122.4260025,47.6012001,13.04529353550502,9.643999,6.954419,19.571428571428573,32.616722106933594,42072
NO3_misfit,year,A,-122.4260025,47.6012001,8.814700807843892,8.875301,6.5655394,20.57142857142857,29.38612937927246,42073
NO3_misfit,year,A,-122.4260025,47.6012001,8.62754385811942,9.04465,6.6512117,18.642857142857142,27.270401000976562,42074
NO3_misfit,year,A,-122.4260025,47.6012001,7.957738331386022,9.061488,6.65973,18.142857142857142,26.100595474243164,42075
NO3_misfit,year,A,-122.4260025,47.6012001,5.153492518833705,7.484244,5.8618116,17.857142857142858,23.010635375976562,42077
NO3_misfit,year,A,-122.4260025,47.6012001,-5.150839805603027,-1.3198842,1.4078566,17.5,12.349160194396973,42078
NO3_misfit,year,A,-122.387001,47.3586006,12.373460497174946,9.93478,7.1015234,20.57142857142857,32.944889068603516,42079
NO3_misfit,year,A,-122.387001,47.3586006,10.080122811453684,9.015991,6.636713,21.785714285714285,31.86583709716797,42080
NO3_misfit,year,A,-122.387001,47.3586006,8.651135308401926,8.001185,6.123329,20.785714285714285,29.43684959411621,42081
NO3_misfit,year,A,-122.387001,47.3586006,7.702804565429684,8.596589,6.4245405,19.500000000000004,27.202804565429688,42082
NO3_misfit,year,A,-122.387001,47.3586006,8.741400582449778,8.719748,6.486845,17.785714285714285,26.527114868164062,42083
NO3_misfit,year,A,-122.387001,47.3586006,8.631664276123047,8.980085,6.6185484,17.0,25.631664276123047,42084
NO3_misfit,year,A,-122.387001,47.3586006,-10.114475079945155,-7.7213936,-1.8306284,12.642857142857142,2.5283820629119873,42086
NO3_misfit,year,A,-122.4329987,47.4528999,10.287005560738699,9.067471,6.662756,18.714285714285715,29.001291275024414,42087
NO3_misfit,year,A,-122.4329987,47.4528999,9.058703558785574,9.450409,6.8564825,18.214285714285715,27.27298927307129,42088
NO3_misfit,year,A,-122.4329987,47.4528999,7.199307305472235,9.192456,6.7259855,18.28571428571429,25.485021591186523,42089
NO3_misfit,year,A,-122.4329987,47.4528999,5.705332074846542,8.396585,6.3233595,17.428571428571427,23.13390350341797,42090
NO3_misfit,year,A,-122.4329987,47.4528999,-0.831878525870188,1.851149,3.012063,16.214285714285715,15.382407188415527,42091
NO3_misfit,year,A,-122.3570023,47.6035995,7.5549082074846545,7.3428636,5.790288,22.642857142857142,30.197765350341797,42092
NO3_misfit,year,A,-122.3570023,47.6035995,8.516611099243164,7.544567,5.8923287,21.5,30.016611099243164,42093
NO3_misfit,year,A,-122.3570023,47.6035995,7.26318659101214,7.8177066,6.0305085,20.21428571428571,27.47747230529785,42094
NO3_misfit,year,A,-122.3570023,47.6035995,7.4948182787214,8.058426,6.1522865,18.857142857142858,26.351961135864258,42095
NO3_misfit,year,A,-122.3570023,47.6035995,6.440229960850306,7.341215,5.7894545,18.357142857142858,24.797372817993164,42096
NO3_misfit,year,A,-122.3570023,47.6035995,-11.058660984039307,-8.295665,-2.1211488,16.0,4.941339015960693,42098
NO3_misfit,year,A,-122.4280014,47.7439995,12.065416336059567,10.795636,7.5370245,19.500000000000004,31.56541633605957,42099
NO3_misfit,year,A,-122.4280014,47.7439995,11.25236701965332,9.283561,6.7720747,18.0,29.25236701965332,42100
NO3_misfit,year,A,-122.4280014,47.7439995,8.415521894182476,8.914859,6.5855513,18.92857142857143,27.344093322753906,42101
NO3_misfit,year,A,-122.4280014,47.7439995,7.437346594674246,9.312186,6.7865562,19.714285714285715,27.15163230895996,42102
NO3_misfit,year,A,-122.4280014,47.7439995,7.184335163661409,9.525444,6.8944426,19.642857142857146,26.827192306518555,42103
NO3_misfit,year,A,-122.4280014,47.7439995,5.223311560494558,9.175852,6.7175856,17.714285714285715,22.937597274780273,42104
NO3_misfit,year,A,-122.4280014,47.7439995,-3.665308679853167,-0.26205775,1.9430046,12.428571428571429,8.763262748718262,42105
NO3_misfit,year,A,-122.4179993,47.777401,11.923656463623043,10.375447,7.3244543,19.500000000000004,31.423656463623047,42107
NO3_misfit,year,A,-122.4179993,47.777401,10.684107644217352,8.990042,6.6235857,18.28571428571429,28.96982192993164,42108
NO3_misfit,year,A,-122.4179993,47.777401,8.568444388253347,8.231096,6.2396393,18.214285714285715,26.782730102539062,42109
NO3_misfit,year,A,-122.4179993,47.777401,7.660957336425778,8.80681,6.5308905,19.500000000000004,27.16095733642578,42110
NO3_misfit,year,A,-122.4179993,47.777401,7.079399926321845,9.082094,6.6701546,19.78571428571429,26.865114212036133,42111
NO3_misfit,year,A,-122.4179993,47.777401,7.091783251081193,8.984622,6.620844,18.071428571428573,25.163211822509766,42112
NO3_misfit,year,A,-122.4179993,47.777401,-4.876011848449707,-0.6046615,1.7696834,15.5,10.623988151550293,42114
NO3_misfit,year,A,-122.4219971,47.5703011,7.874285289219447,8.890537,6.573247,18.357142857142858,26.231428146362305,42115
NO3_misfit,year,A,-122.4219971,47.5703011,6.955339159284318,8.546048,6.3989716,18.071428571428573,25.02676773071289,42116
NO3_misfit,year,A,-122.4219971,47.5703011,5.723492758614675,7.921432,6.082982,17.714285714285715,23.43777847290039,42117
NO3_misfit,year,A,-122.4219971,47.5703011,-1.2367933818272192,1.4616691,2.8150275,17.214285714285715,15.977492332458496,42118
NO3_misfit,year,A,-122.4179993,47.777401,13.90608160836356,10.915556,7.5976915,20.142857142857142,34.0489387512207,42119
NO3_misfit,year,A,-122.4179993,47.777401,10.05004501342773,8.728774,6.491412,20.000000000000004,30.050045013427734,42120
NO3_misfit,year,A,-122.4179993,47.777401,6.704695020403182,7.373657,5.8058662,21.428571428571427,28.13326644897461,42121
NO3_misfit,year,A,-122.4179993,47.777401,6.478270939418248,7.995869,6.12064,21.142857142857142,27.62112808227539,42122
NO3_misfit,year,A,-122.4179993,47.777401,7.024528503417965,7.949295,6.0970783,19.500000000000004,26.52452850341797,42123
NO3_misfit,year,A,-122.4179993,47.777401,5.936120441981725,7.865368,6.05462,18.642857142857142,24.578977584838867,42124
NO3_misfit,year,A,-122.4179993,47.777401,-6.886157240186419,-6.019539,-0.9696703,11.928571428571429,5.04241418838501,42126
NO3_misfit,year,A,-122.4219971,47.5703011,8.202767780848912,8.343674,6.2965918,18.142857142857142,26.345624923706055,42127
NO3_misfit,year,A,-122.4219971,47.5703011,7.272969382149832,8.323697,6.2864857,17.714285714285715,24.987255096435547,42128
NO3_misfit,year,A,-122.4219971,47.5703011,4.966300146920339,7.592997,5.916829,17.714285714285715,22.680585861206055,42129
NO3_misfit,year,A,-122.4219971,47.5703011,-10.924322060176305,-7.6633043,-1.8012414,16.857142857142858,5.932820796966553,42130
NO3_misfit,year,A,-122.387001,47.3586006,13.312817164829799,10.067584,7.168708,20.357142857142858,33.669960021972656,42131
NO3_misfit,year,A,-122.387001,47.3586006,10.60811505998884,9.042463,6.6501055,21.785714285714285,32.393829345703125,42132
NO3_misfit,year,A,-122.387001,47.3586006,8.621189662388392,8.156568,6.201936,20.357142857142858,28.97833251953125,42133
NO3_misfit,year,A,-122.387001,47.3586006,7.300755364554266,8.271172,6.2599134,19.28571428571429,26.586469650268555,42134
NO3_misfit,year,A,-122.387001,47.3586006,7.1872839246477405,8.696943,6.4753094,18.142857142857142,25.330141067504883,42135
NO3_misfit,year,A,-122.387001,47.3586006,6.291015352521622,8.305539,6.2773,17.071428571428573,23.362443923950195,42136
NO3_misfit,year,A,-122.387001,47.3586006,-3.2739553451538104,-3.5553122,0.27696705,10.000000000000002,6.726044654846191,42138
NO3_misfit,year,A,-122.3570023,47.6035995,6.840880530221121,7.4383936,5.8386164,22.714285714285715,29.555166244506836,42139
NO3_misfit,year,A,-122.3570023,47.6035995,7.513907841273717,7.6035137,5.9221497,21.642857142857142,29.15676498413086,42140
NO3_misfit,year,A,-122.3570023,47.6035995,6.883680071149556,7.753351,5.9979515,20.57142857142857,27.455108642578125,42141
NO3_misfit,year,A,-122.3570023,47.6035995,6.269293921334405,7.87424,6.0591083,20.21428571428571,26.483579635620117,42142
NO3_misfit,year,A,-122.3570023,47.6035995,4.670978818620952,7.452889,5.845949,19.92857142857143,24.599550247192383,42143
NO3_misfit,year,A,-122.3570023,47.6035995,-2.5020275115966797,-0.57283473,1.7857844,16.0,13.49797248840332,42145
NO3_misfit,year,A,-122.4280014,47.7439995,14.586447579520087,10.92956,7.6047764,18.28571428571429,32.872161865234375,42146
NO3_misfit,year,A,-122.4280014,47.7439995,10.313649858747208,8.941148,6.5988503,19.571428571428573,29.88507843017578,42147
NO3_misfit,year,A,-122.4280014,47.7439995,6.343894413539342,7.7233715,5.9827847,21.142857142857142,27.486751556396484,42148
NO3_misfit,year,A,-122.4280014,47.7439995,6.667902265276226,7.9865947,6.1159477,19.92857142857143,26.596473693847656,42149
NO3_misfit,year,A,-122.4280014,47.7439995,6.435434613909038,7.9782186,6.1117105,19.42857142857143,25.86400604248047,42150
NO3_misfit,year,A,-122.4280014,47.7439995,5.983513695853098,7.6846256,5.9631834,17.285714285714285,23.269227981567383,42151
NO3_misfit,year,A,-122.4280014,47.7439995,-1.4925884519304553,-2.2096968,0.95770574,10.857142857142858,9.364554405212402,42152
NO3_misfit,year,A,-122.4329987,47.4528999,7.246368680681503,8.757387,6.505887,20.428571428571427,27.67494010925293,42156
NO3_misfit,year,A,-122.4329987,47.4528999,8.672265461512975,8.669473,6.4614115,17.642857142857142,26.315122604370117,42157
NO3_misfit,year,A,-122.4329987,47.4528999,8.160540989467076,8.824739,6.53996,17.142857142857142,25.30339813232422,42158
NO3_misfit,year,A,-122.4329987,47.4528999,7.495162146432058,8.672409,6.4628973,16.214285714285715,23.709447860717773,42159
NO3_misfit,year,A,-122.4329987,47.4528999,-3.13848672594343,-2.3228323,0.9004712,12.214285714285715,9.075798988342285,42160
NO3_misfit,year,A,-122.4219971,47.5703011,7.257869720458984,8.159816,6.203579,18.0,25.257869720458984,42161
NO3_misfit,year,A,-122.4219971,47.5703011,7.470745359148296,8.207175,6.227538,18.92857142857143,26.399316787719727,42162
NO3_misfit,year,A,-122.4219971,47.5703011,7.395520618983674,7.839531,6.041549,16.642857142857146,24.03837776184082,42163
NO3_misfit,year,A,-122.4219971,47.5703011,0.0841041292463025,1.0116051,2.587343,15.857142857142858,15.94124698638916,42164
NO3_misfit,year,A,-122.4329987,47.5332985,12.149809701102122,10.816074,7.547364,21.785714285714285,33.935523986816406,42165
NO3_misfit,year,A,-122.4329987,47.5332985,10.551928928920201,9.283497,6.772043,21.642857142857142,32.194786071777344,42166
NO3_misfit,year,A,-122.4329987,47.5332985,7.3249795096261145,8.04551,6.145753,20.071428571428573,27.396408081054688,42167
NO3_misfit,year,A,-122.4329987,47.5332985,7.2861033848353784,8.25441,6.2514343,19.214285714285715,26.500389099121094,42168
NO3_misfit,year,A,-122.4329987,47.5332985,7.104187556675502,8.199993,6.2239046,18.857142857142858,25.96133041381836,42169
NO3_misfit,year,A,-122.4329987,47.5332985,5.556000300816127,7.8173738,6.03034,18.357142857142858,23.913143157958984,42170
NO3_misfit,year,A,-122.4329987,47.5332985,-6.939680371965682,-2.91834,0.5992074,17.071428571428573,10.13174819946289,42172
NO3_misfit,year,A,-122.4469986,47.6605988,7.620674950735911,8.229373,6.2387676,20.785714285714285,28.406389236450195,42173
NO3_misfit,year,A,-122.4469986,47.6605988,5.648188999720983,8.362077,6.3059015,21.142857142857142,26.791046142578125,42174
NO3_misfit,year,A,-122.4469986,47.6605988,8.518385478428431,8.257372,6.2529325,17.357142857142858,25.87552833557129,42175
NO3_misfit,year,A,-122.4469986,47.6605988,8.755524771554128,8.46336,6.3571405,15.714285714285715,24.469810485839844,42177
NO3_misfit,year,A,-122.4469986,47.6605988,-0.7211621148245673,1.4526414,2.8104606,15.571428571428571,14.850266456604004,42178
NO3_misfit,year,A,-122.4179993,47.777401,15.287663596017019,10.898382,7.5890036,18.714285714285715,34.001949310302734,42179
NO3_misfit,year,A,-122.4179993,47.777401,9.658875601632253,8.675698,6.4645615,19.714285714285715,29.37316131591797,42180
NO3_misfit,year,A,-122.4179993,47.777401,6.191310610089985,7.4873505,5.8633833,21.07142857142857,27.262739181518555,42181
NO3_misfit,year,A,-122.4179993,47.777401,7.59733772277832,7.8018837,6.022504,19.0,26.59733772277832,42182
NO3_misfit,year,A,-122.4179993,47.777401,8.14215932573591,7.7498374,5.996174,17.785714285714285,25.927873611450195,42183
NO3_misfit,year,A,-122.4179993,47.777401,7.9368310655866345,7.9974775,6.1214533,16.857142857142858,24.793973922729492,42184
NO3_misfit,year,A,-122.4179993,47.777401,0.9286114828927179,-0.56545216,1.7895192,11.071428571428571,12.000040054321289,42186
NO3_misfit,year,A,-122.4260025,47.6012001,13.014619009835378,10.948661,7.614439,21.714285714285715,34.728904724121094,42187
NO3_misfit,year,A,-122.4260025,47.6012001,10.754974910191127,9.911928,7.089962,22.357142857142858,33.112117767333984,42188
NO3_misfit,year,A,-122.4260025,47.6012001,8.258420126778738,8.156858,6.2020836,19.714285714285715,27.972705841064453,42189
NO3_misfit,year,A,-122.4260025,47.6012001,8.640238625662665,8.367644,6.3087187,18.28571428571429,26.925952911376953,42190
NO3_misfit,year,A,-122.4260025,47.6012001,7.888299942016602,8.199993,6.2239046,18.0,25.8882999420166,42191
NO3_misfit,year,A,-122.4260025,47.6012001,6.443984440394811,7.7599006,6.0012646,17.142857142857142,23.586841583251953,42192
NO3_misfit,year,A,-122.4260025,47.6012001,-3.5970754623413086,-2.631933,0.744099,15.0,11.402924537658691,42194
NO3_misfit,year,A,-122.3570023,47.6035995,6.515469414847235,7.4750876,5.8571796,24.28571428571429,30.801183700561523,42195
NO3_misfit,year,A,-122.3570023,47.6035995,7.027728489467073,7.6300964,5.9355974,23.642857142857146,30.67058563232422,42196
NO3_misfit,year,A,-122.3570023,47.6035995,7.592856815883092,7.8032703,6.0232053,22.142857142857142,29.735713958740234,42197
NO3_misfit,year,A,-122.3570023,47.6035995,7.735064097813197,7.812444,6.0278463,20.857142857142858,28.592206954956055,42198
NO3_misfit,year,A,-122.3570023,47.6035995,6.833076477050778,7.9892097,6.1172705,20.000000000000004,26.83307647705078,42199
NO3_misfit,year,A,-122.3570023,47.6035995,2.6082774571010034,2.9084957,3.5469685,17.214285714285715,19.82256317138672,42200
NO3_misfit,year,A,-122.4329987,47.4528999,7.170537676130021,8.550406,6.4011765,21.571428571428573,28.741966247558594,42202
NO3_misfit,year,A,-122.4329987,47.4528999,9.473736899239675,9.022521,6.6400166,19.214285714285715,28.68802261352539,42203
NO3_misfit,year,A,-122.4329987,47.4528999,10.617970330374582,9.2909,6.7757883,17.785714285714285,28.403684616088867,42204
NO3_misfit,year,A,-122.4329987,47.4528999,11.283578600202286,10.326512,7.299698,16.571428571428573,27.85500717163086,42205
NO3_misfit,year,A,-122.4329987,47.4528999,3.79951558794294,3.8862653,4.041616,9.285714285714286,13.085229873657227,42206
NO3_misfit,year,A,-122.4280014,47.7439995,9.807906559535432,9.496925,6.8800154,19.642857142857146,29.450763702392578,42207
NO3_misfit,year,A,-122.4280014,47.7439995,9.807906559535432,9.496925,6.8800154,19.642857142857146,29.450763702392578,42208
NO3_misfit,year,A,-122.4280014,47.7439995,8.699358803885321,7.9763045,6.1107426,19.78571428571429,28.48507308959961,42209
NO3_misfit,year,A,-122.4280014,47.7439995,5.343337740216935,7.4499097,5.8444424,22.071428571428573,27.414766311645508,42210
NO3_misfit,year,A,-122.4280014,47.7439995,6.592779159545898,7.9541345,6.0995264,21.5,28.0927791595459,42211
NO3_misfit,year,A,-122.4280014,47.7439995,7.8178732735770105,8.224921,6.236516,20.428571428571427,28.246444702148438,42212
NO3_misfit,year,A,-122.4280014,47.7439995,7.09884589059012,7.5973115,5.919012,19.642857142857146,26.741703033447266,42213
NO3_misfit,year,A,-122.4280014,47.7439995,2.973030907767157,3.3952496,3.7932143,16.28571428571429,19.258745193481445,42214
NO3_misfit,year,A,-122.4219971,47.5703011,9.711265836443218,8.623153,6.4379787,18.42857142857143,28.13983726501465,42216
NO3_misfit,year,A,-122.4219971,47.5703011,10.8123231615339,8.844759,6.550088,16.857142857142858,27.669466018676758,42217
NO3_misfit,year,A,-122.4219971,47.5703011,10.088858468191965,8.059348,6.152754,16.785714285714285,26.87457275390625,42218
NO3_misfit,year,A,-122.4219971,47.5703011,8.967101505824495,6.4740057,5.3507385,16.642857142857146,25.60995864868164,42219
NO3_misfit,year,A,-122.4179993,47.777401,10.916527339390342,9.444075,6.853278,19.85714285714286,30.773670196533203,42220
NO3_misfit,year,A,-122.4179993,47.777401,8.08833340236119,8.052652,6.1493664,20.428571428571427,28.516904830932617,42221
NO3_misfit,year,A,-122.4179993,47.777401,5.236922127859934,7.572448,5.906433,21.785714285714285,27.02263641357422,42222
NO3_misfit,year,A,-122.4179993,47.777401,6.407260894775391,8.072408,6.15936,21.5,27.90726089477539,42223
NO3_misfit,year,A,-122.4179993,47.777401,7.926497595650812,8.393264,6.321679,20.21428571428571,28.140783309936523,42224
NO3_misfit,year,A,-122.4179993,47.777401,7.639315468924384,8.843737,6.549571,19.78571428571429,27.425029754638672,42225
NO3_misfit,year,A,-122.4179993,47.777401,0.33440916878836546,4.4071326,4.3051195,18.142857142857142,18.477266311645508,42227
NO3_misfit,year,A,-122.4329987,47.5332985,13.591224125453401,9.925863,7.0970125,18.892857142857146,32.48408126831055,42228
NO3_misfit,year,A,-122.4329987,47.5332985,8.646141597202845,8.911355,6.5837784,20.857142857142858,29.503284454345703,42229
NO3_misfit,year,A,-122.4329987,47.5332985,7.795603070940292,8.101083,6.1738663,20.428571428571427,28.22417449951172,42230
NO3_misfit,year,A,-122.4329987,47.5332985,9.727784565516881,8.553422,6.4027023,18.642857142857142,28.370641708374023,42231
NO3_misfit,year,A,-122.4329987,47.5332985,10.546311514718191,8.787566,6.5211544,17.714285714285715,28.260597229003906,42232
NO3_misfit,year,A,-122.4329987,47.5332985,10.070702961512975,8.9118595,6.584034,17.142857142857142,27.213560104370117,42233
NO3_misfit,year,A,-122.4329987,47.5332985,5.90449251447405,5.70413,4.9612627,16.714285714285715,22.618778228759766,42235
NO3_misfit,year,A,-122.4469986,47.6605988,5.99697004045759,8.137193,6.192135,21.785714285714285,27.782684326171875,42238
NO3_misfit,year,A,-122.4469986,47.6605988,8.862386975969585,8.532004,6.3918676,19.42857142857143,28.290958404541016,42239
NO3_misfit,year,A,-122.4469986,47.6605988,9.079500198364258,8.959352,6.60806,19.0,28.079500198364258,42240
NO3_misfit,year,A,-122.4469986,47.6605988,8.55299731663295,8.850269,6.5528755,18.571428571428573,27.124425888061523,42241
NO3_misfit,year,A,-122.4469986,47.6605988,4.187538964407786,5.6361647,4.92688,17.285714285714285,21.47325325012207,42242
NO3_misfit,year,A,-122.4260025,47.6012001,13.107828957693915,9.872288,7.069908,19.28571428571429,32.3935432434082,42244
NO3_misfit,year,A,-122.4260025,47.6012001,8.678443908691406,8.815061,6.5350637,21.5,30.178443908691406,42245
NO3_misfit,year,A,-122.4260025,47.6012001,7.4393335069928845,8.627993,6.440427,21.857142857142858,29.296476364135742,42246
NO3_misfit,year,A,-122.4260025,47.6012001,8.687093734741207,8.450708,6.3507404,20.000000000000004,28.68709373474121,42247
NO3_misfit,year,A,-122.4260025,47.6012001,8.745570863996232,8.758038,6.506216,19.571428571428573,28.316999435424805,42248
NO3_misfit,year,A,-122.4260025,47.6012001,7.955427169799805,8.79977,6.5273285,19.0,26.955427169799805,42249
NO3_misfit,year,A,-122.4260025,47.6012001,3.165837424142019,4.655472,4.4307528,18.214285714285715,21.380123138427734,42251
NO3_misfit,year,A,-122.387001,47.3586006,11.388256072998047,10.007251,7.1381855,23.0,34.38825607299805,42252
NO3_misfit,year,A,-122.387001,47.3586006,7.880413055419922,8.671054,6.4622116,23.0,30.880413055419922,42253
NO3_misfit,year,A,-122.387001,47.3586006,7.322866167340958,8.279665,6.2642107,22.071428571428573,29.39429473876953,42254
NO3_misfit,year,A,-122.387001,47.3586006,7.863727842058456,8.616911,6.434821,20.928571428571427,28.792299270629883,42255
NO3_misfit,year,A,-122.387001,47.3586006,8.026608058384486,9.068908,6.6634836,20.357142857142858,28.383750915527344,42256
NO3_misfit,year,A,-122.387001,47.3586006,8.840252467564174,10.236992,7.25441,18.857142857142858,27.69739532470703,42257
NO3_misfit,year,A,-122.387001,47.3586006,4.517317363194056,5.379334,4.7969503,8.357142857142858,12.874460220336914,42258
NO3_misfit,year,A,-122.45722,47.376111,18.139613015311106,11.524088,7.9055443,1.7857142857142858,19.92532730102539,42260
NO3_misfit,year,A,-122.4329987,47.4528999,10.932944978986466,8.819742,6.5374317,19.071428571428573,30.00437355041504,42262
NO3_misfit,year,A,-122.4329987,47.4528999,10.361715316772461,9.202711,6.7311735,19.0,29.36171531677246,42263
NO3_misfit,year,A,-122.4329987,47.4528999,10.521981375558035,9.477338,6.8701057,18.214285714285715,28.73626708984375,42264
NO3_misfit,year,A,-122.4329987,47.4528999,10.24881989615304,9.649314,6.9571075,17.857142857142858,28.1059627532959,42265
NO3_misfit,year,A,-122.4329987,47.4528999,7.220319202968049,8.285582,6.2672033,16.642857142857146,23.863176345825195,42266
NO3_misfit,year,A,-122.4260025,47.6012001,9.2837461744036,9.173681,6.716488,22.142857142857142,31.426603317260742,42267
NO3_misfit,year,A,-122.4260025,47.6012001,7.185176304408479,8.487545,6.369375,23.142857142857146,30.328033447265625,42268
NO3_misfit,year,A,-122.4260025,47.6012001,8.073223114013672,8.465953,6.358452,22.0,30.073223114013672,42269
NO3_misfit,year,A,-122.4260025,47.6012001,10.420879364013672,8.762465,6.5084553,19.0,29.420879364013672,42270
NO3_misfit,year,A,-122.4260025,47.6012001,11.103781018938335,8.725631,6.4898214,17.92857142857143,29.032352447509766,42271
NO3_misfit,year,A,-122.4260025,47.6012001,9.856086458478654,8.583195,6.4177647,18.071428571428573,27.927515029907227,42272
NO3_misfit,year,A,-122.4260025,47.6012001,6.784024102347239,6.15835,5.19105,17.785714285714285,24.569738388061523,42274
NO3_misfit,year,A,-122.4179993,47.777401,9.775869641985214,8.974244,6.615594,20.928571428571427,30.70444107055664,42275
NO3_misfit,year,A,-122.4179993,47.777401,6.752743312290736,7.60723,5.9240294,21.857142857142858,28.609886169433594,42276
NO3_misfit,year,A,-122.4179993,47.777401,5.804034369332449,7.472243,5.8557405,22.714285714285715,28.518320083618164,42277
NO3_misfit,year,A,-122.4179993,47.777401,6.376170839582169,8.045294,6.145643,22.571428571428573,28.947599411010742,42278
NO3_misfit,year,A,-122.4179993,47.777401,8.6870790209089,8.2878,6.268326,20.357142857142858,29.044221878051758,42279
NO3_misfit,year,A,-122.4179993,47.777401,9.665358407156805,8.659831,6.4565344,18.78571428571429,28.451072692871094,42280
NO3_misfit,year,A,-122.4179993,47.777401,6.992194039481024,6.0794315,5.151126,16.28571428571429,23.277908325195312,42282
NO3_misfit,year,A,-122.387001,47.3586006,7.362127304077148,8.2285795,6.238366,23.0,30.36212730407715,42283
NO3_misfit,year,A,-122.387001,47.3586006,10.091530391148158,8.880602,6.568221,19.357142857142858,29.448673248291016,42284
NO3_misfit,year,A,-122.387001,47.3586006,11.812185014997208,9.280107,6.7703276,17.071428571428573,28.88361358642578,42285
NO3_misfit,year,A,-122.387001,47.3586006,11.053008215767996,10.523911,7.399561,16.714285714285715,27.76729393005371,42286
NO3_misfit,year,A,-122.387001,47.3586006,8.519038881574357,7.9777155,6.111456,9.571428571428573,18.09046745300293,42288
NO3_misfit,year,A,-122.387001,47.3586006,8.499555315290177,9.01353,6.6354685,23.571428571428573,32.07098388671875,42289
NO3_misfit,year,A,-122.387001,47.3586006,7.164510454450333,8.363057,6.3063984,23.571428571428573,30.735939025878906,42290
NO3_misfit,year,A,-122.4219971,47.5703011,10.563567570277623,8.633348,6.443137,18.642857142857142,29.206424713134766,42291
NO3_misfit,year,A,-122.4219971,47.5703011,10.65527888706752,8.828081,6.541651,18.071428571428573,28.726707458496094,42292
NO3_misfit,year,A,-122.4219971,47.5703011,10.143626621791295,8.546437,6.399169,17.642857142857142,27.786483764648438,42293
NO3_misfit,year,A,-122.4219971,47.5703011,8.179877144949778,6.55236,5.390377,17.285714285714285,25.465591430664062,42294
NO3_misfit,year,A,-122.4280014,47.7439995,7.751558031354634,7.9924664,6.1189184,21.07142857142857,28.822986602783203,42297
NO3_misfit,year,A,-122.4280014,47.7439995,5.982000078473771,7.6298943,5.9354954,22.571428571428573,28.553428649902344,42298
NO3_misfit,year,A,-122.4280014,47.7439995,6.125587463378906,8.209791,6.228862,23.0,29.125587463378906,42299
NO3_misfit,year,A,-122.4280014,47.7439995,7.569808415004186,8.556264,6.4041405,21.642857142857142,29.212665557861328,42300
NO3_misfit,year,A,-122.4280014,47.7439995,9.055200304303849,8.44537,6.3480396,19.071428571428573,28.126628875732422,42302
NO3_misfit,year,A,-122.4280014,47.7439995,6.110888072422572,6.3110356,5.2682924,17.357142857142858,23.46803092956543,42303
NO3_misfit,year,A,-122.4280014,47.7439995,8.335143498011998,9.054859,6.656377,20.892857142857142,29.22800064086914,42304
NO3_misfit,year,A,-122.4329987,47.5332985,8.930859974452428,9.193539,6.726534,21.642857142857142,30.57371711730957,42305
NO3_misfit,year,A,-122.4329987,47.5332985,6.90006583077567,8.612461,6.4325695,22.642857142857142,29.542922973632812,42306
NO3_misfit,year,A,-122.4329987,47.5332985,8.372756685529438,8.480097,6.3656073,21.07142857142857,29.444185256958008,42307
NO3_misfit,year,A,-122.4329987,47.5332985,9.796707698277064,8.662619,6.457944,19.357142857142858,29.153850555419922,42308
NO3_misfit,year,A,-122.4329987,47.5332985,10.290389197213308,8.895571,6.5757933,18.714285714285715,29.004674911499023,42309
NO3_misfit,year,A,-122.4329987,47.5332985,9.922765459333146,9.021464,6.6394825,18.071428571428573,27.99419403076172,42310
NO3_misfit,year,A,-122.4329987,47.5332985,8.408840996878487,6.279238,5.252207,15.285714285714286,23.694555282592773,42312
NO3_misfit,year,A,-122.3570023,47.6035995,6.13820729936872,7.0383625,5.636243,24.28571428571429,30.423921585083008,42313
NO3_misfit,year,A,-122.3570023,47.6035995,7.627472741263251,7.2556176,5.746151,22.78571428571429,30.41318702697754,42314
NO3_misfit,year,A,-122.3570023,47.6035995,8.284463609967911,7.386913,5.8125725,21.571428571428573,29.855892181396484,42315
NO3_misfit,year,A,-122.3570023,47.6035995,8.604168483189174,7.7117023,5.9768815,20.857142857142858,29.46131134033203,42316
NO3_misfit,year,A,-122.3570023,47.6035995,8.404044560023717,7.904961,6.07465,20.142857142857142,28.54690170288086,42317
NO3_misfit,year,A,-122.3570023,47.6035995,4.415848595755438,4.420318,4.3117905,18.78571428571429,23.201562881469727,42319
NO3_misfit,year,A,-122.4469986,47.6605988,5.662130083356583,7.744747,5.993599,23.071428571428573,28.733558654785156,42320
NO3_misfit,year,A,-122.4469986,47.6605988,8.954024723597936,8.216767,6.2323904,20.142857142857142,29.096881866455078,42321
NO3_misfit,year,A,-122.4469986,47.6605988,9.644784654889786,8.46072,6.3558054,19.571428571428573,29.21621322631836,42322
NO3_misfit,year,A,-122.4469986,47.6605988,8.75562068394252,8.81365,6.5343504,19.571428571428573,28.327049255371094,42323
NO3_misfit,year,A,-122.4469986,47.6605988,5.724704742431641,6.6727786,5.4512963,19.0,24.72470474243164,42325
NO3_misfit,year,A,-122.4469986,47.6605988,8.799956457955496,7.68053,5.9611115,21.214285714285715,30.01424217224121,42326
NO3_misfit,year,A,-122.4469986,47.6605988,9.797940390450613,7.82109,6.03222,19.714285714285715,29.512226104736328,42327
NO3_misfit,year,A,-122.4469986,47.6605988,10.147870200020925,7.7718186,6.0072937,18.714285714285715,28.86215591430664,42328
NO3_misfit,year,A,-122.4469986,47.6605988,9.359563827514648,7.8942904,6.069252,18.5,27.85956382751465,42329
NO3_misfit,year,A,-122.4469986,47.6605988,5.757633209228516,6.0200686,5.121094,18.5,24.257633209228516,42331
NO3_misfit,year,A,-122.4179993,47.777401,8.64948763166155,8.508778,6.3801174,22.214285714285715,30.863773345947266,42332
NO3_misfit,year,A,-122.4179993,47.777401,6.3917361668178,7.2307777,5.7335844,22.714285714285715,29.106021881103516,42333
NO3_misfit,year,A,-122.4179993,47.777401,5.5779255458286805,6.891492,5.561942,22.78571428571429,28.36363983154297,42334
NO3_misfit,year,A,-122.4179993,47.777401,5.764036451067241,7.3843427,5.811272,22.92857142857143,28.692607879638672,42335
NO3_misfit,year,A,-122.4179993,47.777401,7.264643805367605,7.7004323,5.97118,21.714285714285715,28.97892951965332,42336
NO3_misfit,year,A,-122.4179993,47.777401,7.4910817827497205,7.3108706,5.774103,21.357142857142858,28.848224639892578,42337
NO3_misfit,year,A,-122.4179993,47.777401,6.005550929478236,6.2510924,5.2379675,20.857142857142858,26.862693786621094,42339
NO3_misfit,year,A,-122.387001,47.3586006,7.191349846976141,7.975606,6.1103888,24.28571428571429,31.47706413269043,42340
NO3_misfit,year,A,-122.387001,47.3586006,7.32393646240234,7.4889164,5.864176,24.000000000000004,31.323936462402344,42341
NO3_misfit,year,A,-122.387001,47.3586006,7.327264785766602,7.2555676,5.7461257,23.5,30.8272647857666,42342
NO3_misfit,year,A,-122.387001,47.3586006,8.534528732299805,7.9946666,6.1200314,21.0,29.534528732299805,42343
NO3_misfit,year,A,-122.387001,47.3586006,7.886616025652206,8.497132,6.3742256,20.928571428571427,28.815187454223633,42344
NO3_misfit,year,A,-122.387001,47.3586006,7.162434714181085,9.431765,6.8470507,20.71428571428571,27.876720428466797,42345
NO3_misfit,year,A,-122.387001,47.3586006,7.392612184797013,10.426583,7.3503237,18.571428571428573,25.964040756225586,42347
NO3_misfit,year,A,-122.4329987,47.5332985,9.807072775704519,8.303285,6.2761593,21.214285714285715,31.021358489990234,42348
NO3_misfit,year,A,-122.4329987,47.5332985,7.3760035378592335,7.7291436,5.985705,22.92857142857143,30.304574966430664,42349
NO3_misfit,year,A,-122.4329987,47.5332985,6.499786649431499,7.0702763,5.6523876,22.42857142857143,28.92835807800293,42350
NO3_misfit,year,A,-122.4329987,47.5332985,6.910096577235631,7.523271,5.8815556,22.142857142857142,29.052953720092773,42351
NO3_misfit,year,A,-122.4329987,47.5332985,7.926488603864399,7.7258744,5.9840508,21.07142857142857,28.99791717529297,42352
NO3_misfit,year,A,-122.4329987,47.5332985,7.400721413748606,7.7913723,6.017186,21.285714285714285,28.68643569946289,42353
NO3_misfit,year,A,-122.4329987,47.5332985,4.09541348048619,5.423356,4.819221,20.428571428571427,24.523984909057617,42355
NO3_misfit,year,A,-122.45722,47.376111,19.4980525970459,14.344904,9.332578,1.5000000000000002,20.9980525970459,42357
NO3_misfit,year,A,-122.4260025,47.6012001,8.072460447038925,7.5768337,5.9086523,21.428571428571427,29.50103187561035,42358
NO3_misfit,year,A,-122.4260025,47.6012001,6.569362640380859,8.076159,6.1612577,25.5,32.06936264038086,42359
NO3_misfit,year,A,-122.4260025,47.6012001,5.906374795096262,7.410056,5.8242807,24.785714285714285,30.692089080810547,42360
NO3_misfit,year,A,-122.4260025,47.6012001,6.534211022513251,7.3036895,5.7704706,23.78571428571429,30.31992530822754,42361
NO3_misfit,year,A,-122.4260025,47.6012001,8.055181503295898,7.4699707,5.854591,21.0,29.0551815032959,42362
NO3_misfit,year,A,-122.4260025,47.6012001,8.000761577061244,7.737606,5.989986,20.357142857142858,28.3579044342041,42363
NO3_misfit,year,A,-122.4260025,47.6012001,7.1731273106166284,6.8407717,5.536283,19.714285714285715,26.887413024902344,42364
NO3_misfit,year,A,-122.4280014,47.7439995,9.197532926286971,8.229302,6.2387323,21.178571428571427,30.3761043548584,42366
NO3_misfit,year,A,-122.4280014,47.7439995,8.770248685564315,7.2248793,5.7306004,20.928571428571427,29.698820114135742,42367
NO3_misfit,year,A,-122.4280014,47.7439995,8.41072109767369,7.441157,5.8400145,21.428571428571427,29.839292526245117,42368
NO3_misfit,year,A,-122.4280014,47.7439995,9.9727486201695,7.697704,5.9698,19.78571428571429,29.75846290588379,42369
NO3_misfit,year,A,-122.4280014,47.7439995,9.424470084054128,7.8008294,6.0219703,19.714285714285715,29.138755798339844,42370
NO3_misfit,year,A,-122.4280014,47.7439995,8.858475003923687,7.726239,5.984236,19.42857142857143,28.287046432495117,42371
NO3_misfit,year,A,-122.4280014,47.7439995,3.7952831813267274,5.980866,5.101262,19.78571428571429,23.580997467041016,42372
NO3_misfit,year,A,-122.4179993,47.777401,9.638651984078543,8.124888,6.18591,21.714285714285715,31.352937698364258,42374
NO3_misfit,year,A,-122.4179993,47.777401,7.374739510672434,7.098551,5.666692,22.285714285714285,29.66045379638672,42375
NO3_misfit,year,A,-122.4179993,47.777401,7.5100814274379175,7.2169785,5.7266035,22.214285714285715,29.724367141723633,42376
NO3_misfit,year,A,-122.4179993,47.777401,7.926806041172572,7.618333,5.9296465,21.357142857142858,29.28394889831543,42377
NO3_misfit,year,A,-122.4179993,47.777401,8.278970445905411,7.5311403,5.885536,21.571428571428573,29.850399017333984,42378
NO3_misfit,year,A,-122.4179993,47.777401,7.986023221697128,7.5389323,5.889478,20.428571428571427,28.414594650268555,42379
NO3_misfit,year,A,-122.4179993,47.777401,4.168611798967632,5.8652096,5.0427523,19.42857142857143,23.597183227539062,42381
NO3_misfit,year,A,-122.4469986,47.6605988,7.113816125052317,7.5360384,5.888014,21.785714285714285,28.8995304107666,42382
NO3_misfit,year,A,-122.4469986,47.6605988,7.712879725864955,7.839208,6.0413857,21.357142857142858,29.070022583007812,42383
NO3_misfit,year,A,-122.4469986,47.6605988,7.84789412362235,8.032029,6.138933,21.142857142857142,28.990751266479492,42384
NO3_misfit,year,A,-122.4469986,47.6605988,8.531260899135045,8.1133995,6.1800976,20.142857142857142,28.674118041992188,42385
NO3_misfit,year,A,-122.4469986,47.6605988,6.03189659118652,6.294079,5.259714,20.000000000000004,26.031896591186523,42387
NO3_misfit,year,A,-122.3570023,47.6035995,5.381959642682759,6.892474,5.562439,25.07142857142857,30.453388214111328,42388
NO3_misfit,year,A,-122.3570023,47.6035995,6.047669274466376,7.0516305,5.642955,24.28571428571429,30.333383560180664,42389
NO3_misfit,year,A,-122.3570023,47.6035995,7.406634739467076,7.3722386,5.805149,22.142857142857142,29.54949188232422,42390
NO3_misfit,year,A,-122.3570023,47.6035995,7.775374003819056,7.279389,5.758177,21.357142857142858,29.132516860961914,42391
NO3_misfit,year,A,-122.3570023,47.6035995,7.209341866629465,6.9415846,5.5872836,21.285714285714285,28.49505615234375,42393
NO3_misfit,year,A,-122.3570023,47.6035995,3.8982369559151806,4.163279,4.1817555,20.57142857142857,24.46966552734375,42394
NO3_misfit,year,A,-122.387001,47.3586006,8.351637431553431,8.031871,6.138853,22.857142857142858,31.20878028869629,42395
NO3_misfit,year,A,-122.387001,47.3586006,7.974961417061941,7.6516232,5.946488,22.214285714285715,30.189247131347656,42396
NO3_misfit,year,A,-122.387001,47.3586006,7.4130930219377795,7.551164,5.895666,22.142857142857142,29.555950164794922,42397
NO3_misfit,year,A,-122.387001,47.3586006,8.390547071184432,8.0156555,6.1306496,20.928571428571427,29.31911849975586,42398
NO3_misfit,year,A,-122.387001,47.3586006,8.403780800955637,8.1079445,6.1773376,20.785714285714285,29.189495086669922,42399
NO3_misfit,year,A,-122.387001,47.3586006,8.99344662257603,8.620323,6.4365473,19.92857142857143,28.92201805114746,42400
NO3_misfit,year,A,-122.387001,47.3586006,3.6149400983537916,8.892155,6.574065,19.142857142857146,22.757797241210938,42401
NO3_misfit,year,A,-122.4219971,47.5703011,6.841201509748185,7.6150274,5.927974,22.071428571428573,28.912630081176758,42403
NO3_misfit,year,A,-122.4219971,47.5703011,6.820889064243861,7.665906,5.9537134,21.857142857142858,28.67803192138672,42404
NO3_misfit,year,A,-122.4219971,47.5703011,6.538633619035991,7.741693,5.9920535,21.92857142857143,28.467205047607422,42405
NO3_misfit,year,A,-122.4219971,47.5703011,3.624559947422572,5.809199,5.0144167,20.857142857142858,24.48170280456543,42406
NO3_misfit,year,A,-122.4329987,47.4528999,10.399471555437358,7.839662,6.0416155,19.92857142857143,30.32804298400879,42407
NO3_misfit,year,A,-122.4329987,47.4528999,9.579697472708563,8.435041,6.3428144,19.78571428571429,29.36541175842285,42408
NO3_misfit,year,A,-122.4329987,47.4528999,9.912884031023296,8.388326,6.3191814,19.92857142857143,29.841455459594727,42409
NO3_misfit,year,A,-122.4329987,47.4528999,9.61273111615862,8.920941,6.588628,19.214285714285715,28.827016830444336,42410
NO3_misfit,year,A,-122.4329987,47.4528999,9.170779636928014,8.7238245,6.488908,18.642857142857142,27.813636779785156,42411
NO3_misfit,year,A,-122.3570023,47.6035995,7.806566510881694,6.7142544,5.4722786,22.92857142857143,30.735137939453125,42412
NO3_misfit,year,A,-122.3570023,47.6035995,9.284004483904159,6.922911,5.577837,21.428571428571427,30.712575912475586,42413
NO3_misfit,year,A,-122.3570023,47.6035995,9.032874516078405,7.0500712,5.642166,20.142857142857142,29.175731658935547,42414
NO3_misfit,year,A,-122.3570023,47.6035995,7.321837016514369,6.953403,5.5932627,20.357142857142858,27.678979873657227,42415
NO3_misfit,year,A,-122.3570023,47.6035995,8.194936207362584,6.9282107,5.580518,20.142857142857142,28.337793350219727,42416
NO3_misfit,year,A,-122.3570023,47.6035995,5.798930031912665,5.042969,4.6267853,19.28571428571429,25.084644317626953,42417
NO3_misfit,year,A,-122.4219971,47.5703011,8.306682586669922,7.381446,5.809807,20.5,28.806682586669922,42419
NO3_misfit,year,A,-122.4219971,47.5703011,8.456578663417272,7.6711,5.956341,20.142857142857142,28.599435806274414,42420
NO3_misfit,year,A,-122.4219971,47.5703011,8.195363453456334,7.781747,6.0123167,20.142857142857142,28.338220596313477,42421
NO3_misfit,year,A,-122.4219971,47.5703011,9.284097126552037,7.1731005,5.704406,18.642857142857142,27.92695426940918,42422
NO3_misfit,year,A,-122.4280014,47.7439995,8.215613228934153,8.632563,6.4427395,21.785714285714285,30.001327514648438,42423
NO3_misfit,year,A,-122.4280014,47.7439995,8.072756086077007,8.632563,6.4427395,21.92857142857143,30.001327514648438,42424
NO3_misfit,year,A,-122.4280014,47.7439995,7.470196587698801,7.601065,5.920911,21.785714285714285,29.255910873413086,42425
NO3_misfit,year,A,-122.4280014,47.7439995,6.411864961896622,7.030063,5.6320443,22.071428571428573,28.483293533325195,42426
NO3_misfit,year,A,-122.4280014,47.7439995,6.753482546125138,7.612223,5.9265556,22.071428571428573,28.82491111755371,42427
NO3_misfit,year,A,-122.4280014,47.7439995,7.310937336512975,7.8262024,6.0348063,21.642857142857142,28.953794479370117,42428
NO3_misfit,year,A,-122.4280014,47.7439995,7.7580588204520105,7.5219803,5.8809023,20.928571428571427,28.686630249023438,42429
NO3_misfit,year,A,-122.4280014,47.7439995,6.300747190202987,6.2432895,5.23402,20.928571428571427,27.229318618774414,42430
NO3_misfit,year,A,-122.4329987,47.5332985,7.17978695460728,8.100429,6.1735353,24.17857142857143,31.35835838317871,42432
NO3_misfit,year,A,-122.4329987,47.5332985,6.88862337384905,7.3054857,5.771379,23.714285714285715,30.602909088134766,42433
NO3_misfit,year,A,-122.4329987,47.5332985,6.551548004150391,7.299693,5.768449,23.5,30.05154800415039,42434
NO3_misfit,year,A,-122.4329987,47.5332985,7.874026162283762,7.5496025,5.8948765,21.285714285714285,29.159740447998047,42435
NO3_misfit,year,A,-122.4329987,47.5332985,8.409644808088032,7.5509005,5.8955326,20.57142857142857,28.9810733795166,42436
NO3_misfit,year,A,-122.4329987,47.5332985,8.211651938302179,7.832648,6.038067,20.21428571428571,28.42593765258789,42437
NO3_misfit,year,A,-122.4329987,47.5332985,7.913650512695309,6.853488,5.542716,19.500000000000004,27.413650512695312,42439
NO3_misfit,year,A,-122.4329987,47.4528999,7.8697580610002795,7.7592196,6.0009203,21.142857142857142,29.012615203857422,42440
NO3_misfit,year,A,-122.4329987,47.4528999,8.755848475864955,8.174167,6.2108393,20.357142857142858,29.112991333007812,42441
NO3_misfit,year,A,-122.4329987,47.4528999,8.838595526559015,8.15974,6.203541,20.21428571428571,29.052881240844727,42442
NO3_misfit,year,A,-122.4329987,47.4528999,9.165034157889227,8.807075,6.531024,19.28571428571429,28.450748443603516,42443
NO3_misfit,year,A,-122.4329987,47.4528999,3.941424233572821,7.404731,5.8215866,18.78571428571429,22.72713851928711,42444
NO3_misfit,year,A,-122.4260025,47.6012001,8.689605712890625,8.471463,6.3612404,23.5,32.189605712890625,42447
NO3_misfit,year,A,-122.4260025,47.6012001,7.082283020019528,7.7071433,5.974575,24.000000000000004,31.08228302001953,42448
NO3_misfit,year,A,-122.4260025,47.6012001,5.7968597412109375,7.4943056,5.866902,23.5,29.296859741210938,42449
NO3_misfit,year,A,-122.4260025,47.6012001,6.4493209293910425,7.551405,5.895788,22.714285714285715,29.163606643676758,42450
NO3_misfit,year,A,-122.4260025,47.6012001,7.335152762276785,7.641631,5.941433,21.714285714285715,29.0494384765625,42451
NO3_misfit,year,A,-122.4260025,47.6012001,7.5136083875383655,7.6755867,5.9586105,20.642857142857142,28.156465530395508,42452
NO3_misfit,year,A,-122.4260025,47.6012001,4.667271750313898,5.60336,4.910284,20.21428571428571,24.88155746459961,42454
NO3_misfit,year,A,-122.4329987,47.5332985,6.883536747523717,7.478236,5.8587723,24.892857142857142,31.77639389038086,42455
NO3_misfit,year,A,-122.4329987,47.5332985,5.570220674787251,6.316435,5.271024,25.57142857142857,31.14164924621582,42456
NO3_misfit,year,A,-122.4329987,47.5332985,5.24931607927595,6.1847525,5.2044067,24.785714285714285,30.035030364990234,42457
NO3_misfit,year,A,-122.4329987,47.5332985,6.4731246403285425,6.1344843,5.1789765,23.214285714285715,29.687410354614258,42458
NO3_misfit,year,A,-122.4329987,47.5332985,7.01872226170131,6.288956,5.257123,22.571428571428573,29.590150833129883,42459
NO3_misfit,year,A,-122.4329987,47.5332985,6.253244400024414,6.1115656,5.1673822,23.0,29.253244400024414,42461
NO3_misfit,year,A,-122.4329987,47.5332985,6.351423808506556,5.339438,4.7767673,22.357142857142858,28.708566665649414,42462
NO3_misfit,year,A,-122.4329987,47.4528999,7.560056686401367,6.4871755,5.357401,22.5,30.060056686401367,42463
NO3_misfit,year,A,-122.4329987,47.4528999,7.006629943847656,6.371175,5.2987165,22.5,29.506629943847656,42464
NO3_misfit,year,A,-122.4329987,47.4528999,6.866709572928293,5.961878,5.0916557,22.285714285714285,29.152423858642578,42465
NO3_misfit,year,A,-122.4329987,47.4528999,6.766592843191965,5.9966063,5.109225,22.285714285714285,29.05230712890625,42466
NO3_misfit,year,A,-122.4329987,47.4528999,6.60512215750558,5.9560337,5.0886993,22.357142857142858,28.962265014648438,42467
NO3_misfit,year,A,-122.4219971,47.5703011,6.2416041237967335,6.0774555,5.150126,23.42857142857143,29.670175552368164,42468
NO3_misfit,year,A,-122.4219971,47.5703011,6.026805877685547,6.073232,5.1479893,23.5,29.526805877685547,42469
NO3_misfit,year,A,-122.4219971,47.5703011,5.931400844029017,5.9614773,5.0914536,23.357142857142858,29.288543701171875,42470
NO3_misfit,year,A,-122.4219971,47.5703011,6.055920192173549,5.3324957,4.7732553,22.857142857142858,28.913063049316406,42471
NO3_misfit,year,A,-122.4280014,47.7439995,6.0651266915457605,6.8899846,5.561179,25.178571428571427,31.243698120117188,42472
NO3_misfit,year,A,-122.4280014,47.7439995,4.314697265625,5.7075105,4.9629726,26.0,30.314697265625,42473
NO3_misfit,year,A,-122.4280014,47.7439995,3.300861631120952,5.228806,4.7207994,26.42857142857143,29.729433059692383,42474
NO3_misfit,year,A,-122.4280014,47.7439995,3.5454927171979627,5.4343667,4.824791,25.857142857142858,29.40263557434082,42475
NO3_misfit,year,A,-122.4280014,47.7439995,3.8231577192034045,5.1019926,4.656645,25.142857142857142,28.966014862060547,42476
NO3_misfit,year,A,-122.4280014,47.7439995,3.3742615836007275,4.791631,4.499635,25.07142857142857,28.445690155029297,42477
NO3_misfit,year,A,-122.4280014,47.7439995,3.242810658046178,4.4966106,4.350386,24.642857142857142,27.88566780090332,42479
NO3_misfit,year,A,-122.45722,47.376111,13.47727939060756,9.701954,6.983738,14.071428571428573,27.548707962036133,42480
NO3_misfit,year,A,-122.45722,47.376111,21.06524451119559,10.847628,7.563327,5.242857142857144,26.308101654052734,42481
NO3_misfit,year,A,-122.387001,47.3586006,6.622965403965541,7.091537,5.6631436,25.357142857142858,31.9801082611084,42482
NO3_misfit,year,A,-122.387001,47.3586006,6.4661184038434705,5.810488,5.015069,24.857142857142858,31.323261260986328,42483
NO3_misfit,year,A,-122.387001,47.3586006,6.327122824532644,6.3255405,5.275631,23.714285714285715,30.04140853881836,42484
NO3_misfit,year,A,-122.387001,47.3586006,7.152217592511857,6.6122184,5.420659,22.571428571428573,29.72364616394043,42485
NO3_misfit,year,A,-122.387001,47.3586006,7.247427531651088,6.638371,5.4338894,22.357142857142858,29.604570388793945,42486
NO3_misfit,year,A,-122.387001,47.3586006,6.978769302368164,6.443181,5.335144,22.5,29.478769302368164,42488
NO3_misfit,year,A,-122.387001,47.3586006,6.8435164860316675,6.1736255,5.1987777,22.214285714285715,29.057802200317383,42489
NO3_misfit,year,A,-122.3570023,47.6035995,3.270753587995255,5.1503563,4.6811123,27.571428571428573,30.842182159423828,42490
NO3_misfit,year,A,-122.3570023,47.6035995,4.409434727260045,5.21746,4.7150593,26.142857142857142,30.552291870117188,42491
NO3_misfit,year,A,-122.3570023,47.6035995,4.938628877912251,5.512737,4.864438,25.07142857142857,30.01005744934082,42492
NO3_misfit,year,A,-122.3570023,47.6035995,4.733006886073522,5.7032466,4.960816,25.142857142857142,29.875864028930664,42493
NO3_misfit,year,A,-122.3570023,47.6035995,4.888599940708705,5.41643,4.815717,24.857142857142858,29.745742797851562,42495
NO3_misfit,year,A,-122.3570023,47.6035995,4.563790730067659,4.7783566,4.49292,24.142857142857146,28.706647872924805,42496
NO3_misfit,year,A,-122.4469986,47.6605988,4.479869842529297,5.7272034,4.9729357,25.5,29.979869842529297,42497
NO3_misfit,year,A,-122.4469986,47.6605988,4.373330797467915,6.097256,5.160143,25.57142857142857,29.944759368896484,42498
NO3_misfit,year,A,-122.4469986,47.6605988,4.206060409545898,5.7075233,4.9629793,25.5,29.7060604095459,42499
NO3_misfit,year,A,-122.4469986,47.6605988,4.246762411934988,5.6932864,4.955777,25.214285714285715,29.461048126220703,42500
NO3_misfit,year,A,-122.4469986,47.6605988,3.4641325814383386,5.239294,4.726105,25.428571428571427,28.892704010009766,42502
NO3_misfit,year,A,-122.4260025,47.6012001,7.744723183768137,7.4439526,5.8414288,24.785714285714285,32.53043746948242,42503
NO3_misfit,year,A,-122.4260025,47.6012001,4.6361460004534045,6.744098,5.487376,27.142857142857142,31.779003143310547,42504
NO3_misfit,year,A,-122.4260025,47.6012001,5.799737930297848,5.964585,5.093025,24.500000000000004,30.29973793029785,42505
NO3_misfit,year,A,-122.4260025,47.6012001,6.40287045070103,6.1014786,5.162279,23.42857142857143,29.83144187927246,42506
NO3_misfit,year,A,-122.4260025,47.6012001,5.654752731323239,6.192689,5.2084217,24.000000000000004,29.654752731323242,42507
NO3_misfit,year,A,-122.4260025,47.6012001,6.173464911324636,5.948009,5.0846395,23.214285714285715,29.38775062561035,42508
NO3_misfit,year,A,-122.4260025,47.6012001,5.486680712018693,5.255719,4.7344146,23.071428571428573,28.558109283447266,42510
NO3_misfit,year,A,-122.4179993,47.777401,6.609197889055526,6.8792777,5.5557632,25.428571428571427,32.03776931762695,42511
NO3_misfit,year,A,-122.4179993,47.777401,3.4630135127476294,5.2574167,4.7352734,26.785714285714285,30.248727798461914,42512
NO3_misfit,year,A,-122.4179993,47.777401,3.28837558201381,5.0608892,4.635851,26.571428571428573,29.859804153442383,42513
NO3_misfit,year,A,-122.4179993,47.777401,3.228169849940709,5.3326,4.773308,26.642857142857142,29.87102699279785,42514
NO3_misfit,year,A,-122.4179993,47.777401,4.009438923427037,5.4364767,4.8258586,25.642857142857142,29.65229606628418,42515
NO3_misfit,year,A,-122.4179993,47.777401,4.676964896065851,5.2741137,4.74372,24.71428571428571,29.391250610351562,42516
NO3_misfit,year,A,-122.4179993,47.777401,5.612774712698798,4.5403466,4.372512,22.78571428571429,28.398488998413086,42518
NO3_misfit,year,A,-122.45722,47.376111,5.578248705182755,6.6291165,5.429208,22.571428571428573,28.149677276611328,42519
NO3_misfit,year,A,-122.4179993,47.777401,6.218285696847097,6.0731893,5.1479673,27.214285714285715,33.43257141113281,42521
NO3_misfit,year,A,-122.4179993,47.777401,5.1165090288434705,4.966031,4.587863,27.357142857142858,32.47365188598633,42522
NO3_misfit,year,A,-122.4179993,47.777401,5.095621653965541,4.8703227,4.539445,26.857142857142858,31.9527645111084,42523
NO3_misfit,year,A,-122.4179993,47.777401,4.337370463779994,4.466604,4.335206,26.857142857142858,31.19451332092285,42524
NO3_misfit,year,A,-122.4179993,47.777401,4.736376353672572,4.8799677,4.544324,26.857142857142858,31.59351921081543,42525
NO3_misfit,year,A,-122.4179993,47.777401,4.163567679268972,4.4466233,4.325098,26.714285714285715,30.877853393554688,42526
NO3_misfit,year,A,-122.4179993,47.777401,3.4137393406459253,4.051165,4.125038,26.714285714285715,30.12802505493164,42528
NO3_misfit,year,A,-122.4179993,47.777401,6.80736269269671,5.83322,5.0265684,29.21428571428571,36.02164840698242,42529
NO3_misfit,year,A,-122.4179993,47.777401,3.1780133928571423,3.8980389,4.047572,29.357142857142858,32.53515625,42530
NO3_misfit,year,A,-122.4179993,47.777401,2.9569271632603247,3.5902097,3.8918433,29.285714285714285,32.24264144897461,42531
NO3_misfit,year,A,-122.4179993,47.777401,2.9273005894252258,3.4774144,3.8347807,29.21428571428571,32.14158630371094,42532
NO3_misfit,year,A,-122.4179993,47.777401,3.1401617867606006,3.4605212,3.8262348,28.92857142857143,32.06873321533203,42533
NO3_misfit,year,A,-122.4179993,47.777401,3.0300276620047413,3.56201,3.8775773,28.92857142857143,31.958599090576172,42534
NO3_misfit,year,A,-122.4179993,47.777401,2.9306877681187196,3.3991468,3.7951858,28.78571428571429,31.716402053833008,42535
NO3_misfit,year,A,-122.4329987,47.4528999,4.628270830426896,4.603782,4.4046035,28.071428571428573,32.69969940185547,42537
NO3_misfit,year,A,-122.4329987,47.4528999,4.6915424891880555,4.635706,4.4207535,27.78571428571429,32.477256774902344,42538
NO3_misfit,year,A,-122.4329987,47.4528999,3.7502245221819166,4.3442984,4.273332,28.642857142857146,32.39308166503906,42539
NO3_misfit,year,A,-122.4329987,47.4528999,3.511149270193915,4.253958,4.2276297,28.78571428571429,32.2968635559082,42540
NO3_misfit,year,A,-122.4329987,47.4528999,5.032479967389786,3.8736637,4.035241,27.071428571428573,32.10390853881836,42541
NO3_misfit,year,A,-122.4219971,47.5703011,3.261533464704243,3.8310778,4.013697,29.07142857142857,32.33296203613281,42542
NO3_misfit,year,A,-122.4219971,47.5703011,3.0948442731584827,3.7913232,3.9935856,29.142857142857142,32.237701416015625,42543
NO3_misfit,year,A,-122.4219971,47.5703011,3.0564880371093714,3.8808792,4.0388913,29.000000000000004,32.056488037109375,42544
NO3_misfit,year,A,-122.4219971,47.5703011,2.640868868146626,3.8058329,4.000926,29.07142857142857,31.712297439575195,42545
NO3_misfit,year,A,-122.4219971,47.5703011,5.599431174142019,5.592502,4.904791,25.214285714285715,30.813716888427734,42546
NO3_misfit,year,A,-122.4219971,47.5703011,5.721859250749862,5.3709354,4.7927017,24.928571428571427,30.65043067932129,42547
NO3_misfit,year,A,-122.4219971,47.5703011,5.526911599295481,4.952404,4.580969,24.785714285714285,30.312625885009766,42548
NO3_misfit,year,A,-122.4219971,47.5703011,3.888082776750835,3.6812139,3.937882,24.42857142857143,28.316654205322266,42549
NO3_misfit,year,A,-122.45722,47.376111,6.733237947736466,7.100325,5.667589,24.071428571428573,30.80466651916504,42550
NO3_misfit,year,A,-122.45722,47.376111,6.787872041974747,6.3233104,5.2745028,21.571428571428573,28.35930061340332,42551
NO3_misfit,year,A,-122.45722,47.376111,3.6342996869768385,5.191531,4.7019424,27.642857142857146,31.277156829833984,42553
NO3_misfit,year,A,-122.45722,47.376111,2.967857088361466,4.930763,4.5700207,27.571428571428573,30.53928565979004,42554
NO3_misfit,year,A,-122.3570023,47.6035995,7.738366535731721,5.584074,4.900527,24.142857142857146,31.881223678588867,42555
NO3_misfit,year,A,-122.3570023,47.6035995,8.408523014613557,5.4354043,4.8253164,23.142857142857146,31.551380157470703,42556
NO3_misfit,year,A,-122.3570023,47.6035995,8.011227199009486,5.3127546,4.7632685,22.857142857142858,30.868370056152344,42557
NO3_misfit,year,A,-122.3570023,47.6035995,7.826483862740652,5.0106525,4.6104364,22.714285714285715,30.540769577026367,42558
NO3_misfit,year,A,-122.3570023,47.6035995,7.184446879795619,4.406846,4.3049746,22.857142857142858,30.041589736938477,42559
NO3_misfit,year,A,-122.3570023,47.6035995,5.852454866681779,3.5482986,3.8706408,22.571428571428573,28.42388343811035,42561
NO3_misfit,year,A,-122.3570023,47.6035995,3.9024483816964306,4.427612,4.31548,29.57142857142857,33.473876953125,42562
NO3_misfit,year,A,-122.3570023,47.6035995,3.6397389003208716,4.7003565,4.4534597,29.285714285714285,32.925453186035156,42563
NO3_misfit,year,A,-122.3570023,47.6035995,3.2881965637206996,4.0910535,4.145217,29.000000000000004,32.2881965637207,42564
NO3_misfit,year,A,-122.3570023,47.6035995,3.0181824820382275,3.9227433,4.06007,29.07142857142857,32.0896110534668,42565
NO3_misfit,year,A,-122.3570023,47.6035995,2.8128626687186085,3.5531292,3.8730845,28.92857142857143,31.74143409729004,42566
NO3_misfit,year,A,-122.3570023,47.6035995,2.9322477068219825,3.1104667,3.6491442,28.85714285714286,31.789390563964844,42568
NO3_misfit,year,A,-122.4179993,47.777401,10.385728018624441,7.2593527,5.74804,23.714285714285715,34.100013732910156,42569
NO3_misfit,year,A,-122.4179993,47.777401,8.448981693812776,5.6953125,4.9568024,23.642857142857146,32.09183883666992,42570
NO3_misfit,year,A,-122.4179993,47.777401,8.15404347011021,5.452859,4.8341465,23.42857142857143,31.58261489868164,42571
NO3_misfit,year,A,-122.4179993,47.777401,7.586314882550919,5.24005,4.726487,23.571428571428573,31.157743453979492,42572
NO3_misfit,year,A,-122.4179993,47.777401,7.192706516810823,5.4493327,4.832362,23.642857142857146,30.83556365966797,42573
NO3_misfit,year,A,-122.4179993,47.777401,7.333797182355607,4.9898453,4.5999107,23.071428571428573,30.40522575378418,42574
NO3_misfit,year,A,-122.4179993,47.777401,5.772368022373744,3.897015,4.0470543,22.857142857142858,28.6295108795166,42576
NO3_misfit,year,A,-122.4280014,47.7439995,5.250139508928569,5.616725,4.917045,28.92857142857143,34.1787109375,42577
NO3_misfit,year,A,-122.4280014,47.7439995,3.449208940778462,4.128192,4.1640053,29.07142857142857,32.52063751220703,42578
NO3_misfit,year,A,-122.4280014,47.7439995,2.9902392796107726,3.5919254,3.8927112,29.21428571428571,32.204524993896484,42579
NO3_misfit,year,A,-122.4280014,47.7439995,3.1231880187988246,3.5950825,3.8943086,29.000000000000004,32.12318801879883,42580
NO3_misfit,year,A,-122.4280014,47.7439995,2.9729935782296337,3.4830408,3.8376274,29.07142857142857,32.0444221496582,42581
NO3_misfit,year,A,-122.4280014,47.7439995,2.9867134094238246,3.5673914,3.8802996,29.000000000000004,31.986713409423828,42582
NO3_misfit,year,A,-122.4280014,47.7439995,2.502837862287251,3.3424113,3.7664835,29.07142857142857,31.57426643371582,42584
NO3_misfit,year,A,-122.4260025,47.6012001,5.233632768903462,6.5004826,5.364133,29.57142857142857,34.80506134033203,42585
NO3_misfit,year,A,-122.4260025,47.6012001,4.41010774884905,5.911583,5.0662117,30.214285714285715,34.624393463134766,42586
NO3_misfit,year,A,-122.4260025,47.6012001,3.428217206682479,4.865948,4.5372314,29.428571428571427,32.856788635253906,42587
NO3_misfit,year,A,-122.4260025,47.6012001,3.4303725106375538,4.141555,4.1707654,28.92857142857143,32.358943939208984,42588
NO3_misfit,year,A,-122.4260025,47.6012001,3.159280504499165,3.8443937,4.0204334,29.07142857142857,32.230709075927734,42589
NO3_misfit,year,A,-122.4260025,47.6012001,2.942801884242467,3.774705,3.9851785,29.142857142857142,32.08565902709961,42590
NO3_misfit,year,A,-122.4260025,47.6012001,2.8320007324218714,3.67766,3.9360838,29.000000000000004,31.832000732421875,42592
NO3_misfit,year,A,-122.4280014,47.7439995,8.16311591012137,7.4109435,5.8247294,24.892857142857146,33.055973052978516,42593
NO3_misfit,year,A,-122.4280014,47.7439995,7.9930398123604895,5.8230042,5.0214005,24.071428571428573,32.06446838378906,42594
NO3_misfit,year,A,-122.4280014,47.7439995,7.60459164210728,5.429976,4.82257,23.92857142857143,31.53316307067871,42595
NO3_misfit,year,A,-122.4280014,47.7439995,7.176412854875835,5.555672,4.886159,23.92857142857143,31.104984283447266,42596
NO3_misfit,year,A,-122.4280014,47.7439995,6.836868558611187,5.3924766,4.8035994,23.92857142857143,30.765439987182617,42597
NO3_misfit,year,A,-122.4280014,47.7439995,6.798770904541016,4.9766903,4.5932555,23.5,30.298770904541016,42598
NO3_misfit,year,A,-122.4280014,47.7439995,5.2650557926722925,4.0465684,4.122712,23.214285714285715,28.479341506958008,42600
NO3_misfit,year,A,-122.4469986,47.6605988,3.5366886683872742,3.861099,4.0288844,28.78571428571429,32.32240295410156,42601
NO3_misfit,year,A,-122.4469986,47.6605988,3.523564474923269,3.8021789,3.9990773,28.714285714285715,32.237850189208984,42602
NO3_misfit,year,A,-122.4469986,47.6605988,2.989419664655415,3.596631,3.895092,29.07142857142857,32.060848236083984,42603
NO3_misfit,year,A,-122.4469986,47.6605988,2.7265178135463195,3.7763195,3.9859953,29.21428571428571,31.94080352783203,42604
NO3_misfit,year,A,-122.4469986,47.6605988,3.212075097220282,3.548418,3.8707013,28.78571428571429,31.99778938293457,42605
NO3_misfit,year,A,-122.4219971,47.5703011,6.579248428344727,5.685815,4.9519973,25.0,31.579248428344727,42607
NO3_misfit,year,A,-122.4219971,47.5703011,6.322896684919087,5.440834,4.828063,25.07142857142857,31.394325256347656,42608
NO3_misfit,year,A,-122.4219971,47.5703011,6.265770230974471,4.9766083,4.593214,24.928571428571427,31.1943416595459,42609
NO3_misfit,year,A,-122.4219971,47.5703011,6.083494731358119,4.6237493,4.414705,24.857142857142858,30.940637588500977,42610
NO3_misfit,year,A,-122.4260025,47.6012001,7.538678305489675,7.4291677,5.833949,26.214285714285715,33.75296401977539,42611
NO3_misfit,year,A,-122.4260025,47.6012001,6.699890681675502,6.91404,5.573349,26.357142857142858,33.05703353881836,42612
NO3_misfit,year,A,-122.4260025,47.6012001,5.5575795854840955,5.543545,4.880024,25.857142857142858,31.414722442626953,42613
NO3_misfit,year,A,-122.4260025,47.6012001,5.601692472185409,5.706038,4.962228,25.428571428571427,31.030263900756836,42614
NO3_misfit,year,A,-122.4260025,47.6012001,5.411337171282089,5.6075187,4.912388,25.428571428571427,30.839908599853516,42615
NO3_misfit,year,A,-122.4260025,47.6012001,5.087655203683035,4.854476,4.5314283,25.214285714285715,30.30194091796875,42616
NO3_misfit,year,A,-122.4260025,47.6012001,3.839714867728098,3.815857,4.0059967,24.785714285714285,28.625429153442383,42617
NO3_misfit,year,A,-122.4280014,47.7439995,6.029554639543804,6.585383,5.4070835,27.17857142857143,33.208126068115234,42619
NO3_misfit,year,A,-122.4280014,47.7439995,5.37338420322963,5.0931587,4.652176,27.071428571428573,32.4448127746582,42620
NO3_misfit,year,A,-122.4280014,47.7439995,4.824059895106725,5.1279397,4.6697717,27.142857142857142,31.966917037963867,42621
NO3_misfit,year,A,-122.4280014,47.7439995,4.349957602364675,5.1007276,4.656005,27.214285714285715,31.56424331665039,42622
NO3_misfit,year,A,-122.4280014,47.7439995,4.207660675048828,4.649457,4.42771,27.0,31.207660675048828,42623
NO3_misfit,year,A,-122.4280014,47.7439995,3.92274911063058,4.569877,4.387451,26.857142857142858,30.779891967773438,42624
NO3_misfit,year,A,-122.4280014,47.7439995,2.705596923828125,4.1349688,4.1674337,27.0,29.705596923828125,42626
NO3_misfit,year,A,-122.4329987,47.5332985,6.620853424072266,6.758007,5.494413,26.25,32.870853424072266,42627
NO3_misfit,year,A,-122.4329987,47.5332985,6.581577301025391,6.417496,5.32215,26.0,32.58157730102539,42628
NO3_misfit,year,A,-122.4329987,47.5332985,5.493409565516881,5.637287,4.9274473,25.642857142857142,31.136266708374023,42629
NO3_misfit,year,A,-122.4329987,47.5332985,6.192595618111749,5.6309257,4.924229,24.71428571428571,30.90688133239746,42630
NO3_misfit,year,A,-122.4329987,47.5332985,5.691964013235911,5.376157,4.7953434,24.785714285714285,30.477678298950195,42631
NO3_misfit,year,A,-122.4329987,47.5332985,5.985472270420619,5.6537156,4.9357586,24.857142857142858,30.842615127563477,42632
NO3_misfit,year,A,-122.4329987,47.5332985,4.517028263636998,4.2261915,4.213583,24.642857142857142,29.15988540649414,42634
NO3_misfit,year,A,-122.387001,47.3586006,8.042542593819753,5.8424397,5.031233,26.214285714285715,34.25682830810547,42635
NO3_misfit,year,A,-122.387001,47.3586006,6.561133248465399,5.2295732,4.7211876,27.28571428571429,33.84684753417969,42636
NO3_misfit,year,A,-122.387001,47.3586006,4.249444144112722,4.8305964,4.519347,28.714285714285715,32.96372985839844,42637
NO3_misfit,year,A,-122.387001,47.3586006,4.883443559919083,4.543059,4.373884,27.571428571428573,32.454872131347656,42638
NO3_misfit,year,A,-122.387001,47.3586006,5.748039245605469,4.2017384,4.201212,26.5,32.24803924560547,42639
NO3_misfit,year,A,-122.387001,47.3586006,5.2863088335309705,4.0542135,4.12658,26.857142857142858,32.14345169067383,42641
NO3_misfit,year,A,-122.387001,47.3586006,5.433886119297572,3.809595,4.002829,26.357142857142858,31.79102897644043,42642
NO3_misfit,year,A,-122.4329987,47.5332985,8.252397264753071,7.2586875,5.747704,25.57142857142857,33.82382583618164,42643
NO3_misfit,year,A,-122.4329987,47.5332985,7.069577353341238,5.9399185,5.080547,25.714285714285715,32.78386306762695,42644
NO3_misfit,year,A,-122.4329987,47.5332985,6.647518702915736,5.370201,4.7923303,25.357142857142858,32.004661560058594,42645
NO3_misfit,year,A,-122.4329987,47.5332985,6.554089954921178,5.682106,4.950121,25.142857142857142,31.69694709777832,42646
NO3_misfit,year,A,-122.4329987,47.5332985,6.5250279562813915,5.725713,4.9721813,25.07142857142857,31.59645652770996,42647
NO3_misfit,year,A,-122.4329987,47.5332985,6.464639936174667,5.4738173,4.844749,24.928571428571427,31.393211364746094,42648
NO3_misfit,year,A,-122.4329987,47.5332985,6.386519568307062,4.696038,4.451275,24.71428571428571,31.100805282592773,42649
NO3_misfit,year,A,-122.4329987,47.5332985,7.610579354422434,6.2499785,5.2374043,26.785714285714285,34.39629364013672,42651
NO3_misfit,year,A,-122.4329987,47.5332985,5.082581111362998,5.580921,4.8989325,28.85714285714286,33.93972396850586,42652
NO3_misfit,year,A,-122.4329987,47.5332985,3.454166412353512,4.4139566,4.308572,29.000000000000004,32.454166412353516,42653
NO3_misfit,year,A,-122.4329987,47.5332985,3.5371061052594825,4.2032356,4.201969,28.85714285714286,32.394248962402344,42654
NO3_misfit,year,A,-122.4329987,47.5332985,3.3022940499441944,3.7417502,3.9685068,28.92857142857143,32.230865478515625,42655
NO3_misfit,year,A,-122.4329987,47.5332985,3.1111831665039027,4.0663824,4.132736,29.000000000000004,32.111183166503906,42656
NO3_misfit,year,A,-122.4329987,47.5332985,2.854840687343053,3.9292989,4.0633864,29.142857142857142,31.997697830200195,42658
NO3_misfit,year,A,-122.4469986,47.6605988,8.414772033691406,5.841221,5.0306163,23.0,31.414772033691406,42659
NO3_misfit,year,A,-122.4469986,47.6605988,8.207783562796454,5.774252,4.996737,22.78571428571429,30.993497848510742,42660
NO3_misfit,year,A,-122.4469986,47.6605988,8.066437857491628,5.6757326,4.9468966,22.714285714285715,30.780723571777344,42661
NO3_misfit,year,A,-122.4469986,47.6605988,7.834773472377233,5.34119,4.7776537,22.642857142857142,30.477630615234375,42662
NO3_misfit,year,A,-122.4469986,47.6605988,6.572643007550919,3.9972875,4.097781,22.071428571428573,28.644071578979492,42664
NO3_misfit,year,A,-122.4260025,47.6012001,7.362903050013951,7.30212,5.769676,26.642857142857142,34.005760192871094,42665
NO3_misfit,year,A,-122.4260025,47.6012001,7.136254991803849,7.007307,5.620532,26.571428571428573,33.70768356323242,42666
NO3_misfit,year,A,-122.4260025,47.6012001,6.095200129917689,5.4059744,4.8104277,25.857142857142858,31.952342987060547,42667
NO3_misfit,year,A,-122.4260025,47.6012001,6.192566462925502,5.412601,4.81378,25.357142857142858,31.54970932006836,42668
NO3_misfit,year,A,-122.4260025,47.6012001,5.945120402744838,5.106098,4.658722,25.357142857142858,31.302263259887695,42669
NO3_misfit,year,A,-122.4260025,47.6012001,5.95789500645229,4.81939,4.513678,25.07142857142857,31.02932357788086,42670
NO3_misfit,year,A,-122.4260025,47.6012001,5.486888613019673,4.430147,4.316763,25.07142857142857,30.558317184448242,42671
NO3_misfit,year,A,-122.387001,47.3586006,8.567582811628071,6.516337,5.3721533,25.07142857142857,33.63901138305664,42673
NO3_misfit,year,A,-122.387001,47.3586006,8.400965554373606,6.1720243,5.1979675,24.785714285714285,33.18667984008789,42674
NO3_misfit,year,A,-122.387001,47.3586006,7.907099042619976,5.42246,4.8187675,24.42857142857143,32.335670471191406,42675
NO3_misfit,year,A,-122.387001,47.3586006,7.07353809901646,5.52703,4.871669,24.42857142857143,31.50210952758789,42676
NO3_misfit,year,A,-122.387001,47.3586006,7.206654684884207,5.762698,4.9908924,24.214285714285715,31.420940399169922,42677
NO3_misfit,year,A,-122.387001,47.3586006,7.0923745291573645,5.1792107,4.695709,24.071428571428573,31.163803100585938,42678
NO3_misfit,year,A,-122.387001,47.3586006,6.218090057373043,4.7577286,4.482484,24.000000000000004,30.218090057373047,42680
NO3_misfit,year,A,-122.3570023,47.6035995,5.929943084716797,5.718467,4.968516,27.0,32.9299430847168,42681
NO3_misfit,year,A,-122.3570023,47.6035995,6.233571188790457,5.132978,4.6723204,26.214285714285715,32.44785690307617,42682
NO3_misfit,year,A,-122.3570023,47.6035995,5.441934858049667,4.9465823,4.578024,25.928571428571427,31.370506286621094,42683
NO3_misfit,year,A,-122.3570023,47.6035995,5.7479882921491345,5.157565,4.684759,25.857142857142858,31.605131149291992,42684
NO3_misfit,year,A,-122.3570023,47.6035995,5.2477087293352405,4.5902557,4.3977604,25.642857142857142,30.890565872192383,42685
NO3_misfit,year,A,-122.3570023,47.6035995,3.947188241141184,3.5348897,3.8638573,25.785714285714285,29.73290252685547,42687
NO3_misfit,year,A,-122.387001,47.3586006,7.397396087646484,6.6153164,5.4222264,25.5,32.897396087646484,42688
NO3_misfit,year,A,-122.387001,47.3586006,6.9577320643833716,6.071549,5.1471376,25.285714285714285,32.243446350097656,42689
NO3_misfit,year,A,-122.387001,47.3586006,6.639180592128209,5.4980946,4.857031,24.642857142857142,31.28203773498535,42690
NO3_misfit,year,A,-122.387001,47.3586006,6.5712550027029835,5.657643,4.937745,24.42857142857143,30.999826431274414,42691
NO3_misfit,year,A,-122.387001,47.3586006,6.480509621756415,5.7200303,4.969307,24.28571428571429,30.766223907470703,42692
NO3_misfit,year,A,-122.387001,47.3586006,6.24806349618094,5.620387,4.9188976,24.142857142857146,30.390920639038086,42693
NO3_misfit,year,A,-122.387001,47.3586006,4.700542722429546,4.6103787,4.407941,23.92857142857143,28.629114151000977,42694
NO3_misfit,year,A,-122.4329987,47.4528999,7.335475376674108,5.433844,4.824527,24.642857142857142,31.97833251953125,42696
NO3_misfit,year,A,-122.4329987,47.4528999,7.191207613263813,5.76036,4.989709,24.57142857142857,31.762636184692383,42697
NO3_misfit,year,A,-122.4329987,47.4528999,7.158153533935543,5.8417597,5.0308886,24.500000000000004,31.658153533935547,42698
NO3_misfit,year,A,-122.4329987,47.4528999,7.169727597917827,5.958187,5.0897884,24.42857142857143,31.598299026489258,42699
NO3_misfit,year,A,-122.4329987,47.4528999,6.8659033094133655,5.706992,4.962711,24.642857142857142,31.508760452270508,42700
NO3_misfit,year,A,-122.4329987,47.4528999,6.361759458269393,5.5039673,4.8600016,24.928571428571427,31.29033088684082,42701
NO3_misfit,year,A,-122.4329987,47.4528999,6.178622109549387,5.989033,5.1053934,24.785714285714285,30.964336395263672,42702
NO3_misfit,year,A,-122.4329987,47.4528999,6.051707131522043,5.999576,5.1107273,24.785714285714285,30.837421417236328,42703
NO3_misfit,year,A,-122.4329987,47.4528999,5.747793742588588,5.579912,4.898422,24.857142857142858,30.604936599731445,42704
NO3_misfit,year,A,-122.4329987,47.4528999,4.890019553048273,4.784369,4.495961,24.71428571428571,29.604305267333984,42705
NO3_misfit,year,A,-122.4469986,47.6605988,5.661997658865793,5.5394673,4.877961,26.285714285714285,31.947711944580078,42706
NO3_misfit,year,A,-122.4469986,47.6605988,5.1475955418178,5.0344377,4.6224694,26.214285714285715,31.361881256103516,42707
NO3_misfit,year,A,-122.4469986,47.6605988,4.703377859933035,4.684481,4.445429,26.214285714285715,30.91766357421875,42708
NO3_misfit,year,A,-122.4469986,47.6605988,4.26938329424177,4.377796,4.2902784,26.285714285714285,30.555097579956055,42709
NO3_misfit,year,A,-122.4469986,47.6605988,4.018547330583846,4.232865,4.216959,25.928571428571427,29.947118759155273,42711
NO3_misfit,year,A,-122.3980026,47.5247993,1.3233233860560816,2.2527697,3.2152405,30.714285714285715,32.0376091003418,42712
NO3_misfit,year,A,-122.3980026,47.5247993,0.6706333160400391,2.2565675,3.2171617,31.0,31.67063331604004,42713
NO3_misfit,year,A,-122.3980026,47.5247993,0.3696528843470972,2.0208945,3.0979362,31.214285714285715,31.583938598632812,42714
NO3_misfit,year,A,-122.3980026,47.5247993,0.04029546465192624,1.6994563,2.9353228,30.785714285714285,30.82600975036621,42715
NO3_misfit,year,A,-122.3980026,47.5247993,2.090847287859237,3.189274,3.6890125,24.928571428571427,27.019418716430664,42716
NO3_misfit,year,A,-122.3980026,47.5247993,3.446352822440012,4.5406165,4.3726482,25.285714285714285,28.732067108154297,42717
NO3_misfit,year,A,-122.3980026,47.5247993,14.03487641470773,10.451952,7.3631573,10.357142857142856,24.392019271850586,42718
NO3_misfit,year,A,-122.3980026,47.5247993,6.862581525530134,5.7918487,5.005639,8.428571428571429,15.291152954101562,42719
NO3_misfit,year,A,-122.3980026,47.5247993,2.875417436872212,2.5041578,3.3424163,29.07142857142857,31.94684600830078,42720
NO3_misfit,year,A,-122.3980026,47.5247993,2.462265287126815,2.7088442,3.4459658,29.428571428571427,31.890836715698242,42721
NO3_misfit,year,A,-122.3980026,47.5247993,9.0585081917899,10.625719,7.451065,11.928571428571429,20.987079620361328,42722
NO3_misfit,year,A,-122.3980026,47.5247993,-8.9278792653765,-5.971336,-0.9452846,11.857142857142858,2.9292635917663574,42723
NO3_misfit,year,A,-122.3980026,47.5247993,8.65405682155064,9.137532,6.6982,18.92857142857143,27.58262825012207,42724
NO3_misfit,year,A,-122.3980026,47.5247993,7.526028224400111,7.574274,5.907357,18.857142857142858,26.38317108154297,42725
NO3_misfit,year,A,-122.3980026,47.5247993,4.9223913465227405,4.74918,4.478159,24.642857142857142,29.565248489379883,42726
NO3_misfit,year,A,-122.3980026,47.5247993,3.7191252027239123,3.801042,3.9985023,24.642857142857142,28.361982345581055,42727
NO3_misfit,year,A,-122.3980026,47.5247993,2.6602148328508655,7.47885,5.859083,18.142857142857142,20.803071975708008,42728
NO3_misfit,year,A,-122.3980026,47.5247993,-1.8875274658203125,3.0302455,3.6085608,18.0,16.112472534179688,42729
NO3_misfit,year,A,-122.3980026,47.5247993,6.347547803606304,6.760686,5.495768,19.92857142857143,26.276119232177734,42730
NO3_misfit,year,A,-122.3980026,47.5247993,2.5683479309081996,4.4417615,4.3226385,19.500000000000004,22.068347930908203,42731
NO3_misfit,year,A,-122.3980026,47.5247993,5.102757045200892,6.5906177,5.409732,14.857142857142858,19.95989990234375,42732
NO3_misfit,year,A,-122.3980026,47.5247993,-6.787356376647951,-6.9584026,-1.4446359,14.000000000000002,7.212643623352051,42733
NO3_misfit,year,A,-122.3980026,47.5247993,6.603470938546316,6.0993657,5.16121,22.714285714285715,29.31775665283203,42734
NO3_misfit,year,A,-122.3980026,47.5247993,6.453244345528738,5.9327874,5.076939,22.714285714285715,29.167530059814453,42735
NO3_misfit,year,A,-122.3980026,47.5247993,9.237646375383648,7.6583567,5.949894,18.42857142857143,27.666217803955078,42736
NO3_misfit,year,A,-122.3980026,47.5247993,8.552560533796036,7.2337227,5.7350745,18.071428571428573,26.62398910522461,42737
NO3_misfit,year,A,-122.3980026,47.5247993,6.580110004970006,6.7993283,5.515317,15.142857142857142,21.72296714782715,42738
NO3_misfit,year,A,-122.3980026,47.5247993,2.713342394147599,2.8083146,3.4962873,14.071428571428573,16.784770965576172,42739
NO3_misfit,year,A,-122.3980026,47.5247993,6.407629558018275,5.0919037,4.651541,24.857142857142858,31.264772415161133,42740
NO3_misfit,year,A,-122.3980026,47.5247993,5.89952986580985,4.8036866,4.505734,25.142857142857142,31.042387008666992,42741
NO3_misfit,year,A,-122.3980026,47.5247993,2.98495020185198,3.8218465,4.009027,28.714285714285715,31.699235916137695,42742
NO3_misfit,year,A,-122.3980026,47.5247993,2.948848179408479,3.6041706,3.898906,28.642857142857146,31.591705322265625,42743
NO3_misfit,year,A,-122.3980026,47.5247993,5.243953432355607,3.9357293,4.0666394,26.571428571428573,31.81538200378418,42744
NO3_misfit,year,A,-122.3980026,47.5247993,4.914074489048549,3.8837528,4.040345,26.357142857142858,31.271217346191406,42745
NO3_misfit,year,A,-122.3980026,47.5247993,8.166616712297714,7.651097,5.9462214,17.428571428571427,25.59518814086914,42746
NO3_misfit,year,A,-122.3980026,47.5247993,3.5658495766775964,5.092405,4.6517944,17.428571428571427,20.994421005249023,42747
NO3_misfit,year,A,-122.3980026,47.5247993,0.367855344499862,2.3524559,3.2656713,29.428571428571427,29.79642677307129,42748
NO3_misfit,year,A,-122.3980026,47.5247993,-2.040361404418949,-0.00043093937,2.07536,29.000000000000004,26.959638595581055,42749
NO3_misfit,year,A,-122.3980026,47.5247993,3.413611548287527,3.5834377,3.8884172,26.214285714285715,29.627897262573242,42750
NO3_misfit,year,A,-122.3980026,47.5247993,2.4996158054896753,2.0907774,3.1332896,26.214285714285715,28.71390151977539,42751
NO3_misfit,year,A,-122.3980026,47.5247993,15.869943618774414,9.974676,7.121706,8.5,24.369943618774414,42752
NO3_misfit,year,A,-122.3980026,47.5247993,7.476294762747628,4.897121,4.553002,4.385714285714286,11.862009048461914,42753
NO3_misfit,year,A,-122.4219971,47.5703011,8.052566255841935,8.769089,6.5118065,21.571428571428573,29.623994827270508,42754
NO3_misfit,year,A,-122.4219971,47.5703011,10.112681797572542,9.1663885,6.712798,19.142857142857146,29.255538940429688,42755
NO3_misfit,year,A,-122.4219971,47.5703011,10.448935100010463,8.977809,6.6173973,16.857142857142858,27.30607795715332,42756
NO3_misfit,year,A,-122.4219971,47.5703011,4.86608464377267,5.5916896,4.90438,7.857142857142858,12.723227500915527,42757
NO3_misfit,year,A,-122.3880005,47.7126999,7.113055092947821,5.3368754,4.7754707,24.28571428571429,31.39876937866211,42758
NO3_misfit,year,A,-122.3880005,47.7126999,6.692266464233395,5.2854285,4.749444,24.000000000000004,30.6922664642334,42759
NO3_misfit,year,A,-122.3880005,47.7126999,5.9492432730538525,5.0777106,4.644361,24.57142857142857,30.520671844482422,42760
NO3_misfit,year,A,-122.3880005,47.7126999,5.8127076285226025,4.747646,4.4773836,24.57142857142857,30.384136199951172,42761
NO3_misfit,year,A,-122.3880005,47.7126999,4.2038893018450025,3.5021334,3.847286,23.642857142857146,27.84674644470215,42762
NO3_misfit,year,A,-122.3880005,47.7126999,4.503032684326172,4.8500485,4.529188,27.5,32.00303268432617,42763
NO3_misfit,year,A,-122.3880005,47.7126999,4.143483025687079,4.8528132,4.5305867,27.28571428571429,31.429197311401367,42764
NO3_misfit,year,A,-122.3880005,47.7126999,3.850066048758368,4.47245,4.3381634,27.28571428571429,31.135780334472656,42765
NO3_misfit,year,A,-122.3880005,47.7126999,3.6011347089494983,4.409058,4.3060937,27.142857142857142,30.74399185180664,42766
NO3_misfit,year,A,-122.3880005,47.7126999,2.8469003949846545,3.734524,3.964851,26.642857142857142,29.489757537841797,42767
NO3_misfit,year,A,-122.3880005,47.7126999,5.01893125261579,7.326329,5.7819233,23.78571428571429,28.804645538330078,42768
NO3_misfit,year,A,-122.3880005,47.7126999,5.723561968122208,7.5840526,5.912304,23.071428571428573,28.79499053955078,42769
NO3_misfit,year,A,-122.3880005,47.7126999,6.821139471871511,8.151333,6.1992884,22.214285714285715,29.035425186157227,42770
NO3_misfit,year,A,-122.3880005,47.7126999,6.432390757969447,8.719024,6.486479,21.857142857142858,28.289533615112305,42771
NO3_misfit,year,A,-122.3880005,47.7126999,11.89583342415946,9.113913,6.6862516,2.642857142857143,14.538690567016602,42772
NO3_misfit,year,A,-122.3880005,47.7126999,1.0128252846854089,1.6792436,2.925097,29.928571428571427,30.941396713256836,42773
NO3_misfit,year,A,-122.3880005,47.7126999,0.935442515781947,1.7316879,2.9516284,30.357142857142858,31.292585372924805,42774
NO3_misfit,year,A,-122.3880005,47.7126999,1.1419647761753637,1.7853495,2.9787755,30.285714285714285,31.42767906188965,42775
NO3_misfit,year,A,-122.3880005,47.7126999,1.0749536241803845,1.7350692,2.953339,30.357142857142858,31.432096481323242,42776
NO3_misfit,year,A,-122.3880005,47.7126999,-0.10432379586356078,1.721482,2.9464653,30.357142857142858,30.252819061279297,42777
NO3_misfit,year,A,-122.3880005,47.7126999,5.579922539847239,4.7055955,4.45611,24.785714285714285,30.365636825561523,42778
NO3_misfit,year,A,-122.3880005,47.7126999,4.903909955705917,4.5467505,4.3757515,25.428571428571427,30.332481384277344,42779
NO3_misfit,year,A,-122.3880005,47.7126999,4.673609052385604,4.1699176,4.185114,25.428571428571427,30.10218048095703,42780
NO3_misfit,year,A,-122.3880005,47.7126999,4.09083366394043,4.525897,4.365202,25.5,29.59083366394043,42781
NO3_misfit,year,A,-122.3880005,47.7126999,2.1830667768205885,3.4145744,3.8029904,24.142857142857146,26.325923919677734,42782
NO3_misfit,year,A,-122.3880005,47.7126999,1.6828351702008923,2.2489367,3.2133014,29.357142857142858,31.03997802734375,42783
NO3_misfit,year,A,-122.3880005,47.7126999,2.108045033046178,2.36146,3.2702262,29.142857142857142,31.25090217590332,42784
NO3_misfit,year,A,-122.3880005,47.7126999,1.8966838291713195,2.2065127,3.1918392,29.21428571428571,31.11096954345703,42785
NO3_misfit,year,A,-122.3880005,47.7126999,1.7388221195765894,1.853504,3.0132544,28.714285714285715,30.453107833862305,42786
NO3_misfit,year,A,-122.3880005,47.7126999,-3.5102675301688073,-2.1147356,1.005746,27.571428571428573,24.061161041259766,42787
NO3_misfit,year,A,-122.3880005,47.7126999,0.442220960344585,1.5367337,2.8530023,30.92857142857143,31.370792388916016,42788
NO3_misfit,year,A,-122.3880005,47.7126999,0.8575660160609644,1.840074,3.0064602,30.714285714285715,31.57185173034668,42789
NO3_misfit,year,A,-122.3880005,47.7126999,0.7775674547467908,1.7269378,2.9492254,30.857142857142858,31.63471031188965,42790
NO3_misfit,year,A,-122.3880005,47.7126999,0.992749622889928,1.5789576,2.874363,30.642857142857142,31.63560676574707,42791
NO3_misfit,year,A,-122.3880005,47.7126999,0.9378397805350183,1.8288571,3.0007858,30.428571428571427,31.366411209106445,42792
NO3_misfit,year,A,-122.3880005,47.7126999,6.91949462890625,6.961341,5.597278,23.0,29.91949462890625,42793
NO3_misfit,year,A,-122.3880005,47.7126999,8.516848427908762,7.464797,5.8519735,20.785714285714285,29.302562713623047,42794
NO3_misfit,year,A,-122.3880005,47.7126999,7.588613237653458,7.3183784,5.7779016,22.071428571428573,29.66004180908203,42795
NO3_misfit,year,A,-122.3880005,47.7126999,8.187048230852401,7.4697046,5.8544564,20.428571428571427,28.615619659423828,42796
NO3_misfit,year,A,-122.3880005,47.7126999,5.616098948887412,5.5978518,4.9074974,19.85714285714286,25.473241806030273,42797
NO3_misfit,year,A,-122.3880005,47.7126999,10.286977495465958,9.020328,6.6389074,18.071428571428573,28.35840606689453,42798
NO3_misfit,year,A,-122.3880005,47.7126999,12.999331883021762,9.681622,6.9734516,14.142857142857144,27.142189025878906,42799
NO3_misfit,year,A,-122.3880005,47.7126999,13.215379442487444,10.467497,7.3710213,13.071428571428571,26.286808013916016,42800
NO3_misfit,year,A,-122.3880005,47.7126999,11.57928194318499,10.699505,7.488393,12.714285714285714,24.293567657470703,42801
NO3_misfit,year,A,-122.3880005,47.7126999,0.5708261217389783,2.2326431,3.2050586,8.357142857142858,8.927968978881836,42802
NO3_misfit,year,A,-122.3880005,47.7126999,3.457910265241349,5.1474214,4.6796274,26.571428571428573,30.029338836669922,42803
NO3_misfit,year,A,-122.3880005,47.7126999,3.823865618024552,5.4446316,4.829984,26.071428571428573,29.895294189453125,42804
NO3_misfit,year,A,-122.3880005,47.7126999,4.635522297450475,5.2570853,4.7351055,25.142857142857142,29.778379440307617,42805
NO3_misfit,year,A,-122.3880005,47.7126999,4.626943588256836,5.411173,4.813058,25.0,29.626943588256836,42806
NO3_misfit,year,A,-122.3880005,47.7126999,3.8991309574672144,4.442741,4.3231335,25.214285714285715,29.11341667175293,42807
NO3_misfit,year,A,-122.3880005,47.7126999,0.8555142538888099,1.3293318,2.7480788,30.571428571428573,31.426942825317383,42808
NO3_misfit,year,A,-122.3880005,47.7126999,0.4816398620605469,1.2814765,2.7238693,31.0,31.481639862060547,42809
NO3_misfit,year,A,-122.3880005,47.7126999,0.40981619698660765,1.1921909,2.6787002,31.142857142857142,31.55267333984375,42810
NO3_misfit,year,A,-122.3880005,47.7126999,0.5531883239746094,1.1193671,2.641859,31.0,31.55318832397461,42811
NO3_misfit,year,A,-122.3880005,47.7126999,0.748038700648717,1.2322109,2.698946,29.142857142857142,29.89089584350586,42812
NO3_misfit,year,A,-122.3880005,47.7126999,6.571149553571427,7.4949365,5.867221,22.071428571428573,28.642578125,42813
NO3_misfit,year,A,-122.3880005,47.7126999,6.481150763375421,7.519886,5.8798428,20.71428571428571,27.195436477661133,42814
NO3_misfit,year,A,-122.3880005,47.7126999,6.435495104108536,7.898989,6.0716286,19.571428571428573,26.00692367553711,42815
NO3_misfit,year,A,-122.3880005,47.7126999,4.083462578909735,7.4850397,5.862214,18.78571428571429,22.869176864624023,42816
NO3_misfit,year,A,-122.3880005,47.7126999,-6.196787152971542,-1.7416197,1.1945031,18.071428571428573,11.874641418457031,42817
NO3_misfit,year,A,-122.3880005,47.7126999,9.770204816545757,8.414542,6.332444,18.92857142857143,28.698776245117188,42818
NO3_misfit,year,A,-122.3880005,47.7126999,10.15600504193987,9.704107,6.984827,17.714285714285715,27.870290756225586,42819
NO3_misfit,year,A,-122.3880005,47.7126999,10.375796999250138,9.056694,6.657305,18.071428571428573,28.44722557067871,42820
NO3_misfit,year,A,-122.3880005,47.7126999,9.643882478986466,10.148882,7.209836,16.571428571428573,26.21531105041504,42821
NO3_misfit,year,A,-122.3880005,47.7126999,2.250521796090263,5.0605125,4.6356606,10.214285714285714,12.464807510375977,42822
NO3_misfit,year,A,-122.3880005,47.7126999,5.104892458234513,7.0946407,5.664714,23.571428571428573,28.676321029663086,42823
NO3_misfit,year,A,-122.3880005,47.7126999,6.557451248168945,7.554732,5.8974714,22.0,28.557451248168945,42824
NO3_misfit,year,A,-122.3880005,47.7126999,6.94383430480957,7.7464414,5.994456,21.5,28.44383430480957,42825
NO3_misfit,year,A,-122.3880005,47.7126999,7.092664991106307,7.8955746,6.0699015,20.928571428571427,28.021236419677734,42826
NO3_misfit,year,A,-122.3880005,47.7126999,4.851466587611608,5.885746,5.0531416,20.142857142857142,24.99432373046875,42827
NO3_misfit,year,A,-122.3880005,47.7126999,6.917569296700616,7.4673834,5.853282,20.71428571428571,27.631855010986328,42828
NO3_misfit,year,A,-122.3880005,47.7126999,6.473526273454937,7.557749,5.8989973,19.92857142857143,26.402097702026367,42829
NO3_misfit,year,A,-122.3880005,47.7126999,5.848559788295198,7.460019,5.8495564,19.642857142857146,25.491416931152344,42830
NO3_misfit,year,A,-122.3880005,47.7126999,5.052794320242743,7.6568666,5.9491405,19.28571428571429,24.33850860595703,42831
NO3_misfit,year,A,-122.3880005,47.7126999,2.1433435167585095,2.2903,3.2342267,16.857142857142858,19.000486373901367,42832
NO3_misfit,year,A,-122.3880005,47.7126999,3.5936350141252795,4.079211,4.139226,29.142857142857142,32.73649215698242,42833
NO3_misfit,year,A,-122.3880005,47.7126999,2.8740512302943664,3.5049257,3.8486986,29.21428571428571,32.08833694458008,42834
NO3_misfit,year,A,-122.3880005,47.7126999,2.5010874611990808,3.4057586,3.7985306,29.428571428571427,31.929658889770508,42835
NO3_misfit,year,A,-122.3880005,47.7126999,2.438632147652765,3.3851933,3.788127,29.21428571428571,31.652917861938477,42836
NO3_misfit,year,A,-122.3880005,47.7126999,2.2928932734898133,2.8575528,3.5211966,28.78571428571429,31.0786075592041,42837
NO3_misfit,year,A,-122.3880005,47.7126999,5.57442147391183,7.1309223,5.6830683,22.357142857142858,27.931564331054688,42838
NO3_misfit,year,A,-122.3880005,47.7126999,7.50748770577567,7.479855,5.8595915,20.142857142857142,27.650344848632812,42839
NO3_misfit,year,A,-122.3880005,47.7126999,7.902562822614396,7.9541917,6.099555,19.571428571428573,27.47399139404297,42840
NO3_misfit,year,A,-122.3880005,47.7126999,7.957474844796316,7.5538945,5.8970475,18.714285714285715,26.67176055908203,42841
NO3_misfit,year,A,-122.3880005,47.7126999,5.142747606549943,5.391782,4.8032475,18.571428571428573,23.714176177978516,42842
NO3_misfit,year,A,-122.3880005,47.7126999,2.453358513968329,2.778843,3.4813778,28.78571428571429,31.239072799682617,42843
NO3_misfit,year,A,-122.3880005,47.7126999,2.8065801348005017,2.646363,3.414357,28.357142857142858,31.16372299194336,42844
NO3_misfit,year,A,-122.3880005,47.7126999,2.276369367327007,2.7224908,3.4528694,28.92857142857143,31.204940795898438,42845
NO3_misfit,year,A,-122.3880005,47.7126999,2.3354072570800746,2.7372851,3.4603539,29.000000000000004,31.335407257080078,42846
NO3_misfit,year,A,-122.3880005,47.7126999,2.7213777814592603,3.0486965,3.6178951,27.642857142857146,30.364234924316406,42847
NO3_misfit,year,A,-122.3880005,47.7126999,5.574372155325751,6.8952413,5.563839,23.28571428571429,28.86008644104004,42848
NO3_misfit,year,A,-122.3880005,47.7126999,5.562182835170198,7.206953,5.721532,23.142857142857146,28.705039978027344,42849
NO3_misfit,year,A,-122.3880005,47.7126999,6.644124984741211,7.4860735,5.862737,22.0,28.64412498474121,42850
NO3_misfit,year,A,-122.3880005,47.7126999,6.918539319719589,7.347951,5.792862,21.428571428571427,28.347110748291016,42851
NO3_misfit,year,A,-122.3880005,47.7126999,4.767777579171316,5.8506317,5.035377,21.714285714285715,26.48206329345703,42852
NO3_misfit,year,A,-122.3880005,47.7126999,8.779509408133368,8.592975,6.4227114,19.78571428571429,28.565223693847656,42853
NO3_misfit,year,A,-122.3880005,47.7126999,6.900301797049384,8.974592,6.6157694,19.78571428571429,26.686016082763672,42854
NO3_misfit,year,A,-122.3880005,47.7126999,6.006992885044639,8.751703,6.5030117,19.85714285714286,25.8641357421875,42855
NO3_misfit,year,A,-122.3880005,47.7126999,5.408039365495952,8.738873,6.496521,18.92857142857143,24.336610794067383,42856
NO3_misfit,year,A,-122.3880005,47.7126999,-3.2120112010410864,0.957597,2.5600204,18.214285714285715,15.002274513244629,42857
NO3_misfit,year,A,-122.3880005,47.7126999,4.611194610595703,3.4334877,3.8125587,25.5,30.111194610595703,42858
NO3_misfit,year,A,-122.3880005,47.7126999,3.907616479056223,3.4073226,3.799322,26.285714285714285,30.193330764770508,42859
NO3_misfit,year,A,-122.3880005,47.7126999,3.464043753487722,3.8062766,4.00115,26.714285714285715,30.178329467773438,42860
NO3_misfit,year,A,-122.3880005,47.7126999,3.6137703486851294,3.5117397,3.8521457,26.285714285714285,29.899484634399414,42861
NO3_misfit,year,A,-122.3880005,47.7126999,-0.4075554438999731,-0.47027108,1.8376707,26.714285714285715,26.306730270385742,42862
NO3_misfit,year,A,-122.4469986,47.6605988,5.254509517124717,8.345714,6.2976236,24.35714285714286,29.611652374267578,42863
NO3_misfit,year,A,-122.4469986,47.6605988,8.472670418875559,8.864614,6.560132,21.285714285714285,29.758384704589844,42864
NO3_misfit,year,A,-122.4469986,47.6605988,9.10637719290597,9.198795,6.7291927,20.357142857142858,29.463520050048828,42865
NO3_misfit,year,A,-122.4469986,47.6605988,9.132403782435823,9.628408,6.9465313,19.142857142857146,28.27526092529297,42866
NO3_misfit,year,A,-122.4469986,47.6605988,11.070019449506487,8.61407,6.433384,2.571428571428571,13.641448020935059,42868
NO3_misfit,year,A,-122.45722,47.376111,0.9410106113978784,3.2926226,3.7412958,9.214285714285715,10.155296325683594,42869
NO3_misfit,year,A,-122.3570023,47.6035995,4.4014857155936085,6.8041496,5.517756,26.92857142857143,31.33005714416504,42873
NO3_misfit,year,A,-122.3570023,47.6035995,4.978732245309011,7.0946345,5.6647105,26.214285714285715,31.193017959594727,42874
NO3_misfit,year,A,-122.3570023,47.6035995,6.120010920933311,7.845611,6.0446253,24.35714285714286,30.477153778076172,42875
NO3_misfit,year,A,-122.3570023,47.6035995,6.794250215802872,8.403333,6.3267727,22.571428571428573,29.365678787231445,42876
NO3_misfit,year,A,-122.3570023,47.6035995,6.514909199305944,8.145426,6.1962996,21.142857142857142,27.657766342163086,42877
NO3_misfit,year,A,-122.3570023,47.6035995,10.917441776820592,8.827528,6.5413713,6.392857142857142,17.310298919677734,42879
NO3_misfit,year,A,-122.3509979,47.5695,4.234583445957728,3.580993,3.8871806,27.357142857142858,31.591726303100586,42880
NO3_misfit,year,A,-122.3509979,47.5695,7.913906642368861,3.969919,4.0839357,24.857142857142858,32.77104949951172,42881
NO3_misfit,year,A,-122.3509979,47.5695,7.232525144304546,6.4828224,5.355199,18.42857142857143,25.661096572875977,42882
NO3_misfit,year,A,-122.3509979,47.5695,2.075044631958008,0.93420017,2.5481842,16.0,18.075044631958008,42883
NO3_misfit,year,A,-122.3509979,47.5695,5.733396530151367,4.5937943,4.3995504,25.0,30.733396530151367,42884
NO3_misfit,year,A,-122.3509979,47.5695,4.533617292131698,3.8010378,3.9984999,25.428571428571427,29.962188720703125,42885
NO3_misfit,year,A,-122.3509979,47.5695,-4.43868555341448,-4.827807,-0.36678028,17.785714285714285,13.347028732299805,42886
NO3_misfit,year,A,-122.3509979,47.5695,3.7326256888253333,6.243974,5.2343664,18.071428571428573,21.804054260253906,42887
NO3_misfit,year,A,-122.3509979,47.5695,3.2922545841761988,5.731837,4.97528,18.214285714285715,21.506540298461914,42888
NO3_misfit,year,A,-122.3509979,47.5695,-4.992123876299178,-6.9677286,-1.4493537,16.571428571428573,11.579304695129395,42889
NO3_misfit,year,A,-122.3509979,47.5695,3.5986946650913794,4.4521155,4.327876,25.785714285714285,29.384408950805664,42890
NO3_misfit,year,A,-122.3509979,47.5695,8.369683946881974,2.9471319,3.566514,18.571428571428573,26.941112518310547,42891
NO3_misfit,year,A,-122.3509979,47.5695,0.8548605782645069,1.4032087,2.7854528,30.92857142857143,31.783432006835938,42892
NO3_misfit,year,A,-122.3509979,47.5695,2.1653622218540747,1.2889097,2.7276297,29.785714285714285,31.95107650756836,42893
NO3_misfit,year,A,-122.3509979,47.5695,7.233119147164484,6.442739,5.334921,20.71428571428571,27.947404861450195,42894
NO3_misfit,year,A,-122.3509979,47.5695,5.744083677019393,4.6567135,4.431381,20.428571428571427,26.17265510559082,42895
NO3_misfit,year,A,-122.3509979,47.5695,0.14607919965471616,1.2268958,2.696257,14.714285714285714,14.86036491394043,42896
NO3_misfit,year,A,-122.3509979,47.5695,5.97364616394043,7.5762243,5.9083443,15.0,20.97364616394043,42897
NO3_misfit,year,A,-122.3509979,47.5695,5.414050510951448,5.2580414,4.735589,24.142857142857146,29.556907653808594,42898
NO3_misfit,year,A,-122.3509979,47.5695,5.034878322056361,4.6487093,4.427332,23.357142857142858,28.39202117919922,42899
NO3_misfit,year,A,-122.3509979,47.5695,3.1807169233049635,3.8067067,4.0013676,28.642857142857146,31.82357406616211,42900
NO3_misfit,year,A,-122.3509979,47.5695,4.051670074462887,3.0468705,3.6169713,28.000000000000004,32.05167007446289,42901
NO3_misfit,year,A,-122.3509979,47.5695,-1.1634140014648473,-0.36613604,1.890352,28.500000000000004,27.336585998535156,42902
NO3_misfit,year,A,-122.3509979,47.5695,-5.577817916870117,-5.1747355,-0.5422895,30.0,24.422182083129883,42903
NO3_misfit,year,A,-122.296435,47.51108,-3.6433435167585095,-3.6947005,0.20645142,29.642857142857142,25.999513626098633,42904
NO3_misfit,year,A,-122.296435,47.51108,14.141778673444477,13.326771,8.817511,25.07142857142857,39.21320724487305,42905
NO3_misfit,year,A,-122.296435,47.51108,4.733093806675502,4.1328573,4.1663656,31.357142857142858,36.09023666381836,42906
NO3_misfit,year,A,-122.296435,47.51108,5.799178532191682,2.7100966,3.4465995,19.142857142857146,24.942035675048828,42907
NO3_misfit,year,A,-122.296435,47.51108,-0.32940891810826045,-0.7885549,1.6766528,16.571428571428573,16.242019653320312,42908
NO3_misfit,year,A,-122.296435,47.51108,13.158758980887274,11.986226,8.139338,23.78571428571429,36.94447326660156,42909
NO3_misfit,year,A,-122.296435,47.51108,2.075929369245255,1.4045177,2.786115,18.571428571428573,20.647357940673828,42910
NO3_misfit,year,A,-122.296435,47.51108,4.838090624128068,5.5624595,4.8895926,18.071428571428573,22.90951919555664,42911
NO3_misfit,year,A,-122.296435,47.51108,6.604649680001398,5.542703,4.8795977,24.71428571428571,31.31893539428711,42912
NO3_misfit,year,A,-122.296435,47.51108,-11.576374190194265,-11.705631,-3.8462298,20.285714285714285,8.70934009552002,42913
NO3_misfit,year,A,-122.296435,47.51108,-13.024821077074325,-11.458574,-3.7212455,19.571428571428573,6.546607494354248,42914
NO3_misfit,year,A,-122.296435,47.51108,5.264547620500837,-1.3382059,1.3985877,9.428571428571429,14.693119049072266,42915
NO3_misfit,year,A,-122.314003,47.5293999,3.700352260044639,0.42276168,2.2894506,28.85714285714286,32.5574951171875,42916
NO3_misfit,year,A,-122.314003,47.5293999,7.396339961460654,7.509157,5.8744154,28.85714285714286,36.253482818603516,42917
NO3_misfit,year,A,-122.314003,47.5293999,-1.0026400429861901,-1.8900759,1.1194,16.071428571428573,15.068788528442383,42918
NO3_misfit,year,A,-122.314003,47.5293999,-11.063623087746759,-12.59686,-4.297097,16.28571428571429,5.222091197967529,42919
NO3_misfit,year,A,-122.314003,47.5293999,-2.4065216609409887,-1.2355082,1.4505419,29.714285714285715,27.307764053344727,42920
NO3_misfit,year,A,-122.314003,47.5293999,-5.228977748325892,-4.6483836,-0.27601123,31.142857142857142,25.91387939453125,42921
NO3_misfit,year,A,-122.314003,47.5293999,0.6454059055873351,0.13218728,2.1424508,20.21428571428571,20.859691619873047,42922
NO3_misfit,year,A,-122.314003,47.5293999,5.251495088849751,5.4169636,4.815987,20.57142857142857,25.82292366027832,42923
NO3_misfit,year,A,-122.314003,47.5293999,9.152321134294784,4.5573125,4.381095,17.428571428571427,26.58089256286621,42924
NO3_misfit,year,A,-122.314003,47.5293999,5.484174728393555,4.833898,4.521018,17.5,22.984174728393555,42925
NO3_misfit,year,A,-122.314003,47.5293999,5.822502408708843,4.297794,4.249806,24.42857142857143,30.251073837280273,42926
NO3_misfit,year,A,-122.314003,47.5293999,7.152474539620535,3.480875,3.8365316,22.714285714285715,29.86676025390625,42927
NO3_misfit,year,A,-122.314003,47.5293999,4.704388482230048,3.0016894,3.5941145,27.28571428571429,31.990102767944336,42928
NO3_misfit,year,A,-122.314003,47.5293999,15.446720668247767,13.633419,8.972642,23.357142857142858,38.803863525390625,42929
NO3_misfit,year,A,-122.314003,47.5293999,1.536035265241349,2.7924037,3.488238,17.571428571428573,19.107463836669922,42930
NO3_misfit,year,A,-122.314003,47.5293999,-0.9982497351510204,-1.7320155,1.1993618,14.42857142857143,13.43032169342041,42931
NO3_misfit,year,A,-122.314003,47.5293999,2.7577209472656214,3.5445035,3.8687208,29.000000000000004,31.757720947265625,42932
NO3_misfit,year,A,-122.314003,47.5293999,9.160143171037948,4.5418077,4.373251,25.928571428571427,35.088714599609375,42933
NO3_misfit,year,A,-122.314003,47.5293999,1.1876179831368567,2.7195761,3.451395,18.071428571428573,19.25904655456543,42934
NO3_misfit,year,A,-122.314003,47.5293999,-3.398113931928364,-4.897985,-0.40228295,18.42857142857143,15.030457496643066,42935
NO3_misfit,year,A,-122.314003,47.5293999,6.5688247680664045,6.732136,5.4813247,14.000000000000002,20.568824768066406,42936
NO3_misfit,year,A,-122.314003,47.5293999,0.17273616790771484,-0.87669456,1.6320635,15.5,15.672736167907715,42937
NO3_misfit,year,A,-122.314003,47.5293999,4.617629732404435,5.0394187,4.6249895,23.571428571428573,28.189058303833008,42938
NO3_misfit,year,A,-122.314003,47.5293999,3.7737219674246667,2.6506698,3.4165359,21.428571428571427,25.202293395996094,42939
NO3_misfit,year,A,-122.4260025,47.6012001,4.961450849260601,8.481565,6.36635,27.42857142857143,32.39002227783203,42940
NO3_misfit,year,A,-122.4260025,47.6012001,6.754596982683456,8.068963,6.1576176,24.928571428571427,31.683168411254883,42941
NO3_misfit,year,A,-122.4260025,47.6012001,5.398106983729772,7.90712,6.075742,24.642857142857142,30.040964126586914,42942
NO3_misfit,year,A,-122.4260025,47.6012001,8.111366544451034,8.731848,6.4929667,21.428571428571427,29.53993797302246,42943
NO3_misfit,year,A,-122.4260025,47.6012001,8.463269097464426,9.187868,6.723665,20.785714285714285,29.24898338317871,42944
NO3_misfit,year,A,-122.4260025,47.6012001,9.137721470424108,9.4483595,6.855446,18.642857142857142,27.78057861328125,42945
NO3_misfit,year,A,-122.4260025,47.6012001,10.46647698538644,7.4264703,5.8325844,2.857142857142857,13.323619842529297,42947
NO3_misfit,year,A,-122.4329987,47.4528999,7.961832863943918,7.9155903,6.0800276,21.785714285714285,29.747547149658203,42948
NO3_misfit,year,A,-122.4329987,47.4528999,14.065397535051618,8.974374,6.6156597,15.928571428571429,29.993968963623047,42949
NO3_misfit,year,A,-122.4329987,47.4528999,14.605076926095146,9.335795,6.7985,15.214285714285714,29.81936264038086,42950
NO3_misfit,year,A,-122.4329987,47.4528999,13.944084167480467,10.613295,7.4447794,14.500000000000002,28.44408416748047,42951
NO3_misfit,year,A,-122.4329987,47.4528999,7.492328916277204,4.1904817,4.1955175,1.9285714285714286,9.420900344848633,42952
NO3_misfit,year,A,-122.3440018,47.5769997,0.4874420166015625,1.363889,2.765561,31.5,31.987442016601562,42953
NO3_misfit,year,A,-122.3440018,47.5769997,1.830103737967356,1.2569575,2.7114651,30.785714285714285,32.61581802368164,42954
NO3_misfit,year,A,-122.3440018,47.5769997,6.202502114432196,7.6515512,5.946451,18.28571428571429,24.488216400146484,42955
NO3_misfit,year,A,-122.3440018,47.5769997,-1.047146115984237,0.16230522,2.1576872,18.071428571428573,17.024282455444336,42956
NO3_misfit,year,A,-122.3440018,47.5769997,9.378222329275948,9.008102,6.632723,15.785714285714286,25.163936614990234,42957
NO3_misfit,year,A,-122.3440018,47.5769997,1.7472945622035425,1.1672776,2.6660967,14.214285714285715,15.961580276489258,42958
NO3_misfit,year,A,-122.3440018,47.5769997,5.688667842320033,4.8102794,4.5090694,25.357142857142858,31.04581069946289,42959
NO3_misfit,year,A,-122.3440018,47.5769997,4.938140324183873,3.5413997,3.8671508,25.142857142857142,30.080997467041016,42960
NO3_misfit,year,A,-122.3440018,47.5769997,3.1678243364606544,3.9021044,4.049629,28.85714285714286,32.024967193603516,42961
NO3_misfit,year,A,-122.3440018,47.5769997,4.075723375592911,3.4565349,3.824218,28.571428571428573,32.647151947021484,42962
NO3_misfit,year,A,-122.3440018,47.5769997,4.918518883841379,5.775784,4.997512,24.785714285714285,29.704233169555664,42963
NO3_misfit,year,A,-122.3440018,47.5769997,4.572171075003485,4.712844,4.459777,23.78571428571429,28.357885360717773,42964
NO3_misfit,year,A,-122.3440018,47.5769997,7.221317291259766,7.078208,5.6564007,21.5,28.721317291259766,42965
NO3_misfit,year,A,-122.3440018,47.5769997,5.554525920322963,5.11528,4.6633673,20.857142857142858,26.41166877746582,42966
NO3_misfit,year,A,-122.3440018,47.5769997,0.026158469063897627,0.9086181,2.5352423,29.21428571428571,29.24044418334961,42967
NO3_misfit,year,A,-122.3440018,47.5769997,-3.4209477560860755,-3.7100596,0.19868124,29.428571428571427,26.00762367248535,42968
NO3_misfit,year,A,-122.3440018,47.5769997,4.152587618146622,3.4996724,3.8460412,27.571428571428573,31.724016189575195,42969
NO3_misfit,year,A,-122.3440018,47.5769997,7.763975415910995,4.200409,4.2005396,25.928571428571427,33.69254684448242,42970
NO3_misfit,year,A,-122.3440018,47.5769997,4.270126887730189,4.523439,4.3639584,25.857142857142858,30.127269744873047,42971
NO3_misfit,year,A,-122.3440018,47.5769997,3.082434245518275,3.2115035,3.7002583,23.357142857142858,26.439577102661133,42972
NO3_misfit,year,A,-122.3440018,47.5769997,7.1314920697893385,7.704682,5.9733295,19.642857142857146,26.774349212646484,42973
NO3_misfit,year,A,-122.3440018,47.5769997,1.3021142142159583,0.3754333,2.2655075,18.071428571428573,19.37354278564453,42974
NO3_misfit,year,A,-122.3440018,47.5769997,4.535020555768693,6.722532,5.476466,19.071428571428573,23.606449127197266,42975
NO3_misfit,year,A,-122.3440018,47.5769997,-5.80017593928746,-5.8568177,-0.88735056,17.571428571428573,11.771252632141113,42976
NO3_misfit,year,A,-122.387001,47.3586006,4.949186597551616,7.717253,5.9796896,27.42857142857143,32.37775802612305,42977
NO3_misfit,year,A,-122.387001,47.3586006,4.943912506103516,7.5594125,5.899839,26.5,31.443912506103516,42978
NO3_misfit,year,A,-122.387001,47.3586006,5.216220855712891,7.29312,5.7651234,25.5,30.71622085571289,42979
NO3_misfit,year,A,-122.387001,47.3586006,7.412650789533341,8.51613,6.3838367,22.571428571428573,29.984079360961914,42980
NO3_misfit,year,A,-122.387001,47.3586006,7.847437994820734,10.239847,7.2558546,20.21428571428571,28.061723709106445,42981
NO3_misfit,year,A,-122.387001,47.3586006,7.980426788330078,8.902824,6.579463,21.5,29.480426788330078,42982
NO3_misfit,year,A,-122.387001,47.3586006,0.2364931106567365,5.317798,4.7658195,10.000000000000002,10.236493110656738,42983
NO3_misfit,year,A,-122.4280014,47.7439995,10.517564501081196,9.132768,6.6957903,21.07142857142857,31.588993072509766,42985
NO3_misfit,year,A,-122.4280014,47.7439995,8.120834078107563,7.7581453,6.0003767,20.57142857142857,28.692262649536133,42986
NO3_misfit,year,A,-122.4280014,47.7439995,4.6412378038678845,7.3765492,5.8073297,23.857142857142858,28.498380661010742,42987
NO3_misfit,year,A,-122.4280014,47.7439995,5.790420804704937,8.340585,6.2950296,23.42857142857143,29.218992233276367,42988
NO3_misfit,year,A,-122.4280014,47.7439995,7.084051949637278,8.717216,6.485564,22.285714285714285,29.369766235351562,42989
NO3_misfit,year,A,-122.4280014,47.7439995,7.665719441005162,8.923157,6.5897493,20.642857142857142,28.308576583862305,42990
NO3_misfit,year,A,-122.4280014,47.7439995,10.777243614196777,7.6482983,5.944806,2.5000000000000004,13.277243614196777,42991
NO3_misfit,year,A,-122.4329987,47.5332985,4.642076764787944,8.362646,6.3061895,27.42857142857143,32.070648193359375,42993
NO3_misfit,year,A,-122.4329987,47.5332985,4.642076764787944,8.362646,6.3061895,27.42857142857143,32.070648193359375,42994
NO3_misfit,year,A,-122.4329987,47.5332985,5.108112335205078,8.232624,6.2404127,25.5,30.608112335205078,42995
NO3_misfit,year,A,-122.4329987,47.5332985,5.808894838605607,8.171882,6.2096834,24.071428571428573,29.88032341003418,42996
NO3_misfit,year,A,-122.4329987,47.5332985,8.394671031406947,8.675697,6.4645605,21.357142857142858,29.751813888549805,42997
NO3_misfit,year,A,-122.4329987,47.5332985,10.765945707048687,8.908674,6.5824223,18.92857142857143,29.694517135620117,42998
NO3_misfit,year,A,-122.4329987,47.5332985,10.475657054356166,9.006502,6.631913,16.857142857142858,27.332799911499023,42999
NO3_misfit,year,A,-122.4329987,47.5332985,4.734472874232701,4.305708,4.2538095,6.692857142857143,11.427330017089844,43001
NO3_misfit,year,A,-122.4179993,47.777401,8.737230028424943,8.646209,6.449642,23.571428571428573,32.308658599853516,43002
NO3_misfit,year,A,-122.4179993,47.777401,4.814057213919501,7.7721786,6.007476,23.28571428571429,28.09977149963379,43003
NO3_misfit,year,A,-122.4179993,47.777401,5.421396255493164,7.444772,5.8418427,22.5,27.921396255493164,43004
NO3_misfit,year,A,-122.4179993,47.777401,5.941013063703263,8.355587,6.302619,23.071428571428573,29.012441635131836,43005
NO3_misfit,year,A,-122.4179993,47.777401,6.499167306082587,8.726591,6.490308,22.78571428571429,29.284881591796875,43006
NO3_misfit,year,A,-122.4179993,47.777401,11.791002001081193,9.627404,6.946024,17.071428571428573,28.862430572509766,43007
NO3_misfit,year,A,-122.4179993,47.777401,11.75377104622977,9.609447,6.9369392,3.092857142857143,14.846628189086914,43009
NO3_misfit,year,A,-122.406117,47.5371639,6.197547912597653,5.3726945,4.7935915,24.500000000000004,30.697547912597656,43010
NO3_misfit,year,A,-122.406117,47.5371639,4.396795000348771,3.786972,3.991384,24.071428571428573,28.468223571777344,43011
NO3_misfit,year,A,-122.406117,47.5371639,9.983600071498326,8.783136,6.5189133,18.142857142857142,28.12645721435547,43012
NO3_misfit,year,A,-122.406117,47.5371639,7.198468072073801,6.3427486,5.284336,17.285714285714285,24.484182357788086,43013
NO3_misfit,year,A,-122.406117,47.5371639,6.984182357788086,6.3427486,5.284336,17.5,24.484182357788086,43014
NO3_misfit,year,A,-122.406117,47.5371639,-1.2223328181675512,0.84033924,2.5007005,16.714285714285715,15.491952896118164,43015
NO3_misfit,year,A,-122.406117,47.5371639,4.727568762642996,4.0382175,4.118488,25.714285714285715,30.44185447692871,43016
NO3_misfit,year,A,-122.406117,47.5371639,2.3886070251464844,0.81918514,2.4899988,26.0,28.388607025146484,43017
NO3_misfit,year,A,-122.406117,47.5371639,1.1423078264508923,1.4130806,2.7904468,30.857142857142858,31.99945068359375,43018
NO3_misfit,year,A,-122.406117,47.5371639,0.403037479945592,1.4006218,2.784144,30.642857142857142,31.045894622802734,43019
NO3_misfit,year,A,-122.406117,47.5371639,9.076622281755718,7.503954,5.871783,19.67857142857143,28.75519371032715,43020
NO3_misfit,year,A,-122.406117,47.5371639,9.917027882167272,7.20565,5.720873,18.142857142857142,28.059885025024414,43021
NO3_misfit,year,A,-122.406117,47.5371639,9.137846810477122,8.963124,6.609968,20.285714285714285,29.423561096191406,43022
NO3_misfit,year,A,-122.406117,47.5371639,-0.3343399592808307,4.733994,4.470477,12.714285714285714,12.379945755004883,43023
NO3_misfit,year,A,-122.406117,47.5371639,3.8259557996477405,4.6309657,4.4183555,27.142857142857142,30.968812942504883,43024
NO3_misfit,year,A,-122.406117,47.5371639,4.459441321236746,5.622939,4.920189,19.214285714285715,23.67372703552246,43025
NO3_misfit,year,A,-122.406117,47.5371639,11.248409271240234,10.793036,7.5357094,15.0,26.248409271240234,43026
NO3_misfit,year,A,-122.406117,47.5371639,-8.114865813936508,-5.8570232,-0.8874545,12.071428571428573,3.9565627574920654,43027
NO3_misfit,year,A,-122.406117,47.5371639,9.721443721226283,8.806862,6.530916,18.857142857142858,28.57858657836914,43028
NO3_misfit,year,A,-122.406117,47.5371639,6.862928662981304,6.9682536,5.6007752,18.92857142857143,25.791500091552734,43029
NO3_misfit,year,A,-122.406117,47.5371639,3.018860135759624,2.3427389,3.2607555,28.92857142857143,31.947431564331055,43030
NO3_misfit,year,A,-122.406117,47.5371639,2.755187715802876,2.4517627,3.3159099,29.07142857142857,31.826616287231445,43031
NO3_misfit,year,A,-122.406117,47.5371639,9.067601067679266,8.374056,6.311962,16.28571428571429,25.353315353393555,43032
NO3_misfit,year,A,-122.406117,47.5371639,-4.5015427725655695,-1.9305596,1.0989196,15.428571428571429,10.92702865600586,43033
NO3_misfit,year,A,-122.406117,47.5371639,5.189641135079519,3.750155,3.9727588,26.214285714285715,31.403926849365234,43034
NO3_misfit,year,A,-122.406117,47.5371639,5.692347935267858,4.114401,4.157028,26.142857142857142,31.835205078125,43035
NO3_misfit,year,A,-122.406117,47.5371639,5.692347935267858,4.114401,4.157028,26.142857142857142,31.835205078125,43036
NO3_misfit,year,A,-122.406117,47.5371639,5.475355420793807,3.7656107,3.9805775,25.928571428571427,31.403926849365234,43037
NO3_misfit,year,A,-122.406117,47.5371639,4.761069706508092,3.7616143,3.978556,26.642857142857142,31.403926849365234,43038
NO3_misfit,year,A,-122.406117,47.5371639,0.8977625710623585,3.276774,3.733278,26.42857142857143,27.32633399963379,43039
NO3_misfit,year,A,-122.406117,47.5371639,10.48618289402553,7.3385406,5.788101,7.571428571428571,18.0576114654541,43040
NO3_misfit,year,A,-122.406117,47.5371639,4.461815970284597,3.7830634,3.9894068,27.714285714285715,32.17610168457031,43041
NO3_misfit,year,A,-122.406117,47.5371639,5.187688555036271,3.7886317,3.9922237,26.571428571428573,31.759117126464844,43042
NO3_misfit,year,A,-122.406117,47.5371639,3.6169771466936353,3.6844535,3.9395208,28.142857142857146,31.75983428955078,43043
NO3_misfit,year,A,-122.406117,47.5371639,6.282065527779714,5.3464584,4.780319,22.714285714285715,28.99635124206543,43044
NO3_misfit,year,A,-122.72,48.2249,1.6507241385323645,1.6318051,2.9010983,28.071428571428573,29.722152709960938,61472
NO3_misfit,year,A,-122.72,48.2249,4.103767122541154,3.3477147,3.7691665,23.571428571428573,27.675195693969727,61473
NO3_misfit,year,A,-122.72,48.2249,3.1926697322300512,2.4107015,3.2951374,24.785714285714285,27.978384017944336,61474
NO3_misfit,year,A,-122.655,48.237,2.1369489942278186,1.755756,2.9638042,29.142857142857142,31.27980613708496,61475
NO3_misfit,year,A,-122.655,48.237,2.4606827327183325,1.821586,2.9971073,25.785714285714285,28.246397018432617,61476
NO3_misfit,year,A,-122.655,48.237,3.527342660086493,2.6939712,3.4384418,24.28571428571429,27.81305694580078,61477
NO3_misfit,year,A,-122.42,48.175,1.5147083827427466,1.3066669,2.7366128,29.285714285714285,30.80042266845703,61478
NO3_misfit,year,A,-122.42,48.175,2.039908817836217,2.5137682,3.347278,25.642857142857142,27.68276596069336,61479
NO3_misfit,year,A,-122.42,48.175,1.3286138262067517,0.5265545,2.3419588,28.357142857142858,29.68575668334961,61480
NO3_misfit,year,A,-122.369,48.044,1.8920783996582031,2.0535996,3.1144814,29.5,31.392078399658203,61481
NO3_misfit,year,A,-122.369,48.044,2.450794219970703,2.142692,3.159553,27.5,29.950794219970703,61482
NO3_misfit,year,A,-122.369,48.044,2.745004653930664,2.4261985,3.302977,26.5,29.245004653930664,61483
NO3_misfit,year,A,-122.4469986,47.6605988,0.2909889221191406,1.6460075,2.9082832,31.0,31.29098892211914,61484
NO3_misfit,year,A,-122.4469986,47.6605988,0.1573824201311389,1.045844,2.604664,31.142857142857142,31.30023956298828,61485
NO3_misfit,year,A,-122.4469986,47.6605988,0.2588342939104358,1.0401989,2.6018083,31.142857142857142,31.401691436767578,61486
NO3_misfit,year,A,-122.4469986,47.6605988,0.5155168260846814,1.2228422,2.6942065,30.857142857142858,31.37265968322754,61487
NO3_misfit,year,A,-122.4469986,47.6605988,0.5958807809012256,1.0208163,2.5920029,30.92857142857143,31.524452209472656,61488
NO3_misfit,year,A,-122.406117,47.5371639,0.8553254263741614,1.3651408,2.7661943,30.571428571428573,31.426753997802734,61490
NO3_misfit,year,A,-122.406117,47.5371639,0.6662747519356849,1.3899753,2.778758,30.571428571428573,31.237703323364258,61491
NO3_misfit,year,A,-122.406117,47.5371639,0.7377033233642578,1.385979,2.7767363,30.5,31.237703323364258,61492
NO3_misfit,year,A,-122.3570023,47.6035995,0.7835614340645911,1.4788128,2.8237004,31.071428571428573,31.854990005493164,61493
NO3_misfit,year,A,-122.3570023,47.6035995,-0.13928522382463981,1.4538096,2.8110514,31.78571428571429,31.64642906188965,61494
NO3_misfit,year,A,-122.3570023,47.6035995,0.0793119158063611,1.1610918,2.6629672,31.357142857142858,31.43645477294922,61495
NO3_misfit,year,A,-122.3570023,47.6035995,0.289706911359513,1.0351359,2.599247,31.071428571428573,31.361135482788086,61496
NO3_misfit,year,A,-122.3570023,47.6035995,0.57296289716448,1.1333435,2.6489296,30.714285714285715,31.287248611450195,61497
NO3_misfit,year,A,-122.3570023,47.6035995,0.9555304391043506,1.1490326,2.6568666,31.42857142857143,32.38410186767578,61499
NO3_misfit,year,A,-122.4329987,47.4528999,0.9205553872244714,1.4697394,2.8191104,30.428571428571427,31.3491268157959,61502
NO3_misfit,year,A,-122.4329987,47.4528999,1.0506501879010877,1.4432634,2.8057163,30.357142857142858,31.407793045043945,61503
NO3_misfit,year,A,-122.4329987,47.4528999,0.7853731427873889,1.51201,2.8404946,30.642857142857142,31.42823028564453,61504
NO3_misfit,year,A,-122.4329987,47.4528999,0.9337635040283203,1.7885674,2.9804034,30.5,31.43376350402832,61505
NO3_misfit,year,A,-122.4329987,47.4528999,0.6799272809709827,1.7809424,2.976546,30.642857142857142,31.322784423828125,61506
NO3_misfit,year,A,-122.4179993,47.777401,1.031293596540177,1.4005558,2.7841108,30.571428571428573,31.60272216796875,61507
NO3_misfit,year,A,-122.4179993,47.777401,0.14896447317940797,0.9769617,2.569817,30.857142857142858,31.006107330322266,61508
NO3_misfit,year,A,-122.4179993,47.777401,0.08627155848911627,0.7830166,2.4717014,30.92857142857143,31.014842987060547,61509
NO3_misfit,year,A,-122.4179993,47.777401,0.3051877702985486,0.8523803,2.506792,30.857142857142858,31.162330627441406,61510
NO3_misfit,year,A,-122.4179993,47.777401,-0.2932142530168811,0.9012615,2.5315208,31.357142857142858,31.063928604125977,61511
NO3_misfit,year,A,-122.4179993,47.777401,-0.2534476688929992,1.0949349,2.629499,31.28571428571429,31.03226661682129,61512
NO3_misfit,year,A,-122.4179993,47.777401,-0.6438298906598767,0.9286231,2.5453627,31.142857142857142,30.499027252197266,61514
NO3_misfit,year,A,-122.4280014,47.7439995,-0.06601142883300781,1.5854305,2.8776376,30.75,30.683988571166992,61515
NO3_misfit,year,A,-122.4280014,47.7439995,-0.32454545157296266,1.0909538,2.6274848,31.142857142857142,30.81831169128418,61516
NO3_misfit,year,A,-122.4280014,47.7439995,0.13136672973632812,0.80605304,2.4833553,31.0,31.131366729736328,61517
NO3_misfit,year,A,-122.4280014,47.7439995,0.5585662296840113,1.0027798,2.582878,30.714285714285715,31.272851943969727,61518
NO3_misfit,year,A,-122.4280014,47.7439995,0.3780253274100147,0.9887894,2.5758004,30.92857142857143,31.306596755981445,61519
NO3_misfit,year,A,-122.4280014,47.7439995,0.5054844447544653,1.1873047,2.6762283,30.785714285714285,31.29119873046875,61520
NO3_misfit,year,A,-122.4280014,47.7439995,0.24060303824288454,0.94337094,2.5528235,30.357142857142858,30.597745895385742,61522
NO3_misfit,year,A,-122.4260025,47.6012001,1.089014870779856,2.557508,3.3694057,30.785714285714285,31.87472915649414,61523
NO3_misfit,year,A,-122.4260025,47.6012001,1.7507128034319202,2.1654882,3.1710854,30.142857142857142,31.893569946289062,61524
NO3_misfit,year,A,-122.4260025,47.6012001,0.8244315556117456,1.3652151,2.766232,30.714285714285715,31.53871726989746,61525
NO3_misfit,year,A,-122.4260025,47.6012001,0.5828748430524548,1.1867228,2.6759338,30.857142857142858,31.440017700195312,61526
NO3_misfit,year,A,-122.4260025,47.6012001,0.3458726065499427,1.1886781,2.676923,31.071428571428573,31.417301177978516,61527
NO3_misfit,year,A,-122.4260025,47.6012001,0.5945137568882544,1.2707702,2.718453,30.785714285714285,31.38022804260254,61528
NO3_misfit,year,A,-122.4260025,47.6012001,0.8077482495989123,1.156786,2.660789,30.642857142857142,31.450605392456055,61529
NO3_misfit,year,A,-122.45722,47.376111,2.777954374040874,3.1432116,3.6657097,28.92857142857143,31.706525802612305,61531
NO3_misfit,year,A,-122.45722,47.376111,1.5326671600341797,2.7856166,3.4848046,30.0,31.53266716003418,61532
NO3_misfit,year,A,-122.45722,47.376111,0.1438478742327014,1.9229063,3.0483646,30.642857142857142,30.786705017089844,61534
NO3_misfit,year,A,-122.4219971,47.5703011,0.5128710610525928,1.3747295,2.7710452,30.92857142857143,31.441442489624023,61535
NO3_misfit,year,A,-122.4219971,47.5703011,0.5011580330984913,1.3588994,2.763037,30.92857142857143,31.429729461669922,61536
NO3_misfit,year,A,-122.4219971,47.5703011,0.5270906175885877,1.496485,2.8326406,30.857142857142858,31.384233474731445,61537
NO3_misfit,year,A,-122.4219971,47.5703011,0.4623058864048559,1.4580284,2.8131857,30.785714285714285,31.24802017211914,61538
NO3_misfit,year,A,-122.4329987,47.5332985,1.3990394047328394,2.0815823,3.1286378,30.464285714285715,31.863325119018555,61539
NO3_misfit,year,A,-122.4329987,47.5332985,0.9120584215436658,1.5304248,2.8498106,30.357142857142858,31.269201278686523,61540
NO3_misfit,year,A,-122.4329987,47.5332985,0.8181531088692786,1.4249699,2.7964616,30.571428571428573,31.38958168029785,61541
NO3_misfit,year,A,-122.4329987,47.5332985,0.746842520577566,1.3569437,2.7620475,30.714285714285715,31.46112823486328,61542
NO3_misfit,year,A,-122.4329987,47.5332985,1.046850476946151,1.4256905,2.7968261,30.428571428571427,31.475421905517578,61543
NO3_misfit,year,A,-122.4329987,47.5332985,0.9390716552734375,1.5268708,2.8480127,30.5,31.439071655273438,61544
NO3_misfit,year,A,-122.4329987,47.5332985,0.46702684674944095,1.2997644,2.733121,30.714285714285715,31.181312561035156,61546
NO3_misfit,year,A,-122.3980026,47.5247993,0.6572371891566675,1.562721,2.866149,30.714285714285715,31.371522903442383,61547
NO3_misfit,year,A,-122.3980026,47.5247993,0.5430044446672717,1.3491548,2.7581072,30.642857142857142,31.185861587524414,61548
NO3_misfit,year,A,-122.3880005,47.7126999,0.2789445604596814,0.8066946,2.4836798,30.857142857142858,31.13608741760254,61549
NO3_misfit,year,A,-122.3880005,47.7126999,-0.06401933942522575,0.7937848,2.477149,31.28571428571429,31.221694946289062,61550
NO3_misfit,year,A,-122.3880005,47.7126999,0.04588236127580814,0.8200827,2.4904528,31.214285714285715,31.260168075561523,61551
NO3_misfit,year,A,-122.3880005,47.7126999,0.09071077619280032,0.99811834,2.58052,31.214285714285715,31.304996490478516,61552
NO3_misfit,year,A,-122.3880005,47.7126999,1.5910431998116614,1.1105776,2.6374125,30.071428571428573,31.662471771240234,61553
NO3_misfit,year,A,-122.387001,47.3586006,1.9163447788783472,2.241518,3.2095485,30.214285714285715,32.13063049316406,61554
NO3_misfit,year,A,-122.387001,47.3586006,1.377165385654994,1.7215433,2.9464962,30.357142857142858,31.73430824279785,61555
NO3_misfit,year,A,-122.387001,47.3586006,0.8450104849679114,1.3981962,2.782917,30.571428571428573,31.416439056396484,61556
NO3_misfit,year,A,-122.387001,47.3586006,1.2276717594691675,1.2938035,2.7301054,30.214285714285715,31.441957473754883,61557
NO3_misfit,year,A,-122.387001,47.3586006,1.0076144082205651,1.4097753,2.7887747,30.428571428571427,31.436185836791992,61558
NO3_misfit,year,A,-122.387001,47.3586006,1.069304057529994,1.6437103,2.9071212,30.357142857142858,31.42644691467285,61559
NO3_misfit,year,A,-122.387001,47.3586006,0.48050498962402344,1.6143304,2.892258,30.5,30.980504989624023,61561
NO3_misfit,year,A,-122.387001,47.3586006,4.3968435014997205,2.2595432,3.218667,27.857142857142858,32.25398635864258,61562
NO3_misfit,year,A,-122.387001,47.3586006,4.184879847935267,2.0367694,3.1059673,27.857142857142858,32.042022705078125,61563
NO3_misfit,year,A,-122.387001,47.3586006,3.9483729771205347,1.8684212,3.020801,27.714285714285715,31.66265869140625,61564
NO3_misfit,year,A,-122.387001,47.3586006,4.085399355207169,1.9572595,3.0657437,27.571428571428573,31.656827926635742,61565
NO3_misfit,year,A,-122.387001,47.3586006,3.689018521990093,2.0934353,3.1346343,27.92857142857143,31.617589950561523,61566
NO3_misfit,year,A,-122.387001,47.3586006,4.6504881722586475,2.2246642,3.2010221,26.92857142857143,31.579059600830078,61567
NO3_misfit,year,A,-122.387001,47.3586006,3.61736134120396,2.0239105,3.099462,27.92857142857143,31.54593276977539,61569
NO3_misfit,year,A,-122.3570023,47.6035995,3.373167582920619,1.2956865,2.731058,28.357142857142858,31.730310440063477,61570
NO3_misfit,year,A,-122.3570023,47.6035995,2.5333837781633655,1.3917729,2.7796674,29.142857142857142,31.676240921020508,61571
NO3_misfit,year,A,-122.3570023,47.6035995,2.2967632838657934,1.5386692,2.8539815,29.285714285714285,31.582477569580078,61572
NO3_misfit,year,A,-122.3570023,47.6035995,2.3838664463588195,1.5505611,2.8599975,29.21428571428571,31.59815216064453,61573
NO3_misfit,year,A,-122.3570023,47.6035995,2.2009508950369714,1.476627,2.8225946,29.428571428571427,31.6295223236084,61574
NO3_misfit,year,A,-122.3570023,47.6035995,2.7256546020507812,1.7761996,2.9741466,29.5,32.22565460205078,61576
NO3_misfit,year,A,-122.4179993,47.777401,4.200789042881556,1.5415243,2.8554258,26.857142857142858,31.057931900024414,61577
NO3_misfit,year,A,-122.4179993,47.777401,-0.1563287462507006,0.26898885,2.2116578,28.142857142857146,27.986528396606445,61578
NO3_misfit,year,A,-122.4179993,47.777401,-0.8279503413609071,-0.015753359,2.0676084,29.21428571428571,28.386335372924805,61579
NO3_misfit,year,A,-122.4179993,47.777401,0.45720345633370485,0.8627254,2.5120256,29.357142857142858,29.814346313476562,61580
NO3_misfit,year,A,-122.4179993,47.777401,0.6939672742571155,1.2114754,2.688456,29.642857142857142,30.336824417114258,61581
NO3_misfit,year,A,-122.4179993,47.777401,0.9515465327671606,1.3398736,2.7534118,29.785714285714285,30.737260818481445,61582
NO3_misfit,year,A,-122.4179993,47.777401,1.1893408639090417,1.2308464,2.6982558,29.928571428571427,31.11791229248047,61584
NO3_misfit,year,A,-122.406117,47.5371639,4.514701570783341,1.8008652,2.9866247,27.071428571428573,31.586130142211914,61585
NO3_misfit,year,A,-122.406117,47.5371639,3.846593584333146,1.7047715,2.9380116,27.571428571428573,31.41802215576172,61586
NO3_misfit,year,A,-122.4280014,47.7439995,4.0184947422572534,2.1378484,3.1571026,28.214285714285715,32.23278045654297,61587
NO3_misfit,year,A,-122.4280014,47.7439995,4.304209027971538,2.1378484,3.1571026,27.92857142857143,32.23278045654297,61588
NO3_misfit,year,A,-122.4280014,47.7439995,1.03506006513323,0.39957738,2.2777216,28.214285714285715,29.249345779418945,61589
NO3_misfit,year,A,-122.4280014,47.7439995,-0.16716711861746703,0.31149536,2.2331617,29.357142857142858,29.18997573852539,61590
NO3_misfit,year,A,-122.4280014,47.7439995,1.226872307913645,1.0572848,2.610452,29.785714285714285,31.01258659362793,61591
NO3_misfit,year,A,-122.4280014,47.7439995,0.7062010083879748,1.1804545,2.6727629,30.642857142857142,31.349058151245117,61592
NO3_misfit,year,A,-122.4280014,47.7439995,0.7058345249720972,1.1867999,2.675973,30.714285714285715,31.420120239257812,61593
NO3_misfit,year,A,-122.4280014,47.7439995,0.7187497275216224,1.0012863,2.5821226,30.571428571428573,31.290178298950195,61595
NO3_misfit,year,A,-122.4329987,47.4528999,2.143533434186665,1.8486704,3.0108092,29.07142857142857,31.214962005615234,61596
NO3_misfit,year,A,-122.4329987,47.4528999,2.1204711369105773,2.0534697,3.114416,29.21428571428571,31.33475685119629,61597
NO3_misfit,year,A,-122.4329987,47.4528999,2.0237031664167127,2.0289595,3.1020164,29.357142857142858,31.38084602355957,61598
NO3_misfit,year,A,-122.4329987,47.4528999,1.9029598236083984,2.2645924,3.2212214,29.5,31.4029598236084,61599
NO3_misfit,year,A,-122.4329987,47.4528999,2.060198375156947,2.1362424,3.15629,29.357142857142858,31.417341232299805,61600
NO3_misfit,year,A,-122.406117,47.5371639,-1.0743465423583984,1.6453954,2.9079735,32.5,31.4256534576416,61601
NO3_misfit,year,A,-122.45722,47.376111,6.643697738647461,3.8754365,4.0361376,25.0,31.64369773864746,61603
NO3_misfit,year,A,-122.4329987,47.5332985,4.695245470319474,2.2583277,3.2180524,27.571428571428573,32.26667404174805,61604
NO3_misfit,year,A,-122.4329987,47.5332985,3.053263255528041,1.8182436,2.9954164,27.857142857142858,30.9104061126709,61605
NO3_misfit,year,A,-122.4329987,47.5332985,2.8929713112967335,1.7150778,2.9432254,28.42857142857143,31.321542739868164,61606
NO3_misfit,year,A,-122.4329987,47.5332985,3.0908810751778724,2.0134482,3.0941691,28.571428571428573,31.662309646606445,61607
NO3_misfit,year,A,-122.4329987,47.5332985,3.0190939222063307,2.0821,3.1288996,28.642857142857146,31.661951065063477,61608
NO3_misfit,year,A,-122.4329987,47.5332985,2.9518255506242994,1.9895695,3.0820892,28.642857142857146,31.594682693481445,61609
NO3_misfit,year,A,-122.4329987,47.5332985,2.71998105730329,1.8300875,3.001408,28.78571428571429,31.505695343017578,61611
NO3_misfit,year,A,-122.4179993,47.777401,4.112256731305802,1.9213736,3.0475893,28.571428571428573,32.683685302734375,61612
NO3_misfit,year,A,-122.4179993,47.777401,-0.2559836251395069,0.0047215396,2.0779667,29.07142857142857,28.815444946289062,61613
NO3_misfit,year,A,-122.4179993,47.777401,-1.461708613804408,-0.17777662,1.9856418,30.142857142857142,28.681148529052734,61614
NO3_misfit,year,A,-122.4179993,47.777401,-0.5165737697056372,0.49204585,2.324501,30.214285714285715,29.697711944580078,61615
NO3_misfit,year,A,-122.4179993,47.777401,0.24883542742048093,0.7445648,2.4522488,29.785714285714285,30.034549713134766,61616
NO3_misfit,year,A,-122.4179993,47.777401,-0.10777882167271358,1.0984651,2.6312847,30.571428571428573,30.46364974975586,61618
NO3_misfit,year,A,-122.4179993,47.777401,0.9627527509416858,1.0501654,2.6068504,30.142857142857142,31.105609893798828,61619
NO3_misfit,year,A,-122.4469986,47.6605988,0.7352643694196423,1.2664205,2.7162523,29.857142857142858,30.5924072265625,61620
NO3_misfit,year,A,-122.4469986,47.6605988,1.3533090863909045,1.5278676,2.848517,30.142857142857142,31.496166229248047,61621
NO3_misfit,year,A,-122.4469986,47.6605988,1.5744961329868872,1.3949779,2.7812889,29.785714285714285,31.360210418701172,61622
NO3_misfit,year,A,-122.4469986,47.6605988,1.6533208574567517,1.6141675,2.8921754,29.857142857142858,31.51046371459961,61623
NO3_misfit,year,A,-122.4469986,47.6605988,1.4166962759835364,1.4270978,2.797538,30.071428571428573,31.48812484741211,61625
NO3_misfit,year,A,-122.4329987,47.4528999,2.3815318516322534,1.7887658,2.9805038,28.714285714285715,31.09581756591797,61626
NO3_misfit,year,A,-122.4329987,47.4528999,3.3062964848109644,1.985272,3.079915,28.214285714285715,31.52058219909668,61627
NO3_misfit,year,A,-122.4329987,47.4528999,3.084417343139645,2.2130995,3.1951716,28.500000000000004,31.58441734313965,61628
NO3_misfit,year,A,-122.4329987,47.4528999,3.51664706638881,2.52033,3.3505976,28.071428571428573,31.588075637817383,61629
NO3_misfit,year,A,-122.4329987,47.4528999,2.9897420065743567,2.2745519,3.22626,28.571428571428573,31.56117057800293,61630
NO3_misfit,year,A,-122.387001,47.3586006,4.432640348161968,2.0187562,3.0968544,27.42857142857143,31.8612117767334,61631
NO3_misfit,year,A,-122.387001,47.3586006,2.4619925362723194,1.5722525,2.870971,28.42857142857143,30.89056396484375,61632
NO3_misfit,year,A,-122.387001,47.3586006,2.3605951581682447,1.5465628,2.8579748,28.642857142857146,31.00345230102539,61633
NO3_misfit,year,A,-122.387001,47.3586006,2.264701843261715,1.7828617,2.977517,29.000000000000004,31.26470184326172,61634
NO3_misfit,year,A,-122.387001,47.3586006,2.382671628679546,1.8834732,3.0284157,28.92857142857143,31.311243057250977,61635
NO3_misfit,year,A,-122.387001,47.3586006,2.347324371337887,2.172982,3.1748765,29.000000000000004,31.34732437133789,61637
NO3_misfit,year,A,-122.387001,47.3586006,2.266227177211217,2.065098,3.1202986,29.142857142857142,31.40908432006836,61638
NO3_misfit,year,A,-122.45722,47.376111,4.29518563406808,4.234117,4.2175922,26.857142857142858,31.152328491210938,61639
NO3_misfit,year,A,-122.45722,47.376111,2.883157730102539,4.4617057,4.332728,26.5,29.38315773010254,61640
NO3_misfit,year,A,-122.4260025,47.6012001,4.0593321663992725,2.6620634,3.4222999,27.42857142857143,31.487903594970703,61641
NO3_misfit,year,A,-122.4260025,47.6012001,2.1294386727469288,1.5658212,2.8677175,27.92857142857143,30.05801010131836,61642
NO3_misfit,year,A,-122.4260025,47.6012001,2.2126944405691944,1.5158232,2.842424,28.42857142857143,30.641265869140625,61643
NO3_misfit,year,A,-122.4260025,47.6012001,2.663526535034176,1.7866526,2.9794347,28.500000000000004,31.16352653503418,61644
NO3_misfit,year,A,-122.4260025,47.6012001,2.581679480416433,1.6934797,2.9322991,28.714285714285715,31.29596519470215,61645
NO3_misfit,year,A,-122.4260025,47.6012001,2.6297313145228784,1.741722,2.9567046,28.714285714285715,31.344017028808594,61646
NO3_misfit,year,A,-122.4260025,47.6012001,2.7441032954624696,1.6975162,2.9343412,28.78571428571429,31.529817581176758,61648
NO3_misfit,year,A,-122.4469986,47.6605988,0.6246343340192517,0.9917299,2.5772882,29.857142857142858,30.48177719116211,61649
NO3_misfit,year,A,-122.4469986,47.6605988,1.6372604370117188,1.4528267,2.8105543,30.0,31.63726043701172,61650
NO3_misfit,year,A,-122.4469986,47.6605988,1.7266723087855738,1.1965754,2.6809182,29.714285714285715,31.44095802307129,61651
NO3_misfit,year,A,-122.4469986,47.6605988,1.5180031912667395,1.3914288,2.7794933,30.071428571428573,31.589431762695312,61653
NO3_misfit,year,A,-122.4469986,47.6605988,1.7353104182652075,1.2862353,2.7262766,29.785714285714285,31.521024703979492,61654
NO3_misfit,year,A,-122.4329987,47.5332985,3.551245825631277,2.189197,3.1830795,27.714285714285715,31.265531539916992,61655
NO3_misfit,year,A,-122.4329987,47.5332985,1.9280518123081727,1.7849184,2.9785573,28.28571428571429,30.21376609802246,61656
NO3_misfit,year,A,-122.4329987,47.5332985,2.4648960658482117,1.679413,2.9251828,28.28571428571429,30.7506103515625,61657
NO3_misfit,year,A,-122.4329987,47.5332985,2.7488348824637256,1.8805337,3.0269287,28.42857142857143,31.177406311035156,61658
NO3_misfit,year,A,-122.4329987,47.5332985,2.873644420078822,1.9297013,3.0518022,28.357142857142858,31.23078727722168,61659
NO3_misfit,year,A,-122.4329987,47.5332985,2.831779479980465,1.9111557,3.0424201,28.500000000000004,31.33177947998047,61660
NO3_misfit,year,A,-122.4329987,47.5332985,2.921205793108257,1.8139527,2.9932456,28.42857142857143,31.349777221679688,61662
NO3_misfit,year,A,-122.3980026,47.5247993,3.018877846854071,2.0363362,3.1057482,28.28571428571429,31.30459213256836,61663
NO3_misfit,year,A,-122.3980026,47.5247993,2.9724965776715955,1.9987048,3.0867105,28.357142857142858,31.329639434814453,61664
NO3_misfit,year,A,-122.3880005,47.7126999,1.4387561253138976,0.945947,2.5541267,29.21428571428571,30.65304183959961,61665
NO3_misfit,year,A,-122.3880005,47.7126999,1.2902897426060278,1.0264579,2.5948567,29.785714285714285,31.076004028320312,61666
NO3_misfit,year,A,-122.3880005,47.7126999,1.072562626429967,1.1943599,2.6797974,30.142857142857142,31.21541976928711,61667
NO3_misfit,year,A,-122.3880005,47.7126999,1.1413320813860217,1.2506247,2.7082615,30.142857142857142,31.284189224243164,61668
NO3_misfit,year,A,-122.3880005,47.7126999,1.1179597037179114,1.0101677,2.5866156,30.071428571428573,31.189388275146484,61669
NO3_misfit,year,A,-122.3980026,47.5247993,0.2884728567940833,1.6969986,2.9340792,31.071428571428573,31.359901428222656,61670
NO3_misfit,year,A,-122.3980026,47.5247993,0.32602691650390625,1.6416004,2.9060535,31.0,31.326026916503906,61671
NO3_misfit,year,A,-122.4260025,47.6012001,5.172750745500835,2.8318515,3.5081944,27.42857142857143,32.601322174072266,61672
NO3_misfit,year,A,-122.4260025,47.6012001,3.8319620404924635,2.567957,3.374692,28.142857142857146,31.97481918334961,61673
NO3_misfit,year,A,-122.4260025,47.6012001,0.5124808720179956,1.7116411,2.9414868,31.214285714285715,31.72676658630371,61674
NO3_misfit,year,A,-122.4260025,47.6012001,0.593793596540177,1.7321393,2.9518569,31.071428571428573,31.66522216796875,61675
NO3_misfit,year,A,-122.4260025,47.6012001,2.565864290509907,1.8395786,3.0062096,29.07142857142857,31.637292861938477,61676
NO3_misfit,year,A,-122.4260025,47.6012001,2.534116472516743,1.8532517,3.0131269,29.07142857142857,31.605545043945312,61677
NO3_misfit,year,A,-122.4260025,47.6012001,2.6480772835867725,1.7597451,2.9658225,28.92857142857143,31.576648712158203,61679
NO3_misfit,year,A,-122.3570023,47.6035995,1.6954819815499427,1.0606294,2.612144,30.071428571428573,31.766910552978516,61680
NO3_misfit,year,A,-122.3570023,47.6035995,2.391945430210658,1.1678927,2.6664078,29.357142857142858,31.749088287353516,61681
NO3_misfit,year,A,-122.3570023,47.6035995,1.910911015101842,1.28635,2.7263346,29.642857142857142,31.553768157958984,61682
NO3_misfit,year,A,-122.3570023,47.6035995,2.1373988560267883,1.1877589,2.676458,29.21428571428571,31.3516845703125,61683
NO3_misfit,year,A,-122.3570023,47.6035995,2.0761596134730773,1.1205969,2.642481,29.21428571428571,31.29044532775879,61685
NO3_misfit,year,A,-122.3570023,47.6035995,1.8426633562360486,0.8833817,2.5224755,29.357142857142858,31.199806213378906,61686
NO3_misfit,year,A,-122.4219971,47.5703011,2.9411002567836206,1.8337903,3.0032814,28.714285714285715,31.655385971069336,61687
NO3_misfit,year,A,-122.4219971,47.5703011,2.791201182774131,1.8939462,3.0337138,28.85714285714286,31.648344039916992,61688
NO3_misfit,year,A,-122.4219971,47.5703011,2.7703309740338966,1.9404516,3.0572407,28.85714285714286,31.627473831176758,61689
NO3_misfit,year,A,-122.4219971,47.5703011,3.06583213806152,1.9390336,3.0565233,28.500000000000004,31.565832138061523,61690
NO3_misfit,year,A,-122.4280014,47.7439995,3.7622195652553003,1.9147488,3.0442379,26.464285714285715,30.226505279541016,61693
NO3_misfit,year,A,-122.4280014,47.7439995,-0.4657077789306676,0.39495575,2.2753837,28.500000000000004,28.034292221069336,61694
NO3_misfit,year,A,-122.4280014,47.7439995,-0.708569935389928,0.18310821,2.1682112,29.357142857142858,28.64857292175293,61695
NO3_misfit,year,A,-122.4280014,47.7439995,1.2005195617675781,1.2972275,2.7318375,29.5,30.700519561767578,61696
NO3_misfit,year,A,-122.4280014,47.7439995,0.961361203874862,1.21574,2.6906135,29.428571428571427,30.38993263244629,61697
NO3_misfit,year,A,-122.4280014,47.7439995,1.059814453125,1.4765875,2.8225746,30.0,31.059814453125,61698
NO3_misfit,year,A,-122.4280014,47.7439995,0.8464592524937231,1.3425622,2.7547722,30.285714285714285,31.132173538208008,61699
NO3_misfit,year,A,-122.4219971,47.5703011,2.7904349735804956,1.8887174,3.0310688,28.214285714285715,31.00472068786621,61701
NO3_misfit,year,A,-122.4219971,47.5703011,2.666282926286968,1.947831,3.060974,28.42857142857143,31.0948543548584,61702
NO3_misfit,year,A,-122.4219971,47.5703011,3.067349842616487,2.1359198,3.156127,28.142857142857146,31.210206985473633,61703
NO3_misfit,year,A,-122.4219971,47.5703011,2.8908446175711475,1.9443562,3.059216,28.42857142857143,31.319416046142578,61704
NO3_misfit,year,A,-122.3880005,47.7126999,-0.3479415348597925,0.69755805,2.4284685,30.785714285714285,30.437772750854492,61705
NO3_misfit,year,A,-122.3880005,47.7126999,0.4838632856096545,0.7340635,2.4469361,30.142857142857142,30.626720428466797,61706
NO3_misfit,year,A,-122.3880005,47.7126999,-0.3980334145682214,0.88261855,2.5220895,31.071428571428573,30.67339515686035,61707
NO3_misfit,year,A,-122.3880005,47.7126999,0.2981147766113281,0.96555305,2.5640454,30.5,30.798114776611328,61708
NO3_misfit,year,A,-122.3880005,47.7126999,0.7646691458565833,0.8542495,2.5077376,30.071428571428573,30.836097717285156,61709
NO3_misfit,year,A,-122.4280014,47.7439995,1.062954493931361,1.298388,2.7324247,27.357142857142858,28.42009735107422,61710
NO3_misfit,year,A,-122.4280014,47.7439995,0.5612983703613246,1.1090652,2.6366472,28.000000000000004,28.561298370361328,61711
NO3_misfit,year,A,-122.4280014,47.7439995,1.7353940691266736,1.4147089,2.7912707,27.857142857142858,29.59253692626953,61712
NO3_misfit,year,A,-122.4280014,47.7439995,3.531466892787389,1.9537387,3.0639625,26.642857142857142,30.17432403564453,61713
NO3_misfit,year,A,-122.4280014,47.7439995,4.3482690538678845,2.3091102,3.243743,25.857142857142858,30.205411911010742,61714
NO3_misfit,year,A,-122.4280014,47.7439995,4.102582386561803,2.1670904,3.171896,25.642857142857142,29.745439529418945,61715
NO3_misfit,year,A,-122.4280014,47.7439995,3.459215436662948,1.8928262,3.0331473,20.428571428571427,23.887786865234375,61717
NO3_misfit,year,A,-122.296435,47.51108,-6.4508819580078125,-4.7840996,-0.3446691,31.0,24.549118041992188,61718
NO3_misfit,year,A,-122.4280014,47.7439995,-0.15802001953125355,1.0170208,2.5900826,28.000000000000004,27.84197998046875,61721
NO3_misfit,year,A,-122.4280014,47.7439995,-0.5746732439313647,0.37197998,2.2637603,28.642857142857146,28.06818389892578,61722
NO3_misfit,year,A,-122.4280014,47.7439995,0.26660210745674817,0.28747642,2.2210104,28.85714285714286,29.12374496459961,61723
NO3_misfit,year,A,-122.4280014,47.7439995,1.0099143981933594,1.130651,2.6475675,29.5,30.50991439819336,61724
NO3_misfit,year,A,-122.4280014,47.7439995,1.1384705134800512,1.4966065,2.8327022,29.785714285714285,30.924184799194336,61725
NO3_misfit,year,A,-122.4280014,47.7439995,1.0698531014578698,1.4778949,2.823236,29.928571428571427,30.998424530029297,61726
NO3_misfit,year,A,-122.4280014,47.7439995,0.6935386657714844,1.8519638,3.0124753,30.0,30.693538665771484,61728
NO3_misfit,year,A,-122.4260025,47.6012001,0.44838741847446784,1.5250856,2.8471096,28.42857142857143,28.8769588470459,61729
NO3_misfit,year,A,-122.4260025,47.6012001,0.355257579258506,1.2997004,2.7330885,28.85714285714286,29.212400436401367,61730
NO3_misfit,year,A,-122.4260025,47.6012001,1.3535859244210364,2.0139608,3.0944285,28.571428571428573,29.92501449584961,61731
NO3_misfit,year,A,-122.4260025,47.6012001,2.4698927743094288,2.336768,3.2577348,27.42857142857143,29.89846420288086,61732
NO3_misfit,year,A,-122.4260025,47.6012001,1.9719238281249964,2.3493454,3.2640977,28.000000000000004,29.971923828125,61733
NO3_misfit,year,A,-122.4260025,47.6012001,2.339666094098771,2.2110257,3.1941226,27.071428571428573,29.411094665527344,61734
NO3_misfit,year,A,-122.4260025,47.6012001,0.2149709974016467,0.019564683,2.0854757,25.142857142857142,25.35782814025879,61736
NO3_misfit,year,A,-122.3570023,47.6035995,3.342125756399973,3.6657748,3.9300714,25.285714285714285,28.627840042114258,61737
NO3_misfit,year,A,-122.3570023,47.6035995,3.9486688886369983,3.9430704,4.0703535,24.642857142857142,28.59152603149414,61738
NO3_misfit,year,A,-122.3570023,47.6035995,3.9322692326136988,3.9753866,4.0867023,24.214285714285715,28.146554946899414,61739
NO3_misfit,year,A,-122.3570023,47.6035995,4.343082427978516,5.433093,4.8241467,22.5,26.843082427978516,61740
NO3_misfit,year,A,-122.3570023,47.6035995,10.552039555140903,7.7199306,5.981044,14.142857142857144,24.694896697998047,61741
NO3_misfit,year,A,-122.3570023,47.6035995,1.9923027583530946,0.9835625,2.5731564,27.78571428571429,29.778017044067383,61744
NO3_misfit,year,A,-122.3570023,47.6035995,2.2881205422537647,1.0592117,2.6114268,27.92857142857143,30.216691970825195,61745
NO3_misfit,year,A,-122.3570023,47.6035995,2.6973312922886414,1.8920225,3.0327406,27.78571428571429,30.48304557800293,61746
NO3_misfit,year,A,-122.3570023,47.6035995,2.8948037283761145,2.1442928,3.1603627,27.571428571428573,30.466232299804688,61747
NO3_misfit,year,A,-122.3570023,47.6035995,2.745327540806361,1.8846103,3.028991,27.357142857142858,30.10247039794922,61748
NO3_misfit,year,A,-122.3570023,47.6035995,-0.4087469918387292,-1.3946698,1.370023,27.071428571428573,26.662681579589844,61750
NO3_misfit,year,A,-122.4219971,47.5703011,1.7334989820207873,2.0589476,3.117187,29.142857142857142,30.87635612487793,61751
NO3_misfit,year,A,-122.4219971,47.5703011,1.8770727430071155,2.2221994,3.1997752,29.142857142857142,31.019929885864258,61752
NO3_misfit,year,A,-122.4219971,47.5703011,1.8248356410435278,2.4959419,3.3382597,29.285714285714285,31.110549926757812,61753
NO3_misfit,year,A,-122.4219971,47.5703011,1.8503140040806372,2.2279046,3.2026615,29.285714285714285,31.136028289794922,61754
NO3_misfit,year,A,-122.4280014,47.7439995,7.603793280465261,5.5156827,4.8659286,21.464285714285715,29.068078994750977,61755
NO3_misfit,year,A,-122.4280014,47.7439995,4.748072487967356,4.232015,4.216529,22.285714285714285,27.03378677368164,61756
NO3_misfit,year,A,-122.4280014,47.7439995,3.780091966901505,3.4190319,3.8052454,23.571428571428573,27.351520538330078,61757
NO3_misfit,year,A,-122.4280014,47.7439995,4.1404481615339,4.383452,4.2931395,23.857142857142858,27.997591018676758,61758
NO3_misfit,year,A,-122.4280014,47.7439995,4.286894934517996,6.2735696,5.249339,23.714285714285715,28.00118064880371,61759
NO3_misfit,year,A,-122.4280014,47.7439995,5.968796866280691,6.7323728,5.4814444,21.214285714285715,27.183082580566406,61760
NO3_misfit,year,A,-122.4280014,47.7439995,14.0479063306536,10.882045,7.580739,1.6428571428571428,15.690763473510742,61762
NO3_misfit,year,A,-122.4179993,47.777401,6.813180378505159,5.4163857,4.815695,23.642857142857146,30.456037521362305,61763
NO3_misfit,year,A,-122.4179993,47.777401,5.395347050258092,3.7191823,3.95709,21.142857142857142,26.538204193115234,61764
NO3_misfit,year,A,-122.4179993,47.777401,4.380126680646622,3.221426,3.705278,22.571428571428573,26.951555252075195,61765
NO3_misfit,year,A,-122.4179993,47.777401,5.132878984723771,4.2585626,4.229959,22.571428571428573,27.704307556152344,61766
NO3_misfit,year,A,-122.4179993,47.777401,4.569909776960099,5.4008427,4.807832,23.071428571428573,27.641338348388672,61767
NO3_misfit,year,A,-122.4179993,47.777401,10.111621856689453,6.759512,5.4951744,17.0,27.111621856689453,61768
NO3_misfit,year,A,-122.3980026,47.5247993,2.5182832990373853,2.5584857,3.3699005,28.642857142857146,31.16114044189453,61772
NO3_misfit,year,A,-122.3980026,47.5247993,1.911845343453546,2.36203,3.2705145,29.21428571428571,31.126131057739258,61773
NO3_misfit,year,A,-122.4219971,47.5703011,8.558967590332031,8.427207,6.338851,19.0,27.55896759033203,61774
NO3_misfit,year,A,-122.4219971,47.5703011,7.780793326241632,7.2222853,5.729288,20.21428571428571,27.995079040527344,61775
NO3_misfit,year,A,-122.4219971,47.5703011,11.201984133039202,8.491697,6.371476,15.071428571428571,26.273412704467773,61776
NO3_misfit,year,A,-122.3880005,47.7126999,0.9901044028145911,1.4438055,2.8059905,28.571428571428573,29.561532974243164,61778
NO3_misfit,year,A,-122.3880005,47.7126999,1.7143200465611024,1.8182523,2.995421,28.28571428571429,30.00003433227539,61779
NO3_misfit,year,A,-122.3880005,47.7126999,1.8426238468715113,2.118025,3.147074,28.214285714285715,30.056909561157227,61780
NO3_misfit,year,A,-122.3880005,47.7126999,2.6170073917933863,1.9811076,3.0778084,27.214285714285715,29.8312931060791,61781
NO3_misfit,year,A,-122.3880005,47.7126999,0.6261316026960095,-0.7142219,1.7142575,25.357142857142858,25.983274459838867,61782
NO3_misfit,year,A,-122.4219971,47.5703011,1.8419399261474574,2.487786,3.3341339,28.000000000000004,29.84193992614746,61783
NO3_misfit,year,A,-122.4219971,47.5703011,1.7490406036376918,2.2963662,3.2372956,28.000000000000004,29.749040603637695,61784
NO3_misfit,year,A,-122.4219971,47.5703011,2.23383603777204,2.4078293,3.2936842,27.28571428571429,29.519550323486328,61785
NO3_misfit,year,A,-122.4219971,47.5703011,0.26522472926548346,0.49663243,2.3268213,26.92857142857143,27.193796157836914,61786
NO3_misfit,year,A,-122.296435,47.51108,-1.6450492313929956,1.9534246,3.0638037,22.285714285714285,20.64066505432129,61787
NO3_misfit,year,A,-122.45722,47.376111,6.710100173950195,8.163861,6.2056255,18.0,24.710100173950195,61788
NO3_misfit,year,A,-122.4280014,47.7439995,1.9974365234375,0.6579971,2.4084547,25.5,27.4974365234375,61790
NO3_misfit,year,A,-122.4280014,47.7439995,-0.060092108590264814,0.5761644,2.3670561,27.78571428571429,27.725622177124023,61791
NO3_misfit,year,A,-122.4280014,47.7439995,0.5069907052176319,0.48648804,2.3216894,27.92857142857143,28.435562133789062,61792
NO3_misfit,year,A,-122.4280014,47.7439995,0.5514090401785694,0.60847753,2.383403,27.92857142857143,28.47998046875,61793
NO3_misfit,year,A,-122.4280014,47.7439995,-0.4893602643694237,1.157315,2.6610565,28.85714285714286,28.367782592773438,61794
NO3_misfit,year,A,-122.4280014,47.7439995,-0.21802847726004515,1.320712,2.7437181,28.357142857142858,28.139114379882812,61795
NO3_misfit,year,A,-122.4280014,47.7439995,-1.8353339603969054,-1.5095615,1.3118999,28.28571428571429,26.450380325317383,61796
NO3_misfit,year,A,-122.45722,47.376111,5.321379797799246,5.0906057,4.6508846,22.214285714285715,27.53566551208496,61798
NO3_misfit,year,A,-122.45722,47.376111,20.833351407732284,11.384493,7.8349237,1.9285714285714286,22.76192283630371,61799
NO3_misfit,year,A,-122.4469986,47.6605988,-0.21964972359793578,0.9293649,2.545738,29.357142857142858,29.137493133544922,61800
NO3_misfit,year,A,-122.4469986,47.6605988,0.7947150639125269,1.5116544,2.8403149,29.714285714285715,30.509000778198242,61801
NO3_misfit,year,A,-122.4469986,47.6605988,1.5041885375976562,1.5495044,2.8594627,29.5,31.004188537597656,61802
NO3_misfit,year,A,-122.4469986,47.6605988,1.5280701773507275,1.8981549,3.035843,29.57142857142857,31.099498748779297,61803
NO3_misfit,year,A,-122.4469986,47.6605988,1.5569806780133923,1.9960405,3.085363,29.357142857142858,30.91412353515625,61805
NO3_misfit,year,A,-122.4179993,47.777401,2.2986785343715113,1.7379766,2.9548097,27.214285714285715,29.512964248657227,61806
NO3_misfit,year,A,-122.4179993,47.777401,0.09805951799664925,1.1878626,2.6765106,28.28571428571429,28.383773803710938,61807
NO3_misfit,year,A,-122.4179993,47.777401,1.4958752223423524,1.2295744,2.6976123,27.78571428571429,29.28158950805664,61808
NO3_misfit,year,A,-122.4179993,47.777401,2.233702523367743,1.640234,2.9053624,27.78571428571429,30.01941680908203,61809
NO3_misfit,year,A,-122.4179993,47.777401,2.2952946254185242,1.8862894,3.0298405,27.78571428571429,30.081008911132812,61810
NO3_misfit,year,A,-122.4179993,47.777401,2.306541715349468,1.9657931,3.0700607,27.42857142857143,29.7351131439209,61811
NO3_misfit,year,A,-122.4179993,47.777401,-0.27667345319475345,0.687362,2.4233103,24.785714285714285,24.50904083251953,61813
NO3_misfit,year,A,-122.4219971,47.5703011,0.9712009429931605,1.9055634,3.0395908,28.000000000000004,28.971200942993164,61814
NO3_misfit,year,A,-122.4219971,47.5703011,0.5525627136230433,1.5229082,2.846008,28.000000000000004,28.552562713623047,61815
NO3_misfit,year,A,-122.4219971,47.5703011,0.4513996669224305,1.5703851,2.8700264,27.78571428571429,28.23711395263672,61816
NO3_misfit,year,A,-122.4219971,47.5703011,-0.16825539725167715,0.52845037,2.342918,27.642857142857146,27.47460174560547,61817
NO3_misfit,year,A,-122.387001,47.3586006,2.163549968174525,1.6702367,2.9205406,27.357142857142858,29.520692825317383,61818
NO3_misfit,year,A,-122.387001,47.3586006,3.1056466783796033,1.6217418,2.8960073,27.857142857142858,30.96278953552246,61819
NO3_misfit,year,A,-122.387001,47.3586006,1.8980159759521449,1.3743106,2.7708335,29.000000000000004,30.89801597595215,61820
NO3_misfit,year,A,-122.387001,47.3586006,1.5724034990583142,1.5956942,2.8828301,29.357142857142858,30.929546356201172,61821
NO3_misfit,year,A,-122.387001,47.3586006,1.8604995182582336,1.7232094,2.947339,29.21428571428571,31.074785232543945,61822
NO3_misfit,year,A,-122.387001,47.3586006,1.7925477709089002,2.1473444,3.1619065,29.357142857142858,31.149690628051758,61823
NO3_misfit,year,A,-122.387001,47.3586006,2.0387930188860217,2.6738548,3.428265,29.142857142857142,31.181650161743164,61825
NO3_misfit,year,A,-122.4469986,47.6605988,4.113474164690288,4.9396596,4.574522,23.92857142857143,28.04204559326172,61828
NO3_misfit,year,A,-122.4469986,47.6605988,4.46102442060198,4.4341574,4.3187914,23.714285714285715,28.175310134887695,61829
NO3_misfit,year,A,-122.4469986,47.6605988,4.318826130458284,6.3930926,5.309805,23.642857142857146,27.96168327331543,61830
NO3_misfit,year,A,-122.4469986,47.6605988,6.152576446533203,6.789492,5.5103407,21.0,27.152576446533203,61831
NO3_misfit,year,A,-122.3440018,47.5769997,1.9435877118791822,1.7221133,2.9467845,27.642857142857146,29.586444854736328,61834
NO3_misfit,year,A,-122.3440018,47.5769997,-0.7513471330915209,-1.2783782,1.4288542,28.142857142857146,27.391510009765625,61835
NO3_misfit,year,A,-122.4329987,47.5332985,0.3394565582275355,1.4989741,2.8339,28.250000000000004,28.58945655822754,61836
NO3_misfit,year,A,-122.4329987,47.5332985,0.6777994973318897,1.3543909,2.760756,28.42857142857143,29.10637092590332,61837
NO3_misfit,year,A,-122.4329987,47.5332985,1.7935771942138636,2.0923607,3.1340904,28.000000000000004,29.793577194213867,61838
NO3_misfit,year,A,-122.4329987,47.5332985,2.125428063528876,2.7105,3.4468036,27.78571428571429,29.911142349243164,61839
NO3_misfit,year,A,-122.4329987,47.5332985,1.9771368844168506,2.5374868,3.3592772,27.92857142857143,29.90570831298828,61840
NO3_misfit,year,A,-122.4329987,47.5332985,2.070361546107698,2.3783095,3.2787504,27.642857142857146,29.713218688964844,61841
NO3_misfit,year,A,-122.4329987,47.5332985,1.2819151197160998,0.9246282,2.5433419,26.642857142857142,27.924772262573242,61843
NO3_misfit,year,A,-122.3570023,47.6035995,1.9327948434012256,1.4702482,2.8193676,28.92857142857143,30.861366271972656,61844
NO3_misfit,year,A,-122.3570023,47.6035995,1.252878189086914,1.3995365,2.783595,29.5,30.752878189086914,61845
NO3_misfit,year,A,-122.3570023,47.6035995,0.7112996237618567,1.3159577,2.741313,30.071428571428573,30.78272819519043,61846
NO3_misfit,year,A,-122.3570023,47.6035995,0.848056520734513,1.2668241,2.7164567,30.071428571428573,30.919485092163086,61847
NO3_misfit,year,A,-122.3570023,47.6035995,0.7999940599714002,1.1599945,2.6624122,30.357142857142858,31.157136917114258,61848
NO3_misfit,year,A,-122.3570023,47.6035995,0.6662878308977405,1.510117,2.8395371,30.142857142857142,30.809144973754883,61850
NO3_misfit,year,A,-122.3980026,47.5247993,0.06827899387904424,1.5657734,2.8676932,28.071428571428573,28.139707565307617,61851
NO3_misfit,year,A,-122.3980026,47.5247993,-2.610322134835382,-1.3686208,1.383201,27.78571428571429,25.175392150878906,61852
NO3_misfit,year,A,-122.4329987,47.5332985,0.07387597220284547,1.4244871,2.7962174,27.857142857142858,27.931018829345703,61853
NO3_misfit,year,A,-122.4329987,47.5332985,1.1420691353934131,1.5276276,2.8483956,28.42857142857143,29.570640563964844,61854
NO3_misfit,year,A,-122.4329987,47.5332985,1.874916621616908,1.4657506,2.8170924,28.357142857142858,30.232059478759766,61855
NO3_misfit,year,A,-122.4329987,47.5332985,2.367307118007112,2.0068884,3.0908508,28.642857142857146,31.010164260864258,61856
NO3_misfit,year,A,-122.4329987,47.5332985,2.1736624581473194,2.0927587,3.134292,28.92857142857143,31.10223388671875,61857
NO3_misfit,year,A,-122.4329987,47.5332985,2.506558826991487,2.3072424,3.2427979,28.642857142857146,31.149415969848633,61858
NO3_misfit,year,A,-122.4329987,47.5332985,2.3568981715611024,2.2392528,3.2084024,28.78571428571429,31.14261245727539,61860
NO3_misfit,year,A,-122.4469986,47.6605988,2.6772466387067517,1.7251022,2.9482968,27.357142857142858,30.03438949584961,61863
NO3_misfit,year,A,-122.4469986,47.6605988,2.713004793439591,2.2451203,3.2113707,27.571428571428573,30.284433364868164,61864
NO3_misfit,year,A,-122.4469986,47.6605988,2.8185789925711475,2.4186196,3.2991428,27.42857142857143,30.247150421142578,61865
NO3_misfit,year,A,-122.4469986,47.6605988,2.6973345620291553,2.1229854,3.1495833,27.42857142857143,30.125905990600586,61866
NO3_misfit,year,A,-122.4469986,47.6605988,1.896556036812921,0.23358765,2.1937485,24.71428571428571,26.610841751098633,61868
NO3_misfit,year,A,-122.3880005,47.7126999,-0.7590236663818395,-0.007790496,2.071637,29.000000000000004,28.240976333618164,61869
NO3_misfit,year,A,-122.3880005,47.7126999,-0.5746876852852978,0.3428953,2.2490466,28.92857142857143,28.353883743286133,61870
NO3_misfit,year,A,-122.3880005,47.7126999,-0.4173611232212622,1.1684494,2.6666894,28.714285714285715,28.296924591064453,61871
NO3_misfit,year,A,-122.3880005,47.7126999,-0.6168654305594323,0.9294779,2.5457952,28.571428571428573,27.95456314086914,61872
NO3_misfit,year,A,-122.3880005,47.7126999,-1.7840824127197301,-0.9944467,1.5724934,28.500000000000004,26.715917587280273,61873
NO3_misfit,year,A,-122.3980026,47.5247993,1.4868431091308558,2.7221377,3.452691,28.000000000000004,29.48684310913086,61874
NO3_misfit,year,A,-122.3980026,47.5247993,0.8776978084019227,1.7459354,2.958836,27.78571428571429,28.66341209411621,61875
NO3_misfit,year,A,-122.406117,47.5371639,14.388971873692103,8.496001,6.3736534,13.357142857142858,27.74611473083496,61876
NO3_misfit,year,A,-122.406117,47.5371639,15.73265222821917,10.061755,7.165759,5.564285714285714,21.296937942504883,61877
NO3_misfit,year,A,-122.4329987,47.4528999,1.7305886404854895,2.1667776,3.1717377,28.071428571428573,29.802017211914062,61878
NO3_misfit,year,A,-122.4329987,47.4528999,2.1891087123325867,2.7029846,3.4430015,27.78571428571429,29.974822998046875,61879
NO3_misfit,year,A,-122.4329987,47.4528999,2.0118086678641163,2.7008688,3.4419312,27.92857142857143,29.940380096435547,61880
NO3_misfit,year,A,-122.4329987,47.4528999,2.285470962524414,2.707643,3.4453583,27.5,29.785470962524414,61881
NO3_misfit,year,A,-122.4329987,47.4528999,1.6480898175920764,2.3344047,3.2565393,27.142857142857142,28.79094696044922,61882
NO3_misfit,year,A,-122.314003,47.5293999,-0.15469769069126826,-1.1312735,1.5032735,27.571428571428573,27.416730880737305,61883
NO3_misfit,year,A,-122.314003,47.5293999,-5.276995250156947,-4.540721,-0.22154522,30.642857142857142,25.365861892700195,61884
NO3_misfit,year,A,-122.4329987,47.5332985,1.2080157143729053,1.222224,2.6938937,26.42857142857143,27.636587142944336,61885
NO3_misfit,year,A,-122.4329987,47.5332985,0.8306557791573645,1.2223142,2.6939392,28.071428571428573,28.902084350585938,61886
NO3_misfit,year,A,-122.4329987,47.5332985,1.0966055733816944,1.0382848,2.60084,27.92857142857143,29.025177001953125,61887
NO3_misfit,year,A,-122.4329987,47.5332985,1.4437495640345972,1.4640788,2.8162465,27.714285714285715,29.158035278320312,61888
NO3_misfit,year,A,-122.4329987,47.5332985,1.5304143088204505,2.1338494,3.1550794,27.571428571428573,29.101842880249023,61889
NO3_misfit,year,A,-122.4329987,47.5332985,0.9555195399693055,2.056756,3.1160784,27.78571428571429,28.741233825683594,61890
NO3_misfit,year,A,-122.4329987,47.5332985,-0.26871463230678216,0.43978915,2.2980647,27.42857142857143,27.15985679626465,61892
NO3_misfit,year,A,-122.3509979,47.5695,1.7440839494977673,1.2107517,2.6880898,27.357142857142858,29.101226806640625,61893
NO3_misfit,year,A,-122.3509979,47.5695,-1.9441089630126989,-1.12681,1.5055317,29.000000000000004,27.055891036987305,61894
NO3_misfit,year,A,-122.4329987,47.4528999,1.6954026903424904,1.6737233,2.9223044,28.85714285714286,30.55254554748535,61896
NO3_misfit,year,A,-122.4329987,47.4528999,1.916278566632954,2.131142,3.15371,29.07142857142857,30.987707138061523,61897
NO3_misfit,year,A,-122.4329987,47.4528999,2.3086403438023133,2.2867777,3.232445,28.78571428571429,31.0943546295166,61898
NO3_misfit,year,A,-122.4329987,47.4528999,1.9755319867815295,2.5935683,3.3876486,29.142857142857142,31.118389129638672,61899
NO3_misfit,year,A,-122.4329987,47.4528999,2.263357707432334,2.7175071,3.4503484,28.85714285714286,31.120500564575195,61900
NO3_misfit,year,A,-122.3880005,47.7126999,3.5490809849330347,4.212058,4.2064323,24.214285714285715,27.76336669921875,61901
NO3_misfit,year,A,-122.3880005,47.7126999,3.8733471461704774,4.176613,4.1885014,23.78571428571429,27.659061431884766,61902
NO3_misfit,year,A,-122.3880005,47.7126999,4.812861033848353,5.0461636,4.6284018,22.357142857142858,27.17000389099121,61903
NO3_misfit,year,A,-122.3880005,47.7126999,5.025196620396205,6.624829,5.4270387,20.357142857142858,25.382339477539062,61904
NO3_misfit,year,A,-122.3880005,47.7126999,15.536711829049246,8.726659,6.490342,1.2142857142857144,16.75099754333496,61905
NO3_misfit,year,A,-122.406117,47.5371639,2.139945983886715,2.1944914,3.1857579,29.000000000000004,31.13994598388672,61906
NO3_misfit,year,A,-122.406117,47.5371639,2.298046838669549,2.2059429,3.1915512,28.80952380952381,31.10757064819336,61907
NO3_misfit,year,A,-122.4260025,47.6012001,6.4378065381731275,5.7201433,4.969364,23.142857142857146,29.580663681030273,61908
NO3_misfit,year,A,-122.4260025,47.6012001,5.317105701991487,4.9878798,4.598916,23.642857142857146,28.959962844848633,61909
NO3_misfit,year,A,-122.4260025,47.6012001,4.703446252005438,4.266129,4.2337866,23.78571428571429,28.489160537719727,61910
NO3_misfit,year,A,-122.4260025,47.6012001,7.413133893694198,6.503177,5.3654957,20.428571428571427,27.841705322265625,61911
NO3_misfit,year,A,-122.4260025,47.6012001,6.579104832240514,4.6188865,4.412245,21.642857142857142,28.221961975097656,61912
NO3_misfit,year,A,-122.4260025,47.6012001,9.635795048304967,6.929996,5.581421,17.142857142857142,26.77865219116211,61913
NO3_misfit,year,A,-122.4260025,47.6012001,11.716188376290457,10.59847,7.4372797,5.414285714285715,17.130474090576172,61915
NO3_misfit,year,A,-122.387001,47.3586006,6.11941473824637,5.171591,4.6918545,23.642857142857146,29.762271881103516,61916
NO3_misfit,year,A,-122.387001,47.3586006,6.1606715066092335,4.5044203,4.3543367,22.92857142857143,29.089242935180664,61917
NO3_misfit,year,A,-122.387001,47.3586006,6.211931228637695,4.6869025,4.4466534,22.5,28.711931228637695,61918
NO3_misfit,year,A,-122.387001,47.3586006,8.959541593279155,6.260805,5.2428813,19.42857142857143,28.388113021850586,61919
NO3_misfit,year,A,-122.387001,47.3586006,8.99679810660226,8.617073,6.434903,18.857142857142858,27.853940963745117,61920
NO3_misfit,year,A,-122.387001,47.3586006,10.01617840358189,9.70951,6.9875603,16.42857142857143,26.44474983215332,61921
NO3_misfit,year,A,-122.4329987,47.4528999,5.1363536289760034,5.4244704,4.8197846,23.214285714285715,28.35063934326172,61924
NO3_misfit,year,A,-122.4329987,47.4528999,7.568113871983119,6.012826,5.11743,20.857142857142858,28.425256729125977,61925
NO3_misfit,year,A,-122.4329987,47.4528999,8.086705344063898,7.409633,5.8240666,20.21428571428571,28.30099105834961,61926
NO3_misfit,year,A,-122.4329987,47.4528999,7.487794331141881,9.090968,6.6746435,20.142857142857142,27.630651473999023,61927
NO3_misfit,year,A,-122.4329987,47.4528999,0.44137273515973696,8.046543,6.1462755,13.285714285714286,13.727087020874023,61928
NO3_misfit,year,A,-122.4179993,47.777401,-5.520970753261018,0.24826749,2.201175,33.857142857142854,28.336172103881836,61929
NO3_misfit,year,A,-122.4179993,47.777401,1.0920982360839844,0.31623712,2.2355604,27.0,28.092098236083984,61930
NO3_misfit,year,A,-122.4179993,47.777401,-0.333466666085382,-0.0112000285,2.069912,28.78571428571429,28.452247619628906,61931
NO3_misfit,year,A,-122.4179993,47.777401,-0.2675579616001684,1.022967,2.5930908,28.714285714285715,28.446727752685547,61932
NO3_misfit,year,A,-122.4179993,47.777401,-0.29342978341239245,0.30405533,2.2293978,28.85714285714286,28.56371307373047,61933
NO3_misfit,year,A,-122.4179993,47.777401,-0.6142490931919653,1.0906087,2.6273103,28.714285714285715,28.10003662109375,61934
NO3_misfit,year,A,-122.4179993,47.777401,-1.2824159349714037,-0.8024786,1.6696088,28.142857142857146,26.860441207885742,61935
NO3_misfit,year,A,-122.3880005,47.7126999,-0.9079603467668811,0.104840666,2.1286163,29.857142857142858,28.949182510375977,61939
NO3_misfit,year,A,-122.3880005,47.7126999,0.00019373212541751172,0.8621469,2.5117328,30.214285714285715,30.214479446411133,61940
NO3_misfit,year,A,-122.3880005,47.7126999,0.7235472542899011,1.0669315,2.6153321,29.928571428571427,30.652118682861328,61941
NO3_misfit,year,A,-122.3880005,47.7126999,1.0530937739780981,1.3381078,2.7525187,29.785714285714285,30.838808059692383,61942
NO3_misfit,year,A,-122.3880005,47.7126999,1.160800388881139,1.5919871,2.8809547,29.642857142857142,30.80365753173828,61943
NO3_misfit,year,A,-122.4260025,47.6012001,0.6830169132777613,1.2745184,2.720349,27.714285714285715,28.397302627563477,61944
NO3_misfit,year,A,-122.4260025,47.6012001,0.45276178632463626,0.7624736,2.4613087,28.214285714285715,28.66704750061035,61945
NO3_misfit,year,A,-122.4260025,47.6012001,0.6315967014857726,1.2182719,2.6918943,29.21428571428571,29.845882415771484,61946
NO3_misfit,year,A,-122.4260025,47.6012001,1.5399382455008386,1.937374,3.0556836,29.428571428571427,30.968509674072266,61947
NO3_misfit,year,A,-122.4260025,47.6012001,1.7442864009312231,2.10326,3.1396046,29.285714285714285,31.030000686645508,61948
NO3_misfit,year,A,-122.4260025,47.6012001,1.7914131709507544,2.1824858,3.1796842,29.285714285714285,31.07712745666504,61949
NO3_misfit,year,A,-122.4260025,47.6012001,1.6836615971156554,2.3995388,3.2894902,29.21428571428571,30.897947311401367,61951
NO3_misfit,year,A,-122.387001,47.3586006,1.4336057390485486,1.0846716,2.6243067,27.357142857142858,28.790748596191406,61952
NO3_misfit,year,A,-122.387001,47.3586006,0.7868995666503871,1.0488354,2.6061773,28.500000000000004,29.28689956665039,61953
NO3_misfit,year,A,-122.387001,47.3586006,1.9005353110177161,1.6058532,2.8879695,28.071428571428573,29.97196388244629,61954
NO3_misfit,year,A,-122.387001,47.3586006,2.300716945103236,2.4175456,3.2985997,27.857142857142858,30.157859802246094,61955
NO3_misfit,year,A,-122.387001,47.3586006,1.4871444702148402,3.3635159,3.7771602,28.000000000000004,29.487144470214844,61956
NO3_misfit,year,A,-122.387001,47.3586006,2.0739656175885877,2.4792404,3.3298106,27.857142857142858,29.931108474731445,61957
NO3_misfit,year,A,-122.387001,47.3586006,0.6441563197544617,1.9809365,3.0777216,27.28571428571429,27.92987060546875,61959
NO3_misfit,year,A,-122.4329987,47.5332985,6.41279111589704,5.8106694,5.0151606,23.03571428571429,29.448505401611328,61960
NO3_misfit,year,A,-122.4329987,47.5332985,5.718705858503068,5.61359,4.915459,22.571428571428573,28.29013442993164,61961
NO3_misfit,year,A,-122.4329987,47.5332985,6.377205984933035,5.645455,4.9315796,21.714285714285715,28.09149169921875,61962
NO3_misfit,year,A,-122.4329987,47.5332985,6.971587589808873,6.743084,5.486863,21.142857142857142,28.114444732666016,61963
NO3_misfit,year,A,-122.4329987,47.5332985,10.082908902849468,7.718392,5.9802656,17.92857142857143,28.0114803314209,61964
NO3_misfit,year,A,-122.4329987,47.5332985,10.001877103533065,9.558291,6.9110594,16.928571428571427,26.930448532104492,61965
NO3_misfit,year,A,-122.4329987,47.5332985,14.410177830287388,9.379053,6.820384,6.942857142857143,21.35303497314453,61967
NO3_misfit,year,A,-122.406117,47.5371639,0.2411752428327283,0.8439417,2.502523,27.857142857142858,28.098318099975586,61968
NO3_misfit,year,A,-122.3570023,47.6035995,-0.5782315390450599,0.78672266,2.4735763,30.428571428571427,29.850339889526367,61969
NO3_misfit,year,A,-122.3570023,47.6035995,-0.6587311880929114,0.99968815,2.581314,30.428571428571427,29.769840240478516,61970
NO3_misfit,year,A,-122.3570023,47.6035995,0.1301130567278186,1.6129904,2.89158,29.142857142857142,29.27297019958496,61971
NO3_misfit,year,A,-122.3570023,47.6035995,-0.46872275216239245,0.90173894,2.5317621,28.85714285714286,28.38842010498047,61972
NO3_misfit,year,A,-122.3570023,47.6035995,-0.6802899496895947,0.6022918,2.3802738,28.42857142857143,27.748281478881836,61973
NO3_misfit,year,A,-122.3570023,47.6035995,-4.6076553889683325,-2.9697382,0.57320535,28.214285714285715,23.606630325317383,61975
NO3_misfit,year,A,-122.3980026,47.5247993,11.915640694754464,10.5275545,7.4014044,15.285714285714286,27.20135498046875,61976
NO3_misfit,year,A,-122.3980026,47.5247993,6.7883426121303,8.722537,6.4882565,13.214285714285715,20.002628326416016,61977
NO3_misfit,year,A,-122.4469986,47.6605988,-0.2525659288678881,0.3386632,2.2469056,28.642857142857146,28.390291213989258,61978
NO3_misfit,year,A,-122.4469986,47.6605988,0.27797589983258675,1.2573507,2.7116642,28.28571428571429,28.563690185546875,61979
NO3_misfit,year,A,-122.4469986,47.6605988,0.7900118146623853,1.5842514,2.877041,27.642857142857146,28.43286895751953,61980
NO3_misfit,year,A,-122.4469986,47.6605988,-0.3064910343715148,1.4292746,2.7986393,28.28571428571429,27.979223251342773,61981
NO3_misfit,year,A,-122.4469986,47.6605988,-2.1065679277692553,-1.5170442,1.3081145,28.142857142857146,26.03628921508789,61983
NO3_misfit,year,A,-122.4260025,47.6012001,1.5928342001778724,1.303218,2.734868,26.571428571428573,28.164262771606445,61984
NO3_misfit,year,A,-122.4260025,47.6012001,0.5645514896937769,1.2092979,2.6873546,28.214285714285715,28.778837203979492,61985
NO3_misfit,year,A,-122.4260025,47.6012001,0.7947630201067213,1.1721002,2.6685364,28.142857142857146,28.937620162963867,61986
NO3_misfit,year,A,-122.4260025,47.6012001,1.1815041133335633,1.4425217,2.805341,27.78571428571429,28.96721839904785,61987
NO3_misfit,year,A,-122.4260025,47.6012001,1.4025423867361866,2.1269872,3.151608,27.42857142857143,28.831113815307617,61988
NO3_misfit,year,A,-122.4260025,47.6012001,0.2546065194266163,1.4999272,2.834382,27.92857142857143,28.183177947998047,61989
NO3_misfit,year,A,-122.4260025,47.6012001,-1.789095469883513,-1.4683387,1.3327544,27.642857142857146,25.853761672973633,61991
NO3_misfit,year,A,-122.4179993,47.777401,-3.6236253465924975,0.5495635,2.3535988,32.142857142857146,28.51923179626465,61992
NO3_misfit,year,A,-122.4179993,47.777401,-0.14868463788713981,0.21991391,2.186831,28.28571428571429,28.13702964782715,61993
NO3_misfit,year,A,-122.4179993,47.777401,0.01706477573939935,0.16666411,2.1598923,29.07142857142857,29.08849334716797,61994
NO3_misfit,year,A,-122.4179993,47.777401,1.336291994367329,1.1180166,2.6411757,29.07142857142857,30.4077205657959,61995
NO3_misfit,year,A,-122.4179993,47.777401,1.5077100481305798,1.4019912,2.7848368,29.357142857142858,30.864852905273438,61996
NO3_misfit,year,A,-122.4179993,47.777401,1.5548041207449792,1.5797344,2.874756,29.428571428571427,30.983375549316406,61998
NO3_misfit,year,A,-122.4179993,47.777401,1.0112966809953967,1.9006324,3.0370965,29.642857142857142,30.65415382385254,61999
NO3_misfit,year,A,-122.655,48.237,1.456493650163921,2.926355,3.556003,27.92857142857143,29.38506507873535,62002
NO3_misfit,year,A,-122.655,48.237,12.389062445504326,9.064679,6.6613445,5.564285714285714,17.95334815979004,62004
NO3_misfit,year,A,-122.42,48.175,2.960555212838308,2.5433397,3.3622382,26.214285714285715,29.174840927124023,62005
NO3_misfit,year,A,-122.42,48.175,3.085247039794922,3.8928266,4.044935,25.0,28.085247039794922,62006
NO3_misfit,year,A,-122.42,48.175,5.377747126988002,5.3985085,4.806651,21.857142857142858,27.23488998413086,62007
NO3_misfit,year,A,-122.655,48.237,-0.8198329380580347,1.1391759,2.6518803,30.785714285714285,29.96588134765625,62008
NO3_misfit,year,A,-122.655,48.237,-6.252192905970983,2.6540651,3.4182534,27.357142857142858,21.104949951171875,62009
NO3_misfit,year,A,-122.655,48.237,13.404445375714982,9.53876,6.9011793,6.071428571428572,19.475873947143555,62010
NO3_misfit,year,A,-122.369,48.044,1.7447079249790711,1.5091516,2.8390486,29.28571428571429,31.03042221069336,62011
NO3_misfit,year,A,-122.369,48.044,6.927925927298411,5.896035,5.0583467,20.285714285714285,27.213640213012695,62012
NO3_misfit,year,A,-122.369,48.044,12.660978044782365,8.184121,6.2158756,14.071428571428573,26.732406616210938,62013
NO3_misfit,year,A,-122.655,48.237,1.0451387677873853,0.5529548,2.3553145,28.642857142857146,29.68799591064453,62014
NO3_misfit,year,A,-122.655,48.237,-4.59711728777204,0.29645374,2.225552,24.71428571428571,20.117168426513672,62015
NO3_misfit,year,A,-122.655,48.237,2.7907336098807196,6.0170007,5.119542,15.428571428571429,18.21930503845215,62016
NO3_misfit,year,A,-122.72,48.2249,1.3158354078020338,2.959523,3.5727828,28.142857142857146,29.45869255065918,62017
NO3_misfit,year,A,-122.72,48.2249,4.011243547712052,3.9882455,4.0932074,23.571428571428573,27.582672119140625,62018
NO3_misfit,year,A,-122.72,48.2249,9.508232934134345,6.9934626,5.6135283,16.28571428571429,25.793947219848633,62019
NO3_misfit,year,A,-122.369,48.044,0.7016944885253906,2.8512702,3.5180182,29.75,30.45169448852539,62020
NO3_misfit,year,A,-122.369,48.044,15.491825376238141,12.547823,8.423446,2.428571428571429,17.92039680480957,62021
NO3_misfit,year,A,-122.72,48.2249,-2.4627674647739966,1.1025187,2.6333356,28.214285714285715,25.75151824951172,62023
NO3_misfit,year,A,-122.72,48.2249,-3.7164467402866883,2.051204,3.1132698,24.71428571428571,20.997838973999023,62024
NO3_misfit,year,A,-122.72,48.2249,6.795782361711774,6.9366417,5.584783,12.428571428571429,19.224353790283203,62025
NO3_misfit,year,A,-122.42,48.175,7.552827290126254,7.811354,6.0272946,14.142857142857144,21.6956844329834,62026
NO3_misfit,year,A,-122.42,48.175,8.748007365635463,6.1916804,5.2079115,16.357142857142858,25.10515022277832,62027
NO3_misfit,year,A,-122.42,48.175,6.981756101335797,9.262799,6.761572,3.3285714285714287,10.310327529907227,62028
NO3_misfit,year,A,-122.655,48.237,1.0383774893624462,0.9997927,2.581367,29.57142857142857,30.609806060791016,62029
NO3_misfit,year,A,-122.655,48.237,6.407941000802175,7.148084,5.6917505,19.214285714285715,25.62222671508789,62030
NO3_misfit,year,A,-122.655,48.237,3.289329256330216,4.589297,4.3972754,24.071428571428573,27.36075782775879,62031
NO3_misfit,year,A,-122.42,48.175,3.787442616053987,1.6629201,2.9168391,24.142857142857146,27.930299758911133,62032
NO3_misfit,year,A,-122.42,48.175,0.6298057011195581,2.1231468,3.149665,23.714285714285715,24.344091415405273,62033
NO3_misfit,year,A,-122.42,48.175,11.964855739048549,9.636444,6.950597,2.357142857142857,14.321998596191406,62034
NO3_misfit,year,A,-122.72,48.2249,-2.176858901977539,0.18986261,2.1716282,27.5,25.32314109802246,62035
NO3_misfit,year,A,-122.72,48.2249,-5.575999668666295,-0.15491344,1.9972082,25.857142857142858,20.281143188476562,62036
NO3_misfit,year,A,-122.72,48.2249,10.267953055245535,8.386952,6.318486,7.714285714285714,17.98223876953125,62037
NO3_misfit,year,A,-122.42,48.175,2.652236665998185,5.8743763,5.047389,20.071428571428573,22.723665237426758,62038
NO3_misfit,year,A,-122.42,48.175,-0.7153723580496667,2.054133,3.1147513,28.571428571428573,27.856056213378906,62039
NO3_misfit,year,A,-122.42,48.175,8.843566622052874,11.358728,7.82189,9.071428571428571,17.914995193481445,62040
NO3_misfit,year,A,-122.72,48.2249,0.18519973754882812,4.620367,4.4129934,22.5,22.685199737548828,62041
NO3_misfit,year,A,-122.72,48.2249,2.5386221749441944,8.708032,6.480919,14.42857142857143,16.967193603515625,62042
NO3_misfit,year,A,-122.72,48.2249,-1.0381407056535998,3.6238887,3.9088812,20.857142857142858,19.819002151489258,62043
NO3_misfit,year,A,-122.369,48.044,1.830502101353236,0.7369273,2.448385,27.857142857142858,29.687644958496094,62044
NO3_misfit,year,A,-122.369,48.044,14.468671635219028,6.0540376,5.138279,6.492857142857143,20.961528778076172,62045
NO3_misfit,year,A,-122.369,48.044,0.23203195844378044,0.866349,2.5138588,29.21428571428571,29.446317672729492,62047
NO3_misfit,year,A,-122.369,48.044,19.914170728410994,8.918718,6.5875034,3.728571428571429,23.642742156982422,62048
NO3_misfit,year,A,-122.369,48.044,18.892332458496092,11.191477,7.737278,3.6,22.492332458496094,62049
NO3_misfit,year,A,-122.387001,47.3586006,4.530650002615793,5.6902127,4.954222,25.285714285714285,29.816364288330078,62050
NO3_misfit,year,A,-122.387001,47.3586006,5.676982334681917,5.5491586,4.882864,23.642857142857146,29.319839477539062,62051
NO3_misfit,year,A,-122.387001,47.3586006,9.520133427211217,6.8026657,5.5170054,18.642857142857142,28.16299057006836,62052
NO3_misfit,year,A,-122.387001,47.3586006,10.160787309919083,8.097274,6.17194,17.071428571428573,27.232215881347656,62053
NO3_misfit,year,A,-122.387001,47.3586006,12.675524847848074,9.306239,6.7835484,13.214285714285715,25.88981056213379,62054
NO3_misfit,year,A,-122.387001,47.3586006,14.179459708077566,10.942102,7.611121,8.214285714285715,22.39374542236328,62056
NO3_misfit,year,A,-122.387001,47.3586006,10.021192686898369,7.7117033,5.976882,0.7142857142857143,10.735478401184082,62057
NO3_misfit,year,A,-122.4469986,47.6605988,8.792292458670477,7.679993,5.96084,18.28571428571429,27.078006744384766,62058
NO3_misfit,year,A,-122.4469986,47.6605988,10.886913027082171,9.445297,6.853897,15.571428571428571,26.458341598510742,62059
NO3_misfit,year,A,-122.4469986,47.6605988,11.262951169695173,8.72511,6.489558,15.928571428571429,27.1915225982666,62060
NO3_misfit,year,A,-122.4469986,47.6605988,13.537828990391322,10.134848,7.202736,11.857142857142858,25.39497184753418,62061
NO3_misfit,year,A,-122.4329987,47.4528999,8.353205544607977,7.863117,6.053481,19.28571428571429,27.638919830322266,62064
NO3_misfit,year,A,-122.4329987,47.4528999,11.216863632202148,8.683637,6.4685774,16.0,27.21686363220215,62065
NO3_misfit,year,A,-122.4329987,47.4528999,11.211931228637695,9.130472,6.6946287,15.5,26.711931228637695,62066
NO3_misfit,year,A,-122.4329987,47.4528999,9.339441571916852,10.223162,7.2474136,13.928571428571429,23.26801300048828,62067
NO3_misfit,year,A,-122.4329987,47.4528999,8.738384437561034,6.920772,5.5767546,3.0500000000000003,11.788384437561035,62068
NO3_misfit,year,A,-122.3880005,47.7126999,7.439207349504741,6.9188385,5.5757766,19.42857142857143,26.867778778076172,62069
NO3_misfit,year,A,-122.3880005,47.7126999,8.130248478480748,7.9158807,6.0801744,18.642857142857142,26.77310562133789,62070
NO3_misfit,year,A,-122.3880005,47.7126999,8.35857936314174,8.780837,6.5177507,18.071428571428573,26.430007934570312,62071
NO3_misfit,year,A,-122.3880005,47.7126999,10.9212897164481,9.866374,7.0669165,14.42857142857143,25.34986114501953,62072
NO3_misfit,year,A,-122.3880005,47.7126999,10.109854888916015,9.704769,6.985162,6.05,16.159854888916016,62073
NO3_misfit,year,A,-122.4179993,47.777401,6.778332574026923,6.847114,5.5394917,23.78571428571429,30.56404685974121,62074
NO3_misfit,year,A,-122.4179993,47.777401,7.115295137677872,7.1092544,5.6721067,19.071428571428573,26.186723709106445,62075
NO3_misfit,year,A,-122.4179993,47.777401,6.684238978794642,7.067999,5.6512356,19.357142857142858,26.0413818359375,62076
NO3_misfit,year,A,-122.4179993,47.777401,8.403312138148717,8.192553,6.2201405,18.642857142857142,27.04616928100586,62077
NO3_misfit,year,A,-122.4179993,47.777401,8.498912811279297,8.899788,6.5779266,18.5,26.998912811279297,62078
NO3_misfit,year,A,-122.4179993,47.777401,8.651672908238002,9.898958,7.0834007,17.357142857142858,26.00881576538086,62079
NO3_misfit,year,A,-122.45722,47.376111,1.258659703390939,1.4009824,2.7843266,0.7857142857142857,2.0443739891052246,62082
NO3_misfit,year,A,-122.3880005,47.7126999,8.599532263619558,7.5516458,5.89591,18.214285714285715,26.813817977905273,62084
NO3_misfit,year,A,-122.3880005,47.7126999,7.368576322283065,8.281288,6.265032,17.428571428571427,24.797147750854492,62085
NO3_misfit,year,A,-122.3880005,47.7126999,5.9157292502267005,8.56614,6.409137,17.071428571428573,22.987157821655273,62086
NO3_misfit,year,A,-122.3880005,47.7126999,3.5545212881905677,7.398949,5.8186617,16.571428571428573,20.12594985961914,62087
NO3_misfit,year,A,-122.3880005,47.7126999,2.506285667419432,5.1352954,4.673493,12.000000000000002,14.506285667419434,62088
NO3_misfit,year,A,-122.4179993,47.777401,4.921720777239116,7.642594,5.9419203,23.42857142857143,28.350292205810547,62089
NO3_misfit,year,A,-122.4179993,47.777401,7.279050554547993,7.198928,5.717472,20.57142857142857,27.850479125976562,62090
NO3_misfit,year,A,-122.4179993,47.777401,7.784357343401226,7.850916,6.047309,17.92857142857143,25.712928771972656,62091
NO3_misfit,year,A,-122.4179993,47.777401,6.553107670375276,8.618633,6.435693,16.642857142857146,23.195964813232422,62092
NO3_misfit,year,A,-122.4179993,47.777401,6.523851122174943,8.640067,6.446536,18.071428571428573,24.595279693603516,62093
NO3_misfit,year,A,-122.4179993,47.777401,13.077913011823382,9.01192,6.634654,8.571428571428571,21.649341583251953,62094
NO3_misfit,year,A,-122.4179993,47.777401,7.476357024056571,6.3218575,5.2737675,6.814285714285714,14.290642738342285,62095
NO3_misfit,year,A,-122.387001,47.3586006,3.3454984937395373,5.5972953,4.907216,26.642857142857142,29.98835563659668,62096
NO3_misfit,year,A,-122.387001,47.3586006,6.844458716256277,6.602423,5.415704,22.714285714285715,29.558744430541992,62097
NO3_misfit,year,A,-122.387001,47.3586006,8.09696088518415,8.106623,6.176669,18.28571428571429,26.382675170898438,62098
NO3_misfit,year,A,-122.387001,47.3586006,6.4805322374616345,9.175778,6.7175484,16.357142857142858,22.837675094604492,62099
NO3_misfit,year,A,-122.387001,47.3586006,5.030141830444334,8.357629,6.303652,14.500000000000002,19.530141830444336,62100
NO3_misfit,year,A,-122.387001,47.3586006,6.2507559912545325,7.909981,6.0771894,9.571428571428573,15.822184562683105,62101
NO3_misfit,year,A,-122.387001,47.3586006,2.5597481046404154,4.3314433,4.266829,5.642857142857143,8.202605247497559,62102
NO3_misfit,year,A,-122.3570023,47.6035995,6.402580533708843,6.262765,5.2438726,21.92857142857143,28.331151962280273,62103
NO3_misfit,year,A,-122.3570023,47.6035995,10.373055866786412,7.087199,5.660949,18.142857142857142,28.515913009643555,62104
NO3_misfit,year,A,-122.3570023,47.6035995,10.12862287248884,8.624444,6.438632,16.785714285714285,26.914337158203125,62105
NO3_misfit,year,A,-122.3570023,47.6035995,10.277276992797852,9.243752,6.751936,15.5,25.77727699279785,62106
NO3_misfit,year,A,-122.3570023,47.6035995,12.4438351222447,10.064623,7.1672096,10.285714285714285,22.729549407958984,62107
NO3_misfit,year,A,-122.3570023,47.6035995,13.61032145363944,10.406946,7.3403893,1.142857142857143,14.753178596496582,62109
NO3_misfit,year,A,-122.3980026,47.5247993,17.46609824044364,10.290311,7.2813835,2.142857142857143,19.60895538330078,62110
NO3_misfit,year,A,-122.3980026,47.5247993,12.756169319152832,8.556148,6.4040813,1.0,13.756169319152832,62111
NO3_misfit,year,A,-122.4280014,47.7439995,5.980445861816406,8.299583,6.274287,22.25,28.230445861816406,62112
NO3_misfit,year,A,-122.4280014,47.7439995,10.264992305210658,7.687905,5.964843,17.857142857142858,28.122135162353516,62113
NO3_misfit,year,A,-122.4280014,47.7439995,7.611970356532506,8.220001,6.234027,18.142857142857142,25.75482749938965,62114
NO3_misfit,year,A,-122.4280014,47.7439995,5.062574659075057,8.857366,6.556465,17.428571428571427,22.491146087646484,62115
NO3_misfit,year,A,-122.4280014,47.7439995,5.568559646606445,8.600937,6.4267397,18.5,24.068559646606445,62116
NO3_misfit,year,A,-122.4280014,47.7439995,10.387433733258927,8.203219,6.2255373,9.571428571428573,19.9588623046875,62117
NO3_misfit,year,A,-122.4280014,47.7439995,8.495738683428083,6.348968,5.2874823,4.5285714285714285,13.024310111999512,62118
NO3_misfit,year,A,-122.4329987,47.4528999,6.338786533900667,8.8798065,6.5678186,19.642857142857146,25.981643676757812,62119
NO3_misfit,year,A,-122.4329987,47.4528999,6.224918910435267,9.363137,6.812332,17.357142857142858,23.582061767578125,62120
NO3_misfit,year,A,-122.4329987,47.4528999,5.178824560982839,9.657439,6.961218,16.214285714285715,21.393110275268555,62121
NO3_misfit,year,A,-122.4329987,47.4528999,4.99230330330985,7.8310947,6.037281,11.142857142857142,16.135160446166992,62122
NO3_misfit,year,A,-122.4329987,47.4528999,-1.7211280958993092,0.46513835,2.3108888,6.328571428571428,4.607443332672119,62123
NO3_misfit,year,A,-122.3440018,47.5769997,9.605906622750418,9.986264,7.1275682,13.714285714285715,23.320192337036133,62124
NO3_misfit,year,A,-122.3440018,47.5769997,5.666331699916295,5.0148253,4.612548,10.142857142857142,15.809188842773438,62125
NO3_misfit,year,A,-122.4329987,47.5332985,4.558744430541992,7.532573,5.886261,25.25,29.808744430541992,62126
NO3_misfit,year,A,-122.4329987,47.5332985,7.834186008998326,7.4978957,5.868718,21.142857142857142,28.97704315185547,62127
NO3_misfit,year,A,-122.4329987,47.5332985,9.575989586966376,8.628555,6.440712,16.28571428571429,25.861703872680664,62128
NO3_misfit,year,A,-122.4329987,47.5332985,8.901610238211495,8.871076,6.563401,14.285714285714286,23.18732452392578,62129
NO3_misfit,year,A,-122.4329987,47.5332985,6.82698849269322,8.38047,6.3152075,13.428571428571429,20.25555992126465,62130
NO3_misfit,year,A,-122.4280014,47.7439995,7.400535038539342,7.3463907,5.7920723,21.642857142857142,29.043392181396484,62131
NO3_misfit,year,A,-122.4280014,47.7439995,7.23286574227469,6.92035,5.576541,19.642857142857146,26.875722885131836,62132
NO3_misfit,year,A,-122.4280014,47.7439995,7.0910399300711475,7.2869644,5.762009,19.42857142857143,26.519611358642578,62133
NO3_misfit,year,A,-122.4280014,47.7439995,8.568890980311803,8.6282625,6.440564,18.642857142857142,27.211748123168945,62134
NO3_misfit,year,A,-122.4280014,47.7439995,9.668128422328405,10.066221,7.1680183,15.142857142857142,24.810985565185547,62135
NO3_misfit,year,A,-122.4280014,47.7439995,9.99500983101981,9.071038,6.6645613,17.142857142857142,27.137866973876953,62136
NO3_misfit,year,A,-122.4260025,47.6012001,5.856848308018272,6.9742794,5.6038237,24.35714285714286,30.213991165161133,62139
NO3_misfit,year,A,-122.4260025,47.6012001,7.323213849748882,7.129314,5.682255,21.92857142857143,29.251785278320312,62140
NO3_misfit,year,A,-122.4260025,47.6012001,8.485429491315568,7.9415674,6.093169,19.571428571428573,28.05685806274414,62141
NO3_misfit,year,A,-122.4260025,47.6012001,9.296573093959264,9.081567,6.6698875,17.642857142857142,26.939430236816406,62142
NO3_misfit,year,A,-122.4260025,47.6012001,9.092710767473495,9.936794,7.102542,16.928571428571427,26.021282196044922,62143
NO3_misfit,year,A,-122.4260025,47.6012001,12.514115742274694,10.530101,7.402692,10.642857142857142,23.156972885131836,62144
NO3_misfit,year,A,-122.4260025,47.6012001,10.212819916861397,8.267202,6.257906,1.7857142857142858,11.998534202575684,62145
NO3_misfit,year,A,-122.4219971,47.5703011,11.17385673522949,9.567262,6.915598,14.500000000000002,25.673856735229492,62147
NO3_misfit,year,A,-122.4219971,47.5703011,11.453553336007253,10.293371,7.2829323,13.214285714285715,24.66783905029297,62148
NO3_misfit,year,A,-122.4219971,47.5703011,13.04138265337263,10.914969,7.597395,10.285714285714285,23.327096939086914,62149
NO3_misfit,year,A,-122.4219971,47.5703011,11.506698199680873,8.386734,6.3183756,0.8571428571428572,12.36384105682373,62150
NO3_misfit,year,A,-122.4329987,47.5332985,5.58078166416713,7.102531,5.6687055,24.321428571428573,29.902210235595703,62151
NO3_misfit,year,A,-122.4329987,47.5332985,5.986922672816686,7.404734,5.821588,22.142857142857142,28.129779815673828,62152
NO3_misfit,year,A,-122.4329987,47.5332985,8.229026249476842,8.088713,6.167609,18.642857142857142,26.871883392333984,62153
NO3_misfit,year,A,-122.4329987,47.5332985,8.615996224539622,9.264808,6.7625885,17.785714285714285,26.401710510253906,62154
NO3_misfit,year,A,-122.4329987,47.5332985,8.933620725359237,9.960708,7.1146393,16.928571428571427,25.862192153930664,62155
NO3_misfit,year,A,-122.4329987,47.5332985,9.37501607622419,10.549766,7.4126406,14.285714285714286,23.660730361938477,62156
NO3_misfit,year,A,-122.4329987,47.5332985,6.54910785130092,7.2923636,5.764741,4.721428571428572,11.270536422729492,62157
NO3_misfit,year,A,-122.314003,47.5293999,3.482322420392718,4.875163,4.5418935,13.071428571428571,16.55375099182129,62159
NO3_misfit,year,A,-122.314003,47.5293999,4.503283228193011,5.3879495,4.8013086,11.071428571428571,15.574711799621582,62160
NO3_misfit,year,A,-122.3509979,47.5695,8.675764628819056,10.212611,7.242076,11.357142857142858,20.032907485961914,62161
NO3_misfit,year,A,-122.3509979,47.5695,3.372388158525739,5.4372163,4.826233,10.928571428571429,14.300959587097168,62162
NO3_misfit,year,A,-122.4469986,47.6605988,10.750950404575892,8.994859,6.6260223,16.357142857142858,27.10809326171875,62163
NO3_misfit,year,A,-122.4469986,47.6605988,13.502986635480607,9.843041,7.055113,9.571428571428573,23.07441520690918,62164
NO3_misfit,year,A,-122.4469986,47.6605988,10.966983522687638,9.591528,6.9278736,14.071428571428573,25.03841209411621,62165
NO3_misfit,year,A,-122.4469986,47.6605988,11.589719227382114,9.109066,6.6837997,8.142857142857144,19.732576370239258,62166
NO3_misfit,year,A,-122.4469986,47.6605988,4.115995052882603,4.867693,4.5381145,6.942857142857143,11.058852195739746,62167
NO3_misfit,year,A,-122.369,48.044,2.715800149100165,4.117663,4.158679,28.28571428571429,31.001514434814453,62171
NO3_misfit,year,A,-122.369,48.044,6.748998042515345,4.901515,4.5552244,4.057142857142858,10.806140899658203,62172
NO3_misfit,year,A,-122.369,48.044,0.2743438056537083,0.5964477,2.3773172,0.7142857142857143,0.9886295199394226,62173
NO3_misfit,year,A,-122.72,48.2249,6.240303856985911,7.6265464,5.9338017,17.785714285714285,24.026018142700195,62174
NO3_misfit,year,A,-122.72,48.2249,7.282488686697823,6.5563216,5.3923817,11.285714285714286,18.56820297241211,62175
NO3_misfit,year,A,-122.72,48.2249,13.116667066301618,9.28241,6.771493,1.9285714285714286,15.045238494873047,62176
NO3_misfit,year,A,-122.369,48.044,-0.5739868709019262,3.167603,3.678049,30.714285714285715,30.14029884338379,62177
NO3_misfit,year,A,-122.369,48.044,-0.6454154423304956,3.167603,3.678049,30.785714285714285,30.14029884338379,62178
NO3_misfit,year,A,-122.369,48.044,4.32503959110805,6.0048666,5.1134033,8.071428571428571,12.396468162536621,62179
NO3_misfit,year,A,-122.369,48.044,1.6676718166896274,1.3704075,2.768859,2.9642857142857144,4.631957530975342,62180
NO3_misfit,year,A,-122.42,48.175,16.55599981035505,10.14477,7.207755,5.585714285714286,22.141714096069336,62181
NO3_misfit,year,A,-122.42,48.175,13.847049985613141,12.590862,8.445219,2.428571428571429,16.27562141418457,62182
NO3_misfit,year,A,-122.655,48.237,9.132151194981166,7.846747,6.0451994,17.357142857142858,26.489294052124023,62184
NO3_misfit,year,A,-122.655,48.237,6.2671253204345705,7.319942,5.7786922,5.05,11.31712532043457,62185
NO3_misfit,year,A,-122.655,48.237,9.195476804460798,7.791133,6.017065,8.928571428571429,18.124048233032227,62186
NO3_misfit,year,A,-122.42,48.175,11.35757963997977,7.5828586,5.9117002,9.142857142857144,20.500436782836914,62187
NO3_misfit,year,A,-122.42,48.175,5.32545416695731,4.309227,4.2555895,7.642857142857143,12.968311309814453,62188
NO3_misfit,year,A,-122.42,48.175,0.6697550501142229,-0.29240796,1.9276506,1.8571428571428572,2.52689790725708,62189
NO3_misfit,year,A,-122.369,48.044,-0.518307004656112,4.869304,4.5389295,30.571428571428573,30.05312156677246,62190
NO3_misfit,year,A,-122.369,48.044,12.156926563807897,10.814319,7.5464764,1.6428571428571428,13.799783706665039,62191
NO3_misfit,year,A,-122.72,48.2249,10.532035827636719,9.446008,6.8542557,12.5,23.03203582763672,62193
NO3_misfit,year,A,-122.72,48.2249,8.907739094325473,6.288633,5.256959,9.142857142857144,18.050596237182617,62194
NO3_misfit,year,A,-122.72,48.2249,6.763514518737793,7.414635,5.826597,6.5,13.263514518737793,62195
NO3_misfit,year,A,-122.655,48.237,5.834020614624023,5.884062,5.052289,23.5,29.334020614624023,62196
NO3_misfit,year,A,-122.655,48.237,6.663147245134626,7.9784803,6.111843,12.428571428571429,19.091718673706055,62197
NO3_misfit,year,A,-122.655,48.237,11.52051852090018,12.049967,8.171583,3.092857142857143,14.613375663757324,62198
NO3_misfit,year,A,-122.655,48.237,9.220766612461635,6.818788,5.5251617,18.857142857142858,28.077909469604492,62199
NO3_misfit,year,A,-122.655,48.237,8.212265014648438,8.391041,6.3205547,12.5,20.712265014648438,62200
NO3_misfit,year,A,-122.655,48.237,10.417734364100864,10.442665,7.3584595,3.342857142857143,13.760591506958008,62201
NO3_misfit,year,A,-122.72,48.2249,9.02594266619001,8.576634,6.414445,15.785714285714286,24.811656951904297,62202
NO3_misfit,year,A,-122.72,48.2249,3.930686678205218,6.6052003,5.4171085,15.071428571428571,19.00211524963379,62203
NO3_misfit,year,A,-122.72,48.2249,5.18519251687186,8.575648,6.413946,9.142857142857144,14.328049659729004,62204
NO3_misfit,year,A,-122.369,48.044,0.670029776436941,4.5235734,4.364026,29.964285714285715,30.634315490722656,62205
NO3_misfit,year,A,-122.369,48.044,7.050123759678431,4.5805616,4.3928566,2.357142857142857,9.407266616821289,62206
NO3_misfit,year,A,-122.369,48.044,0.6833734716687885,2.0579064,3.1166604,2.907142857142857,3.5905163288116455,62207
NO3_misfit,year,A,-122.4329987,47.5332985,6.9211308615548255,7.2818727,5.7594333,23.821428571428573,30.7425594329834,62208
NO3_misfit,year,A,-122.4329987,47.5332985,7.813216618129186,7.7887225,6.0158453,20.642857142857142,28.456073760986328,62209
NO3_misfit,year,A,-122.4329987,47.5332985,7.3028670719691675,7.2176037,5.72692,18.214285714285715,25.517152786254883,62210
NO3_misfit,year,A,-122.4329987,47.5332985,6.716737474714005,7.780451,6.011661,18.071428571428573,24.788166046142578,62211
NO3_misfit,year,A,-122.4329987,47.5332985,6.456535611833843,7.8302655,6.036862,17.92857142857143,24.385107040405273,62212
NO3_misfit,year,A,-122.4329987,47.5332985,5.283489227294922,7.4319463,5.835355,17.5,22.783489227294922,62213
NO3_misfit,year,A,-122.4329987,47.5332985,0.8814209529331745,2.5909274,3.3863125,13.285714285714286,14.167135238647461,62215
NO3_misfit,year,A,-122.3440018,47.5769997,4.829019274030411,5.835323,5.0276327,16.571428571428573,21.400447845458984,62216
NO3_misfit,year,A,-122.3440018,47.5769997,-0.9880259377615808,-0.9536575,1.5931284,16.071428571428573,15.083402633666992,62217
NO3_misfit,year,A,-122.4280014,47.7439995,8.875831059047155,8.191175,6.2194443,21.142857142857142,30.018688201904297,62218
NO3_misfit,year,A,-122.4280014,47.7439995,9.057413918631418,7.536253,5.8881226,17.785714285714285,26.843128204345703,62219
NO3_misfit,year,A,-122.4280014,47.7439995,5.716147559029714,6.608935,5.418998,18.714285714285715,24.43043327331543,62220
NO3_misfit,year,A,-122.4280014,47.7439995,6.372270584106445,7.354415,5.796132,18.0,24.372270584106445,62221
NO3_misfit,year,A,-122.4280014,47.7439995,8.407052176339285,7.654162,5.947772,15.714285714285715,24.121337890625,62222
NO3_misfit,year,A,-122.4280014,47.7439995,6.554058074951172,6.814713,5.5231,15.5,22.054058074951172,62223
NO3_misfit,year,A,-122.4280014,47.7439995,-1.006617273603167,2.338728,3.2587261,13.428571428571429,12.421954154968262,62225
NO3_misfit,year,A,-122.3509979,47.5695,3.0683762686593195,3.96908,4.0835114,15.071428571428571,18.13980484008789,62226
NO3_misfit,year,A,-122.3509979,47.5695,-3.0381603240966797,-2.2577224,0.9334099,17.0,13.96183967590332,62227
NO3_misfit,year,A,-122.4260025,47.6012001,8.439457484654017,7.7064805,5.97424,22.857142857142858,31.296600341796875,62228
NO3_misfit,year,A,-122.4260025,47.6012001,9.596714292253765,7.742349,5.992386,19.92857142857143,29.525285720825195,62229
NO3_misfit,year,A,-122.4260025,47.6012001,7.448186056954519,7.5943766,5.917527,19.214285714285715,26.662471771240234,62230
NO3_misfit,year,A,-122.4260025,47.6012001,8.278953279767716,7.7622614,6.002459,16.571428571428573,24.85038185119629,62231
NO3_misfit,year,A,-122.4260025,47.6012001,7.591898236955913,7.4618125,5.850464,16.42857142857143,24.020469665527344,62232
NO3_misfit,year,A,-122.4260025,47.6012001,6.35048348563058,7.2266717,5.7315073,15.857142857142858,22.207626342773438,62234
NO3_misfit,year,A,-122.4260025,47.6012001,3.149724687848771,3.1987984,3.6938307,12.071428571428573,15.221153259277344,62235
NO3_misfit,year,A,-122.4219971,47.5703011,5.216618401663641,7.3700476,5.8040404,19.28571428571429,24.50233268737793,62236
NO3_misfit,year,A,-122.4219971,47.5703011,6.051102229527064,7.238889,5.737688,17.857142857142858,23.908245086669922,62237
NO3_misfit,year,A,-122.4219971,47.5703011,6.371786390032085,7.88324,6.0636616,16.42857142857143,22.800357818603516,62238
NO3_misfit,year,A,-122.4219971,47.5703011,7.792674473353794,2.9325068,3.5591154,5.392857142857143,13.185531616210938,62239
NO3_misfit,year,A,-122.45722,47.376111,15.167350605555942,12.501345,8.399933,5.742857142857143,20.910207748413086,62240
NO3_misfit,year,A,-122.3570023,47.6035995,4.763031823294501,6.140071,5.1818027,22.78571428571429,27.54874610900879,62242
NO3_misfit,year,A,-122.3570023,47.6035995,6.681922912597656,6.436861,5.3319473,20.5,27.181922912597656,62243
NO3_misfit,year,A,-122.3570023,47.6035995,6.465213503156388,6.394082,5.3103056,18.571428571428573,25.03664207458496,62244
NO3_misfit,year,A,-122.3570023,47.6035995,5.47711181640625,6.3258014,5.2757626,18.0,23.47711181640625,62245
NO3_misfit,year,A,-122.3570023,47.6035995,3.505820955548966,5.3722725,4.793378,17.071428571428573,20.57724952697754,62246
NO3_misfit,year,A,-122.3570023,47.6035995,0.6506346293858112,1.5356492,2.8524537,13.285714285714286,13.936348915100098,62247
NO3_misfit,year,A,-122.314003,47.5293999,2.174873624529157,2.6268752,3.404498,15.928571428571429,18.103445053100586,62249
NO3_misfit,year,A,-122.314003,47.5293999,-3.8012948717389783,-3.368458,0.3714955,18.642857142857142,14.841562271118164,62250
NO3_misfit,year,A,-122.3980026,47.5247993,15.78610610961914,7.645986,5.943636,4.75,20.53610610961914,62251
NO3_misfit,year,A,-122.3980026,47.5247993,10.217870957510812,3.5087428,3.8506298,3.135714285714286,13.353585243225098,62252
NO3_misfit,year,A,-122.4329987,47.4528999,6.0299611772809705,7.492035,5.865753,19.357142857142858,25.387104034423828,62253
NO3_misfit,year,A,-122.4329987,47.4528999,6.708386829921178,8.25184,6.2501335,18.142857142857142,24.85124397277832,62254
NO3_misfit,year,A,-122.4329987,47.4528999,6.699299948556082,8.17723,6.212389,17.714285714285715,24.413585662841797,62255
NO3_misfit,year,A,-122.4329987,47.4528999,7.043134416852677,9.05515,6.6565237,17.071428571428573,24.11456298828125,62256
NO3_misfit,year,A,-122.4329987,47.4528999,8.513162340436661,7.160288,5.697924,12.071428571428573,20.584590911865234,62257
NO3_misfit,year,A,-122.3880005,47.7126999,7.510127476283483,6.2898674,5.2575836,18.142857142857142,25.652984619140625,62258
NO3_misfit,year,A,-122.3880005,47.7126999,7.126814161028182,6.639028,5.434222,17.428571428571427,24.55538558959961,62259
NO3_misfit,year,A,-122.3880005,47.7126999,6.634426661900111,6.4529376,5.3400803,16.857142857142858,23.49156951904297,62260
NO3_misfit,year,A,-122.3880005,47.7126999,5.1820561545235755,6.2742443,5.2496805,16.071428571428573,21.25348472595215,62261
NO3_misfit,year,A,-122.3880005,47.7126999,0.9655911581856849,1.8339349,3.0033545,14.071428571428573,15.037019729614258,62262
NO3_misfit,year,A,-122.4179993,47.777401,6.287463051932196,7.2458067,5.741188,23.78571428571429,30.073177337646484,62263
NO3_misfit,year,A,-122.4179993,47.777401,8.324300493512833,7.3205028,5.778976,18.071428571428573,26.395729064941406,62264
NO3_misfit,year,A,-122.4179993,47.777401,6.9939245496477405,6.452486,5.3398514,17.142857142857142,24.136781692504883,62265
NO3_misfit,year,A,-122.4179993,47.777401,10.814776556832449,6.9388328,5.5858917,13.214285714285715,24.029062271118164,62266
NO3_misfit,year,A,-122.4179993,47.777401,7.25381006513323,6.852282,5.5421057,16.714285714285715,23.968095779418945,62267
NO3_misfit,year,A,-122.4179993,47.777401,9.859992708478655,7.1158404,5.675439,13.071428571428571,22.931421279907227,62268
NO3_misfit,year,A,-122.4179993,47.777401,1.7897882461547852,2.2133198,3.195283,10.5,12.289788246154785,62269
NO3_misfit,year,A,-122.4469986,47.6605988,6.123152051653179,6.8649936,5.548537,18.92857142857143,25.05172348022461,62271
NO3_misfit,year,A,-122.4469986,47.6605988,6.874704360961914,7.598967,5.9198494,18.0,24.874704360961914,62272
NO3_misfit,year,A,-122.4469986,47.6605988,7.879813330514089,7.577113,5.9087934,16.214285714285715,24.094099044799805,62273
NO3_misfit,year,A,-122.4469986,47.6605988,5.740604945591517,7.3835874,5.81089,16.357142857142858,22.097747802734375,62274
NO3_misfit,year,A,-122.4469986,47.6605988,1.5387818472726007,2.6684139,3.4255123,12.571428571428571,14.110210418701172,62276
NO3_misfit,year,A,-122.387001,47.3586006,3.8641586303710938,6.0010595,5.111478,27.0,30.864158630371094,62277
NO3_misfit,year,A,-122.387001,47.3586006,4.355171476091659,6.3966794,5.3116193,24.928571428571427,29.283742904663086,62278
NO3_misfit,year,A,-122.387001,47.3586006,5.741727011544366,6.892047,5.5622225,20.71428571428571,26.456012725830078,62279
NO3_misfit,year,A,-122.387001,47.3586006,5.217528751918245,7.644535,5.942902,19.642857142857146,24.86038589477539,62280
NO3_misfit,year,A,-122.387001,47.3586006,4.94876888820103,7.606204,5.9235106,19.42857142857143,24.37734031677246,62281
NO3_misfit,year,A,-122.387001,47.3586006,4.762550354003906,8.79402,6.524419,19.0,23.762550354003906,62282
NO3_misfit,year,A,-122.387001,47.3586006,7.156152507237026,5.5634675,4.8901024,4.657142857142857,11.813295364379883,62283
NO3_misfit,year,A,-122.296435,47.51108,-7.790024076189315,-6.1571646,-1.0392942,22.571428571428573,14.781404495239258,62285
NO3_misfit,year,A,-122.406117,47.5371639,5.424901417323522,5.7042866,4.961342,17.142857142857142,22.567758560180664,62286
NO3_misfit,year,A,-122.406117,47.5371639,-2.7533123833792548,-0.021783402,2.0645578,15.571428571428571,12.818116188049316,62287
NO3_misfit,year,A,-122.406117,47.5371639,8.068772179739815,8.813743,6.534397,13.285714285714286,21.3544864654541,62288
NO3_misfit,year,A,-122.406117,47.5371639,1.5819673538208008,3.6617796,3.92805,10.5,12.0819673538208,62289
NO3_misfit,year,A,-122.406117,47.5371639,2.0105387823922296,3.5694842,3.8813584,10.071428571428571,12.0819673538208,62290
NO3_misfit,year,A,-122.3880005,47.7126999,7.232138225010463,6.9919615,5.612769,18.357142857142858,25.58928108215332,62293
NO3_misfit,year,A,-122.3880005,47.7126999,7.768546240670339,7.9174705,6.0809784,17.214285714285715,24.982831954956055,62294
NO3_misfit,year,A,-122.3880005,47.7126999,13.210095541817802,9.722148,6.9939537,10.214285714285714,23.424381256103516,62295
NO3_misfit,year,A,-122.3880005,47.7126999,13.938440922328404,8.301697,6.2753563,2.942857142857143,16.881298065185547,62296
NO3_misfit,year,A,-122.3880005,47.7126999,8.220974240984233,8.772949,6.5137596,16.42857142857143,24.649545669555664,62297
NO3_misfit,year,A,-122.4469986,47.6605988,6.734966278076168,6.996158,5.614892,19.500000000000004,26.234966278076172,62298
NO3_misfit,year,A,-122.4469986,47.6605988,10.266451699393135,8.119862,6.183367,15.285714285714286,25.552165985107422,62299
NO3_misfit,year,A,-122.4469986,47.6605988,9.663672855922151,7.9277186,6.0861626,16.642857142857146,26.306529998779297,62300
NO3_misfit,year,A,-122.4469986,47.6605988,9.936040333339145,8.658179,6.455698,14.142857142857144,24.07889747619629,62301
NO3_misfit,year,A,-122.4469986,47.6605988,6.559234346662249,6.5624547,5.395484,11.071428571428571,17.63066291809082,62302
NO3_misfit,year,A,-122.3980026,47.5247993,6.552717481340682,8.47624,6.363657,16.928571428571427,23.48128890991211,62304
NO3_misfit,year,A,-122.3980026,47.5247993,-0.051592690604074676,5.0204477,4.6153917,16.714285714285715,16.66269302368164,62305
NO3_misfit,year,A,-122.387001,47.3586006,7.493173326764786,7.176128,5.7059374,24.071428571428573,31.56460189819336,62306
NO3_misfit,year,A,-122.387001,47.3586006,5.857181276593888,7.1816864,5.70875,23.571428571428573,29.42860984802246,62307
NO3_misfit,year,A,-122.387001,47.3586006,3.659909657069612,7.205863,5.7209806,23.142857142857146,26.802766799926758,62308
NO3_misfit,year,A,-122.387001,47.3586006,6.872618811471121,8.621465,6.437125,18.214285714285715,25.086904525756836,62309
NO3_misfit,year,A,-122.387001,47.3586006,6.847996030535018,9.002735,6.630007,17.428571428571427,24.276567459106445,62310
NO3_misfit,year,A,-122.387001,47.3586006,8.095703942435128,9.839225,7.0531826,14.285714285714286,22.381418228149414,62311
NO3_misfit,year,A,-122.4260025,47.6012001,8.213763645717076,8.370938,6.3103848,20.642857142857142,28.85662078857422,62314
NO3_misfit,year,A,-122.4260025,47.6012001,7.893090656825471,7.6748767,5.958252,19.642857142857146,27.535947799682617,62315
NO3_misfit,year,A,-122.4260025,47.6012001,7.4733641488211475,7.6992097,5.9705615,19.92857142857143,27.401935577392578,62316
NO3_misfit,year,A,-122.4260025,47.6012001,9.3801942552839,7.8838496,6.0639696,16.857142857142858,26.237337112426758,62317
NO3_misfit,year,A,-122.4260025,47.6012001,8.6074093409947,8.141367,6.1942463,16.785714285714285,25.393123626708984,62318
NO3_misfit,year,A,-122.4260025,47.6012001,7.1816335405622205,8.145943,6.196561,16.357142857142858,23.538776397705078,62319
NO3_misfit,year,A,-122.4260025,47.6012001,3.9144344329833984,5.1163754,4.6639214,16.0,19.9144344329834,62320
NO3_misfit,year,A,-122.4329987,47.4528999,8.476611001150946,7.5254726,5.882669,18.28571428571429,26.762325286865234,62324
NO3_misfit,year,A,-122.4329987,47.4528999,9.141372680664062,8.358765,6.304227,17.0,26.141372680664062,62325
NO3_misfit,year,A,-122.4329987,47.4528999,9.3199588230678,8.70591,6.479845,16.214285714285715,25.534244537353516,62326
NO3_misfit,year,A,-122.4329987,47.4528999,9.413404737200056,9.72143,6.9935904,15.428571428571429,24.841976165771484,62327
NO3_misfit,year,A,-122.4329987,47.4528999,10.186817169189453,7.8556323,6.049695,11.0,21.186817169189453,62328
NO3_misfit,year,A,-122.4280014,47.7439995,9.27255003792899,8.4658,6.3583755,18.142857142857142,27.415407180786133,62329
NO3_misfit,year,A,-122.4280014,47.7439995,7.307855333600724,7.5239234,5.8818855,18.571428571428573,25.879283905029297,62330
NO3_misfit,year,A,-122.4280014,47.7439995,5.6626082829066675,7.573436,5.9069333,19.714285714285715,25.376893997192383,62331
NO3_misfit,year,A,-122.4280014,47.7439995,10.238463265555247,9.084578,6.6714106,14.785714285714285,25.02417755126953,62332
NO3_misfit,year,A,-122.4280014,47.7439995,7.91815185546875,8.330017,6.2896833,17.5,25.41815185546875,62333
NO3_misfit,year,A,-122.4280014,47.7439995,11.195945467267716,9.862755,7.0650864,12.071428571428573,23.26737403869629,62334
NO3_misfit,year,A,-122.4280014,47.7439995,12.537640162876674,6.8946676,5.5635486,0.8571428571428572,13.394783020019531,62335
NO3_misfit,year,A,-122.45722,47.376111,-3.91433355808258,-0.45420292,1.8457994,5.6,1.6856664419174194,62338
NO3_misfit,year,A,-122.3980026,47.5247993,5.692307608468191,8.132702,6.1898623,15.714285714285715,21.406593322753906,62339
NO3_misfit,year,A,-122.3980026,47.5247993,4.116009303501674,5.580687,4.8988137,14.857142857142858,18.97315216064453,62340
NO3_misfit,year,A,-122.4280014,47.7439995,10.015878132411412,8.312224,6.2806816,16.892857142857142,26.908735275268555,62341
NO3_misfit,year,A,-122.4280014,47.7439995,8.788511276245117,6.795604,5.513433,16.5,25.288511276245117,62342
NO3_misfit,year,A,-122.4280014,47.7439995,6.792286464146205,6.4851136,5.3563576,17.357142857142858,24.149429321289062,62343
NO3_misfit,year,A,-122.4280014,47.7439995,6.5941303798130555,7.3412147,5.789454,18.78571428571429,25.379844665527344,62344
NO3_misfit,year,A,-122.4280014,47.7439995,9.280554090227398,7.6318517,5.9364853,16.42857142857143,25.709125518798828,62345
NO3_misfit,year,A,-122.4280014,47.7439995,7.550280434744696,8.142873,6.1950083,16.28571428571429,23.835994720458984,62346
NO3_misfit,year,A,-122.4280014,47.7439995,-0.41966506413051263,3.0087771,3.5977,14.42857142857143,14.008906364440918,62348
NO3_misfit,year,A,-122.4219971,47.5703011,4.002988542829243,8.637277,6.4451237,20.57142857142857,24.574417114257812,62349
NO3_misfit,year,A,-122.4219971,47.5703011,6.336898258754186,8.766126,6.5103083,17.642857142857142,23.979755401611328,62350
NO3_misfit,year,A,-122.4219971,47.5703011,7.623169762747628,9.103157,6.68081,15.285714285714286,22.908884048461914,62351
NO3_misfit,year,A,-122.4219971,47.5703011,6.446221215384346,6.1753316,5.1996408,11.785714285714286,18.231935501098633,62352
NO3_misfit,year,A,-122.406117,47.5371639,8.077051980154856,8.001737,6.1236076,16.785714285714285,24.86276626586914,62355
NO3_misfit,year,A,-122.406117,47.5371639,3.6477105276925226,4.8034444,4.5056114,15.571428571428571,19.219139099121094,62356
NO3_misfit,year,A,-122.406117,47.5371639,3.361996241978236,4.8077807,4.507805,15.857142857142858,19.219139099121094,62357
NO3_misfit,year,A,-122.406117,47.5371639,4.650302342006139,5.784843,5.002095,15.142857142857142,19.79315948486328,62358
NO3_misfit,year,A,-122.4469986,47.6605988,6.364224297659735,8.232694,6.240448,19.78571428571429,26.149938583374023,62359
NO3_misfit,year,A,-122.4469986,47.6605988,10.433689389910016,9.183876,6.7216454,14.928571428571429,25.362260818481445,62360
NO3_misfit,year,A,-122.4469986,47.6605988,14.752704620361326,10.112916,7.191641,10.000000000000002,24.752704620361328,62361
NO3_misfit,year,A,-122.4469986,47.6605988,20.40537507193429,10.552081,7.4138117,3.107142857142857,23.51251792907715,62362
NO3_misfit,year,A,-122.4469986,47.6605988,12.795547485351562,7.9227185,6.0836334,1.5000000000000002,14.295547485351562,62364
NO3_misfit,year,A,-122.4179993,47.777401,4.254295076642716,7.0351396,5.6346126,23.571428571428573,27.82572364807129,62365
NO3_misfit,year,A,-122.4179993,47.777401,5.225769315447128,6.095901,5.159457,20.928571428571427,26.154340744018555,62366
NO3_misfit,year,A,-122.4179993,47.777401,5.313058308192662,5.713994,4.9662533,20.142857142857142,25.455915451049805,62367
NO3_misfit,year,A,-122.4179993,47.777401,6.074211120605465,6.63313,5.431238,20.000000000000004,26.07421112060547,62368
NO3_misfit,year,A,-122.4179993,47.777401,8.987219401768275,7.686299,5.9640303,16.357142857142858,25.344362258911133,62369
NO3_misfit,year,A,-122.4179993,47.777401,7.805825097220282,7.0635395,5.64898,18.28571428571429,26.09153938293457,62370
NO3_misfit,year,A,-122.4179993,47.777401,2.90461962563651,4.1908135,4.1956854,12.642857142857142,15.547476768493652,62372
NO3_misfit,year,A,-122.4329987,47.4528999,10.45810399736677,7.9749613,6.1100626,16.785714285714285,27.243818283081055,62373
NO3_misfit,year,A,-122.4329987,47.4528999,9.414836338588167,8.503336,6.377364,16.642857142857146,26.057693481445312,62374
NO3_misfit,year,A,-122.4329987,47.4528999,9.059025355747767,8.903897,6.5800056,16.357142857142858,25.416168212890625,62375
NO3_misfit,year,A,-122.4329987,47.4528999,8.948546273367743,9.7808895,7.023671,16.28571428571429,25.23426055908203,62376
NO3_misfit,year,A,-122.4329987,47.4528999,5.069992610386439,6.207617,5.215974,13.857142857142858,18.927135467529297,62377
NO3_misfit,year,A,-122.3570023,47.6035995,3.86833790370396,6.698308,5.4642115,24.42857142857143,28.29690933227539,62378
NO3_misfit,year,A,-122.3570023,47.6035995,5.714379446847097,7.1389303,5.6871195,22.214285714285715,27.928665161132812,62379
NO3_misfit,year,A,-122.3570023,47.6035995,5.476729801722932,8.662756,6.4580135,19.142857142857146,24.619586944580078,62380
NO3_misfit,year,A,-122.3570023,47.6035995,5.913045065743585,7.966707,6.1058865,20.21428571428571,26.127330780029297,62381
NO3_misfit,year,A,-122.3570023,47.6035995,17.865375191824775,8.682079,6.4677896,4.485714285714286,22.351089477539062,62382
NO3_misfit,year,A,-122.3570023,47.6035995,13.988749367850168,7.931675,6.0881643,1.2857142857142856,15.274463653564453,62384
NO3_misfit,year,A,-122.4179993,47.777401,10.214261191231863,8.324888,6.2870884,18.214285714285715,28.428546905517578,62385
NO3_misfit,year,A,-122.4179993,47.777401,6.6749267578125,7.2743025,5.755604,18.5,25.1749267578125,62386
NO3_misfit,year,A,-122.4179993,47.777401,5.099293845040457,7.2866106,5.7618303,19.714285714285715,24.813579559326172,62387
NO3_misfit,year,A,-122.4179993,47.777401,6.430164882114955,8.064189,6.155202,18.857142857142858,25.287307739257812,62388
NO3_misfit,year,A,-122.4179993,47.777401,11.732050214494977,8.771668,6.513112,13.428571428571429,25.160621643066406,62389
NO3_misfit,year,A,-122.4179993,47.777401,14.476900373186382,9.605382,6.934882,9.92857142857143,24.405471801757812,62390
NO3_misfit,year,A,-122.4280014,47.7439995,8.668660845075333,8.061658,6.153922,19.071428571428573,27.740089416503906,62393
NO3_misfit,year,A,-122.4280014,47.7439995,6.767081396920339,6.7144127,5.4723587,19.214285714285715,25.981367111206055,62394
NO3_misfit,year,A,-122.4280014,47.7439995,4.1114174979073645,5.608647,4.912958,20.071428571428573,24.182846069335938,62395
NO3_misfit,year,A,-122.4280014,47.7439995,3.3947770254952587,6.100109,5.1615863,20.57142857142857,23.966205596923828,62396
NO3_misfit,year,A,-122.4280014,47.7439995,4.0538741520472925,6.471866,5.349656,19.214285714285715,23.268159866333008,62397
NO3_misfit,year,A,-122.4280014,47.7439995,3.4103701455252526,6.0448728,5.133642,17.428571428571427,20.83894157409668,62399
NO3_misfit,year,A,-122.4280014,47.7439995,-0.8263379505702417,-0.8723549,1.6342589,10.285714285714285,9.459376335144043,62400
NO3_misfit,year,A,-122.4469986,47.6605988,4.781485966273717,6.320844,5.273255,22.142857142857142,26.92434310913086,62401
NO3_misfit,year,A,-122.4469986,47.6605988,4.648994990757533,6.702022,5.46609,20.357142857142858,25.00613784790039,62402
NO3_misfit,year,A,-122.4469986,47.6605988,5.444276537214005,7.062325,5.6483655,17.571428571428573,23.015705108642578,62403
NO3_misfit,year,A,-122.4469986,47.6605988,3.18380573817662,6.2073674,5.2158475,17.428571428571427,20.612377166748047,62404
NO3_misfit,year,A,-122.4469986,47.6605988,-2.595915249415807,0.61236817,2.3853712,14.357142857142858,11.76122760772705,62406
NO3_misfit,year,A,-122.3570023,47.6035995,5.760817119053431,5.614642,4.915992,22.857142857142858,28.61795997619629,62407
NO3_misfit,year,A,-122.3570023,47.6035995,6.04226221357073,6.0275645,5.1248865,22.214285714285715,28.256547927856445,62408
NO3_misfit,year,A,-122.3570023,47.6035995,4.669236591884069,5.985656,5.103685,20.142857142857142,24.81209373474121,62409
NO3_misfit,year,A,-122.3570023,47.6035995,3.982564926147461,5.3787246,4.7966423,19.0,22.98256492614746,62410
NO3_misfit,year,A,-122.3570023,47.6035995,3.7702772957938073,5.351169,4.782702,16.928571428571427,20.698848724365234,62411
NO3_misfit,year,A,-122.3570023,47.6035995,6.871329634530203,2.141338,3.1588678,4.514285714285715,11.385615348815918,62413
NO3_misfit,year,A,-122.3880005,47.7126999,4.321081706455775,5.5596175,4.888155,21.857142857142858,26.178224563598633,62414
NO3_misfit,year,A,-122.3880005,47.7126999,5.912969044276647,6.544437,5.3863688,20.142857142857142,26.05582618713379,62415
NO3_misfit,year,A,-122.3880005,47.7126999,7.403000422886439,6.7998443,5.5155783,18.357142857142858,25.760143280029297,62416
NO3_misfit,year,A,-122.3880005,47.7126999,8.399593625749858,7.509738,5.874709,16.42857142857143,24.82816505432129,62417
NO3_misfit,year,A,-122.3880005,47.7126999,6.647849491664342,5.1877117,4.70001,14.642857142857142,21.290706634521484,62418
NO3_misfit,year,A,-122.4469986,47.6605988,8.543370655604772,7.679003,5.960339,17.142857142857142,25.686227798461914,62419
NO3_misfit,year,A,-122.4469986,47.6605988,8.971186501639227,8.556872,6.4044476,16.28571428571429,25.256900787353516,62420
NO3_misfit,year,A,-122.4469986,47.6605988,9.481300898960658,8.277842,6.2632875,16.357142857142858,25.838443756103516,62421
NO3_misfit,year,A,-122.4469986,47.6605988,7.556935991559708,8.622144,6.4374685,16.071428571428573,23.62836456298828,62422
NO3_misfit,year,A,-122.4469986,47.6605988,8.599631990705218,6.604024,5.4165134,9.071428571428571,17.67106056213379,62423
NO3_misfit,year,A,-122.387001,47.3586006,7.80319677080427,7.8089795,6.0260935,22.285714285714285,30.088911056518555,62425
NO3_misfit,year,A,-122.387001,47.3586006,5.374486650739396,6.9193864,5.5760536,23.071428571428573,28.44591522216797,62426
NO3_misfit,year,A,-122.387001,47.3586006,5.746860504150391,6.58322,5.405989,21.5,27.24686050415039,62427
NO3_misfit,year,A,-122.387001,47.3586006,9.375098909650529,7.957801,6.1013813,16.571428571428573,25.9465274810791,62428
NO3_misfit,year,A,-122.387001,47.3586006,8.738884789603098,8.2796135,6.264184,16.785714285714285,25.524599075317383,62429
NO3_misfit,year,A,-122.387001,47.3586006,8.997468675885882,9.955992,7.112254,15.571428571428571,24.568897247314453,62430
NO3_misfit,year,A,-122.387001,47.3586006,11.191425187247141,8.258715,6.2536116,4.035714285714286,15.227139472961426,62432
NO3_misfit,year,A,-122.387001,47.3586006,9.518284116472518,8.249106,6.2487507,20.928571428571427,30.446855545043945,62433
NO3_misfit,year,A,-122.387001,47.3586006,7.989803859165736,7.3137445,5.775557,20.857142857142858,28.846946716308594,62434
NO3_misfit,year,A,-122.387001,47.3586006,9.222459520612443,7.335085,5.786353,18.571428571428573,27.793888092041016,62435
NO3_misfit,year,A,-122.387001,47.3586006,9.403521401541575,8.161851,6.204609,16.785714285714285,26.18923568725586,62436
NO3_misfit,year,A,-122.387001,47.3586006,9.227630342755997,8.631522,6.442213,16.071428571428573,25.29905891418457,62437
NO3_misfit,year,A,-122.387001,47.3586006,9.85748781476702,9.3936825,6.8277855,14.714285714285714,24.571773529052734,62438
NO3_misfit,year,A,-122.387001,47.3586006,2.5758402688162665,3.7501338,3.9727478,8.928571428571429,11.504411697387695,62440
NO3_misfit,year,A,-122.4219971,47.5703011,8.39902196611677,7.945181,6.0949965,16.785714285714285,25.184736251831055,62441
NO3_misfit,year,A,-122.4219971,47.5703011,7.353756495884486,8.064559,6.15539,16.857142857142858,24.210899353027344,62442
NO3_misfit,year,A,-122.4219971,47.5703011,7.034942626953125,8.112224,6.1795025,16.5,23.534942626953125,62443
NO3_misfit,year,A,-122.4219971,47.5703011,5.77724756513323,5.9684796,5.0949955,16.214285714285715,21.991533279418945,62444
NO3_misfit,year,A,-122.4260025,47.6012001,11.793766839163641,8.739391,6.4967833,19.28571428571429,31.07948112487793,62445
NO3_misfit,year,A,-122.4260025,47.6012001,8.487703323364258,7.9951706,6.120286,20.5,28.987703323364258,62446
NO3_misfit,year,A,-122.4260025,47.6012001,6.961296081542965,7.886565,6.065344,20.000000000000004,26.96129608154297,62447
NO3_misfit,year,A,-122.4260025,47.6012001,7.0938298361642005,8.494884,6.373088,18.071428571428573,25.165258407592773,62448
NO3_misfit,year,A,-122.4260025,47.6012001,12.844609124319893,8.7347355,6.4944277,9.285714285714286,22.13032341003418,62449
NO3_misfit,year,A,-122.4260025,47.6012001,7.932548250470841,8.826796,6.5410004,16.571428571428573,24.503976821899414,62450
NO3_misfit,year,A,-122.4260025,47.6012001,7.178484644208636,4.023759,4.111173,7.571428571428571,14.749913215637207,62451
NO3_misfit,year,A,-122.4280014,47.7439995,6.836920601981024,7.2889624,5.7630196,19.78571428571429,26.622634887695312,62453
NO3_misfit,year,A,-122.4280014,47.7439995,6.11989593505859,6.44499,5.3360596,20.000000000000004,26.119895935058594,62454
NO3_misfit,year,A,-122.4280014,47.7439995,5.299029758998326,6.1351824,5.17933,20.642857142857142,25.94188690185547,62455
NO3_misfit,year,A,-122.4280014,47.7439995,8.185377938406809,7.461203,5.8501554,17.785714285714285,25.971092224121094,62456
NO3_misfit,year,A,-122.4280014,47.7439995,5.43973241533552,7.042505,5.6383386,20.785714285714285,26.225446701049805,62457
NO3_misfit,year,A,-122.4280014,47.7439995,10.361440113612584,8.036292,6.1410894,13.142857142857142,23.504297256469727,62458
NO3_misfit,year,A,-122.4280014,47.7439995,3.192589078630718,3.604822,3.8992357,9.92857142857143,13.121160507202148,62460
NO3_misfit,year,A,-122.3880005,47.7126999,5.169683456420898,5.3499465,4.7820835,21.0,26.1696834564209,62461
NO3_misfit,year,A,-122.3880005,47.7126999,4.031271798270087,5.4892097,4.852536,19.78571428571429,23.816986083984375,62462
NO3_misfit,year,A,-122.3880005,47.7126999,3.7562329428536536,5.4836473,4.849722,18.571428571428573,22.327661514282227,62463
NO3_misfit,year,A,-122.3880005,47.7126999,2.6367936815534314,4.5476656,4.3762145,17.857142857142858,20.49393653869629,62464
NO3_misfit,year,A,-122.3880005,47.7126999,-2.979722567967009,0.97959346,2.5711484,16.642857142857146,13.663134574890137,62465
NO3_misfit,year,A,-122.4179993,47.777401,6.087506702968053,7.121415,5.678259,21.642857142857142,27.730363845825195,62466
NO3_misfit,year,A,-122.4179993,47.777401,5.85954666137695,6.288564,5.2569246,20.000000000000004,25.859546661376953,62467
NO3_misfit,year,A,-122.4179993,47.777401,3.742457253592356,4.9934835,4.6017513,20.285714285714285,24.02817153930664,62468
NO3_misfit,year,A,-122.4179993,47.777401,3.629969460623606,5.4955955,4.8557663,20.285714285714285,23.91568374633789,62469
NO3_misfit,year,A,-122.4179993,47.777401,7.5647078922816675,6.1592083,5.1914845,16.214285714285715,23.778993606567383,62470
NO3_misfit,year,A,-122.4179993,47.777401,6.3826304844447534,6.3616414,5.293894,16.214285714285715,22.59691619873047,62471
NO3_misfit,year,A,-122.4179993,47.777401,-3.7086339678083142,-1.3486197,1.3933194,13.142857142857142,9.434223175048828,62473
NO3_misfit,year,A,-122.4179993,47.777401,9.689497538975306,7.7530527,5.9978004,17.857142857142858,27.546640396118164,62474
NO3_misfit,year,A,-122.4179993,47.777401,7.999027524675643,6.5181026,5.373047,17.428571428571427,25.42759895324707,62475
NO3_misfit,year,A,-122.4179993,47.777401,5.231821605137416,6.1982317,5.2112255,18.357142857142858,23.588964462280273,62476
NO3_misfit,year,A,-122.4179993,47.777401,6.052909851074219,6.8853965,5.5588584,18.5,24.55290985107422,62477
NO3_misfit,year,A,-122.4179993,47.777401,7.19287518092564,7.4364715,5.8376436,17.92857142857143,25.12144660949707,62478
NO3_misfit,year,A,-122.4179993,47.777401,8.267775126865931,7.8605404,6.0521774,16.357142857142858,24.62491798400879,62479
NO3_misfit,year,A,-122.4179993,47.777401,-1.283122743879046,2.114834,3.1454597,14.928571428571429,13.645448684692383,62481
NO3_misfit,year,A,-122.3570023,47.6035995,5.391781943184988,6.348621,5.287307,22.714285714285715,28.106067657470703,62484
NO3_misfit,year,A,-122.3570023,47.6035995,8.76924569266183,6.7130833,5.4716864,19.357142857142858,28.126388549804688,62485
NO3_misfit,year,A,-122.3570023,47.6035995,7.761744090488978,7.266279,5.751545,17.357142857142858,25.118886947631836,62486
NO3_misfit,year,A,-122.3570023,47.6035995,9.609848022460938,7.1075006,5.67122,17.0,26.609848022460938,62487
NO3_misfit,year,A,-122.3570023,47.6035995,6.564555031912668,6.5280595,5.3780837,17.285714285714285,23.850269317626953,62488
NO3_misfit,year,A,-122.3570023,47.6035995,1.4597049440656384,1.6676666,2.9192405,14.357142857142858,15.816847801208496,62490
NO3_misfit,year,A,-122.4329987,47.5332985,6.928775787353516,7.759435,6.001029,21.5,28.428775787353516,62491
NO3_misfit,year,A,-122.4329987,47.5332985,7.071632930210658,7.759435,6.001029,21.357142857142858,28.428775787353516,62492
NO3_misfit,year,A,-122.4329987,47.5332985,4.844047546386719,7.1031218,5.6690044,22.5,27.34404754638672,62493
NO3_misfit,year,A,-122.4329987,47.5332985,5.689627511160715,7.131043,5.6831293,20.785714285714285,26.475341796875,62494
NO3_misfit,year,A,-122.4329987,47.5332985,8.419084003993444,7.8105645,6.0268955,17.642857142857142,26.061941146850586,62495
NO3_misfit,year,A,-122.4329987,47.5332985,8.188573837280273,7.928655,6.0866365,17.5,25.688573837280273,62496
NO3_misfit,year,A,-122.4329987,47.5332985,6.792758669172013,6.8643727,5.5482225,16.071428571428573,22.864187240600586,62497
NO3_misfit,year,A,-122.4329987,47.5332985,7.917758124215261,5.17812,4.6951575,12.214285714285715,20.132043838500977,62499
NO3_misfit,year,A,-122.3880005,47.7126999,6.866124016898016,6.183358,5.2037015,18.78571428571429,25.651838302612305,62500
NO3_misfit,year,A,-122.3880005,47.7126999,7.8372603825160425,6.9100757,5.5713434,17.214285714285715,25.051546096801758,62501
NO3_misfit,year,A,-122.3880005,47.7126999,8.154363632202148,7.0955405,5.665169,16.5,24.65436363220215,62502
NO3_misfit,year,A,-122.3880005,47.7126999,6.843999045235769,7.3501654,5.793982,16.714285714285715,23.558284759521484,62503
NO3_misfit,year,A,-122.3880005,47.7126999,2.3604461124965113,5.0859737,4.6485415,14.214285714285715,16.574731826782227,62504
NO3_misfit,year,A,-122.4260025,47.6012001,6.502726146153041,7.7175183,5.979824,21.857142857142858,28.3598690032959,62505
NO3_misfit,year,A,-122.4260025,47.6012001,7.1800866808210095,7.1341,5.684676,20.857142857142858,28.037229537963867,62506
NO3_misfit,year,A,-122.4260025,47.6012001,6.081901277814591,7.2105927,5.7233734,21.571428571428573,27.653329849243164,62507
NO3_misfit,year,A,-122.4260025,47.6012001,9.080830710274832,7.9038396,6.0740824,16.214285714285715,25.295116424560547,62508
NO3_misfit,year,A,-122.4260025,47.6012001,9.938688278198242,7.8277793,6.0356045,16.5,26.438688278198242,62509
NO3_misfit,year,A,-122.4260025,47.6012001,7.460214069911411,7.497391,5.8684626,15.642857142857144,23.103071212768555,62511
NO3_misfit,year,A,-122.4260025,47.6012001,3.5982597896030963,5.449263,4.832327,14.285714285714286,17.883974075317383,62512
NO3_misfit,year,A,-122.4219971,47.5703011,11.032792227608818,7.7369695,5.989664,14.714285714285714,25.74707794189453,62513
NO3_misfit,year,A,-122.4219971,47.5703011,10.779989787510463,8.178577,6.213071,13.857142857142858,24.63713264465332,62514
NO3_misfit,year,A,-122.4219971,47.5703011,9.550200053623744,7.593354,5.91701,13.357142857142858,22.9073429107666,62515
NO3_misfit,year,A,-122.4219971,47.5703011,7.7022410801478784,5.484981,4.8503966,12.214285714285715,19.916526794433594,62516
NO3_misfit,year,A,-122.406117,47.5371639,7.486776351928711,5.7628474,4.9909678,11.5,18.98677635192871,62517
NO3_misfit,year,A,-122.3570023,47.6035995,2.823337009974889,5.6044116,4.910816,25.142857142857142,27.96619415283203,62518
NO3_misfit,year,A,-122.3570023,47.6035995,5.9101328168596545,5.965573,5.093525,22.142857142857142,28.052989959716797,62519
NO3_misfit,year,A,-122.3570023,47.6035995,7.593091419764928,6.913034,5.5728397,18.142857142857142,25.73594856262207,62520
NO3_misfit,year,A,-122.3570023,47.6035995,7.446659088134766,6.594245,5.4115667,19.0,26.446659088134766,62521
NO3_misfit,year,A,-122.3570023,47.6035995,7.080677032470703,7.241596,5.7390575,17.5,24.580677032470703,62522
NO3_misfit,year,A,-122.3570023,47.6035995,9.0278445652553,4.890847,4.549828,8.214285714285715,17.242130279541016,62523
NO3_misfit,year,A,-122.4329987,47.5332985,8.61658668518066,8.234496,6.2413597,19.750000000000004,28.366586685180664,62525
NO3_misfit,year,A,-122.4329987,47.5332985,7.289838518415177,7.548827,5.894484,19.571428571428573,26.86126708984375,62526
NO3_misfit,year,A,-122.4329987,47.5332985,7.726116997855048,7.547339,5.893731,18.78571428571429,26.511831283569336,62527
NO3_misfit,year,A,-122.4329987,47.5332985,8.765241622924805,7.9825706,6.1139126,17.0,25.765241622924805,62528
NO3_misfit,year,A,-122.4329987,47.5332985,8.872932706560405,8.164938,6.206171,16.42857142857143,25.301504135131836,62529
NO3_misfit,year,A,-122.4329987,47.5332985,7.656239373343329,8.492438,6.371851,16.28571428571429,23.941953659057617,62530
NO3_misfit,year,A,-122.4329987,47.5332985,3.9898414611816406,4.6987906,4.4526677,15.5,19.48984146118164,62532
NO3_misfit,year,A,-122.45722,47.376111,20.17641748700823,14.022149,9.169298,1.2142857142857144,21.390703201293945,62533
NO3_misfit,year,A,-122.4329987,47.5332985,11.770536967686244,8.685836,6.4696894,19.357142857142858,31.1276798248291,62535
NO3_misfit,year,A,-122.4329987,47.5332985,6.607148579188756,7.881285,6.0626726,21.142857142857142,27.7500057220459,62536
NO3_misfit,year,A,-122.4329987,47.5332985,7.805680956159318,7.8525076,6.048114,18.071428571428573,25.87710952758789,62537
NO3_misfit,year,A,-122.4329987,47.5332985,9.678900582449776,8.62247,6.4376335,15.285714285714286,24.964614868164062,62538
NO3_misfit,year,A,-122.4329987,47.5332985,10.304516656058174,8.826796,6.5410004,14.285714285714286,24.59023094177246,62539
NO3_misfit,year,A,-122.4329987,47.5332985,8.918669836861746,9.078316,6.6682434,13.714285714285715,22.63295555114746,62540
NO3_misfit,year,A,-122.4329987,47.5332985,1.7682669503348212,3.3925993,3.7918735,11.928571428571429,13.69683837890625,62542
NO3_misfit,year,A,-122.4329987,47.4528999,7.866921016148158,8.206362,6.227127,18.357142857142858,26.224063873291016,62543
NO3_misfit,year,A,-122.4329987,47.4528999,10.01488276890346,9.081511,6.669859,15.071428571428571,25.08631134033203,62544
NO3_misfit,year,A,-122.4329987,47.4528999,11.925815854753766,9.344991,6.803152,12.428571428571429,24.354387283325195,62545
NO3_misfit,year,A,-122.4329987,47.4528999,12.045230048043388,10.112739,7.191551,10.714285714285714,22.7595157623291,62546
NO3_misfit,year,A,-122.4329987,47.4528999,10.69984198978969,6.7228327,5.4766183,4.771428571428571,15.471270561218262,62547
NO3_misfit,year,A,-122.3980026,47.5247993,9.183240618024554,7.9064507,6.075403,14.571428571428571,23.754669189453125,62548
NO3_misfit,year,A,-122.3980026,47.5247993,7.9125071934291284,6.5257707,5.376926,14.214285714285715,22.126792907714844,62549
NO3_misfit,year,A,-122.4260025,47.6012001,8.41584587097168,8.040221,6.143077,21.5,29.91584587097168,62550
NO3_misfit,year,A,-122.4260025,47.6012001,7.552427291870117,7.294758,5.765952,22.5,30.052427291870117,62551
NO3_misfit,year,A,-122.4260025,47.6012001,7.787673677716935,6.69149,5.460762,20.071428571428573,27.859102249145508,62552
NO3_misfit,year,A,-122.4260025,47.6012001,6.525897434779576,6.011983,5.1170034,18.142857142857142,24.66875457763672,62553
NO3_misfit,year,A,-122.4260025,47.6012001,6.123538698468888,6.095176,5.159091,17.071428571428573,23.19496726989746,62554
NO3_misfit,year,A,-122.4260025,47.6012001,5.051746095929827,3.7923288,3.9940941,14.571428571428571,19.6231746673584,62555
NO3_misfit,year,A,-122.4260025,47.6012001,1.675507954188756,-0.0213172,2.0647938,10.142857142857142,11.818365097045898,62557
NO3_misfit,year,A,-122.387001,47.3586006,6.533300944737025,6.405282,5.3159714,15.857142857142858,22.390443801879883,62558
NO3_misfit,year,A,-122.387001,47.3586006,2.045510973249163,4.2270055,4.2139945,15.071428571428571,17.116939544677734,62559
NO3_misfit,year,A,-122.387001,47.3586006,-4.932400022234237,-2.6500173,0.7349503,12.071428571428573,7.139028549194336,62561
NO3_misfit,year,A,-122.387001,47.3586006,10.613302775791713,6.2645288,5.2447653,20.857142857142858,31.47044563293457,62562
NO3_misfit,year,A,-122.387001,47.3586006,5.935872214181085,5.3361697,4.775114,24.71428571428571,30.650157928466797,62563
NO3_misfit,year,A,-122.387001,47.3586006,7.14821515764509,5.75025,4.9845943,20.285714285714285,27.433929443359375,62564
NO3_misfit,year,A,-122.387001,47.3586006,5.346850531441824,6.0434337,5.1329145,18.714285714285715,24.06113624572754,62565
NO3_misfit,year,A,-122.4219971,47.5703011,4.380864824567521,6.01069,5.1163497,19.071428571428573,23.452293395996094,62566
NO3_misfit,year,A,-122.4219971,47.5703011,4.839563097272599,5.604972,4.9110994,17.571428571428573,22.410991668701172,62567
NO3_misfit,year,A,-122.4219971,47.5703011,4.446264266967773,4.926326,4.5677767,16.0,20.446264266967773,62568
NO3_misfit,year,A,-122.4219971,47.5703011,-0.6656991413661419,0.28001866,2.2172377,15.285714285714286,14.620015144348145,62569
NO3_misfit,year,A,-122.4329987,47.5332985,8.640803200857981,8.073717,6.1600227,21.535714285714285,30.176517486572266,62570
NO3_misfit,year,A,-122.4329987,47.5332985,7.5575795854840955,7.034075,5.6340737,22.357142857142858,29.914722442626953,62571
NO3_misfit,year,A,-122.4329987,47.5332985,8.941526957920619,6.6252184,5.4272356,17.857142857142858,26.798669815063477,62572
NO3_misfit,year,A,-122.4329987,47.5332985,7.3544300624302466,5.9582767,5.089834,17.285714285714285,24.64014434814453,62573
NO3_misfit,year,A,-122.4329987,47.5332985,6.066719327654159,5.938916,5.08004,17.428571428571427,23.495290756225586,62574
NO3_misfit,year,A,-122.4329987,47.5332985,2.2984853472028455,3.8408573,4.0186443,17.357142857142858,19.655628204345703,62575
NO3_misfit,year,A,-122.4329987,47.5332985,-3.3770129340035577,-1.4884176,1.3225965,14.928571428571429,11.551558494567871,62576
NO3_misfit,year,A,-122.3980026,47.5247993,2.475430897303987,4.096033,4.1477365,16.642857142857146,19.118288040161133,62578
NO3_misfit,year,A,-122.3980026,47.5247993,0.322193418230329,0.9691808,2.5658808,15.928571428571429,16.250764846801758,62579
NO3_misfit,year,A,-122.4329987,47.4528999,5.718038558959961,6.4082584,5.317477,21.5,27.21803855895996,62580
NO3_misfit,year,A,-122.4329987,47.4528999,5.061891828264507,6.388287,5.307374,19.92857142857143,24.990463256835938,62581
NO3_misfit,year,A,-122.4329987,47.4528999,5.3471175602504175,6.130167,5.176792,17.214285714285715,22.561403274536133,62582
NO3_misfit,year,A,-122.4329987,47.4528999,3.20627294267927,5.348024,4.781111,16.785714285714285,19.991987228393555,62583
NO3_misfit,year,A,-122.4329987,47.4528999,-8.084375313350133,-3.7850795,0.16072917,15.357142857142858,7.272767543792725,62584
NO3_misfit,year,A,-122.369,48.044,4.431415830339706,6.0290246,5.125625,24.678571428571427,29.109987258911133,62585
NO3_misfit,year,A,-122.369,48.044,7.9193115234375,8.352806,6.3012123,10.5,18.4193115234375,62586
NO3_misfit,year,A,-122.72,48.2249,5.130957467215403,7.916113,6.0802917,20.285714285714285,25.416671752929688,62588
NO3_misfit,year,A,-122.72,48.2249,5.006313051496232,6.650035,5.4397907,14.071428571428573,19.077741622924805,62589
NO3_misfit,year,A,-122.72,48.2249,6.522189685276576,6.877857,5.555044,8.857142857142858,15.379332542419434,62590
NO3_misfit,year,A,-122.369,48.044,2.328207288469585,2.414014,3.296813,27.42857142857143,29.756778717041016,62591
NO3_misfit,year,A,-122.369,48.044,4.941668646676199,5.9099026,5.065362,19.714285714285715,24.655954360961914,62592
NO3_misfit,year,A,-122.369,48.044,5.665294919695171,4.505745,4.355007,19.92857142857143,25.5938663482666,62593
NO3_misfit,year,A,-122.655,48.237,3.533318383353098,4.9757137,4.5927615,26.285714285714285,29.819032669067383,62594
NO3_misfit,year,A,-122.655,48.237,14.044103349958148,12.723528,8.512334,11.071428571428571,25.11553192138672,62595
NO3_misfit,year,A,-122.655,48.237,13.987950733729772,11.813084,8.051745,11.142857142857142,25.130807876586914,62596
NO3_misfit,year,A,-122.42,48.175,14.308741433279856,10.336156,7.304577,6.535714285714286,20.84445571899414,62597
NO3_misfit,year,A,-122.42,48.175,12.515519714355468,9.69902,6.982254,6.65,19.16551971435547,62598
NO3_misfit,year,A,-122.42,48.175,11.950040980747767,10.810486,7.5445375,6.757142857142858,18.707183837890625,62599
NO3_misfit,year,A,-122.655,48.237,7.641575404575892,7.661614,5.951542,22.357142857142858,29.99871826171875,62600
NO3_misfit,year,A,-122.655,48.237,17.586924144199916,15.257862,9.794438,4.857142857142858,22.444067001342773,62601
NO3_misfit,year,A,-122.655,48.237,18.091288920811245,16.745836,10.5471945,3.057142857142857,21.1484317779541,62602
NO3_misfit,year,A,-122.72,48.2249,9.358412333897181,10.241332,7.256606,15.357142857142858,24.71555519104004,62603
NO3_misfit,year,A,-122.72,48.2249,8.78061512538365,9.444793,6.8536415,10.928571428571429,19.709186553955078,62604
NO3_misfit,year,A,-122.72,48.2249,14.637266567775182,10.338961,7.305996,1.142857142857143,15.780123710632324,62605
NO3_misfit,year,A,-122.42,48.175,1.2670342581612708,3.7938957,3.9948869,26.071428571428573,27.338462829589844,62606
NO3_misfit,year,A,-122.42,48.175,-1.1925863538469592,3.7508445,3.9731073,26.357142857142858,25.1645565032959,62607
NO3_misfit,year,A,-122.42,48.175,3.2875325339181067,5.5448875,4.880703,19.071428571428573,22.35896110534668,62608
NO3_misfit,year,A,-122.42,48.175,12.828653989519392,10.718921,7.4982147,3.278571428571429,16.10722541809082,62609
NO3_misfit,year,A,-122.369,48.044,7.281319209507533,5.789961,5.0046844,23.357142857142858,30.63846206665039,62610
NO3_misfit,year,A,-122.369,48.044,7.281319209507533,5.789961,5.0046844,23.357142857142858,30.63846206665039,62611
NO3_misfit,year,A,-122.369,48.044,7.989382607596261,4.4936438,4.348885,1.2857142857142856,9.275096893310547,62612
NO3_misfit,year,A,-122.72,48.2249,17.537021092006135,13.451117,8.880417,9.142857142857144,26.67987823486328,62614
NO3_misfit,year,A,-122.72,48.2249,20.938987459455216,13.982859,9.149422,1.0714285714285714,22.01041603088379,62616
NO3_misfit,year,A,-122.369,48.044,8.370298930576869,6.580898,5.4048142,20.857142857142858,29.227441787719727,62617
NO3_misfit,year,A,-122.369,48.044,8.584584644862584,6.580898,5.4048142,20.642857142857142,29.227441787719727,62618
NO3_misfit,year,A,-122.369,48.044,-1.0636735643659314,5.5585217,4.8876004,17.142857142857142,16.07918357849121,62619
NO3_misfit,year,A,-122.369,48.044,10.027969224112374,8.003336,6.1244173,1.7857142857142858,11.81368350982666,62620
NO3_misfit,year,A,-122.369,48.044,5.204454149518693,4.3003163,4.251082,24.071428571428573,29.275882720947266,62621
NO3_misfit,year,A,-122.369,48.044,9.743530545915874,9.693654,6.979539,9.92857142857143,19.672101974487305,62622
NO3_misfit,year,A,-122.369,48.044,9.04725810459682,9.330917,6.796033,13.071428571428571,22.11868667602539,62623
NO3_misfit,year,A,-122.655,48.237,1.99617140633719,5.887943,5.0542526,28.642857142857146,30.639028549194336,62624
NO3_misfit,year,A,-122.655,48.237,3.0336211068289636,12.11437,8.2041645,20.928571428571427,23.96219253540039,62625
NO3_misfit,year,A,-122.655,48.237,15.202815464564733,14.590885,9.457019,1.6428571428571428,16.845672607421875,62626
NO3_misfit,year,A,-122.42,48.175,-2.004223142351421,6.7766104,5.503824,25.57142857142857,23.56720542907715,62627
NO3_misfit,year,A,-122.42,48.175,-6.151371547154017,2.7216907,3.4524648,21.642857142857142,15.491485595703125,62628
NO3_misfit,year,A,-122.42,48.175,5.212119674682617,3.9726975,4.0853415,5.15,10.362119674682617,62629
NO3_misfit,year,A,-122.655,48.237,10.221727371215817,8.100945,6.1737976,20.000000000000004,30.22172737121582,62630
NO3_misfit,year,A,-122.42,48.175,19.28933982849121,8.59651,6.4245005,5.95,25.23933982849121,62633
NO3_misfit,year,A,-122.42,48.175,13.097048786708285,7.1948385,5.7154036,5.542857142857144,18.63990592956543,62634
NO3_misfit,year,A,-122.42,48.175,3.165657724652972,1.517801,2.8434243,2.571428571428571,5.737086296081543,62635
NO3_misfit,year,A,-122.42,48.175,10.808111245291574,8.114537,6.1806736,6.835714285714285,17.64382553100586,62636
NO3_misfit,year,A,-122.42,48.175,7.562687465122768,5.31071,4.7622337,7.357142857142857,14.919830322265625,62637
NO3_misfit,year,A,-122.42,48.175,2.5967073849269315,2.025877,3.1004567,4.814285714285715,7.4109930992126465,62638
NO3_misfit,year,A,-122.369,48.044,3.5653711046491345,3.0624728,3.6248646,26.357142857142858,29.922513961791992,62639
NO3_misfit,year,A,-122.369,48.044,3.2523051670619445,8.289318,6.2690935,20.21428571428571,23.466590881347656,62640
NO3_misfit,year,A,-122.369,48.044,2.855078833443777,6.974713,5.604043,21.714285714285715,24.569364547729492,62641
NO3_misfit,year,A,-122.655,48.237,10.558719635009766,7.610454,5.9256606,19.0,29.558719635009766,62642
NO3_misfit,year,A,-122.655,48.237,13.102991376604352,14.000757,9.158476,10.928571428571429,24.03156280517578,62643
NO3_misfit,year,A,-122.655,48.237,12.162940979003906,12.255335,8.275477,12.5,24.662940979003906,62644
NO3_misfit,year,A,-122.72,48.2249,15.041315078735352,11.681892,7.9853764,13.0,28.04131507873535,62645
NO3_misfit,year,A,-122.72,48.2249,12.655060631888254,13.296665,8.80228,7.785714285714286,20.44077491760254,62646
NO3_misfit,year,A,-122.72,48.2249,14.211980819702148,13.315736,8.811928,1.0,15.211980819702148,62647
NO3_misfit,year,A,-122.655,48.237,2.7076650347028455,6.5315394,5.379844,27.857142857142858,30.564807891845703,62648
NO3_misfit,year,A,-122.655,48.237,12.841062545776367,11.823984,8.05726,11.5,24.341062545776367,62649
NO3_misfit,year,A,-122.655,48.237,19.48857307434082,14.508243,9.41521,1.0,20.48857307434082,62650
NO3_misfit,year,A,-122.655,48.237,3.125564302716935,5.6844854,4.9513245,27.571428571428573,30.696992874145508,62651
NO3_misfit,year,A,-122.655,48.237,20.756862367902485,15.347286,9.839677,2.571428571428571,23.328290939331055,62652
NO3_misfit,year,A,-122.72,48.2249,8.217789241245814,7.336401,5.787019,17.857142857142858,26.074932098388672,62654
NO3_misfit,year,A,-122.72,48.2249,12.57081604003906,11.6613245,7.974972,12.000000000000002,24.570816040039062,62655
NO3_misfit,year,A,-122.72,48.2249,16.228925704956055,13.597435,8.954438,8.0,24.228925704956055,62656
NO3_misfit,year,A,-122.655,48.237,3.478420530046737,5.658808,4.9383345,24.928571428571427,28.406991958618164,62657
NO3_misfit,year,A,-122.655,48.237,9.32800211225237,8.788972,6.521866,7.714285714285714,17.042287826538086,62658
NO3_misfit,year,A,-122.655,48.237,9.186994688851492,8.884216,6.5700493,2.7142857142857144,11.901280403137207,62659
NO3_misfit,year,A,-122.369,48.044,1.7030007498604895,2.9174318,3.551489,28.321428571428573,30.024429321289062,62663
NO3_misfit,year,A,-122.369,48.044,8.225477491106304,5.6116424,4.9144735,17.92857142857143,26.154048919677734,62664
NO3_misfit,year,A,-122.369,48.044,6.875151225498744,6.250451,5.2376432,17.857142857142858,24.7322940826416,62665
NO3_misfit,year,A,-122.369,48.044,5.706432070050919,5.2885637,4.7510304,23.571428571428573,29.277860641479492,62666
NO3_misfit,year,A,-122.369,48.044,7.9930125645228784,7.392937,5.8156204,12.214285714285715,20.207298278808594,62667
NO3_misfit,year,A,-122.369,48.044,9.026630020141601,7.9934106,6.119396,4.4,13.426630020141602,62668
NO3_misfit,year,A,-122.72,48.2249,12.914845057896207,11.614244,7.9511538,12.357142857142856,25.271987915039062,62669
NO3_misfit,year,A,-122.72,48.2249,16.548447363717216,16.609398,10.478171,5.364285714285715,21.91273307800293,62670
NO3_misfit,year,A,-122.72,48.2249,13.455417088099887,15.307804,9.819703,9.142857142857144,22.59827423095703,62671
NO3_misfit,year,A,-122.369,48.044,4.006631851196289,4.4841747,4.3440948,26.75,30.75663185119629,62672
NO3_misfit,year,A,-122.369,48.044,2.726649011884416,1.8703599,3.0217817,4.571428571428572,7.298077583312988,62673
NO3_misfit,year,A,-122.369,48.044,0.7873056616101946,-0.30458164,1.921492,0.8571428571428572,1.6444485187530518,62674
NO3_misfit,year,A,-122.42,48.175,6.348250252859934,6.8009562,5.5161405,17.785714285714285,24.13396453857422,62675
NO3_misfit,year,A,-122.42,48.175,5.745161601475306,6.861059,5.546546,17.857142857142858,23.602304458618164,62676
NO3_misfit,year,A,-122.42,48.175,4.869673320225306,7.329191,5.7833714,17.857142857142858,22.726816177368164,62677
NO3_misfit,year,A,-122.42,48.175,7.074011393955775,6.2674856,5.246261,9.857142857142858,16.931154251098633,62678
NO3_misfit,year,A,-122.42,48.175,2.7557866232735773,3.652301,3.923255,9.071428571428571,11.827215194702148,62679
NO3_misfit,year,A,-122.42,48.175,-1.6238037688391547,-1.8139918,1.1578906,2.571428571428571,0.9476248025894165,62680
NO3_misfit,year,A,-122.42,48.175,-13.906239237104145,-3.3340204,0.3889172,21.92857142857143,8.022332191467285,62681
NO3_misfit,year,A,-122.42,48.175,-6.684415817260742,1.9568738,3.0655487,22.0,15.315584182739258,62682
NO3_misfit,year,A,-122.42,48.175,-13.907943180629186,-4.882908,-0.39465547,16.857142857142858,2.949199676513672,62683
NO3_misfit,year,A,-122.72,48.2249,12.777945382254465,11.5351305,7.911131,12.785714285714285,25.56365966796875,62684
NO3_misfit,year,A,-122.72,48.2249,12.208012717110769,12.308241,8.302242,12.214285714285715,24.422298431396484,62685
NO3_misfit,year,A,-122.72,48.2249,13.160422461373464,13.308869,8.8084545,11.214285714285715,24.37470817565918,62686
NO3_misfit,year,A,-122.72,48.2249,14.3554379599435,12.879927,8.5914545,13.071428571428571,27.42686653137207,62687
NO3_misfit,year,A,-122.72,48.2249,15.888601303100586,13.35682,8.832712,8.5,24.388601303100586,62688
NO3_misfit,year,A,-122.72,48.2249,15.935972322736468,14.269125,9.294242,3.6714285714285717,19.60740089416504,62689
NO3_misfit,year,A,-122.72,48.2249,13.86346708025251,9.006152,6.631736,11.285714285714286,25.149181365966797,62690
NO3_misfit,year,A,-122.72,48.2249,14.291215188162667,9.644474,6.9546595,5.635714285714286,19.926929473876953,62691
NO3_misfit,year,A,-122.655,48.237,5.647008623395646,5.4521837,4.8338046,22.071428571428573,27.71843719482422,62693
NO3_misfit,year,A,-122.655,48.237,6.013628550938197,8.375527,6.312707,13.857142857142858,19.870771408081055,62694
NO3_misfit,year,A,-122.655,48.237,9.174449784415108,8.531125,6.3914223,2.285714285714286,11.460164070129395,62695
NO3_misfit,year,A,-122.655,48.237,5.4830627441406214,5.723876,4.9712524,24.000000000000004,29.483062744140625,62696
NO3_misfit,year,A,-122.655,48.237,14.504417419433594,12.0521145,8.172669,2.5000000000000004,17.004417419433594,62697
NO3_misfit,year,A,-122.42,48.175,2.6849705832345148,3.2898653,3.739901,13.571428571428571,16.256399154663086,62699
NO3_misfit,year,A,-122.42,48.175,-1.3061015776225502,-3.5819218,0.26350546,2.285714285714286,0.9796127080917358,62700
NO3_misfit,year,A,-122.42,48.175,-3.6309453419276654,-1.5086899,1.312341,11.785714285714286,8.154768943786621,62701
NO3_misfit,year,A,-122.4329987,47.5332985,6.8608739035470165,6.731764,5.4811363,21.32142857142857,28.182302474975586,62704
NO3_misfit,year,A,-122.4329987,47.5332985,7.016467230660577,6.282636,5.2539253,20.71428571428571,27.73075294494629,62705
NO3_misfit,year,A,-122.4329987,47.5332985,5.695004326956614,5.820607,5.020188,21.285714285714285,26.9807186126709,62706
NO3_misfit,year,A,-122.4329987,47.5332985,6.877814429146902,6.911806,5.572219,19.714285714285715,26.592100143432617,62707
NO3_misfit,year,A,-122.4329987,47.5332985,7.33212443760463,7.082224,5.658432,19.071428571428573,26.403553009033203,62708
NO3_misfit,year,A,-122.4329987,47.5332985,7.122149331229071,7.0891633,5.6619425,18.78571428571429,25.90786361694336,62710
NO3_misfit,year,A,-122.4329987,47.5332985,5.955279214041571,5.6019073,4.9095488,18.28571428571429,24.24099349975586,62711
NO3_misfit,year,A,-122.3570023,47.6035995,2.9192074366978247,2.9660568,3.5760882,26.785714285714285,29.70492172241211,62712
NO3_misfit,year,A,-122.3570023,47.6035995,3.0497046879359644,3.1140528,3.6509585,26.214285714285715,29.26399040222168,62713
NO3_misfit,year,A,-122.3570023,47.6035995,3.655651092529297,3.2546978,3.7221098,25.0,28.655651092529297,62714
NO3_misfit,year,A,-122.3570023,47.6035995,3.6247223445347387,3.4417648,3.816746,24.785714285714285,28.410436630249023,62715
NO3_misfit,year,A,-122.3570023,47.6035995,2.4868638174874462,3.3553946,3.7730517,25.57142857142857,28.058292388916016,62716
NO3_misfit,year,A,-122.3570023,47.6035995,-0.18806185041155032,2.4100862,3.294826,25.785714285714285,25.597652435302734,62717
NO3_misfit,year,A,-122.387001,47.3586006,5.659978866577148,6.4867234,5.357172,23.5,29.15997886657715,62723
NO3_misfit,year,A,-122.387001,47.3586006,5.0209059034075025,6.0352516,5.128775,23.142857142857146,28.16376304626465,62724
NO3_misfit,year,A,-122.387001,47.3586006,5.196309225899832,5.763025,4.9910574,22.214285714285715,27.410594940185547,62725
NO3_misfit,year,A,-122.387001,47.3586006,6.247608729771205,6.6299114,5.4296103,20.357142857142858,26.604751586914062,62726
NO3_misfit,year,A,-122.387001,47.3586006,6.242916107177731,7.2175636,5.7268996,20.000000000000004,26.242916107177734,62727
NO3_misfit,year,A,-122.387001,47.3586006,7.078415189470562,8.175723,6.211627,18.92857142857143,26.006986618041992,62729
NO3_misfit,year,A,-122.387001,47.3586006,2.9774208068847656,7.50693,5.873288,17.5,20.477420806884766,62730
NO3_misfit,year,A,-122.3980026,47.5247993,3.1349432809012256,3.3338156,3.762135,24.42857142857143,27.563514709472656,62731
NO3_misfit,year,A,-122.3980026,47.5247993,3.052155358450751,3.0761638,3.6317906,24.28571428571429,27.33786964416504,62732
NO3_misfit,year,A,-122.3570023,47.6035995,7.086748123168945,3.95067,4.074198,21.5,28.586748123168945,62733
NO3_misfit,year,A,-122.3570023,47.6035995,6.644387653895787,4.3089824,4.255466,21.642857142857142,28.28724479675293,62734
NO3_misfit,year,A,-122.3570023,47.6035995,5.74173137119838,4.6317363,4.418745,22.071428571428573,27.813159942626953,62735
NO3_misfit,year,A,-122.3570023,47.6035995,6.062638691493444,4.7885013,4.4980516,21.642857142857142,27.705495834350586,62736
NO3_misfit,year,A,-122.3570023,47.6035995,5.826628821236746,4.584274,4.3947344,21.714285714285715,27.54091453552246,62737
NO3_misfit,year,A,-122.3570023,47.6035995,4.238027027675084,4.6611323,4.4336166,22.142857142857142,26.380884170532227,62738
NO3_misfit,year,A,-122.4260025,47.6012001,5.363153730119976,6.6183043,5.423738,23.42857142857143,28.791725158691406,62740
NO3_misfit,year,A,-122.4260025,47.6012001,5.323166166033062,6.0295696,5.1259007,22.92857142857143,28.251737594604492,62741
NO3_misfit,year,A,-122.4260025,47.6012001,5.016067777361187,5.8079476,5.0137835,22.42857142857143,27.444639205932617,62742
NO3_misfit,year,A,-122.4260025,47.6012001,7.228248596191403,6.8115892,5.5215197,19.500000000000004,26.728248596191406,62743
NO3_misfit,year,A,-122.4260025,47.6012001,6.965050016130718,6.9595976,5.5963964,19.42857142857143,26.39362144470215,62744
NO3_misfit,year,A,-122.4260025,47.6012001,6.65162168230329,6.9828033,5.608136,19.28571428571429,25.937335968017578,62745
NO3_misfit,year,A,-122.4260025,47.6012001,6.056299754551478,5.5694013,4.8931046,18.857142857142858,24.913442611694336,62747
NO3_misfit,year,A,-122.4329987,47.5332985,3.4252411978585364,3.3323183,3.7613776,26.321428571428573,29.74666976928711,62748
NO3_misfit,year,A,-122.4329987,47.5332985,2.7554073333740234,2.9642582,3.5751781,26.5,29.255407333374023,62749
NO3_misfit,year,A,-122.4329987,47.5332985,2.2611994062151233,2.4999278,3.3402762,26.142857142857142,28.404056549072266,62750
NO3_misfit,year,A,-122.4329987,47.5332985,2.4044979640415747,2.5240295,3.3524692,25.785714285714285,28.19021224975586,62751
NO3_misfit,year,A,-122.4329987,47.5332985,2.2718206133161267,2.6136332,3.397799,25.857142857142858,28.128963470458984,62752
NO3_misfit,year,A,-122.4329987,47.5332985,2.1049409593854627,2.5166805,3.3487515,25.857142857142858,27.96208381652832,62753
NO3_misfit,year,A,-122.4329987,47.5332985,1.742399760654994,2.105957,3.1409688,25.857142857142858,27.59954261779785,62754
NO3_misfit,year,A,-122.4179993,47.777401,5.316841942923407,4.748372,4.477751,23.28571428571429,28.602556228637695,62756
NO3_misfit,year,A,-122.4179993,47.777401,3.3205449240548255,3.7340472,3.9646099,24.071428571428573,27.3919734954834,62757
NO3_misfit,year,A,-122.4179993,47.777401,3.094026838030132,3.1063278,3.6470504,23.92857142857143,27.022598266601562,62758
NO3_misfit,year,A,-122.4179993,47.777401,3.3609442029680494,3.697258,3.9459984,23.642857142857146,27.003801345825195,62759
NO3_misfit,year,A,-122.4179993,47.777401,3.6622251783098463,4.3384023,4.2703495,23.142857142857146,26.805082321166992,62760
NO3_misfit,year,A,-122.4179993,47.777401,5.064461299351283,4.369171,4.2859154,21.357142857142858,26.42160415649414,62761
NO3_misfit,year,A,-122.4179993,47.777401,4.387668882097518,3.8744233,4.0356255,20.928571428571427,25.316240310668945,62763
NO3_misfit,year,A,-122.4329987,47.4528999,3.604667118617467,3.2060614,3.697505,25.142857142857142,28.74752426147461,62764
NO3_misfit,year,A,-122.4329987,47.4528999,3.3496322631835938,4.005819,4.1020975,25.0,28.349632263183594,62765
NO3_misfit,year,A,-122.4329987,47.4528999,3.1015758514404297,3.941683,4.0696516,25.0,28.10157585144043,62766
NO3_misfit,year,A,-122.4329987,47.4528999,3.3273805890764514,4.2306156,4.215821,24.642857142857142,27.970237731933594,62767
NO3_misfit,year,A,-122.4329987,47.4528999,2.9962340763637023,4.066157,4.132622,24.71428571428571,27.710519790649414,62768
NO3_misfit,year,A,-122.4329987,47.4528999,4.400112152099609,5.2591286,4.7361393,23.5,27.90011215209961,62769
NO3_misfit,year,A,-122.4329987,47.4528999,5.653099332536968,5.8642545,5.0422688,21.92857142857143,27.5816707611084,62770
NO3_misfit,year,A,-122.4329987,47.4528999,5.712182453700475,5.764255,4.9916797,21.642857142857142,27.355039596557617,62771
NO3_misfit,year,A,-122.4329987,47.4528999,5.3601709093366345,6.61294,5.4210243,21.857142857142858,27.217313766479492,62772
NO3_misfit,year,A,-122.4329987,47.4528999,6.158390590122767,6.3068295,5.266165,20.857142857142858,27.015533447265625,62773
NO3_misfit,year,A,-122.4329987,47.4528999,2.6435007367815295,2.485622,3.333039,25.642857142857142,28.286357879638672,62774
NO3_misfit,year,A,-122.4329987,47.4528999,2.296157019478933,2.5866177,3.3841324,25.714285714285715,28.01044273376465,62775
NO3_misfit,year,A,-122.4329987,47.4528999,2.2943872724260608,2.6064074,3.3941436,25.642857142857142,27.937244415283203,62776
NO3_misfit,year,A,-122.4329987,47.4528999,2.478817258562362,2.8167617,3.5005608,25.428571428571427,27.90738868713379,62777
NO3_misfit,year,A,-122.4329987,47.4528999,2.336862564086914,2.7916362,3.4878497,25.5,27.836862564086914,62778
NO3_misfit,year,A,-122.4219971,47.5703011,4.908122743879044,5.081872,4.6464663,22.571428571428573,27.479551315307617,62779
NO3_misfit,year,A,-122.4219971,47.5703011,4.996410914829799,5.275837,4.7445917,22.357142857142858,27.353553771972656,62780
NO3_misfit,year,A,-122.4219971,47.5703011,5.020858219691686,5.483726,4.849762,22.142857142857142,27.163715362548828,62781
NO3_misfit,year,A,-122.4219971,47.5703011,5.23544475010463,5.254818,4.7339582,21.571428571428573,26.806873321533203,62782
NO3_misfit,year,A,-122.4219971,47.5703011,2.000608444213867,2.323124,3.2508323,26.0,28.000608444213867,62783
NO3_misfit,year,A,-122.4219971,47.5703011,2.0550752367292127,2.2731528,3.225552,25.857142857142858,27.91221809387207,62784
NO3_misfit,year,A,-122.4219971,47.5703011,1.8804934365408776,2.4599595,3.3200564,25.928571428571427,27.809064865112305,62785
NO3_misfit,year,A,-122.4219971,47.5703011,1.7165036882672986,2.1605146,3.168569,25.857142857142858,27.573646545410156,62786
NO3_misfit,year,A,-122.45722,47.376111,8.219920567103795,7.853282,6.048506,17.142857142857142,25.362777709960938,62787
NO3_misfit,year,A,-122.387001,47.3586006,2.634697232927593,2.8764966,3.5307803,27.42857142857143,30.063268661499023,62788
NO3_misfit,year,A,-122.387001,47.3586006,2.7028650556291858,2.7876282,3.4858222,26.642857142857142,29.345722198486328,62789
NO3_misfit,year,A,-122.387001,47.3586006,2.1130992344447534,2.4856052,3.3330307,26.214285714285715,28.32738494873047,62790
NO3_misfit,year,A,-122.387001,47.3586006,1.712557111467632,2.473651,3.326983,26.42857142857143,28.141128540039062,62791
NO3_misfit,year,A,-122.387001,47.3586006,1.6228313446044922,2.6124227,3.3971868,26.5,28.122831344604492,62792
NO3_misfit,year,A,-122.387001,47.3586006,1.593130111694336,2.9484904,3.5672014,26.5,28.093130111694336,62793
NO3_misfit,year,A,-122.387001,47.3586006,1.4425277709960938,3.182563,3.6856174,26.5,27.942527770996094,62794
NO3_misfit,year,A,-122.4219971,47.5703011,3.4482492719377795,3.7905161,3.9931772,24.642857142857142,28.091106414794922,62796
NO3_misfit,year,A,-122.4219971,47.5703011,3.300589697701593,3.5652227,3.8792026,24.71428571428571,28.014875411987305,62797
NO3_misfit,year,A,-122.4219971,47.5703011,3.391654968261715,3.8386579,4.017532,24.500000000000004,27.89165496826172,62798
NO3_misfit,year,A,-122.4219971,47.5703011,3.0641574859619105,3.3695807,3.7802286,24.500000000000004,27.564157485961914,62799
NO3_misfit,year,A,-122.4469986,47.6605988,4.932379858834402,5.9062457,5.063512,21.714285714285715,26.646665573120117,62800
NO3_misfit,year,A,-122.4469986,47.6605988,6.202517373221262,6.7385917,5.4845905,20.285714285714285,26.488231658935547,62801
NO3_misfit,year,A,-122.4469986,47.6605988,6.061631611415319,7.1371365,5.686212,20.142857142857142,26.20448875427246,62802
NO3_misfit,year,A,-122.4469986,47.6605988,6.143239430018831,7.4369946,5.8379087,19.642857142857146,25.786096572875977,62803
NO3_misfit,year,A,-122.4469986,47.6605988,4.858816146850586,6.1968684,5.210536,19.0,23.858816146850586,62805
NO3_misfit,year,A,-122.406117,47.5371639,4.022604806082587,5.0870442,4.649083,23.28571428571429,27.308319091796875,62806
NO3_misfit,year,A,-122.406117,47.5371639,4.6952490125383655,4.9475875,4.578532,22.392857142857142,27.088106155395508,62807
NO3_misfit,year,A,-122.4329987,47.5332985,4.000035967145649,5.206888,4.709711,25.07142857142857,29.07146453857422,62808
NO3_misfit,year,A,-122.4329987,47.5332985,3.611827577863423,4.785394,4.49648,25.07142857142857,28.683256149291992,62809
NO3_misfit,year,A,-122.4329987,47.5332985,4.225221633911133,4.573663,4.3893666,23.5,27.725221633911133,62810
NO3_misfit,year,A,-122.4329987,47.5332985,4.589273452758789,5.1147747,4.6631117,23.0,27.58927345275879,62811
NO3_misfit,year,A,-122.4329987,47.5332985,4.897569111415319,4.978881,4.5943637,22.642857142857142,27.54042625427246,62812
NO3_misfit,year,A,-122.4329987,47.5332985,5.116788046700613,5.5207295,4.8684816,22.214285714285715,27.331073760986328,62813
NO3_misfit,year,A,-122.4329987,47.5332985,5.383916309901647,5.2416472,4.727296,21.642857142857142,27.02677345275879,62815
NO3_misfit,year,A,-122.4329987,47.5332985,3.8512870243617456,5.8215117,5.0206456,24.464285714285715,28.31557273864746,62816
NO3_misfit,year,A,-122.4329987,47.5332985,4.4997008187430225,5.461116,4.8383236,23.92857142857143,28.428272247314453,62817
NO3_misfit,year,A,-122.4329987,47.5332985,5.03263119288853,5.4760017,4.845854,22.42857142857143,27.46120262145996,62818
NO3_misfit,year,A,-122.4329987,47.5332985,6.312474931989399,6.020534,5.12133,20.57142857142857,26.88390350341797,62819
NO3_misfit,year,A,-122.4329987,47.5332985,6.44699777875628,6.3179145,5.2717724,20.21428571428571,26.661283493041992,62820
NO3_misfit,year,A,-122.4329987,47.5332985,6.673907688685823,6.40462,5.3156366,19.142857142857146,25.81676483154297,62821
NO3_misfit,year,A,-122.4329987,47.5332985,6.742954526628765,5.366787,4.7906027,17.92857142857143,24.671525955200195,62822
NO3_misfit,year,A,-122.4280014,47.7439995,4.719713483537944,4.867075,4.5378017,23.17857142857143,27.898284912109375,62824
NO3_misfit,year,A,-122.4280014,47.7439995,4.430219650268555,4.110333,4.1549706,23.0,27.430219650268555,62825
NO3_misfit,year,A,-122.4280014,47.7439995,3.0784890311104895,3.8243828,4.01031,24.071428571428573,27.149917602539062,62826
NO3_misfit,year,A,-122.4280014,47.7439995,3.6569502694266163,4.425499,4.314411,23.42857142857143,27.085521697998047,62827
NO3_misfit,year,A,-122.4280014,47.7439995,3.437903540475027,4.5440845,4.374403,23.214285714285715,26.652189254760742,62828
NO3_misfit,year,A,-122.4280014,47.7439995,5.04665674482073,4.508745,4.356525,21.214285714285715,26.260942459106445,62829
NO3_misfit,year,A,-122.4280014,47.7439995,4.051156180245535,4.070394,4.1347656,21.214285714285715,25.26544189453125,62830
NO3_misfit,year,A,-122.406117,47.5371639,1.8209773472377222,2.2142863,3.1957722,26.214285714285715,28.035263061523438,62832
NO3_misfit,year,A,-122.406117,47.5371639,1.6172978537423255,2.2008572,3.1889782,26.071428571428573,27.6887264251709,62833
NO3_misfit,year,A,-122.406117,47.5371639,1.9030121394566137,2.203745,3.1904392,25.785714285714285,27.6887264251709,62834
NO3_misfit,year,A,-122.4179993,47.777401,3.1875831059047144,3.4695947,3.8308249,26.214285714285715,29.40186882019043,62840
NO3_misfit,year,A,-122.4179993,47.777401,3.1795583452497205,2.3894193,3.284371,24.857142857142858,28.036701202392578,62841
NO3_misfit,year,A,-122.4179993,47.777401,3.024568012782506,2.0174408,3.096189,24.642857142857142,27.66742515563965,62842
NO3_misfit,year,A,-122.4179993,47.777401,3.688617161342073,2.6351907,3.408705,24.142857142857146,27.83147430419922,62843
NO3_misfit,year,A,-122.4179993,47.777401,3.9467988695417127,2.9007742,3.5430622,23.857142857142858,27.80394172668457,62844
NO3_misfit,year,A,-122.4179993,47.777401,3.830500738961355,3.1750495,3.6818163,23.714285714285715,27.54478645324707,62845
NO3_misfit,year,A,-122.4179993,47.777401,1.9030178615025086,2.8480856,3.5164073,23.28571428571429,25.188732147216797,62846
NO3_misfit,year,A,-122.45722,47.376111,20.987654549734934,13.192879,8.749776,1.2857142857142856,22.27336883544922,62848
NO3_misfit,year,A,-122.3570023,47.6035995,2.1092632838657934,1.92579,3.0498235,26.785714285714285,28.894977569580078,62850
NO3_misfit,year,A,-122.3570023,47.6035995,2.322726113455637,1.8003561,2.9863672,26.285714285714285,28.608440399169922,62851
NO3_misfit,year,A,-122.3570023,47.6035995,1.9050072261265356,1.9030569,3.038323,26.285714285714285,28.19072151184082,62852
NO3_misfit,year,A,-122.3570023,47.6035995,1.673583984375,1.9666138,3.070476,26.5,28.173583984375,62853
NO3_misfit,year,A,-122.3570023,47.6035995,2.313353129795619,2.213536,3.1953926,25.857142857142858,28.170495986938477,62854
NO3_misfit,year,A,-122.3570023,47.6035995,0.9407724652971545,2.1659439,3.171316,26.642857142857142,27.583629608154297,62856
NO3_misfit,year,A,-122.387001,47.3586006,3.508678436279297,5.3646445,4.7895193,26.0,29.508678436279297,62857
NO3_misfit,year,A,-122.387001,47.3586006,3.464072636195592,4.7703114,4.4888496,25.642857142857142,29.106929779052734,62858
NO3_misfit,year,A,-122.387001,47.3586006,4.474506378173828,4.8561387,4.5322695,23.5,27.974506378173828,62859
NO3_misfit,year,A,-122.387001,47.3586006,5.546722412109375,5.4488215,4.8321037,22.0,27.546722412109375,62860
NO3_misfit,year,A,-122.387001,47.3586006,5.565059116908483,6.209084,5.216716,21.642857142857142,27.207916259765625,62861
NO3_misfit,year,A,-122.387001,47.3586006,5.348254612513951,6.82334,5.5274644,21.642857142857142,26.991111755371094,62862
NO3_misfit,year,A,-122.387001,47.3586006,6.521608080182755,7.8272467,6.0353346,19.571428571428573,26.093036651611328,62864
NO3_misfit,year,A,-122.3980026,47.5247993,5.978371483939032,6.823416,5.527503,19.28571428571429,25.26408576965332,62865
NO3_misfit,year,A,-122.3980026,47.5247993,2.0623261587960364,4.9569397,4.583264,19.071428571428573,21.13375473022461,62866
NO3_misfit,year,A,-122.4179993,47.777401,9.553392682756694,6.2227345,5.2236214,18.42857142857143,27.981964111328125,62867
NO3_misfit,year,A,-122.4179993,47.777401,7.244315283639089,5.2224107,4.7175636,19.214285714285715,26.458600997924805,62868
NO3_misfit,year,A,-122.4179993,47.777401,5.829799652099606,4.7790327,4.4932613,19.500000000000004,25.32979965209961,62869
NO3_misfit,year,A,-122.4179993,47.777401,5.816366468157085,5.405085,4.8099775,19.92857142857143,25.744937896728516,62870
NO3_misfit,year,A,-122.4179993,47.777401,6.1825092860630555,5.9512887,5.086299,19.78571428571429,25.968223571777344,62871
NO3_misfit,year,A,-122.4179993,47.777401,6.045693261282782,6.124644,5.173998,19.28571428571429,25.33140754699707,62872
NO3_misfit,year,A,-122.4179993,47.777401,4.578527178083146,5.0674815,4.639186,18.571428571428573,23.14995574951172,62874
NO3_misfit,year,A,-122.4260025,47.6012001,3.225797653198242,3.88572,4.0413404,26.0,29.225797653198242,62877
NO3_misfit,year,A,-122.4260025,47.6012001,3.3455053056989392,3.38329,3.787164,25.857142857142858,29.202648162841797,62878
NO3_misfit,year,A,-122.4260025,47.6012001,4.005994524274556,2.948195,3.567052,24.57142857142857,28.577423095703125,62879
NO3_misfit,year,A,-122.4260025,47.6012001,3.809145246233257,3.5961828,3.894865,24.42857142857143,28.237716674804688,62880
NO3_misfit,year,A,-122.4260025,47.6012001,3.614755902971538,3.4499855,3.8209047,24.42857142857143,28.04332733154297,62881
NO3_misfit,year,A,-122.4260025,47.6012001,3.4089227403913185,3.5413713,3.8671362,24.35714285714286,27.76606559753418,62882
NO3_misfit,year,A,-122.4260025,47.6012001,2.877315521240231,3.109066,3.6484356,24.500000000000004,27.377315521240234,62883
NO3_misfit,year,A,-122.3880005,47.7126999,2.8584559304373585,3.6947048,3.944707,24.42857142857143,27.28702735900879,62885
NO3_misfit,year,A,-122.3880005,47.7126999,2.764854976109092,4.2705894,4.236043,24.35714285714286,27.121997833251953,62886
NO3_misfit,year,A,-122.3880005,47.7126999,4.165629250662665,4.5325165,4.3685503,22.78571428571429,26.951343536376953,62887
NO3_misfit,year,A,-122.3880005,47.7126999,4.42763819013323,4.656436,4.431241,22.214285714285715,26.641923904418945,62888
NO3_misfit,year,A,-122.3880005,47.7126999,3.784738813127788,4.0742564,4.1367197,21.92857142857143,25.71331024169922,62889
NO3_misfit,year,A,-122.4329987,47.4528999,7.462606975010463,6.0427947,5.1325912,20.357142857142858,27.81974983215332,62894
NO3_misfit,year,A,-122.4329987,47.4528999,7.86636298043387,6.4599986,5.3436522,19.142857142857146,27.009220123291016,62895
NO3_misfit,year,A,-122.4329987,47.4528999,8.146394729614258,6.9739885,5.603677,18.5,26.646394729614258,62896
NO3_misfit,year,A,-122.4329987,47.4528999,8.757594789777482,7.5556664,5.897944,17.571428571428573,26.329023361206055,62897
NO3_misfit,year,A,-122.4329987,47.4528999,12.782538550240652,7.6602254,5.9508395,11.714285714285715,24.496824264526367,62898
NO3_misfit,year,A,-122.4179993,47.777401,4.809368950980048,5.3013506,4.757499,24.28571428571429,29.095083236694336,62899
NO3_misfit,year,A,-122.4179993,47.777401,2.603301184517999,4.510858,4.3575935,24.71428571428571,27.31758689880371,62900
NO3_misfit,year,A,-122.4179993,47.777401,2.896935054234092,4.101422,4.150462,24.35714285714286,27.254077911376953,62901
NO3_misfit,year,A,-122.4179993,47.777401,2.8334200722830616,4.7723875,4.4898996,24.42857142857143,27.261991500854492,62902
NO3_misfit,year,A,-122.4179993,47.777401,2.7934695652553003,5.2916074,4.75257,24.214285714285715,27.007755279541016,62903
NO3_misfit,year,A,-122.4179993,47.777401,3.800910132271902,5.2897444,4.751628,22.214285714285715,26.015195846557617,62904
NO3_misfit,year,A,-122.4179993,47.777401,0.2986150469098767,3.1310396,3.659552,20.357142857142858,20.655757904052734,62906
NO3_misfit,year,A,-122.4469986,47.6605988,2.1159755161830347,2.8212988,3.502856,26.714285714285715,28.83026123046875,62915
NO3_misfit,year,A,-122.4469986,47.6605988,1.6345836094447534,2.8230088,3.503721,26.714285714285715,28.34886932373047,62916
NO3_misfit,year,A,-122.4469986,47.6605988,1.3890775953020373,2.288224,3.2331767,26.642857142857142,28.03193473815918,62917
NO3_misfit,year,A,-122.4469986,47.6605988,1.1273168836321155,2.346915,3.262868,26.642857142857142,27.770174026489258,62918
NO3_misfit,year,A,-122.4469986,47.6605988,0.7133977072579505,2.966054,3.5760868,26.571428571428573,27.284826278686523,62919
NO3_misfit,year,A,-122.4329987,47.5332985,2.8131288800920764,3.7334702,3.9643178,25.892857142857142,28.70598602294922,62936
NO3_misfit,year,A,-122.4329987,47.5332985,2.671697344098771,3.2949083,3.7424521,26.071428571428573,28.743125915527344,62937
NO3_misfit,year,A,-122.4329987,47.5332985,2.997677394321986,3.149942,3.6691146,25.357142857142858,28.354820251464844,62938
NO3_misfit,year,A,-122.4329987,47.5332985,3.3936982836042127,3.7819242,3.9888306,24.857142857142858,28.25084114074707,62939
NO3_misfit,year,A,-122.4329987,47.5332985,3.4830371311732726,3.9939623,4.0960994,24.71428571428571,28.197322845458984,62940
NO3_misfit,year,A,-122.4329987,47.5332985,3.3225356510707336,3.773065,3.9843488,24.71428571428571,28.036821365356445,62941
NO3_misfit,year,A,-122.4329987,47.5332985,2.937431335449215,3.3846512,3.7878525,24.500000000000004,27.43743133544922,62942
NO3_misfit,year,A,-122.3880005,47.7126999,4.723833901541575,4.958092,4.583847,21.785714285714285,26.50954818725586,62943
NO3_misfit,year,A,-122.3880005,47.7126999,6.154033115931917,5.8646116,5.0424495,19.642857142857146,25.796890258789062,62944
NO3_misfit,year,A,-122.3880005,47.7126999,6.325684411185126,5.4829493,4.849369,19.78571428571429,26.111398696899414,62945
NO3_misfit,year,A,-122.3880005,47.7126999,6.000783375331331,6.039901,5.1311274,19.142857142857146,25.143640518188477,62946
NO3_misfit,year,A,-122.3880005,47.7126999,4.158327920096259,4.7265806,4.4667263,18.78571428571429,22.944042205810547,62947
NO3_misfit,year,A,-122.45722,47.376111,12.631629126412529,12.696771,8.498797,10.214285714285714,22.845914840698242,62948
NO3_misfit,year,A,-122.4469986,47.6605988,2.311642238071986,3.0854535,3.6364903,25.857142857142858,28.168785095214844,62950
NO3_misfit,year,A,-122.4469986,47.6605988,2.1958912440708716,3.6230237,3.908444,25.785714285714285,27.981605529785156,62951
NO3_misfit,year,A,-122.4469986,47.6605988,2.387400218418666,3.895691,4.0463843,25.857142857142858,28.244543075561523,62952
NO3_misfit,year,A,-122.4469986,47.6605988,3.9450830732073072,3.5981047,3.8958373,23.642857142857146,27.587940216064453,62953
NO3_misfit,year,A,-122.4469986,47.6605988,2.786840983799525,3.7986314,3.9972825,23.357142857142858,26.143983840942383,62954
NO3_misfit,year,A,-122.45722,47.376111,8.546730313982282,11.195112,7.7391176,12.928571428571429,21.47530174255371,62956
NO3_misfit,year,A,-122.45722,47.376111,4.7309453146798255,8.323764,6.28652,21.571428571428573,26.3023738861084,62957
NO3_misfit,year,A,-122.3980026,47.5247993,4.727979932512554,5.409124,4.8120213,22.42857142857143,27.156551361083984,62958
NO3_misfit,year,A,-122.3980026,47.5247993,4.7973316737583716,4.925088,4.56715,22.285714285714285,27.083045959472656,62959
NO3_misfit,year,A,-122.4219971,47.5703011,7.468853541782924,6.817735,5.5246286,18.857142857142858,26.32599639892578,62968
NO3_misfit,year,A,-122.4219971,47.5703011,7.498357500348771,6.796508,5.5138903,18.571428571428573,26.069786071777344,62969
NO3_misfit,year,A,-122.4219971,47.5703011,7.798759460449219,6.850726,5.541319,18.0,25.79875946044922,62970
NO3_misfit,year,A,-122.4219971,47.5703011,7.9897659846714575,6.299677,5.2625465,17.285714285714285,25.275480270385742,62971
NO3_misfit,year,A,-122.4260025,47.6012001,3.042488643101283,3.3009238,3.7454953,27.357142857142858,30.39963150024414,62972
NO3_misfit,year,A,-122.4260025,47.6012001,2.7764483860560816,2.8068256,3.495534,26.714285714285715,29.490734100341797,62973
NO3_misfit,year,A,-122.4260025,47.6012001,2.106234414236887,2.3411992,3.2599764,26.285714285714285,28.391948699951172,62974
NO3_misfit,year,A,-122.4260025,47.6012001,1.685869761875697,2.1854577,3.1811876,26.357142857142858,28.043012619018555,62975
NO3_misfit,year,A,-122.4260025,47.6012001,2.003718239920481,2.2691774,3.2235413,25.785714285714285,27.789432525634766,62976
NO3_misfit,year,A,-122.4260025,47.6012001,1.733515875680105,2.197276,3.1871667,26.214285714285715,27.94780158996582,62977
NO3_misfit,year,A,-122.4260025,47.6012001,1.5797661372593481,2.3214011,3.249961,25.785714285714285,27.365480422973633,62978
NO3_misfit,year,A,-122.4260025,47.6012001,4.422473090035577,5.9937415,5.1077757,24.71428571428571,29.13675880432129,62987
NO3_misfit,year,A,-122.4260025,47.6012001,4.799467904227118,5.43109,4.8231335,23.78571428571429,28.585182189941406,62988
NO3_misfit,year,A,-122.4260025,47.6012001,7.673109872000559,5.3110366,4.762399,20.285714285714285,27.958824157714844,62989
NO3_misfit,year,A,-122.4260025,47.6012001,8.19915689740862,6.273851,5.249481,18.214285714285715,26.413442611694336,62990
NO3_misfit,year,A,-122.4260025,47.6012001,7.8767215183803,5.8083076,5.0139656,19.214285714285715,27.091007232666016,62991
NO3_misfit,year,A,-122.4260025,47.6012001,7.284718377249579,6.000434,5.111161,18.28571428571429,25.570432662963867,62992
NO3_misfit,year,A,-122.4260025,47.6012001,5.618486131940568,5.4926767,4.85429,18.071428571428573,23.68991470336914,62993
NO3_misfit,year,A,-122.3880005,47.7126999,2.4171030861990808,4.243489,4.222333,24.928571428571427,27.345674514770508,62995
NO3_misfit,year,A,-122.3880005,47.7126999,4.580745152064733,4.775186,4.491316,22.642857142857142,27.223602294921875,62996
NO3_misfit,year,A,-122.3880005,47.7126999,4.35120255606515,5.4873457,4.851593,22.357142857142858,26.708345413208008,62997
NO3_misfit,year,A,-122.3880005,47.7126999,4.0769418988909045,5.2142086,4.713414,21.642857142857142,25.719799041748047,62998
NO3_misfit,year,A,-122.3880005,47.7126999,4.110476630074636,4.2295017,4.2152576,18.214285714285715,22.32476234436035,62999
NO3_misfit,year,A,-122.3570023,47.6035995,2.4848561968122205,4.0194397,4.1089883,25.857142857142858,28.341999053955078,63000
NO3_misfit,year,A,-122.3570023,47.6035995,2.5795522417340955,4.201859,4.201273,25.857142857142858,28.436695098876953,63001
NO3_misfit,year,A,-122.3570023,47.6035995,4.974391392299108,5.1306086,4.6711216,22.642857142857142,27.61724853515625,63002
NO3_misfit,year,A,-122.3570023,47.6035995,4.477943965366908,5.296881,4.755238,22.357142857142858,26.835086822509766,63003
NO3_misfit,year,A,-122.3570023,47.6035995,3.951662881033762,4.4381614,4.320817,21.785714285714285,25.737377166748047,63004
NO3_misfit,year,A,-122.3570023,47.6035995,2.4037317548479322,2.8466237,3.5156677,19.642857142857146,22.046588897705078,63005
NO3_misfit,year,A,-122.387001,47.3586006,3.19129044669015,3.6390018,3.916527,26.357142857142858,29.548433303833008,63007
NO3_misfit,year,A,-122.387001,47.3586006,3.79532323564802,3.2510505,3.7202647,25.785714285714285,29.581037521362305,63008
NO3_misfit,year,A,-122.387001,47.3586006,3.795154299054829,2.9737585,3.5799844,25.07142857142857,28.8665828704834,63009
NO3_misfit,year,A,-122.387001,47.3586006,3.655263355800084,3.7099411,3.9524148,24.642857142857142,28.298120498657227,63010
NO3_misfit,year,A,-122.387001,47.3586006,3.4418144226074183,3.9373217,4.0674453,24.500000000000004,27.941814422607422,63011
NO3_misfit,year,A,-122.387001,47.3586006,2.7631538936070044,4.0873227,4.1433296,24.785714285714285,27.54886817932129,63012
NO3_misfit,year,A,-122.387001,47.3586006,2.5581970214843714,4.545532,4.3751354,24.000000000000004,26.558197021484375,63013
NO3_misfit,year,A,-122.3570023,47.6035995,3.0612746647426086,4.81202,4.5099497,24.71428571428571,27.77556037902832,63014
NO3_misfit,year,A,-122.3570023,47.6035995,5.522766658238002,5.0763597,4.6436777,22.357142857142858,27.87990951538086,63015
NO3_misfit,year,A,-122.3570023,47.6035995,7.163977214268272,5.7740965,4.9966583,19.85714285714286,27.021120071411133,63016
NO3_misfit,year,A,-122.3570023,47.6035995,6.661142894199912,6.2494335,5.2371283,19.85714285714286,26.518285751342773,63017
NO3_misfit,year,A,-122.3570023,47.6035995,5.84911809648786,5.795723,5.007599,19.78571428571429,25.63483238220215,63018
NO3_misfit,year,A,-122.3570023,47.6035995,3.548053196498323,4.8415375,4.5248823,19.142857142857146,22.69091033935547,63020
NO3_misfit,year,A,-122.387001,47.3586006,4.469340188162665,5.7360473,4.9774094,24.28571428571429,28.755054473876953,63021
NO3_misfit,year,A,-122.387001,47.3586006,4.8977966308593714,5.444946,4.830143,24.000000000000004,28.897796630859375,63022
NO3_misfit,year,A,-122.387001,47.3586006,6.534917013985769,5.3046007,4.7591434,21.714285714285715,28.249202728271484,63023
NO3_misfit,year,A,-122.387001,47.3586006,7.618183135986325,6.3277187,5.2767324,19.500000000000004,27.118183135986328,63024
NO3_misfit,year,A,-122.387001,47.3586006,6.895896639142716,6.8435173,5.537672,19.571428571428573,26.46732521057129,63025
NO3_misfit,year,A,-122.387001,47.3586006,6.893620082310267,7.643509,5.942383,18.857142857142858,25.750762939453125,63026
NO3_misfit,year,A,-122.387001,47.3586006,10.288149969918386,7.749242,5.9958725,9.714285714285715,20.0024356842041,63027
NO3_misfit,year,A,-122.4280014,47.7439995,8.208617074148993,6.624678,5.426963,19.03571428571429,27.24433135986328,63029
NO3_misfit,year,A,-122.4280014,47.7439995,6.732152393886018,5.693819,4.9560466,19.642857142857146,26.375009536743164,63030
NO3_misfit,year,A,-122.4280014,47.7439995,5.148477826799667,5.0423574,4.6264763,20.428571428571427,25.577049255371094,63031
NO3_misfit,year,A,-122.4280014,47.7439995,5.627985273088729,5.854,5.0370812,20.428571428571427,26.056556701660156,63032
NO3_misfit,year,A,-122.4280014,47.7439995,6.339893886021201,6.4356227,5.331321,19.85714285714286,26.197036743164062,63033
NO3_misfit,year,A,-122.4280014,47.7439995,5.736082621983115,6.3422933,5.284106,19.85714285714286,25.593225479125977,63034
NO3_misfit,year,A,-122.4280014,47.7439995,4.422860009329657,5.453017,4.8342266,19.28571428571429,23.708574295043945,63036
NO3_misfit,year,A,-122.4219971,47.5703011,6.111207689557759,6.0406165,5.1314893,20.57142857142857,26.682636260986328,63037
NO3_misfit,year,A,-122.4219971,47.5703011,6.27920395987374,6.0529175,5.1377125,19.85714285714286,26.1363468170166,63038
NO3_misfit,year,A,-122.4219971,47.5703011,5.7915826525006935,6.285516,5.2553825,19.85714285714286,25.648725509643555,63039
NO3_misfit,year,A,-122.4219971,47.5703011,6.1526549203055225,5.5843353,4.9006596,18.92857142857143,25.081226348876953,63040
NO3_misfit,year,A,-122.4179993,47.777401,4.958879470825195,2.7615654,3.4726372,25.0,29.958879470825195,63049
NO3_misfit,year,A,-122.4179993,47.777401,1.7679244450160425,1.7758344,2.9739618,26.214285714285715,27.982210159301758,63050
NO3_misfit,year,A,-122.4179993,47.777401,1.6478426797049366,1.5316721,2.8504417,26.42857142857143,28.076414108276367,63051
NO3_misfit,year,A,-122.4179993,47.777401,1.1675537654331762,1.4339421,2.8010006,26.285714285714285,27.45326805114746,63052
NO3_misfit,year,A,-122.4179993,47.777401,1.43846729823521,1.5957205,2.8828433,26.42857142857143,27.86703872680664,63053
NO3_misfit,year,A,-122.4179993,47.777401,0.8633414677211206,1.2790799,2.7226567,26.214285714285715,27.077627182006836,63054
NO3_misfit,year,A,-122.4179993,47.777401,0.3595529283796033,1.2960671,2.7312505,26.357142857142858,26.71669578552246,63055
NO3_misfit,year,A,-122.3880005,47.7126999,1.884443010602677,1.6529243,2.9117823,26.571428571428573,28.45587158203125,63059
NO3_misfit,year,A,-122.3880005,47.7126999,1.4202262333461206,1.7942374,2.9832718,26.714285714285715,28.134511947631836,63060
NO3_misfit,year,A,-122.3880005,47.7126999,1.569596426827566,2.005864,3.0903325,26.714285714285715,28.28388214111328,63061
NO3_misfit,year,A,-122.3880005,47.7126999,1.2471686771937769,1.8115574,2.992034,26.714285714285715,27.961454391479492,63062
NO3_misfit,year,A,-122.3880005,47.7126999,0.7958984375,1.8644356,3.0187845,26.5,27.2958984375,63063
NO3_misfit,year,A,-122.4329987,47.4528999,7.721567698887416,6.39434,5.310436,19.357142857142858,27.078710556030273,63064
NO3_misfit,year,A,-122.4329987,47.4528999,7.217827660696845,7.693198,5.9675207,19.28571428571429,26.503541946411133,63065
NO3_misfit,year,A,-122.4329987,47.4528999,7.270347867693218,7.37091,5.8044767,19.42857142857143,26.69891929626465,63066
NO3_misfit,year,A,-122.4329987,47.4528999,7.743890489850724,8.516751,6.3841505,18.571428571428573,26.315319061279297,63067
NO3_misfit,year,A,-122.4329987,47.4528999,7.227548054286412,7.471326,5.8552766,17.142857142857142,24.370405197143555,63068
NO3_misfit,year,A,-122.4260025,47.6012001,4.827162606375559,5.354457,4.7843657,24.785714285714285,29.612876892089844,63077
NO3_misfit,year,A,-122.4260025,47.6012001,4.0396494184221545,4.8610387,4.534748,25.142857142857142,29.182506561279297,63078
NO3_misfit,year,A,-122.4260025,47.6012001,2.653212683541433,4.425381,4.3143516,25.214285714285715,27.86749839782715,63079
NO3_misfit,year,A,-122.4260025,47.6012001,5.083477020263672,4.9818983,4.59589,22.5,27.583477020263672,63080
NO3_misfit,year,A,-122.4260025,47.6012001,5.410972867693218,4.94457,4.5770063,21.92857142857143,27.33954429626465,63081
NO3_misfit,year,A,-122.4260025,47.6012001,5.307101113455637,5.2492023,4.7311177,21.785714285714285,27.092815399169922,63082
NO3_misfit,year,A,-122.4260025,47.6012001,4.418947492327007,5.468135,4.841874,21.92857142857143,26.347518920898438,63084
NO3_misfit,year,A,-122.4469986,47.6605988,6.000670841761998,5.3375177,4.775796,21.642857142857142,27.64352798461914,63085
NO3_misfit,year,A,-122.4469986,47.6605988,5.891273771013534,5.8392854,5.0296373,21.428571428571427,27.31984519958496,63086
NO3_misfit,year,A,-122.4469986,47.6605988,6.119524274553573,6.079956,5.151391,20.428571428571427,26.548095703125,63087
NO3_misfit,year,A,-122.4469986,47.6605988,6.141160147530691,6.2001877,5.2122154,19.714285714285715,25.855445861816406,63088
NO3_misfit,year,A,-122.4469986,47.6605988,6.632782527378627,5.6222706,4.9198503,16.357142857142858,22.989925384521484,63090
NO3_misfit,year,A,-122.4280014,47.7439995,4.4227003370012525,5.546914,4.881728,23.392857142857146,27.8155574798584,63091
NO3_misfit,year,A,-122.4280014,47.7439995,3.148974827357698,4.8838673,4.546297,24.142857142857146,27.291831970214844,63092
NO3_misfit,year,A,-122.4280014,47.7439995,3.478331157139369,4.4920025,4.348055,23.857142857142858,27.335474014282227,63093
NO3_misfit,year,A,-122.4280014,47.7439995,3.4675527300153455,5.1334186,4.6725435,23.857142857142858,27.324695587158203,63094
NO3_misfit,year,A,-122.4280014,47.7439995,7.423475265502926,5.6568813,4.93736,19.500000000000004,26.92347526550293,63095
NO3_misfit,year,A,-122.4280014,47.7439995,7.073330470493861,5.1331415,4.6724033,18.357142857142858,25.43047332763672,63096
NO3_misfit,year,A,-122.4280014,47.7439995,2.600640433175222,3.8120883,4.0040903,17.714285714285715,20.314926147460938,63098
NO3_misfit,year,A,-122.3980026,47.5247993,1.9473329271589002,2.4062004,3.29286,25.857142857142858,27.804475784301758,63099
NO3_misfit,year,A,-122.3980026,47.5247993,1.016487666538783,2.4044964,3.2919981,26.857142857142858,27.87363052368164,63100
NO3_misfit,year,A,-122.3880005,47.7126999,2.9694878714425244,2.3459291,3.2623692,25.07142857142857,28.040916442871094,63101
NO3_misfit,year,A,-122.3880005,47.7126999,2.9753270830426892,2.668304,3.4254568,24.857142857142858,27.832469940185547,63102
NO3_misfit,year,A,-122.3880005,47.7126999,2.7301913670131164,3.1018944,3.6448076,24.71428571428571,27.444477081298828,63103
NO3_misfit,year,A,-122.3880005,47.7126999,3.0215296064104358,2.911198,3.5483353,24.642857142857142,27.664386749267578,63104
NO3_misfit,year,A,-122.3880005,47.7126999,2.380063193184988,2.5897274,3.3857055,23.714285714285715,26.094348907470703,63105
NO3_misfit,year,A,-122.4280014,47.7439995,4.07853671482631,3.491915,3.8421166,24.071428571428573,28.149965286254883,63111
NO3_misfit,year,A,-122.4280014,47.7439995,3.8661095755440833,2.707212,3.4451401,24.071428571428573,27.937538146972656,63112
NO3_misfit,year,A,-122.4280014,47.7439995,3.3258378165108837,2.369802,3.2744465,24.57142857142857,27.897266387939453,63113
NO3_misfit,year,A,-122.4280014,47.7439995,3.3338048117501415,2.9022567,3.543812,24.57142857142857,27.90523338317871,63114
NO3_misfit,year,A,-122.4280014,47.7439995,3.187510899135045,3.169786,3.6791534,24.642857142857142,27.830368041992188,63115
NO3_misfit,year,A,-122.4280014,47.7439995,2.8150171552385608,3.2707334,3.7302222,24.642857142857142,27.457874298095703,63116
NO3_misfit,year,A,-122.4280014,47.7439995,1.3686708722795728,3.065593,3.626443,23.642857142857146,25.01152801513672,63118
NO3_misfit,year,A,-122.4469986,47.6605988,4.788879122052872,4.9258757,4.5675488,23.071428571428573,27.860307693481445,63119
NO3_misfit,year,A,-122.4469986,47.6605988,5.408763340541295,5.1966534,4.7045336,22.142857142857142,27.551620483398438,63120
NO3_misfit,year,A,-122.4469986,47.6605988,5.601153782435826,4.8753996,4.542013,21.642857142857142,27.24401092529297,63121
NO3_misfit,year,A,-122.4469986,47.6605988,5.335811614990234,5.4076552,4.8112783,21.5,26.835811614990234,63122
NO3_misfit,year,A,-122.4469986,47.6605988,4.205169677734375,5.3820267,4.7983127,21.5,25.705169677734375,63124
NO3_misfit,year,A,-122.3980026,47.5247993,7.826234272548131,6.3147225,5.270158,18.142857142857142,25.969091415405273,63125
NO3_misfit,year,A,-122.3980026,47.5247993,7.734462738037109,5.3366504,4.7753572,17.5,25.23446273803711,63126
NO3_misfit,year,A,-122.406117,47.5371639,6.867914744785853,6.7125564,5.4714193,19.357142857142858,26.22505760192871,63127
NO3_misfit,year,A,-122.406117,47.5371639,6.7297488621303,5.672191,4.945105,17.964285714285715,24.694034576416016,63128
NO3_misfit,year,A,-122.4280014,47.7439995,4.451067515781947,2.9241543,3.55489,24.607142857142858,29.058210372924805,63129
NO3_misfit,year,A,-122.4280014,47.7439995,1.7991057804652613,2.00239,3.088575,26.214285714285715,28.013391494750977,63130
NO3_misfit,year,A,-122.4280014,47.7439995,1.317670277186803,1.7241887,2.9478345,26.642857142857142,27.960527420043945,63131
NO3_misfit,year,A,-122.4280014,47.7439995,1.123861312866211,1.8625101,3.0178106,26.5,27.62386131286621,63132
NO3_misfit,year,A,-122.4280014,47.7439995,0.7661713191441137,1.4872632,2.8279755,26.285714285714285,27.0518856048584,63133
NO3_misfit,year,A,-122.4280014,47.7439995,0.8387470245361328,1.4497457,2.8089955,26.5,27.338747024536133,63134
NO3_misfit,year,A,-122.4280014,47.7439995,-0.14950616019112672,1.9410262,3.0575314,26.642857142857142,26.493350982666016,63136
NO3_misfit,year,A,-122.3880005,47.7126999,2.693780081612722,0.9441631,2.5532243,26.214285714285715,28.908065795898438,63139
NO3_misfit,year,A,-122.3880005,47.7126999,1.4497307368687196,1.1660769,2.6654892,27.28571428571429,28.735445022583008,63140
NO3_misfit,year,A,-122.3880005,47.7126999,1.0496441977364661,1.1013168,2.6327276,27.571428571428573,28.62107276916504,63141
NO3_misfit,year,A,-122.3880005,47.7126999,0.9540631430489661,1.2533144,2.7096221,27.571428571428573,28.52549171447754,63142
NO3_misfit,year,A,-122.3880005,47.7126999,0.8426170349121094,1.4358937,2.801988,27.5,28.34261703491211,63143
NO3_misfit,year,A,-122.3570023,47.6035995,3.1384658813476562,1.8096994,2.9910939,26.5,29.638465881347656,63144
NO3_misfit,year,A,-122.3570023,47.6035995,3.000895091465541,1.6389844,2.9047303,26.357142857142858,29.3580379486084,63145
NO3_misfit,year,A,-122.3570023,47.6035995,2.7347003391810816,1.4408487,2.8044946,26.214285714285715,28.948986053466797,63146
NO3_misfit,year,A,-122.3570023,47.6035995,2.553239004952566,1.3702277,2.7687678,26.214285714285715,28.76752471923828,63147
NO3_misfit,year,A,-122.3570023,47.6035995,2.280289513724192,1.505974,2.8374412,26.285714285714285,28.566003799438477,63148
NO3_misfit,year,A,-122.3570023,47.6035995,1.9828060695103247,1.4115952,2.7896955,26.285714285714285,28.26852035522461,63149
NO3_misfit,year,A,-122.4469986,47.6605988,2.7356774466378333,2.3167439,3.2476046,26.571428571428573,29.307106018066406,63151
NO3_misfit,year,A,-122.4469986,47.6605988,2.1966522761753637,1.814797,2.9936728,26.785714285714285,28.98236656188965,63152
NO3_misfit,year,A,-122.4469986,47.6605988,2.458256585257395,2.1695275,3.1731288,26.785714285714285,29.24397087097168,63153
NO3_misfit,year,A,-122.4469986,47.6605988,1.8269004821777344,2.112646,3.144353,27.0,28.826900482177734,63154
NO3_misfit,year,A,-122.4469986,47.6605988,1.5736503601074219,1.9233506,3.0485895,27.0,28.573650360107422,63156
NO3_misfit,year,A,-122.4280014,47.7439995,4.413107463291713,2.9481637,3.5670362,25.607142857142858,30.02025032043457,63157
NO3_misfit,year,A,-122.4280014,47.7439995,2.8155798230852405,1.2122661,2.6888561,26.142857142857142,28.958436965942383,63158
NO3_misfit,year,A,-122.4280014,47.7439995,2.1352400098528186,1.145227,2.6549413,26.642857142857142,28.77809715270996,63159
NO3_misfit,year,A,-122.4280014,47.7439995,1.4359880174909314,1.6202269,2.895241,27.357142857142858,28.79313087463379,63160
NO3_misfit,year,A,-122.4280014,47.7439995,1.2039372580392005,1.6411049,2.905803,27.571428571428573,28.775365829467773,63161
NO3_misfit,year,A,-122.4280014,47.7439995,1.2180404663085938,1.7065089,2.9388905,27.5,28.718040466308594,63162
NO3_misfit,year,A,-122.4280014,47.7439995,0.7215243748256128,1.4947437,2.8317597,27.714285714285715,28.435810089111328,63163
NO3_misfit,year,A,-122.4179993,47.777401,5.470036642892019,2.6330168,3.4076052,25.214285714285715,30.684322357177734,63165
NO3_misfit,year,A,-122.4179993,47.777401,1.6974882398332873,0.96028274,2.5613792,27.142857142857142,28.84034538269043,63166
NO3_misfit,year,A,-122.4179993,47.777401,1.524992806570868,1.1602265,2.6625295,27.28571428571429,28.810707092285156,63167
NO3_misfit,year,A,-122.4179993,47.777401,1.4670685359409852,1.3558942,2.7615166,27.28571428571429,28.752782821655273,63168
NO3_misfit,year,A,-122.4179993,47.777401,1.530669076102118,1.309697,2.7381458,27.28571428571429,28.816383361816406,63169
NO3_misfit,year,A,-122.4179993,47.777401,1.1766719818115234,1.378106,2.7727535,27.5,28.676671981811523,63170
NO3_misfit,year,A,-122.4179993,47.777401,1.110420772007533,1.3978188,2.782726,27.357142857142858,28.46756362915039,63172
NO3_misfit,year,A,-122.655,48.237,2.1019475119454505,2.8801527,3.53263,27.571428571428573,29.673376083374023,63173
NO3_misfit,year,A,-122.655,48.237,3.8736980983189184,3.631145,3.9125524,21.785714285714285,25.659412384033203,63174
NO3_misfit,year,A,-122.655,48.237,4.482069287981304,5.308795,4.7612653,19.92857142857143,24.410640716552734,63175
NO3_misfit,year,A,-122.72,48.2249,5.610919134957449,3.7203186,3.9576645,23.214285714285715,28.825204849243164,63176
NO3_misfit,year,A,-122.72,48.2249,5.8733534131731275,3.7196095,3.957306,19.642857142857146,25.516210556030273,63177
NO3_misfit,year,A,-122.72,48.2249,5.890374047415595,5.7822614,5.0007887,18.28571428571429,24.176088333129883,63178
NO3_misfit,year,A,-122.42,48.175,1.0488455636160694,1.0018903,2.5824282,26.92857142857143,27.9774169921875,63179
NO3_misfit,year,A,-122.42,48.175,4.335489000592911,2.7065544,3.4448075,21.571428571428573,25.906917572021484,63180
NO3_misfit,year,A,-122.42,48.175,0.8728122711181641,1.1491791,2.6569407,26.0,26.872812271118164,63181
NO3_misfit,year,A,-122.369,48.044,1.065303257533479,1.8537736,3.0133908,28.892857142857146,29.958160400390625,63182
NO3_misfit,year,A,-122.369,48.044,2.058746337890625,1.9540833,3.064137,25.0,27.058746337890625,63183
NO3_misfit,year,A,-122.369,48.044,3.18995802743094,2.642177,3.4122396,23.142857142857146,26.332815170288086,63184
