test_lon,test_lat,observed,predicted,predicted_calibrated,observed_value,model_original,assessment_row_id
-124.9498,47.966,-1.3546021338001992,-4.435307,11.65209,2294.8399536963,2293.4853515625,3791
-124.9498,47.966,10.454157952830883,-4.435307,11.65209,2276.048039312794,2286.502197265625,3793
-124.9498,47.966,13.248897101130297,-4.8458376,11.5077,2263.2699017269947,2276.518798828125,3795
-124.9498,47.966,29.654719109320467,14.5250435,18.320778,2228.6714527656795,2258.326171875,3797
-124.9498,47.966,30.526406746011617,15.095013,18.521246,2214.6588959883634,2245.185302734375,3799
-124.9498,47.966,29.110036869934447,15.095013,18.521246,2200.9134006300656,2230.0234375,3801
-124.9498,47.966,14.089857974021925,26.673622,22.593645,2182.524888119728,2196.61474609375,3803
-124.9498,47.966,104.67841025793723,26.673622,22.593645,2054.7976639608128,2159.47607421875,3805
-124.9498,47.966,71.18030545641113,23.444223,21.45781,2027.9608078248389,2099.14111328125,3807
-122.8487,48.1882,1.937275888055865,8.780563,16.300343,2246.148661611944,2248.0859375,3809
-122.8487,48.1882,-7.993430074859134,21.873901,20.905499,2221.322287496734,2213.328857421875,3810
-122.8487,48.1882,-59.05792478057219,25.153477,22.058983,2241.916811499322,2182.85888671875,3811
-122.8487,48.1882,1.60465436248478,26.133781,22.403774,2158.739095637515,2160.34375,3812
-122.8487,48.1882,-13.447949605995746,26.673622,22.593645,2149.7685062466207,2136.320556640625,3813
-122.8487,48.1882,-18.047284552529163,26.550896,22.55048,2139.896405646279,2121.84912109375,3814
-122.8487,48.1882,-37.82515013674174,26.550896,22.55048,2132.7892614648667,2094.964111328125,3815
-123.483,48.2233,-4.402730727084418,-8.074754,10.372033,2313.8431604145844,2309.4404296875,3816
-123.483,48.2233,-5.689383595797608,-8.074754,10.372033,2311.5602332051726,2305.870849609375,3817
-123.483,48.2233,0.4332260460168982,-8.074754,10.372033,2296.929566922733,2297.36279296875,3818
-123.483,48.2233,-4.383526287858331,8.780563,16.300343,2252.0297665222333,2247.646240234375,3819
-123.483,48.2233,-0.8768297046440239,24.132797,21.699993,2214.010130485894,2213.13330078125,3820
-123.483,48.2233,-20.971463571680033,25.153477,22.058983,2206.126981149805,2185.155517578125,3821
-123.483,48.2233,0.513497263998488,26.673622,22.593645,2162.5953894547515,2163.10888671875,3822
-123.483,48.2233,3.8888947785785604,26.673622,22.593645,2149.3476774870464,2153.236572265625,3823
-123.483,48.2233,5.752810493394463,26.673622,22.593645,2144.3885469284805,2150.141357421875,3824
-123.9827,48.272,-2.116145735396458,-8.074754,10.372033,2322.9091144853965,2320.79296875,3825
-123.9827,48.272,-1.1395359526873108,-8.074754,10.372033,2321.6173191558123,2320.477783203125,3826
-123.9827,48.272,3.419388424533281,-8.074754,10.372033,2314.7876428254667,2318.20703125,3827
-123.9827,48.272,-5.852562216885872,-8.074754,10.372033,2300.084495810636,2294.23193359375,3828
-123.9827,48.272,-6.77350723202926,8.480684,16.19487,2257.8882533257793,2251.11474609375,3829
-123.9827,48.272,19.722878163629503,24.132797,21.699993,2193.1506569926205,2212.87353515625,3830
-123.9827,48.272,16.217355811278594,25.153477,22.058983,2173.1105250480964,2189.327880859375,3831
-123.9827,48.272,4.257837439617106,26.673622,22.593645,2164.769262169758,2169.027099609375,3832
-123.9827,48.272,3.404298279442628,26.673622,22.593645,2158.8127427361824,2162.217041015625,3833
-123.9827,48.272,-6.668555319832649,26.673622,22.593645,2164.9187994604576,2158.250244140625,3834
-124.4333,48.3968,-8.208066250042975,-8.074754,10.372033,2333.428769375043,2325.220703125,3835
-124.4333,48.3968,-5.603921043688388,-8.074754,10.372033,2329.3907862780634,2323.786865234375,3836
-124.4333,48.3968,-3.755833958281073,-8.074754,10.372033,2327.542699192656,2323.786865234375,3837
-124.4333,48.3968,-8.610287686819902,-8.074754,10.372033,2322.829281827445,2314.218994140625,3838
-124.4333,48.3968,-10.560518078199038,-8.074754,10.372033,2311.540254406324,2300.979736328125,3839
-124.4333,48.3968,-14.279437223569403,8.2106,16.099876,2270.4496032391944,2256.170166015625,3840
-124.4333,48.3968,-24.402169492885605,24.132797,21.699993,2232.5860073835106,2208.183837890625,3841
-124.4333,48.3968,-16.243425468645,25.153477,22.058983,2203.36915789052,2187.125732421875,3842
-124.4333,48.3968,-5.777101759560082,26.673622,22.593645,2179.939943556435,2174.162841796875,3843
-124.4333,48.3968,-6.444068706850885,26.673622,22.593645,2174.933814800601,2168.48974609375,3844
-124.4333,48.3968,-18.6135273948953,26.673622,22.593645,2177.3034688011453,2158.68994140625,3845
-124.7828,48.465,-7.553832400762531,-8.074754,10.372033,2344.8695062288875,2337.315673828125,3846
-124.7828,48.465,-7.440933587698055,-8.074754,10.372033,2342.950455072073,2335.509521484375,3847
-124.7828,48.465,-8.056473626428215,-8.074754,10.372033,2343.565995110803,2335.509521484375,3848
-124.7828,48.465,-1.9511171978701896,-8.074754,10.372033,2328.54144922912,2326.59033203125,3849
-124.7828,48.465,-7.947650483760754,-8.074754,10.372033,2321.4745059525108,2313.52685546875,3850
-124.7828,48.465,-7.886317272224915,-8.074754,10.372033,2305.9778700066,2298.091552734375,3851
-124.7828,48.465,32.57419245140045,-8.293176,10.295211,2246.9104266892246,2279.484619140625,3852
-124.7828,48.465,15.62060384411734,8.780563,16.300343,2227.4047867808827,2243.025390625,3853
-124.7828,48.465,2.8836092773904056,25.153477,22.058983,2211.1964688476096,2214.080078125,3854
-124.7828,48.465,-18.872082037106793,26.673622,22.593645,2199.840343755857,2180.96826171875,3855
-124.7828,48.465,-22.279272183981448,26.673622,22.593645,2192.1423092933564,2169.863037109375,3856
-124.7828,48.465,-23.5598281781663,26.673622,22.593645,2190.3305801312913,2166.770751953125,3857
-124.7828,48.465,-24.186344849555553,26.673622,22.593645,2190.9570968026806,2166.770751953125,3858
-125.0163,48.2665,-9.27222054972799,-8.074754,10.372033,2347.661624846603,2338.389404296875,3859
-125.0163,48.2665,-7.7559394212189545,-8.074754,10.372033,2346.424396452469,2338.66845703125,3860
-125.0163,48.2665,-6.215468542117833,-8.074754,10.372033,2344.883925573368,2338.66845703125,3861
-125.0163,48.2665,-9.617214082903956,-8.074754,10.372033,2336.395046114154,2326.77783203125,3862
-125.0163,48.2665,-7.194693408026978,-8.074754,10.372033,2319.064322314277,2311.86962890625,3863
-125.0163,48.2665,-17.889760097211365,-8.074754,10.372033,2309.5591936909614,2291.66943359375,3864
-125.0163,48.2665,-18.360059676496803,1.9436945,13.895697,2283.629835067122,2265.269775390625,3865
-125.0163,48.2665,-33.1000077360186,9.774416,16.649899,2265.1183182828936,2232.018310546875,3866
-125.0163,48.2665,-33.88615912390287,20.464043,20.409628,2251.664479436403,2217.7783203125,3867
-125.0163,48.2665,-52.340653485467556,26.673622,22.593645,2228.0943155948426,2175.753662109375,3868
-125.0163,48.2665,-55.055019092043494,26.673622,22.593645,2218.4410054201685,2163.385986328125,3869
-125.0163,48.2665,-45.44770312649416,26.673622,22.593645,2208.178171876494,2162.73046875,3870
-124.9512,47.9645,-14.607355804173949,-8.074754,10.372033,2323.927424163549,2309.320068359375,3872
-124.9512,47.9645,-11.012032771490794,-8.074754,10.372033,2312.868722224616,2301.856689453125,3873
-124.9512,47.9645,-7.418509954105502,-8.074754,10.372033,2309.2751994072305,2301.856689453125,3874
-124.9512,47.9645,7.6830300788451495,-8.074754,10.372033,2277.337966014905,2285.02099609375,3875
-124.9512,47.9645,13.116893732174503,-2.730609,12.251663,2260.4175300959505,2273.534423828125,3876
-124.9512,47.9645,14.070055398542081,8.2106,16.099876,2244.631604757708,2258.70166015625,3877
-124.9512,47.9645,4.877943657213564,8.780563,16.300343,2234.8552106396614,2239.733154296875,3878
-124.9512,47.9645,2.601822202999756,25.153477,22.058983,2212.9384610001252,2215.540283203125,3879
-124.9512,47.9645,8.415589237632503,26.673622,22.593645,2185.2653189654925,2193.680908203125,3880
-124.9512,47.9645,13.235865602071499,26.673622,22.593645,2171.9841051010535,2185.219970703125,3881
-124.9512,47.9645,10.900823548641256,26.673622,22.593645,2173.2817936388587,2184.1826171875,3882
-124.9512,47.9645,9.461397546246644,26.673622,22.593645,2174.2995887818784,2183.760986328125,3883
-124.9512,47.9645,8.206642910899063,26.673622,22.593645,2175.460105135976,2183.666748046875,3884
-122.4549,47.8134,47.064671640056076,33.736473,25.077774,2161.588892813069,2208.653564453125,3885
-122.4549,47.8134,45.77168331044504,36.23666,25.957134,2161.43070926768,2207.202392578125,3886
-122.4549,47.8134,42.02280713709206,37.021374,26.233131,2157.011616691033,2199.034423828125,3887
-122.4549,47.8134,41.75548467868293,35.408794,25.665958,2149.410775086942,2191.166259765625,3888
-122.4549,47.8134,38.08270667713532,34.845264,25.467754,2146.0083577759897,2184.091064453125,3889
-122.4549,47.8134,31.411153815506168,34.248756,25.257954,2148.435281731369,2179.846435546875,3890
-122.4549,47.8134,36.120749100982266,34.082256,25.19939,2141.7530301958927,2177.873779296875,3891
-122.4549,47.8134,33.45417939541221,34.082256,25.19939,2141.450361620213,2174.904541015625,3892
-122.4549,47.8134,33.94748824045064,34.082256,25.19939,2139.3330293376744,2173.280517578125,3893
-122.4549,47.8134,35.13361768453706,34.082256,25.19939,2136.914478018588,2172.048095703125,3894
-122.8864,48.2134,-8.843504310361823,11.366695,17.20993,2266.700682044737,2257.857177734375,3895
-122.8864,48.2134,-5.770276062720313,15.095013,18.521246,2244.5056276252203,2238.7353515625,3896
-122.8864,48.2134,7.860899868019715,15.095013,18.521246,2213.5692759132303,2221.43017578125,3897
-122.8864,48.2134,14.365621414121506,23.972229,21.643518,2195.6014196015035,2209.967041015625,3898
-122.8864,48.2134,14.518581587689368,28.372244,23.19108,2190.6530492716856,2205.171630859375,3899
-122.8864,48.2134,11.936249989634234,24.185266,21.718449,2190.5398242291158,2202.47607421875,3900
-122.8864,48.2134,10.312705970241495,24.185266,21.718449,2189.8413467641335,2200.154052734375,3901
-122.8864,48.2134,4.057831836955756,24.185266,21.718449,2192.3843068349192,2196.442138671875,3902
-123.428,48.2305,-3.4703183869828536,-8.074754,10.372033,2298.410992215108,2294.940673828125,3903
-123.428,48.2305,2.640657707524497,-8.074754,10.372033,2288.2397133862255,2290.88037109375,3904
-123.428,48.2305,-7.552001065788772,-6.173877,11.040606,2280.8537588782888,2273.3017578125,3905
-123.428,48.2305,-7.99797576972469,11.850044,17.379934,2264.3768820197247,2256.37890625,3906
-123.428,48.2305,-27.12747185160788,12.42001,17.5804,2268.565948414108,2241.4384765625,3907
-123.428,48.2305,-19.677344931968037,15.095013,18.521246,2255.450782431968,2235.7734375,3908
-123.428,48.2305,-8.451962067228123,15.095013,18.521246,2235.430233551603,2226.978271484375,3909
-123.428,48.2305,-8.983737974792348,15.095013,18.521246,2232.6980934435423,2223.71435546875,3910
-123.428,48.2305,12.606788343579865,15.095013,18.521246,2207.54506712517,2220.15185546875,3911
-123.9722,48.2565,-1.6397595021712732,-8.074754,10.372033,2308.9061169240463,2307.266357421875,3912
-123.9722,48.2565,1.591139863481203,-8.074754,10.372033,2305.245041777144,2306.836181640625,3913
-123.9722,48.2565,-5.318691208198743,-8.074754,10.372033,2308.7154197238237,2303.396728515625,3914
-123.9722,48.2565,-9.366363542233557,-8.074754,10.372033,2294.2870178391086,2284.920654296875,3915
-123.9722,48.2565,-21.004250502616287,3.1393785,14.31624,2287.7447290182413,2266.740478515625,3916
-123.9722,48.2565,-9.082217104190477,11.850044,17.379934,2259.1664456198155,2250.084228515625,3917
-123.9722,48.2565,5.999581940151529,15.095013,18.521246,2237.1229766535985,2243.12255859375,3918
-123.9722,48.2565,6.8422073727601855,15.095013,18.521246,2227.03816372099,2233.88037109375,3919
-123.9722,48.2565,6.002816669881213,16.931036,19.167007,2223.451773173869,2229.45458984375,3920
-123.9722,48.2565,11.220240409566031,18.197035,19.612282,2215.682835762309,2226.903076171875,3921
-124.424,48.3969,-11.025617961046919,-8.074754,10.372033,2324.012434367297,2312.98681640625,3922
-124.424,48.3969,-4.045045459606172,-8.074754,10.372033,2316.149049365856,2312.10400390625,3923
-124.424,48.3969,-10.537116125639386,-8.074754,10.372033,2306.0590887818894,2295.52197265625,3924
-124.424,48.3969,-15.353711913479856,-7.299323,10.644766,2294.11201269473,2278.75830078125,3925
-124.424,48.3969,-2.063154479113109,11.850044,17.379934,2249.807783385363,2247.74462890625,3926
-124.424,48.3969,-1.8823097319359476,15.095013,18.521246,2236.673325356936,2234.791015625,3927
-124.424,48.3969,0.7460874131797937,15.095013,18.521246,2229.187262196195,2229.933349609375,3928
-124.424,48.3969,4.166869574348766,18.197035,19.612282,2222.4671636287762,2226.634033203125,3929
-124.424,48.3969,7.638139717116701,17.607904,19.405073,2218.2776317672583,2225.915771484375,3930
-124.424,48.3969,18.279670473596525,17.80224,19.473425,2208.0560228857785,2226.335693359375,3931
-124.7935,48.4665,-5.553564305227155,-8.074754,10.372033,2327.198339695852,2321.644775390625,3932
-124.7935,48.4665,-3.8766876140298336,-8.074754,10.372033,2322.574685660905,2318.697998046875,3933
-124.7935,48.4665,-10.296901406868983,-8.074754,10.372033,2317.321803750619,2307.02490234375,3934
-124.7935,48.4665,-10.193949295158745,-8.074754,10.372033,2306.4793496857837,2296.285400390625,3935
-124.7935,48.4665,-0.39864635076810373,-8.074754,10.372033,2284.816126819518,2284.41748046875,3936
-124.7935,48.4665,8.97321358053523,4.708891,14.868265,2256.6530071225898,2265.626220703125,3937
-124.7935,48.4665,25.246425261903823,18.079092,19.570799,2224.713291534971,2249.959716796875,3938
-124.7935,48.4665,22.29677752951784,17.411367,19.335949,2221.817480282982,2244.1142578125,3939
-124.7935,48.4665,17.472707390176765,17.709463,19.440794,2221.5272926098232,2239.0,3940
-124.7935,48.4665,23.787063313182898,17.709463,19.440794,2214.281296061817,2238.068359375,3941
-124.7935,48.4665,20.76023766398248,18.502607,19.719757,2216.4116373360175,2237.171875,3942
-125.016,48.2666,-3.3019095370145806,-8.074754,10.372033,2330.5773001620146,2327.275390625,3943
-125.016,48.2666,0.6485911385675536,-8.074754,10.372033,2325.7303151114324,2326.37890625,3944
-125.016,48.2666,-4.194730302507196,-8.074754,10.372033,2323.095365068132,2318.900634765625,3945
-125.016,48.2666,-9.59992327252985,-8.074754,10.372033,2316.244698663155,2306.644775390625,3946
-125.016,48.2666,-1.0696475841346,-8.074754,10.372033,2291.3330753185096,2290.263427734375,3947
-125.016,48.2666,9.74055602002818,-6.173877,11.040606,2262.393233042472,2272.1337890625,3948
-125.016,48.2666,27.145813427474877,4.708891,14.868265,2236.831237353775,2263.97705078125,3949
-125.016,48.2666,10.891563948495332,16.197596,18.909044,2243.0627817546297,2253.954345703125,3950
-125.016,48.2666,17.91818144497529,17.411367,19.335949,2219.3113107425247,2237.2294921875,3951
-125.016,48.2666,29.104197738202856,17.709463,19.440794,2206.799366714922,2235.903564453125,3952
-125.016,48.2666,23.029504489868486,17.709463,19.440794,2212.9011595726315,2235.9306640625,3953
-124.9507,47.9607,-11.483599576651159,-8.074754,10.372033,2304.269244107901,2292.78564453125,3954
-124.9507,47.9607,-6.97466090828857,-8.074754,10.372033,2299.0508327832886,2292.076171875,3955
-124.9507,47.9607,0.20207505171538287,-8.074754,10.372033,2281.3416261201596,2281.543701171875,3956
-124.9507,47.9607,2.254401373462315,-6.173877,11.040606,2269.6035087827877,2271.85791015625,3957
-124.9507,47.9607,-4.209347383831755,4.848606,14.917405,2267.4610563682068,2263.251708984375,3958
-124.9507,47.9607,-15.359959451981013,14.5250435,18.320778,2268.728611795731,2253.36865234375,3959
-124.9507,47.9607,-1.6862539158078107,17.709463,19.440794,2243.890355478308,2242.2041015625,3960
-124.9507,47.9607,19.286549526724684,36.61251,26.089327,2222.3430891451503,2241.629638671875,3961
-124.9507,47.9607,19.134422057116808,40.50288,27.457638,2224.011818177258,2243.146240234375,3962
-124.9507,47.9607,32.558930099923145,38.961277,26.915428,2210.793853103202,2243.352783203125,3963
-124.9507,47.9607,21.131873394077957,38.961277,26.915428,2222.256798480922,2243.388671875,3964
-123.0257,48.2498,0.9179957285996352,-6.173877,11.040606,2273.6769749745254,2274.594970703125,3965
-123.0257,48.2498,2.7922147063177363,7.4528503,15.833364,2257.2429415436823,2260.03515625,3966
-123.0257,48.2498,6.526267199515587,12.120131,17.474928,2238.2203148317344,2244.74658203125,3967
-123.0257,48.2498,-1.4281033552160807,15.095013,18.521246,2235.740359214591,2234.312255859375,3968
-123.0257,48.2498,-10.225499714349553,15.095013,18.521246,2234.4029899487246,2224.177490234375,3969
-123.0257,48.2498,-1.7613086815804309,20.025558,20.255405,2215.8345508690804,2214.0732421875,3970
-123.0257,48.2498,6.783131928480543,24.185266,21.718449,2196.1055399465195,2202.888671875,3971
-123.0257,48.2498,7.85150196690347,24.185266,21.718449,2192.4224238143465,2200.27392578125,3972
-123.0257,48.2498,10.529282009519648,24.185266,21.718449,2187.2588039279804,2197.7880859375,3973
-126.605,48.1967,-13.997250867468665,-15.26783,7.8421025,2444.7096532112187,2430.71240234375,3975
-126.605,48.1967,-6.998103469498801,-15.26783,7.8421025,2415.509822219499,2408.51171875,3976
-126.605,48.1967,-20.42818151440133,-11.648111,9.115221,2379.6581619831513,2359.22998046875,3977
-126.605,48.1967,-18.691717021878958,-10.359435,9.568471,2365.814763896879,2347.123046875,3978
-126.605,48.1967,-17.610153967912538,-9.545421,9.854774,2349.2712867804125,2331.6611328125,3979
-126.605,48.1967,-14.053654819549593,-9.545421,9.854774,2331.3109790382996,2317.25732421875,3980
-126.605,48.1967,-13.342722861829316,-9.545421,9.854774,2318.3195295024543,2304.976806640625,3981
-126.605,48.1967,-24.38455384450026,-9.545421,9.854774,2307.4709796257503,2283.08642578125,3982
-126.605,48.1967,-9.208177660842011,-2.8608963,12.205838,2275.215746020217,2266.007568359375,3983
-126.605,48.1967,13.710946535996754,-2.8608963,12.205838,2252.2966218233782,2266.007568359375,3984
-126.605,48.1967,19.490511946410606,11.424501,17.230263,2234.5375642254644,2254.028076171875,3985
-126.605,48.1967,4.206727428482736,11.424501,17.230263,2249.8213487433923,2254.028076171875,3986
-126.605,48.1967,-7.305985797968788,18.235773,19.625906,2255.303056110469,2247.9970703125,3987
-126.605,48.1967,6.382108005067039,17.94621,19.524063,2240.823458401183,2247.20556640625,3988
-126.605,48.1967,4.048241731645703,17.94621,19.524063,2243.1573246746043,2247.20556640625,3989
-126.605,48.1967,6.014474335370778,18.228416,19.623318,2240.267752227129,2246.2822265625,3990
-126.605,48.1967,3.581991272938467,18.228416,19.623318,2242.7002352895615,2246.2822265625,3991
-126.605,48.1967,4.5606952587972955,18.970346,19.88427,2241.6993145068277,2246.260009765625,3992
-126.4167,48.3033,-15.410955315764568,-15.26783,7.8421025,2438.0120295345146,2422.60107421875,3993
-126.4167,48.3033,-2.556122718136976,-15.26783,7.8421025,2404.703827796262,2402.147705078125,3995
-126.4167,48.3033,-1.927273928293289,-11.648111,9.115221,2366.3384067407933,2364.4111328125,3996
-126.4167,48.3033,-6.224491098530962,-10.088638,9.663715,2351.249149301656,2345.024658203125,3997
-126.4167,48.3033,-11.555323657411464,-9.545421,9.854774,2342.5035658449115,2330.9482421875,3998
-126.4167,48.3033,1.9489551830083656,-9.545421,9.854774,2316.5525096607416,2318.50146484375,3999
-126.4167,48.3033,-5.423469640463736,-9.545421,9.854774,2314.3663407342137,2308.94287109375,4000
-126.4167,48.3033,1.6624231222799608,-9.545421,9.854774,2287.800711643345,2289.463134765625,4001
-126.4167,48.3033,6.012222696382196,-9.763844,9.777951,2268.020736287993,2274.032958984375,4002
-126.4167,48.3033,9.80747353825609,1.4591366,13.725269,2250.037497164869,2259.844970703125,4003
-126.4167,48.3033,11.945976952614728,11.424501,17.230263,2240.2249214848853,2252.1708984375,4004
-126.4167,48.3033,11.424129497730519,18.95555,19.879065,2235.9047279241445,2247.328857421875,4005
-126.4167,48.3033,11.677887926558924,18.95555,19.879065,2235.650969495316,2247.328857421875,4006
-126.4167,48.3033,11.94408675000841,17.94621,19.524063,2233.1423390312416,2245.08642578125,4007
-126.4167,48.3033,11.642512982405606,18.228416,19.623318,2233.6704752988444,2245.31298828125,4008
-126.4167,48.3033,13.886627101058366,18.228416,19.623318,2231.4263611801916,2245.31298828125,4009
-126.4167,48.3033,14.47576409597741,18.228416,19.623318,2230.8469898102726,2245.32275390625,4010
-126.4167,48.3033,13.21349492570289,18.228416,19.623318,2232.113409371172,2245.326904296875,4011
-126.3185,48.3655,-12.86327456697154,-15.26783,7.8421025,2437.4811944888465,2424.617919921875,4013
-126.3185,48.3655,-10.603529420337964,-15.26783,7.8421025,2410.843031373463,2400.239501953125,4015
-126.3185,48.3655,-4.119876379162179,-10.359435,9.568471,2365.135257238537,2361.015380859375,4016
-126.3185,48.3655,-9.033176219319103,-10.088638,9.663715,2354.477268016194,2345.444091796875,4017
-126.3185,48.3655,-9.557092079986433,-9.545421,9.854774,2343.3705686424864,2333.8134765625,4018
-126.3185,48.3655,-3.842490889845976,-9.545421,9.854774,2326.676475264846,2322.833984375,4019
-126.3185,48.3655,-12.732474056268984,-9.545421,9.854774,2315.369436946894,2302.636962890625,4020
-126.3185,48.3655,-8.769520464823017,-9.545421,9.854774,2300.106190386698,2291.336669921875,4021
-126.3185,48.3655,-13.604048269861323,-9.763844,9.777951,2289.6609330354863,2276.056884765625,4022
-126.3185,48.3655,1.620102525684615,-2.571643,12.307573,2258.8386377086904,2260.458740234375,4023
-126.3185,48.3655,15.734517155043704,13.7589655,18.051334,2234.0027875324563,2249.7373046875,4024
-126.3185,48.3655,11.168840538922723,18.235773,19.625906,2236.7154368048273,2247.88427734375,4025
-126.3185,48.3655,6.527612046163995,17.94621,19.524063,2239.764624281961,2246.292236328125,4026
-126.3185,48.3655,12.942731058333266,17.94621,19.524063,2233.1583431604167,2246.10107421875,4027
-126.3185,48.3655,14.417635279964998,18.228416,19.623318,2231.42977682941,2245.847412109375,4028
-126.3185,48.3655,13.303722328201275,18.228416,19.623318,2232.2946663436737,2245.598388671875,4029
-126.2357,48.4392,-18.31706473196209,-10.088638,9.663715,2375.329760044462,2357.0126953125,4031
-126.2357,48.4392,-14.42241317027947,-10.088638,9.663715,2367.7612803577795,2353.3388671875,4033
-126.2357,48.4392,-9.738871091798046,-10.088638,9.663715,2354.906839841798,2345.16796875,4034
-126.2357,48.4392,-11.32519070738681,-9.545421,9.854774,2346.880854769887,2335.5556640625,4035
-126.2357,48.4392,0.9131125215390057,-9.545421,9.854774,2325.272434353461,2326.185546875,4036
-126.2357,48.4392,7.524224026710726,-9.545421,9.854774,2308.7138130826643,2316.238037109375,4037
-126.2357,48.4392,4.63411581472883,-9.545421,9.854774,2300.896645904021,2305.53076171875,4038
-126.2357,48.4392,8.603748760302096,-9.545421,9.854774,2277.749278583448,2286.35302734375,4039
-126.2357,48.4392,13.223039491520922,-9.763844,9.777951,2260.302106992854,2273.525146484375,4040
-126.2357,48.4392,26.25509187533453,-0.19902647,13.142065,2235.8232772652905,2262.078369140625,4041
-126.2357,48.4392,22.053635277142803,11.460415,17.242893,2232.203200660357,2254.2568359375,4042
-126.2357,48.4392,-7.229718357773891,18.235773,19.625906,2255.693829685899,2248.464111328125,4043
-126.2357,48.4392,0.7004754345284709,17.94621,19.524063,2248.2707159717215,2248.97119140625,4044
-126.2357,48.4392,0.17509508857938272,17.94621,19.524063,2243.9237818645456,2244.098876953125,4045
-126.2357,48.4392,-2.4547284638288147,18.228416,19.623318,2241.703751901329,2239.2490234375,4046
-126.1298,48.4972,-8.872688071160155,-9.545421,9.854774,2324.597541586785,2315.724853515625,4048
-126.1298,48.4972,-2.0892870017696623,-9.545421,9.854774,2314.6830370017697,2312.59375,4050
-126.1298,48.4972,-9.820235586101717,-9.545421,9.854774,2311.4220422267267,2301.601806640625,4051
-126.1298,48.4972,-9.91235428672735,-9.545421,9.854774,2301.4472663961023,2291.534912109375,4052
-126.1298,48.4972,-7.282899385347719,-9.763844,9.777951,2281.9252333697227,2274.642333984375,4053
-126.1298,48.4972,1.4708645210516806,-2.991277,12.159981,2267.6436374320733,2269.114501953125,4054
-126.1298,48.4972,3.0541591075825636,7.150964,15.727184,2256.1548252674174,2259.208984375,4055
-126.1298,48.4972,11.478502553443377,11.642511,17.30694,2241.3457161965566,2252.82421875,4056
-126.1298,48.4972,8.424826963360374,13.488881,17.95634,2240.3427511616396,2248.767578125,4057
-126.1298,48.4972,-0.1844872465590015,16.55561,19.034964,2247.447670840309,2247.26318359375,4058
-126.1298,48.4972,-4.942623062500843,18.112709,19.582623,2248.511226578126,2243.568603515625,4059
-126.1298,48.4972,-22.25285979573573,19.301792,20.000843,2248.5372836238607,2226.284423828125,4060
-126.009,48.5315,-9.554723304169329,-9.545421,9.854774,2314.1904654916693,2304.6357421875,4064
-126.009,48.5315,-10.64930741885155,-9.545421,9.854774,2302.4486238251015,2291.79931640625,4065
-126.009,48.5315,0.4910811186864521,-9.545421,9.854774,2282.0179520844385,2282.509033203125,4066
-126.009,48.5315,-2.744553592413922,-9.763844,9.777951,2276.252366092414,2273.5078125,4067
-126.009,48.5315,-2.2160905407959035,-2.7020233,12.261717,2267.267848353296,2265.0517578125,4068
-126.009,48.5315,-10.286979717917347,11.424501,17.230263,2266.1275558897923,2255.840576171875,4069
-126.009,48.5315,-21.949440096578655,16.85549,19.140436,2263.3613053309537,2241.411865234375,4070
-126.009,48.5315,-15.193288945793029,18.235773,19.625906,2254.630056523918,2239.436767578125,4071
-126.009,48.5315,-27.262854925144893,15.496832,18.662573,2252.888343206395,2225.62548828125,4072
-126.009,48.5315,-46.71820694576991,19.301792,20.000843,2251.010443273895,2204.292236328125,4074
-125.8987,48.6069,0.76880898680065,-8.074754,10.372033,2307.3422749975743,2308.111083984375,4076
-125.8987,48.6069,-3.442280723726981,-8.074754,10.372033,2289.154927208102,2285.712646484375,4077
-125.8987,48.6069,-14.547278006051783,-8.293176,10.295211,2288.030432302927,2273.483154296875,4078
-125.8987,48.6069,-22.035212439347106,0.59855235,13.422587,2286.783503454972,2264.748291015625,4079
-125.8987,48.6069,-34.8980784295527,11.850044,17.379934,2286.5543284295527,2251.65625,4080
-125.8987,48.6069,-43.905556681241706,15.095013,18.521246,2277.7231836343667,2233.817626953125,4081
-125.8987,48.6069,-44.329190369831394,16.931036,19.167007,2271.2683993542064,2226.939208984375,4082
-125.8987,48.6069,-62.9961043977446,22.935255,21.278797,2271.5141708039946,2208.51806640625,4083
-125.8987,48.6069,-88.27727913659464,23.16746,21.360466,2260.3698084334696,2172.092529296875,4085
-125.7877,48.6583,-2.762520989654149,-8.074754,10.372033,2290.239327630279,2287.476806640625,4086
-125.7877,48.6583,-9.583408671793222,-8.293176,10.295211,2289.407871562418,2279.824462890625,4087
-125.7877,48.6583,-34.93689594693842,11.850044,17.379934,2288.1488100094384,2253.2119140625,4088
-125.7877,48.6583,-48.01641177987403,12.42001,17.5804,2283.672417639249,2235.656005859375,4089
-125.7877,48.6583,-40.72166829342905,23.00064,21.301794,2256.157215168429,2215.435546875,4090
-125.7877,48.6583,-49.7708841276567,24.185266,21.718449,2249.8077493620317,2200.036865234375,4091
-125.7877,48.6583,-61.695060115739125,22.935255,21.278797,2248.429923396989,2186.73486328125,4092
-125.7877,48.6583,-59.71482663354345,23.16746,21.360466,2234.1462231179185,2174.431396484375,4094
-125.6688,48.7133,-3.216448426833267,-8.074754,10.372033,2303.7733331924583,2300.556884765625,4095
-125.6688,48.7133,1.5589246107724648,-8.074754,10.372033,2297.1322374986025,2298.691162109375,4097
-125.6688,48.7133,3.6136155812992,-8.074754,10.372033,2292.281892231201,2295.8955078125,4098
-125.6688,48.7133,2.0539695268867035,-8.074754,10.372033,2287.9955910199883,2290.049560546875,4099
-125.6688,48.7133,-6.379828166666357,2.0916088,13.9477215,2273.3278262135414,2266.947998046875,4100
-125.6688,48.7133,-10.811003538784007,11.850044,17.379934,2267.576628538784,2256.765625,4101
-125.6688,48.7133,-24.173619010207858,12.42001,17.5804,2262.066441275833,2237.892822265625,4102
-125.6688,48.7133,-28.437602120027805,16.546019,19.03159,2250.325785713778,2221.88818359375,4103
-125.6688,48.7133,-30.990157868737697,28.661663,23.292873,2235.3925016187377,2204.40234375,4104
-125.6688,48.7133,-19.96486309601005,24.185266,21.718449,2212.67433575226,2192.70947265625,4105
-125.6688,48.7133,-23.23503023414787,22.869364,21.255621,2203.700606406023,2180.465576171875,4106
-125.6688,48.7133,-11.767049327262157,23.16746,21.360466,2194.733357921012,2182.96630859375,4108
-125.574,48.7829,0.24036496627195447,-8.074754,10.372033,2306.376822533728,2306.6171875,4109
-125.574,48.7829,5.468147741739813,-8.074754,10.372033,2300.705436242635,2306.173583984375,4110
-125.574,48.7829,14.626711206050913,-8.074754,10.372033,2278.836911840824,2293.463623046875,4111
-125.574,48.7829,2.688423953012716,-1.4475044,12.702953,2266.4873572969873,2269.17578125,4112
-125.574,48.7829,-11.650355761035371,11.850044,17.379934,2263.0385393547854,2251.38818359375,4113
-125.574,48.7829,-19.103395171144257,12.42001,17.5804,2261.1832291555193,2242.079833984375,4114
-125.574,48.7829,-30.858516997308925,20.025558,20.255405,2249.864864653559,2219.00634765625,4115
-125.574,48.7829,-35.3964698948198,24.185266,21.718449,2233.532456222945,2198.135986328125,4116
-125.574,48.7829,-41.459312257875354,24.185266,21.718449,2234.9065778828754,2193.447265625,4117
-125.574,48.7829,-44.16654062896032,22.935255,21.278797,2230.2073121133353,2186.040771484375,4118
-125.574,48.7829,-44.53704029702112,22.869364,21.255621,2228.754569593896,2184.217529296875,4120
-125.5236,48.8135,3.3778602379684344,-8.074754,10.372033,2302.3570030432816,2305.73486328125,4121
-125.5236,48.8135,13.455405404097291,-8.074754,10.372033,2286.4811180334027,2299.9365234375,4122
-125.5236,48.8135,1.3255741394714278,1.6192286,13.781577,2266.8860957824036,2268.211669921875,4123
-125.5236,48.8135,-2.6326653933051603,11.310205,17.190063,2259.74765562768,2257.114990234375,4124
-125.5236,48.8135,-12.645607157892755,12.42001,17.5804,2252.0989762985178,2239.453369140625,4125
-125.5236,48.8135,-23.052499513801195,15.095013,18.521246,2249.025399904426,2225.972900390625,4126
-125.5236,48.8135,-31.598235955872042,28.661663,23.292873,2237.151458612122,2205.55322265625,4127
-125.5236,48.8135,-40.23719659927792,23.259647,21.39289,2232.528944646153,2192.291748046875,4128
-125.5236,48.8135,-46.136234719282584,22.935255,21.278797,2230.8972210474076,2184.760986328125,4129
-125.5236,48.8135,-24.976174225684645,23.16746,21.360466,2210.8226097725596,2185.846435546875,4130
-125.468,48.8372,7.995089792158069,-8.074754,10.372033,2292.343289114092,2300.33837890625,4132
-125.468,48.8372,17.457029588616933,-8.074754,10.372033,2280.107911817633,2297.56494140625,4133
-125.468,48.8372,5.951676003918237,-1.4475044,12.702953,2263.8886560273318,2269.84033203125,4134
-125.468,48.8372,2.3459886912260117,5.932701,15.2987,2259.816608965024,2262.16259765625,4135
-125.468,48.8372,-14.289036041610416,12.42001,17.5804,2256.1611063541104,2241.8720703125,4136
-125.468,48.8372,-27.938493286469566,20.025558,20.255405,2247.2346358645946,2219.296142578125,4137
-125.468,48.8372,-36.21077374847482,24.185266,21.718449,2240.78865460785,2204.577880859375,4138
-125.468,48.8372,-35.83607419786085,23.259647,21.39289,2232.974501932236,2197.138427734375,4139
-125.468,48.8372,-24.860567368756165,22.935255,21.278797,2218.164034165631,2193.303466796875,4140
-125.468,48.8372,-13.678304689794004,23.16746,21.360466,2205.425863283544,2191.74755859375,4141
-124.9112,48.3662,-17.132855935207772,-8.074754,10.372033,2335.1543403102078,2318.021484375,4143
-124.9112,48.3662,-16.07978339849842,-8.074754,10.372033,2328.3278302734984,2312.248046875,4144
-124.9112,48.3662,-14.975781223556623,-8.074754,10.372033,2310.8573730204316,2295.881591796875,4146
-124.9112,48.3662,-18.880696188017282,-8.074754,10.372033,2309.7776688442673,2290.89697265625,4147
-124.9112,48.3662,-12.796581653760768,-7.1945553,10.681615,2293.1835445443858,2280.386962890625,4148
-124.9112,48.3662,-5.433646410388974,4.708891,14.868265,2275.327201097889,2269.8935546875,4149
-124.9112,48.3662,-7.1988518191615185,7.4528503,15.833364,2272.5838615847865,2265.385009765625,4150
-124.9112,48.3662,-9.512990027789783,14.5250435,18.320778,2268.461476355915,2258.948486328125,4151
-124.9112,48.3662,-17.906710782053324,17.477259,19.359123,2271.0951873445533,2253.1884765625,4153
-124.9428,47.9715,0.7724629755475689,4.062994,14.641092,2257.3264139775774,2258.098876953125,4154
-124.9428,47.9715,-1.2718457080168264,11.850044,17.379934,2251.232539067392,2249.960693359375,4155
-124.9428,47.9715,-2.7272555123599886,15.095013,18.521246,2247.504843402985,2244.777587890625,4156
-124.9428,47.9715,-17.943254315634476,17.73635,19.45025,2242.7393968937595,2224.796142578125,4157
-124.9428,47.9715,-30.23990807784503,29.541029,23.602161,2241.30899987472,2211.069091796875,4159
-125.1843,48.1387,-9.955546261227028,-8.074754,10.372033,2340.053934933102,2330.098388671875,4160
-125.1843,48.1387,-8.016120261715969,-8.074754,10.372033,2336.862555808591,2328.846435546875,4161
-125.1843,48.1387,-8.308963181387753,-8.074754,10.372033,2328.7357209938878,2320.4267578125,4162
-125.1843,48.1387,-14.794695732447963,-8.074754,10.372033,2326.322771904323,2311.528076171875,4163
-125.1843,48.1387,-12.946398647426577,-8.074754,10.372033,2315.0462521630516,2302.099853515625,4164
-125.1843,48.1387,-9.699772980576654,-8.074754,10.372033,2300.1150561837017,2290.415283203125,4165
-125.1843,48.1387,-8.860477391479435,-8.074754,10.372033,2288.0550574696044,2279.194580078125,4166
-125.1843,48.1387,-6.250813334904251,-8.293176,10.295211,2280.4224441942793,2274.171630859375,4167
-125.1843,48.1387,-2.6271170556174184,-8.293176,10.295211,2272.3158377587424,2269.688720703125,4168
-125.1843,48.1387,-1.634472394621298,7.4528503,15.833364,2260.7963376289963,2259.161865234375,4169
-125.1843,48.1387,-16.74901534197261,15.095013,18.521246,2259.6801676857226,2242.93115234375,4170
-125.1843,48.1387,-30.722158381666304,17.477259,19.359123,2265.2775783035413,2234.555419921875,4171
-125.1843,48.1387,-42.05354453116706,17.607904,19.405073,2269.566972265542,2227.513427734375,4172
-125.1843,48.1387,-47.96678007788569,22.869364,21.255621,2270.2231277341357,2222.25634765625,4174
-125.3278,47.9552,-20.093556696584074,-8.327627,10.283093,2366.143605524709,2346.050048828125,4175
-125.3278,47.9552,-17.652699093765477,-8.074754,10.372033,2356.8079725312655,2339.1552734375,4176
-125.3278,47.9552,-11.249045615988962,-8.074754,10.372033,2343.055442100364,2331.806396484375,4177
-125.3278,47.9552,-11.114972062659945,-8.074754,10.372033,2334.65256971891,2323.53759765625,4178
-125.3278,47.9552,-11.405696420333697,-8.074754,10.372033,2326.9518389984587,2315.546142578125,4179
-125.3278,47.9552,-11.777069038780155,-8.074754,10.372033,2321.41574091378,2309.638671875,4180
-125.3278,47.9552,-11.091026338892789,-8.074754,10.372033,2306.872276338893,2295.78125,4181
-125.3278,47.9552,-14.440551912056435,-8.074754,10.372033,2300.4385987870564,2285.998046875,4182
-125.3278,47.9552,-7.196978542878242,-8.293176,10.295211,2282.4279355741282,2275.23095703125,4183
-125.3278,47.9552,-8.552043799474177,-14.457218,8.127209,2275.874065283849,2267.322021484375,4184
-125.3278,47.9552,-2.100274152590373,0.85327506,13.512177,2263.2345514963404,2261.13427734375,4185
-125.3278,47.9552,-0.18247680060812854,11.850044,17.379934,2249.489849847483,2249.307373046875,4186
-125.3278,47.9552,5.286733876062044,15.095013,18.521246,2234.520395030188,2239.80712890625,4187
-125.3278,47.9552,-12.913171262985088,17.80224,19.473425,2238.61068102861,2225.697509765625,4188
-125.3278,47.9552,-28.38295618933762,23.16746,21.360466,2241.4063936893376,2213.0234375,4189
-125.3278,47.9552,-35.14601148495012,35.9157,25.844246,2242.15187085995,2207.005859375,4190
-125.5812,47.683,-21.290257641272547,-12.564246,8.793,2443.6589099850225,2422.36865234375,4192
-125.5812,47.683,-21.183794991469767,-12.564246,8.793,2443.5524473352198,2422.36865234375,4193
-125.5812,47.683,-8.57850634549095,-12.564246,8.793,2413.013320798616,2404.434814453125,4194
-125.5812,47.683,-15.514259873653373,-9.404951,9.90418,2379.3875508892784,2363.873291015625,4195
-125.5812,47.683,-18.550130417013406,-8.327627,10.283093,2363.6917319795134,2345.1416015625,4196
-125.5812,47.683,-14.953904695123128,-8.074754,10.372033,2347.335252351373,2332.38134765625,4197
-125.5812,47.683,-7.675842764309891,-8.074754,10.372033,2329.252747061185,2321.576904296875,4198
-125.5812,47.683,-6.166158852321132,-8.074754,10.372033,2312.501852211696,2306.335693359375,4199
-125.5812,47.683,-7.572907083301288,-8.074754,10.372033,2301.4933172395513,2293.92041015625,4200
-125.5812,47.683,-8.407561968821028,-8.074754,10.372033,2287.565520953196,2279.157958984375,4201
-125.5812,47.683,-2.4432486879081807,-2.730609,12.251663,2267.054088531658,2264.61083984375,4202
-125.5812,47.683,14.289503312784746,9.846544,16.675268,2240.7783677809653,2255.06787109375,4203
-125.5812,47.683,16.365489857142165,11.850044,17.379934,2237.392566783483,2253.758056640625,4204
-125.5812,47.683,17.98672851648871,11.850044,17.379934,2235.7713281241363,2253.758056640625,4205
-125.5812,47.683,16.578938924190425,17.477259,19.359123,2234.9415688883096,2251.5205078125,4206
-125.5812,47.683,10.568246661244302,18.297615,19.647657,2230.2552396668807,2240.823486328125,4207
-125.5812,47.683,2.5127375546016992,43.2111,28.410168,2229.3852116641483,2231.89794921875,4208
-125.5812,47.683,3.0232892885155707,43.2111,28.410168,2228.8746599302344,2231.89794921875,4209
-125.5812,47.683,-1.1918893836373172,43.989777,28.68404,2223.5839792273873,2222.39208984375,4211
-126.0995,47.1303,-7.39368548884795,-15.26783,7.8421025,2441.856820254473,2434.463134765625,4212
-126.0995,47.1303,-6.954323916568683,-15.26783,7.8421025,2431.1052028228187,2424.15087890625,4213
-126.0995,47.1303,-6.4718646513279054,-15.26783,7.8421025,2417.609071682578,2411.13720703125,4214
-126.0995,47.1303,-13.555572680041678,-12.472755,8.825179,2409.1529847894167,2395.597412109375,4215
-126.0995,47.1303,-17.02303560592327,-12.205092,8.919321,2396.4649301371733,2379.44189453125,4216
-126.0995,47.1303,-23.077701468180294,-11.648111,9.115221,2380.5081213900553,2357.430419921875,4217
-126.0995,47.1303,-25.373326050226297,-10.088638,9.663715,2362.5827987064763,2337.20947265625,4218
-126.0995,47.1303,-17.842400216646183,-9.545421,9.854774,2348.176628732271,2330.334228515625,4219
-126.0995,47.1303,-10.528220886916642,-9.545421,9.854774,2327.8150861212916,2317.286865234375,4221
-126.0995,47.1303,-16.078804651436712,-9.545421,9.854774,2318.5739218389367,2302.4951171875,4222
-126.0995,47.1303,-27.90414362885258,-9.545421,9.854774,2307.3284600351026,2279.42431640625,4223
-126.0995,47.1303,-34.4435805266653,-0.19902647,13.142065,2295.7311781829153,2261.28759765625,4224
-126.0995,47.1303,-9.886962920450515,-0.19902647,13.142065,2271.1745605767005,2261.28759765625,4225
-126.0995,47.1303,10.891217152274749,11.166908,17.139664,2246.8097105821003,2257.700927734375,4226
-126.0995,47.1303,8.579435350983658,16.95611,19.175827,2242.3736896490163,2250.953125,4227
-126.0995,47.1303,14.001627984339393,16.95611,19.175827,2236.9514970156606,2250.953125,4228
-126.0995,47.1303,3.3447547829537143,18.228416,19.623318,2235.1469444357963,2238.49169921875,4229
-126.0995,47.1303,3.726425720611587,17.682568,19.431334,2232.2342676387634,2235.960693359375,4230
-126.0995,47.1303,4.184822772508596,17.682568,19.431334,2231.7758705868664,2235.960693359375,4231
-126.0995,47.1303,8.405419762540532,17.682568,19.431334,2227.5552735968345,2235.960693359375,4232
-126.0995,47.1303,7.360478297481222,17.682568,19.431334,2228.260127171269,2235.62060546875,4233
-125.1988,47.1125,-13.068380936792892,-12.564246,8.793,2443.818380936793,2430.75,4235
-125.1988,47.1125,-23.00438605090767,-12.564246,8.793,2431.2614661290327,2408.257080078125,4236
-125.1988,47.1125,-22.682871199410783,-10.322262,9.581546,2417.512705183786,2394.829833984375,4237
-125.1988,47.1125,-20.00623311209347,-9.761587,9.778745,2400.1556471745935,2380.1494140625,4238
-125.1988,47.1125,-11.551114238374794,-8.327627,10.283093,2369.232266582125,2357.68115234375,4239
-125.1988,47.1125,-17.276929577628835,-8.219531,10.321113,2360.494947155754,2343.218017578125,4240
-125.1988,47.1125,-14.390519176913585,-8.074754,10.372033,2347.8253336300386,2333.434814453125,4241
-125.1988,47.1125,-16.970045999460126,-8.074754,10.372033,2338.76496787446,2321.794921875,4242
-125.1988,47.1125,-18.910408299352184,-8.074754,10.372033,2315.929451268102,2297.01904296875,4244
-125.1988,47.1125,-16.606651995152333,-8.074754,10.372033,2298.6479117607773,2282.041259765625,4245
-125.1988,47.1125,-3.0837476332344522,5.932701,15.2987,2263.1005933363595,2260.016845703125,4247
-125.1988,47.1125,8.489021503232834,11.850044,17.379934,2250.009269512392,2258.498291015625,4248
-125.1988,47.1125,14.912289342317763,11.850044,17.379934,2243.5860016733072,2258.498291015625,4249
-125.1988,47.1125,19.034812259998034,17.477259,19.359123,2237.136818599377,2256.171630859375,4250
-125.1988,47.1125,0.08609390240144421,18.827589,19.834059,2235.5757713319736,2235.661865234375,4251
-125.1988,47.1125,0.6279057465108053,18.827589,19.834059,2235.033959487864,2235.661865234375,4252
-125.1988,47.1125,-8.382326217974878,35.64389,25.748646,2233.0144062961,2224.632080078125,4253
-125.1988,47.1125,-6.581510636654002,35.64389,25.748646,2230.642545792904,2224.06103515625,4255
-125.0547,47.1225,-17.50019870879578,-12.564246,8.793,2445.697952615046,2428.19775390625,4257
-125.0547,47.1225,-21.287565130223356,-10.054598,9.675688,2409.5868815364734,2388.29931640625,4258
-125.0547,47.1225,-15.126219869372107,-8.327627,10.283093,2370.556883931872,2355.4306640625,4259
-125.0547,47.1225,-15.943803548973392,-8.219531,10.321113,2359.3478562833484,2343.404052734375,4260
-125.0547,47.1225,-14.235606041310803,-8.074754,10.372033,2348.654307213186,2334.418701171875,4261
-125.0547,47.1225,-11.459515180340077,-8.074754,10.372033,2331.432415570965,2319.972900390625,4262
-125.0547,47.1225,-16.573222330699537,-8.074754,10.372033,2320.5129195963245,2303.939697265625,4263
-125.0547,47.1225,-26.697229711846376,-8.074754,10.372033,2315.1925910399714,2288.495361328125,4264
-125.0547,47.1225,-30.772950813850002,-8.293176,10.295211,2303.918214485725,2273.145263671875,4265
-125.0547,47.1225,-25.573783095105227,-0.5000665,13.036183,2283.2222205951052,2257.6484375,4266
-125.0547,47.1225,-7.79850245138141,11.310205,17.190063,2262.1903481545064,2254.391845703125,4267
-125.0547,47.1225,7.141370168952108,11.310205,17.190063,2247.250475534173,2254.391845703125,4268
-125.0547,47.1225,14.395347711642444,11.850044,17.379934,2240.5773085383576,2254.97265625,4269
-125.0547,47.1225,16.50749073929046,16.931036,19.167007,2236.2539838700845,2252.761474609375,4270
-125.0547,47.1225,2.7492726415762263,18.42826,19.693607,2235.001459780299,2237.750732421875,4271
-125.0547,47.1225,-9.872885661086002,45.53138,29.22625,2233.915366129836,2224.04248046875,4272
-125.0547,47.1225,-10.126049342471106,45.53138,29.22625,2234.168529811221,2224.04248046875,4273
-125.0547,47.1225,-12.226810705037678,35.64389,25.748646,2232.4858439081627,2220.259033203125,4275
-124.9823,47.1095,-16.546717689023808,-8.074754,10.372033,2351.419032142149,2334.872314453125,4276
-124.9823,47.1095,-15.220067705065958,-8.074754,10.372033,2350.092382158191,2334.872314453125,4277
-124.9823,47.1095,-9.267111707902586,-8.074754,10.372033,2340.6084203016526,2331.34130859375,4278
-124.9823,47.1095,-13.616872808278913,-8.074754,10.372033,2331.236745855154,2317.619873046875,4279
-124.9823,47.1095,-21.108667322151177,-8.074754,10.372033,2326.079614587776,2304.970947265625,4280
-124.9823,47.1095,-21.61234747222352,-8.074754,10.372033,2320.1597107534735,2298.54736328125,4281
-124.9823,47.1095,-19.55207002210045,-8.074754,10.372033,2300.8587106471005,2281.306640625,4282
-124.9823,47.1095,-15.49196627955007,-8.293176,10.295211,2286.237327607675,2270.745361328125,4283
-124.9823,47.1095,-7.387245282328877,3.042315,14.282101,2264.284217938579,2256.89697265625,4284
-124.9823,47.1095,3.03708329984147,10.329899,16.845272,2251.9858659189085,2255.02294921875,4285
-124.9823,47.1095,8.731367874808257,11.850044,17.379934,2244.9263469689417,2253.65771484375,4286
-124.9823,47.1095,13.264747516460375,14.79513,18.415771,2239.2728501397896,2252.53759765625,4287
-124.9823,47.1095,4.859493752455819,17.411367,19.335949,2235.966922263169,2240.826416015625,4288
-124.9823,47.1095,-3.874246192498049,21.160019,20.654415,2234.817361426873,2230.943115234375,4289
-124.9823,47.1095,-12.615744962334702,45.53138,29.22625,2235.8469461342097,2223.231201171875,4290
-124.9823,47.1095,-12.119611914275538,35.64389,25.748646,2232.1493970705255,2220.02978515625,4291
-124.8168,47.1147,-30.924070372641836,-8.074754,10.372033,2332.486082091392,2301.56201171875,4293
-124.8168,47.1147,-30.92123681180192,-8.074754,10.372033,2332.483248530552,2301.56201171875,4294
-124.8168,47.1147,-28.79023477645569,-8.074754,10.372033,2318.6957523545807,2289.905517578125,4295
-124.8168,47.1147,-20.278502838420536,-8.074754,10.372033,2299.4218133852955,2279.143310546875,4296
-124.8168,47.1147,-12.655630362740794,-2.730609,12.251663,2276.000845206491,2263.34521484375,4297
-124.8168,47.1147,-7.5136033291128115,5.932701,15.2987,2264.704033016613,2257.1904296875,4298
-124.8168,47.1147,-6.339315609491678,10.97541,17.07231,2261.0497648282417,2254.71044921875,4299
-124.8168,47.1147,-1.9360113790244213,11.850044,17.379934,2252.7677984883994,2250.831787109375,4300
-124.8168,47.1147,1.2130709908847166,17.477259,19.359123,2248.0388821341153,2249.251953125,4301
-124.8168,47.1147,3.7019552620972718,17.411367,19.335949,2243.8336892691527,2247.53564453125,4302
-124.8168,47.1147,-7.19409290333806,18.502607,19.719757,2246.315674934588,2239.12158203125,4303
-124.7075,47.3435,-21.63357762248461,-8.074754,10.372033,2325.5591147318596,2303.925537109375,4306
-124.7075,47.3435,-22.265084268965893,-8.074754,10.372033,2317.652779581466,2295.3876953125,4308
-124.7075,47.3435,-12.908979223566348,-8.074754,10.372033,2291.4761178954413,2278.567138671875,4309
-124.7075,47.3435,-15.50102442105026,-8.293176,10.295211,2286.2925283273003,2270.79150390625,4310
-124.7075,47.3435,-8.58450629067147,-2.4413562,12.353398,2271.2488129312965,2262.664306640625,4311
-124.7075,47.3435,-2.945516588146347,9.846544,16.675268,2258.5817470568963,2255.63623046875,4312
-124.7075,47.3435,-13.981071437078299,15.095013,18.521246,2250.7974776870783,2236.81640625,4313
-124.7075,47.3435,-29.162560630510598,22.869364,21.255621,2246.1061641461356,2216.943603515625,4314
-124.7075,47.3435,-29.61612931870286,22.869364,21.255621,2245.966959396828,2216.350830078125,4315
-124.7075,47.3435,-34.94234508307909,23.960604,21.63943,2248.255821645579,2213.3134765625,4317
-124.6403,47.1119,-22.874010543273926,-8.074754,10.372033,2325.763414840149,2302.889404296875,4318
-124.6403,47.1119,-23.181349260892603,-8.074754,10.372033,2326.0707535577676,2302.889404296875,4319
-124.6403,47.1119,-27.84223419141972,-8.074754,10.372033,2321.6796365351697,2293.83740234375,4320
-124.6403,47.1119,-32.01599738312143,-8.293176,10.295211,2310.0150208206214,2277.9990234375,4321
-124.6403,47.1119,-29.302783560050102,-8.293176,10.295211,2298.29594762255,2268.9931640625,4322
-124.6403,47.1119,-21.477824690939542,-2.4413562,12.353398,2284.3203539878145,2262.842529296875,4323
-124.6403,47.1119,-2.988317578459828,9.846544,16.675268,2258.05423554721,2255.06591796875,4324
-124.6403,47.1119,-34.56228073135753,15.095013,18.521246,2277.8591557313575,2243.296875,4325
-124.6403,47.1119,-53.28484011975888,15.095013,18.521246,2291.962330354134,2238.677490234375,4326
-124.6403,47.1119,-62.25678724113277,17.477259,19.359123,2291.4496583348828,2229.19287109375,4327
-124.3933,47.12,-9.897149842915042,-8.074754,10.372033,2312.13225726479,2302.235107421875,4330
-124.3933,47.12,-15.94375591005155,-4.435307,11.65209,2301.6349180194266,2285.691162109375,4332
-124.3933,47.12,-26.690181697298613,-7.085395,10.720009,2303.6240195879236,2276.933837890625,4333
-124.3933,47.12,-35.15768722385337,8.929443,16.352707,2300.5622282394784,2265.404541015625,4334
-124.2683,46.1337,-3.983526648536099,-8.074754,10.372033,2331.422247351661,2327.438720703125,4336
-124.2683,46.1337,-9.123198031772972,-8.074754,10.372033,2327.558256625523,2318.43505859375,4337
-124.2683,46.1337,-14.140002623094915,-8.074754,10.372033,2323.98350848247,2309.843505859375,4338
-124.2683,46.1337,-13.098434105801516,-8.074754,10.372033,2317.4553676995515,2304.35693359375,4339
-124.2683,46.1337,-20.45508617289306,-8.074754,10.372033,2305.919929922893,2285.46484375,4340
-124.2683,46.1337,-23.49998590885707,3.5390186,14.4568,2291.799790596357,2268.2998046875,4341
-124.2683,46.1337,-25.96512251213062,14.690289,18.378897,2285.1404154808806,2259.17529296875,4342
-124.0937,46.1312,2.1391377877307605,-8.074754,10.372033,2316.7038797903942,2318.843017578125,4346
-124.0937,46.1312,6.880232122502548,-8.074754,10.372033,2301.3927170962475,2308.27294921875,4348
-124.0937,46.1312,14.035494225418915,-8.074754,10.372033,2292.246488196456,2306.281982421875,4349
-124.0937,46.1312,19.130191600233502,-8.074754,10.372033,2279.8859216810165,2299.01611328125,4350
-124.0937,46.1312,-52.04568625105048,22.285557,21.050285,2178.5632643760505,2126.517578125,4352
-124.1075,46.1665,1215.171309655833,15.095013,18.521246,1034.916580969167,2250.087890625,4354
-124.1075,46.1665,1099.1831307856687,22.812529,21.23563,1031.9863028080813,2131.16943359375,4356
-123.907,46.1905,253.95034559807732,303.03195,119.79371,1081.7740196362977,1335.724365234375,4358
-123.907,46.1905,254.14670558969055,303.03195,119.79371,1081.5776596446844,1335.724365234375,4359
-124.0033,46.2485,324.4034957170586,271.3759,108.65971,1553.8196488141914,1878.22314453125,4362
-124.0033,46.2485,229.36245610704214,333.38522,130.46948,1568.9837352992079,1798.34619140625,4363
-124.0033,46.2485,191.6252309804006,348.9304,135.93698,1490.315320777412,1681.9405517578125,4366
-124.1083,46.244,-47.13210937842632,12.42001,17.5804,2291.1985156284263,2244.06640625,4367
-124.1083,46.244,-25.82850621408943,12.42001,17.5804,2269.8949124640894,2244.06640625,4368
-124.1083,46.244,-43.13504813177815,17.350563,19.314562,2275.865516881778,2232.73046875,4369
-124.1083,46.244,-79.72169301802069,29.348618,23.534489,2266.6980113773957,2186.976318359375,4370
-124.1083,46.244,-120.31521176802516,21.956757,20.93464,2223.71975278365,2103.404541015625,4371
-124.1083,46.244,-125.93703668789112,65.57391,36.27556,2119.4142095394536,1993.4771728515625,4372
-124.1083,46.244,-59.975464384004,107.14948,50.898415,2006.908081571504,1946.9326171875,4373
-124.1083,46.244,-36.82115595495452,107.14948,50.898415,1983.7537731424545,1946.9326171875,4374
-124.5222,46.1331,-14.604902497235798,-8.074754,10.372033,2337.331464997236,2322.7265625,4375
-124.5222,46.1331,-26.446510649877382,-8.074754,10.372033,2330.4260028373774,2303.9794921875,4376
-124.5222,46.1331,-24.056475668997336,-8.074754,10.372033,2318.5108213721223,2294.454345703125,4377
-124.5222,46.1331,-25.756450554572893,-8.293176,10.295211,2302.873638054573,2277.1171875,4378
-124.5222,46.1331,-13.03770478449087,-2.730609,12.251663,2280.163925487616,2267.126220703125,4379
-124.5222,46.1331,-15.376351485298983,-0.5000665,13.036183,2278.620492110299,2263.244140625,4380
-124.5222,46.1331,-6.090487393088097,10.97541,17.07231,2262.208651455588,2256.1181640625,4381
-124.5222,46.1331,0.662273350794294,12.120131,17.474928,2250.1980782117057,2250.8603515625,4382
-124.5222,46.1331,0.1305730438957653,18.197035,19.612282,2244.3767511748542,2244.50732421875,4383
-124.5222,46.1331,-0.6581890028028283,17.411367,19.335949,2235.329819862178,2234.671630859375,4384
-124.5222,46.1331,35.89117600592044,43.642017,28.561726,2182.3134138378296,2218.20458984375,4386
-124.671,46.1249,-8.64773508082908,-8.074754,10.372033,2340.929717502704,2332.281982421875,4387
-124.671,46.1249,-4.299937945440888,-8.074754,10.372033,2337.471080523566,2333.171142578125,4388
-124.671,46.1249,-12.332752918094684,-8.074754,10.372033,2326.1003310430947,2313.767578125,4389
-124.671,46.1249,-17.999331758972858,-8.074754,10.372033,2322.650210665223,2304.65087890625,4390
-124.671,46.1249,-30.378062701011004,-8.074754,10.372033,2316.413218951011,2286.03515625,4391
-124.671,46.1249,-35.392679575519196,-8.293176,10.295211,2306.171976450519,2270.779296875,4392
-124.671,46.1249,-14.773203930373256,-0.32205978,13.098792,2278.0693465084983,2263.296142578125,4393
-124.671,46.1249,-7.55319231352405,4.0925903,14.651502,2268.836639579149,2261.283447265625,4394
-124.671,46.1249,6.303217255678646,11.366695,17.20993,2254.6191460255714,2260.92236328125,4395
-124.671,46.1249,13.3763941956272,14.79513,18.415771,2241.327463226248,2254.703857421875,4396
-124.671,46.1249,10.640343722492617,18.09481,19.576328,2239.4006719025074,2250.041015625,4397
-124.671,46.1249,3.3235163870854194,17.709463,19.440794,2236.5678410347896,2239.891357421875,4398
-124.671,46.1249,-2.81797386834387,19.259768,19.986063,2236.327495352719,2233.509521484375,4399
-124.671,46.1249,2.4185969802724685,35.64389,25.748646,2211.8343327072275,2214.2529296875,4400
-124.909,46.1228,-16.322324673850744,-12.564246,8.793,2446.6111430332257,2430.288818359375,4402
-124.909,46.1228,-4.585659218498677,-10.322262,9.581546,2406.6532861716237,2402.067626953125,4404
-124.909,46.1228,-8.731871342678005,-8.327627,10.283093,2371.730650639553,2362.998779296875,4406
-124.909,46.1228,-10.42343426321122,-8.074754,10.372033,2361.412936216336,2350.989501953125,4407
-124.909,46.1228,-6.447379793982236,-8.074754,10.372033,2349.1558758877322,2342.70849609375,4408
-124.909,46.1228,6.79317195437352,-8.074754,10.372033,2325.7200116393765,2332.51318359375,4409
-124.909,46.1228,-6.028300506323831,-8.074754,10.372033,2320.927470428199,2314.899169921875,4411
-124.909,46.1228,-30.7493393863042,-8.074754,10.372033,2310.567454620679,2279.818115234375,4412
-124.909,46.1228,-14.795820034375538,-8.074754,10.372033,2294.6139352687505,2279.818115234375,4413
-124.909,46.1228,-2.03983052708827,-1.631989,12.638066,2267.7786000583383,2265.73876953125,4414
-124.909,46.1228,11.232942081599504,6.578213,15.525739,2251.0280442465255,2262.260986328125,4415
-124.909,46.1228,21.857436734988823,14.5250435,18.320778,2239.233139436886,2261.090576171875,4416
-124.909,46.1228,21.675953512818978,17.359316,19.31764,2234.946605080931,2256.62255859375,4418
-124.909,46.1228,24.78438482053525,17.359316,19.31764,2231.8381737732147,2256.62255859375,4419
-124.909,46.1228,-7.776166919507887,44.68313,28.927904,2238.541059497633,2230.764892578125,4420
-124.909,46.1228,-0.1791592315521484,44.68313,28.927904,2230.944051809677,2230.764892578125,4421
-124.909,46.1228,6.486102425900754,35.64389,25.748646,2214.4162413240992,2220.90234375,4423
-125.1901,46.1307,-10.27304435877977,-12.564246,8.793,2440.5547826400298,2430.28173828125,4424
-125.1901,46.1307,-5.154266217276472,-12.564246,8.793,2416.6650084047765,2411.5107421875,4426
-125.1901,46.1307,-12.737186763855334,-9.761587,9.778745,2390.1302531701053,2377.39306640625,4427
-125.1901,46.1307,-8.988601426558944,-8.327627,10.283093,2354.807937364059,2345.8193359375,4428
-125.1901,46.1307,-12.1838957672162,-8.074754,10.372033,2341.281063735966,2329.09716796875,4429
-125.1901,46.1307,-2.6175668119058173,-8.074754,10.372033,2322.678601968156,2320.06103515625,4430
-125.1901,46.1307,-16.382423705089423,-8.074754,10.372033,2311.4292987050894,2295.046875,4431
-125.1901,46.1307,-20.67254876553625,-12.337919,8.872603,2285.5895409530362,2264.9169921875,4432
-125.1901,46.1307,1.108474316255979,7.4528503,15.833364,2259.207931933744,2260.31640625,4433
-125.1901,46.1307,18.021712910987844,7.4528503,15.833364,2242.294693339012,2260.31640625,4434
-125.1901,46.1307,21.420830353084057,14.5250435,18.320778,2239.771064178166,2261.19189453125,4435
-125.1901,46.1307,21.707693939517412,17.089231,19.222649,2237.3550502011076,2259.062744140625,4436
-125.1901,46.1307,31.002257876746626,30.615387,23.980034,2213.2167362638784,2244.218994140625,4437
-125.1901,46.1307,30.081016581292715,30.615387,23.980034,2214.1379775593323,2244.218994140625,4438
-125.1901,46.1307,31.51515757339621,30.615387,23.980034,2212.703836567229,2244.218994140625,4439
-125.1901,46.1307,32.62204751911122,29.841448,23.707825,2209.124046230889,2241.74609375,4440
-125.1901,46.1307,31.82961004253775,29.841448,23.707825,2209.9164837074622,2241.74609375,4442
-124.1308,44.6525,6.861289669532653,-8.074754,10.372033,2317.9917376742173,2324.85302734375,4443
-124.1308,44.6525,12.690913439012093,-8.074754,10.372033,2306.563969373488,2319.2548828125,4444
-124.1308,44.6525,12.166981211610619,-8.074754,10.372033,2304.2705187883894,2316.4375,4445
-124.1308,44.6525,-5.040186365501086,-8.074754,10.372033,2320.231348474876,2315.191162109375,4446
-124.1308,44.6525,-18.32999536273428,-5.309946,11.344465,2332.4786770033593,2314.148681640625,4448
-124.2961,44.6533,-5.711001172240685,-8.074754,10.372033,2317.8118312503657,2312.100830078125,4450
-124.2961,44.6533,-7.671842618971823,-8.074754,10.372033,2312.489469572097,2304.817626953125,4452
-124.2961,44.6533,-6.1058791012524125,-8.074754,10.372033,2302.8214552731274,2296.715576171875,4453
-124.2961,44.6533,-10.616165091964831,-8.074754,10.372033,2298.39424126384,2287.778076171875,4454
-124.2961,44.6533,-12.677719267786415,-8.293176,10.295211,2286.8993989552864,2274.2216796875,4455
-124.2961,44.6533,-23.31059411827937,-0.32205978,13.098792,2288.2039046651544,2264.893310546875,4456
-124.2961,44.6533,-23.750451430355497,5.032076,14.981935,2286.3988889303555,2262.6484375,4457
-124.2961,44.6533,-14.33898415938529,14.5250435,18.320778,2274.1248728312603,2259.785888671875,4458
-124.2961,44.6533,-25.567932694267256,17.359316,19.31764,2278.0774541786423,2252.509521484375,4459
-124.6529,44.6483,6.696122757933608,-8.074754,10.372033,2338.9271682576914,2345.623291015625,4461
-124.6529,44.6483,6.566474127069796,-8.074754,10.372033,2337.72893602918,2344.29541015625,4462
-124.6529,44.6483,11.220763453965901,-8.074754,10.372033,2330.367615452284,2341.58837890625,4463
-124.6529,44.6483,17.274816599462156,-8.074754,10.372033,2323.143152150538,2340.41796875,4464
-124.6529,44.6483,-18.22350647448411,-8.074754,10.372033,2304.734248661984,2286.5107421875,4465
-124.6529,44.6483,-15.165424519053886,-8.074754,10.372033,2294.900287800304,2279.73486328125,4466
-124.6529,44.6483,-21.53569947745973,-0.61131257,12.997056,2287.7456604149597,2266.2099609375,4467
-124.6529,44.6483,-25.466852462184306,5.932701,15.2987,2283.1943915246843,2257.7275390625,4468
-124.6529,44.6483,-19.304914063687647,12.120131,17.474928,2271.8718085949376,2252.56689453125,4469
-124.6529,44.6483,-21.95163442755984,15.095013,18.521246,2271.782933255685,2249.831298828125,4470
-124.6529,44.6483,-28.14751906799256,17.477259,19.359123,2272.5161714117426,2244.36865234375,4471
-124.6529,44.6483,-39.5536842421302,23.960604,21.63943,2266.117404945255,2226.563720703125,4472
-124.6529,44.6483,-33.45861371526689,29.541029,23.602161,2256.315303168392,2222.856689453125,4473
-124.7731,44.655,17.875621659606168,-8.074754,10.372033,2329.064563887269,2346.940185546875,4475
-124.7731,44.655,13.044272642472151,-8.074754,10.372033,2326.355629701278,2339.39990234375,4476
-124.7731,44.655,-1.4287135251211112,-7.0809007,10.721589,2322.849611962621,2321.4208984375,4477
-124.7731,44.655,-2.678259686205365,-5.955456,11.117428,2316.0474003112054,2313.369140625,4478
-124.7731,44.655,-14.504438525428668,-5.955456,11.117428,2310.1789990723037,2295.674560546875,4479
-124.7731,44.655,-16.604915371968673,-4.435307,11.65209,2296.4423177157187,2279.83740234375,4480
-124.7731,44.655,-8.646306084365278,-4.653729,11.575268,2277.1106615531153,2268.46435546875,4481
-124.7731,44.655,-10.5199120984621,1.414258,13.709485,2277.497207020337,2266.977294921875,4482
-124.7731,44.655,-6.5538324131298396,14.968979,18.476917,2269.47375428813,2262.919921875,4483
-124.7731,44.655,-0.8293315797186551,17.411367,19.335949,2254.3625347047187,2253.533203125,4484
-124.7731,44.655,6.746840995047933,18.297615,19.647657,2242.942856270577,2249.689697265625,4485
-124.7731,44.655,2.086746448731901,24.21368,21.728441,2235.918380504393,2238.005126953125,4486
-124.7731,44.655,-5.706452422371967,30.792109,24.04219,2235.252839141122,2229.54638671875,4488
-124.9985,44.6596,-12.450586169597045,-12.564246,8.793,2436.258691638347,2423.80810546875,4489
-124.9985,44.6596,-13.606327118184254,-10.322262,9.581546,2423.0816689150593,2409.475341796875,4490
-124.9985,44.6596,-9.14295828259037,-9.761587,9.778745,2388.6148821107154,2379.471923828125,4491
-124.9985,44.6596,-12.301514750282422,-8.219531,10.321113,2362.1459971721574,2349.844482421875,4492
-124.9985,44.6596,3.8364470460210214,-8.074754,10.372033,2342.587625219604,2346.424072265625,4493
-124.9985,44.6596,14.281076432378086,-8.074754,10.372033,2326.602712630122,2340.8837890625,4494
-124.9985,44.6596,1.1239757676166846,-8.074754,10.372033,2314.0195789198833,2315.1435546875,4495
-124.9985,44.6596,-11.123754516973804,-8.074754,10.372033,2314.064184204474,2302.9404296875,4496
-124.9985,44.6596,-19.23158534062395,-7.0809007,10.721589,2307.751116590624,2288.51953125,4497
-124.9985,44.6596,-16.667601923560596,-4.653729,11.575268,2293.3463128610606,2276.6787109375,4498
-124.9985,44.6596,-8.65309277774395,1.414258,13.709485,2271.792497074619,2263.139404296875,4499
-124.9985,44.6596,-0.32278200856626427,11.366695,17.20993,2260.7615027116913,2260.438720703125,4500
-124.9985,44.6596,12.128584519829928,11.366695,17.20993,2248.310136183295,2260.438720703125,4501
-124.9985,44.6596,21.885485973334198,17.089231,19.222649,2234.450939807916,2256.33642578125,4503
-124.9985,44.6596,6.170308223616303,17.411367,19.335949,2238.3702191201337,2244.54052734375,4504
-124.9985,44.6596,4.962075390620612,30.588327,23.970516,2232.8257664062544,2237.787841796875,4505
-124.9985,44.6596,3.47441018366726,40.39835,27.420872,2232.9618691132077,2236.436279296875,4507
-125.1141,44.6553,-14.624730466748133,-9.761587,9.778745,2394.278539060498,2379.65380859375,4508
-125.1141,44.6553,-10.664643743499255,-8.327627,10.283093,2376.5589308528743,2365.894287109375,4509
-125.1141,44.6553,-5.861694484749023,-8.327627,10.283093,2359.504516750374,2353.642822265625,4510
-125.1141,44.6553,-11.200251239677527,-8.074754,10.372033,2349.2253977240525,2338.025146484375,4511
-125.1141,44.6553,-2.457643354142874,-8.074754,10.372033,2331.056764447893,2328.59912109375,4512
-125.1141,44.6553,-9.710734567601776,-8.074754,10.372033,2318.558879098852,2308.84814453125,4513
-125.1141,44.6553,-21.023274867184682,-8.074754,10.372033,2318.9939779921847,2297.970703125,4514
-125.1141,44.6553,-29.506207182818343,-8.074754,10.372033,2315.2103087453183,2285.7041015625,4515
-125.1141,44.6553,-24.278162895961486,-8.293176,10.295211,2300.7705945365865,2276.492431640625,4516
-125.1141,44.6553,-11.311125521301165,3.112287,14.306711,2273.701506380676,2262.390380859375,4517
-125.1141,44.6553,-0.36755016144434194,11.850044,17.379934,2259.2498743801943,2258.88232421875,4518
-125.1141,44.6553,-2.418808218880713,19.604784,20.10741,2238.9698336095057,2236.551025390625,4520
-125.1141,44.6553,-7.197450627884336,40.830532,27.57288,2241.3627338310093,2234.165283203125,4521
-125.1141,44.6553,-5.36648213718945,39.28893,27.03067,2239.2500270590645,2233.883544921875,4522
-125.3673,44.6622,-1.4525278024239014,-12.712167,8.740974,2440.291883271174,2438.83935546875,4525
-125.3673,44.6622,-7.887929242204336,-10.322262,9.581546,2417.7700093203293,2409.882080078125,4526
-125.3673,44.6622,-16.752020589650783,-8.327627,10.283093,2379.939520589651,2363.1875,4527
-125.3673,44.6622,-14.512260640921795,-8.327627,10.283093,2365.486625875297,2350.974365234375,4528
-125.3673,44.6622,-10.984870426014368,-8.074754,10.372033,2345.9199290197644,2334.93505859375,4529
-124.1302,44.6513,-0.33911349634990984,-8.074754,10.372033,2322.52466037135,2322.185546875,4532
-124.1302,44.6513,-2.021225444279935,-8.074754,10.372033,2322.222641459905,2320.201416015625,4538
-124.1302,44.6513,0.2796210179640184,-8.074754,10.372033,2311.959148513286,2312.23876953125,4539
-124.1302,44.6513,-1.3692573440857814,-8.074754,10.372033,2310.494501484711,2309.125244140625,4540
-124.1302,44.6513,2.0296761016293203,-5.955456,11.117428,2307.9651969452457,2309.994873046875,4541
-124.2952,44.6513,2.1961697117758376,-8.074754,10.372033,2322.033078335099,2324.229248046875,4543
-124.2952,44.6513,3.230858310691019,-8.074754,10.372033,2306.955420986184,2310.186279296875,4547
-124.2952,44.6513,1.0326007472144738,-8.074754,10.372033,2300.5775066746605,2301.610107421875,4548
-124.2952,44.6513,2.4005160704000446,-8.074754,10.372033,2289.2528042421,2291.6533203125,4549
-124.2952,44.6513,3.0835815521795666,-8.074754,10.372033,2277.8102172759454,2280.893798828125,4550
-124.2952,44.6513,-5.069197468005768,-8.293176,10.295211,2273.9998615305058,2268.9306640625,4551
-124.2952,44.6513,-19.567601359081436,1.414258,13.709485,2286.8822986247064,2267.314697265625,4552
-124.2952,44.6513,-16.62445275257869,6.2140155,15.397644,2283.7435933775787,2267.119140625,4553
-124.6517,44.6515,1.1298333855297642,-8.074754,10.372033,2343.0417974738452,2344.171630859375,4554
-124.6517,44.6515,9.836435652724958,-8.074754,10.372033,2332.7741600504,2342.610595703125,4555
-124.6517,44.6515,8.742504957647725,-8.074754,10.372033,2325.9130126204773,2334.655517578125,4556
-124.6517,44.6515,-5.929892958105484,-6.9761333,10.758437,2307.5766214737305,2301.646728515625,4557
-124.6517,44.6515,-22.418008115210796,-5.955456,11.117428,2300.271767880836,2277.853759765625,4558
-124.6517,44.6515,-18.301012943777096,-7.1945553,10.681615,2285.390856693777,2267.08984375,4559
-124.6517,44.6515,-2.0410458144847325,2.9725718,14.257571,2261.7612606582347,2259.72021484375,4560
-124.6517,44.6515,2.373742403885444,11.850044,17.379934,2253.0093142367396,2255.383056640625,4561
-124.6517,44.6515,-0.7705354528143289,17.411367,19.335949,2245.6513948278143,2244.880859375,4562
-124.6517,44.6515,-7.949037976675754,18.034445,19.555096,2241.0535301641758,2233.1044921875,4563
-124.6517,44.6515,-1.5965613344010308,18.466623,19.7071,2233.463016412526,2231.866455078125,4564
-124.7703,44.6508,7.822827785786558,-8.074754,10.372033,2332.5385003392134,2340.361328125,4565
-124.7703,44.6508,8.675346085253295,-8.074754,10.372033,2330.0905230553717,2338.765869140625,4566
-124.7703,44.6508,11.669370386087849,-8.074754,10.372033,2322.248598363912,2333.91796875,4567
-124.7703,44.6508,4.988658971310542,-8.074754,10.372033,2311.4561652474395,2316.44482421875,4569
-124.7703,44.6508,2.6390686601816924,-7.0809007,10.721589,2299.2906188398183,2301.9296875,4570
-124.7703,44.6508,5.38832035452333,-5.955456,11.117428,2278.4676366767267,2283.85595703125,4571
-124.7703,44.6508,-4.51657491591186,10.826853,17.02006,2261.284641322162,2256.76806640625,4572
-124.7703,44.6508,-8.087966089419297,14.5250435,18.320778,2261.9759055425443,2253.887939453125,4573
-124.7703,44.6508,-6.049516331164341,17.411367,19.335949,2249.7948776592893,2243.745361328125,4574
-124.7703,44.6508,3.2242962774698753,17.411367,19.335949,2232.602608019405,2235.826904296875,4575
-124.7703,44.6508,9.46250405973933,17.840109,19.486744,2225.7215779715107,2235.18408203125,4576
-124.1693,44.2002,-0.116483774432254,-8.074754,10.372033,2320.4836712744323,2320.3671875,4577
-124.1693,44.2002,2.037966859680182,-8.074754,10.372033,2318.32922064032,2320.3671875,4578
-124.1693,44.2002,-0.8139254389047892,-8.074754,10.372033,2319.145956688905,2318.33203125,4579
-124.1693,44.2002,-10.163331335572366,-4.975149,11.462218,2319.3535168824474,2309.190185546875,4580
-124.1693,44.2002,-14.211987959174621,-4.435307,11.65209,2323.4585699904246,2309.24658203125,4581
-124.2592,44.2,10.035457841178868,-8.074754,10.372033,2323.498965986946,2333.534423828125,4583
-124.2592,44.2,-3.7296681707352946,-8.074754,10.372033,2314.0880666082353,2310.3583984375,4585
-124.2592,44.2,-9.028393244743711,-8.074754,10.372033,2313.1909909009937,2304.16259765625,4587
-124.2592,44.2,-41.106442074711595,-8.074754,10.372033,2329.2634244965866,2288.156982421875,4588
-124.2592,44.2,-53.279795557300076,-5.5283675,11.267642,2332.474863916675,2279.195068359375,4589
-124.2592,44.2,-44.73834601652561,-6.9201517,10.778128,2331.7454260946506,2287.007080078125,4590
-124.4218,44.1998,10.485859691387759,-8.074754,10.372033,2326.8986617929872,2337.384521484375,4593
-124.4218,44.1998,-6.466783982733887,-8.074754,10.372033,2321.971422654609,2315.504638671875,4594
-124.4218,44.1998,-29.391094392632567,-8.074754,10.372033,2324.1572076738826,2294.76611328125,4595
-124.4218,44.1998,-33.80751851645982,-8.074754,10.372033,2318.32460836021,2284.51708984375,4596
-124.4218,44.1998,-38.53990739069786,-8.293176,10.295211,2311.640981609448,2273.10107421875,4597
-124.4218,44.1998,-18.44794371875787,-2.1708448,12.448542,2299.569769890633,2281.121826171875,4598
-124.4218,44.1998,1.8046768367053119,-3.6379516,11.932534,2286.7939559757947,2288.5986328125,4599
-124.5758,44.2007,-2.997014050249163,-8.074754,10.372033,2329.204533581499,2326.20751953125,4601
-124.5758,44.2007,-8.107061398318365,-8.074754,10.372033,2333.1085262420684,2325.00146484375,4602
-124.5758,44.2007,-8.349300025704451,-8.074754,10.372033,2327.8419758069545,2319.49267578125,4603
-124.5758,44.2007,-41.8671930200353,-7.0809007,10.721589,2319.0427301294103,2277.175537109375,4605
-124.5758,44.2007,-47.13760306929453,-6.173877,11.040606,2315.9488823661695,2268.811279296875,4606
-124.5758,44.2007,-53.685462984149126,3.1393785,14.31624,2316.975502046649,2263.2900390625,4607
-124.5758,44.2007,-53.56883784920865,10.127844,16.774206,2315.4362694898336,2261.867431640625,4608
-124.5758,44.2007,-48.70532920678443,15.877718,18.796537,2310.6328194411594,2261.927490234375,4609
-124.9765,44.1983,3.294829856306478,-8.074754,10.372033,2351.2979435811935,2354.5927734375,4611
-124.9765,44.1983,20.04416570668127,-8.074754,10.372033,2332.5903557776937,2352.634521484375,4612
-124.9765,44.1983,24.45113865434223,-8.074754,10.372033,2324.1421230644078,2348.59326171875,4613
-124.9765,44.1983,17.836285481637333,-8.074754,10.372033,2312.2289000652377,2330.065185546875,4614
-124.9765,44.1983,12.492613222885666,-8.074754,10.372033,2307.8069473239893,2320.299560546875,4615
-124.9765,44.1983,29.209225908143253,-6.9761333,10.758437,2275.4589869824817,2304.668212890625,4616
-124.9765,44.1983,22.511268350875525,-5.955456,11.117428,2271.5700304772495,2294.081298828125,4617
-124.9765,44.1983,12.784425219712375,-4.653729,11.575268,2266.6435532959126,2279.427978515625,4618
-124.9765,44.1983,4.746955554730903,11.366695,17.20993,2255.338493664019,2260.08544921875,4619
-124.9765,44.1983,0.0014902951534168096,17.477259,19.359123,2243.6203358767216,2243.621826171875,4620
-124.9765,44.1983,-2.3285683422782313,17.411367,19.335949,2243.6933144360282,2241.36474609375,4621
-124.9765,44.1983,-2.240041149791068,17.709463,19.440794,2243.317922009166,2241.077880859375,4622
-126.67,48.65,16.305469441660534,21.564573,20.796703,2200.4291496989645,2216.734619140625,4623
-126.67,48.65,-3.7338762489653163,21.564573,20.796703,2220.4684953895903,2216.734619140625,4624
-126.67,48.65,17.96638138548451,13.445477,17.941074,2208.6227299426405,2226.589111328125,4625
-126.67,48.65,16.888912057262132,11.994465,17.430729,2229.358402395863,2246.247314453125,4626
-126.67,48.65,41.55316920983523,-8.0537815,10.37941,2233.1021042276648,2274.6552734375,4628
-126.67,48.65,2.248636020427057,-9.675801,9.808917,2286.699606167073,2288.9482421875,4630
-126.67,48.65,1.6144518099404195,-9.545421,9.854774,2300.6333509244346,2302.247802734375,4631
-126.67,48.65,7.425449395346732,-9.545421,9.854774,2308.7176170109033,2316.14306640625,4633
-126.67,48.65,-5.740691168433841,-9.545421,9.854774,2321.883757574684,2316.14306640625,4634
-126.67,48.65,-1.3772258786939346,-9.545421,9.854774,2323.932889941194,2322.5556640625,4636
-126.67,48.65,-4.211001471907821,-9.545421,9.854774,2334.666323737533,2330.455322265625,4637
-126.67,48.65,35.33424307923451,-9.545421,9.854774,2308.8832862176405,2344.217529296875,4638
-126.67,48.65,-2.649946112660473,-10.088638,9.663715,2359.9285105657855,2357.278564453125,4639
-126.67,48.65,-16.00837912644738,-12.205092,8.919321,2392.0984670170724,2376.090087890625,4640
-126.67,48.65,-27.281132498399984,-15.26783,7.8421025,2422.97986296715,2395.69873046875,4641
-126.67,48.65,-17.298449417930897,-15.26783,7.8421025,2442.336535355431,2425.0380859375,4642
-126.67,48.65,-17.471919494906615,-15.4157505,7.7900763,2462.7788042605316,2445.306884765625,4643
-126.67,48.65,-15.009601189987734,-15.4157505,7.7900763,2460.3164859556127,2445.306884765625,4644
-126.67,48.65,-23.716115004559015,-15.4157505,7.7900763,2473.457325942059,2449.7412109375,4645
-125.9982,48.5998,64.00560665033208,15.072748,18.513414,2160.954354287168,2224.9599609375,4646
-125.9982,48.5998,55.40809589978289,15.072748,18.513414,2169.597031053342,2225.005126953125,4647
-125.9982,48.5998,57.3999806568263,12.42001,17.5804,2172.9305857494237,2230.33056640625,4648
-125.9982,48.5998,24.7384209760653,11.850044,17.379934,2225.7569403520597,2250.495361328125,4649
-125.9982,48.5998,16.653698568656637,7.4528503,15.833364,2245.5943483063434,2262.248046875,4650
-125.9982,48.5998,14.656250973450824,7.4528503,15.833364,2247.591795901549,2262.248046875,4651
-125.9982,48.5998,39.048221297232885,-5.955456,11.117428,2249.011349015267,2288.0595703125,4652
-125.9982,48.5998,10.657006613922022,-8.074754,10.372033,2282.062231667328,2292.71923828125,4653
-126.6732,48.6542,15.261287615222045,21.564573,20.796703,2200.427921369153,2215.689208984375,4654
-126.6732,48.6542,-4.7680187462087815,21.564573,20.796703,2220.457227730584,2215.689208984375,4655
-126.6732,48.6542,18.036639375986397,13.445477,17.941074,2208.6010559365136,2226.6376953125,4656
-126.6732,48.6542,16.283192331224654,11.994465,17.430729,2229.3381455594003,2245.621337890625,4657
-126.6732,48.6542,40.842682127702574,-14.217826,8.211408,2233.0801694347974,2273.9228515625,4658
-126.6732,48.6542,1.1533994120886746,-9.675801,9.808917,2286.6468935566613,2287.80029296875,4659
-126.6732,48.6542,2.1771760359561085,-9.545421,9.854774,2300.662911854669,2302.840087890625,4660
-126.6732,48.6542,6.6143810001080965,-9.545421,9.854774,2308.665648296767,2315.280029296875,4661
-126.6732,48.6542,-6.582356195271586,-9.545421,9.854774,2321.8623854921466,2315.280029296875,4662
-126.6732,48.6542,-1.05549332379951,-9.545421,9.854774,2323.8928956675495,2322.83740234375,4663
-126.6732,48.6542,-5.18885987888234,-9.545421,9.854774,2334.6971606601323,2329.50830078125,4664
-126.6732,48.6542,35.27984868011981,-9.545421,9.854774,2308.89446772613,2344.17431640625,4665
-126.6732,48.6542,-4.16971806752008,-10.088638,9.663715,2359.939981739395,2355.770263671875,4666
-126.6732,48.6542,-15.158070344008138,-12.205092,8.919321,2392.045765656508,2376.8876953125,4667
-126.6732,48.6542,-28.162365016605236,-15.26783,7.8421025,2423.0012322041052,2394.8388671875,4668
-126.6732,48.6542,-18.284868578334226,-15.26783,7.8421025,2442.368364672084,2424.08349609375,4669
-126.6732,48.6542,-17.40063141437895,-15.4157505,7.7900763,2462.768063055004,2445.367431640625,4670
-126.6732,48.6542,-14.94873378320608,-15.4157505,7.7900763,2460.316165423831,2445.367431640625,4671
-126.6732,48.6542,-24.526193181634426,-15.4157505,7.7900763,2473.4785857597594,2448.952392578125,4672
-125.5003,48.5768,26.256776214946967,23.03418,21.313591,2154.208799956928,2180.465576171875,4673
-125.5003,48.5768,7.769067923808052,21.10955,20.636663,2209.130346138692,2216.8994140625,4674
-125.5003,48.5768,3.2963969019428987,-6.9761333,10.758437,2287.980214426182,2291.276611328125,4675
-124.9512,47.9645,55.91266212797245,-6.9761333,10.758437,2240.3424648251525,2296.255126953125,40310
-124.9512,47.9645,2.774277636421175,3.983471,14.613122,2261.683974316704,2264.458251953125,40311
-124.9512,47.9645,12.292787094947016,17.089231,19.222649,2248.874205092553,2261.1669921875,40312
-124.9512,47.9645,24.236277786806113,17.293425,19.294466,2235.750782760069,2259.987060546875,40313
-124.9512,47.9645,25.6434096015023,17.709463,19.440794,2233.2350083672477,2258.87841796875,40314
-124.9512,47.9645,-13.143090760502673,-6.9761333,10.758437,2309.3982177136277,2296.255126953125,40315
-124.9512,47.9645,1.0403949022138477,-6.9761333,10.758437,2295.214732050911,2296.255126953125,40316
-124.9512,47.9645,12.543710648466458,-4.8458376,11.5077,2255.8061428671585,2268.349853515625,40317
-124.9512,47.9645,18.784171601862,17.809008,19.475805,2242.558357695013,2261.342529296875,40318
-124.9512,47.9645,22.167334204094914,17.293425,19.294466,2237.81972634278,2259.987060546875,40319
-124.9512,47.9645,21.80243393449473,17.709463,19.440794,2237.1350660655053,2258.9375,40320
-124.4333,48.3968,-8.0625276609494,-8.074754,10.372033,2323.0136995359494,2314.951171875,40321
-124.4333,48.3968,-19.378594219643674,-4.435307,11.65209,2304.0900200008937,2284.71142578125,40322
-124.4333,48.3968,-23.931385969206076,4.848606,14.917405,2285.140370344206,2261.208984375,40323
-124.4333,48.3968,-10.993786804304818,15.095013,18.521246,2247.487439148055,2236.49365234375,40324
-124.4333,48.3968,-18.140496395204536,15.095013,18.521246,2246.4676448327045,2228.3271484375,40325
-124.4333,48.3968,-25.382807677930032,16.546019,19.03159,2237.948481506055,2212.565673828125,40326
-124.2677,48.352,-10.03786837727057,-8.074754,10.372033,2324.2488058772706,2314.2109375,40327
-124.2677,48.352,-13.700167598447479,-5.955456,11.117428,2304.1733121296975,2290.47314453125,40328
-124.2677,48.352,-23.08763526718394,15.095013,18.521246,2253.169910657809,2230.082275390625,40330
-124.2677,48.352,-26.03756241600695,15.095013,18.521246,2245.789027259757,2219.75146484375,40331
-124.2677,48.352,-37.69316120598069,23.972229,21.643518,2243.2085420653557,2205.515380859375,40332
-124.1005,48.2985,-7.652549443313092,-8.074754,10.372033,2320.016563115188,2312.364013671875,40333
-124.1005,48.2985,-11.452818722247684,-4.975149,11.462218,2298.4420765347477,2286.9892578125,40334
-124.1005,48.2985,-21.22227147701551,7.4528503,15.833364,2279.3990292895155,2258.1767578125,40335
-124.1005,48.2985,-22.919575340096344,15.095013,18.521246,2257.7267042463463,2234.80712890625,40336
-124.1005,48.2985,-23.02248462921989,15.095013,18.521246,2245.64846119172,2222.6259765625,40337
-124.1005,48.2985,-2.6640267903908352,17.506897,19.369549,2213.907190852891,2211.2431640625,40338
-123.483,48.2233,-12.667768719891228,-8.074754,10.372033,2316.1899855167662,2303.522216796875,40339
-123.483,48.2233,-16.29106919794185,-5.309946,11.344465,2304.256889510442,2287.9658203125,40340
-123.483,48.2233,24.27734876549357,1.414258,13.709485,2241.0602977188814,2265.337646484375,40341
-123.483,48.2233,15.272648303707228,15.095013,18.521246,2208.5310626337928,2223.8037109375,40342
-123.483,48.2233,26.081357627123907,16.546019,19.03159,2188.598329872876,2214.6796875,40343
-123.483,48.2233,15.096613224214707,24.185266,21.718449,2185.4324395101603,2200.529052734375,40344
-123.0193,48.2728,-21.412517861541346,-4.975149,11.462218,2306.6107600490413,2285.1982421875,40345
-123.0193,48.2728,-4.383142332151692,-4.653729,11.575268,2284.5467165509017,2280.16357421875,40346
-123.0193,48.2728,12.222225542810065,11.366695,17.20993,2243.673038129065,2255.895263671875,40347
-123.0193,48.2728,39.949580445263564,20.757204,20.512737,2167.5482222891114,2207.497802734375,40348
-123.0193,48.2728,27.411933981783477,23.259647,21.39289,2159.9720992213415,2187.384033203125,40349
-123.0193,48.2728,24.49738863085622,22.935255,21.278797,2152.956957072269,2177.454345703125,40350
-122.4535,47.7028,35.37262137606649,32.853817,24.767328,2176.4642926864335,2211.8369140625,40351
-122.4535,47.7028,43.64729043059879,34.56055,25.367617,2157.798266210026,2201.445556640625,40352
-122.4535,47.7028,34.99739431272019,34.845264,25.467754,2158.025799046655,2193.023193359375,40353
-122.4535,47.7028,31.760211422456905,34.082256,25.19939,2148.656780765043,2180.4169921875,40354
-122.4535,47.7028,28.960701854589388,34.082256,25.19939,2145.9977942391606,2174.95849609375,40355
-122.4535,47.7028,5.21968075239829,34.082256,25.19939,2143.7566376069767,2148.976318359375,40356
-124.9512,47.9645,7.964439348956603,-8.074754,10.372033,2312.8668594791684,2320.831298828125,40357
-124.9512,47.9645,5.191846737005108,-8.074754,10.372033,2315.63945209112,2320.831298828125,40358
-124.9512,47.9645,9.26928650985792,-5.1935716,11.385396,2276.175781849517,2285.445068359375,40359
-124.9512,47.9645,7.358861695865471,-5.1935716,11.385396,2278.0862066635095,2285.445068359375,40360
-124.9512,47.9645,13.036500724884718,12.42001,17.5804,2224.8697492751153,2237.90625,40361
-124.9512,47.9645,8.46345483663481,12.42001,17.5804,2229.442795163365,2237.90625,40362
-124.9512,47.9645,-2.2635037448635558,23.259647,21.39289,2199.1284939792386,2196.864990234375,40363
-124.9512,47.9645,-5.477364164357368,22.935255,21.278797,2199.2705770549824,2193.793212890625,40364
-124.9512,47.9645,-5.872716929702619,22.869364,21.255621,2197.5939083359526,2191.72119140625,40365
-124.9512,47.9645,-5.05981582270806,22.869364,21.255621,2196.781007228958,2191.72119140625,40366
-124.9512,47.9645,-0.5523146010077653,22.869364,21.255621,2191.9756544447578,2191.42333984375,40367
-124.9512,47.9645,-0.8591794207413841,22.869364,21.255621,2192.2825192644914,2191.42333984375,40368
-124.7828,48.465,-7.219071019545936,-8.074754,10.372033,2347.818924535171,2340.599853515625,40369
-124.7828,48.465,5.422331671642496,-8.074754,10.372033,2335.4944163752325,2340.916748046875,40370
-124.7828,48.465,-17.99310993286008,17.747742,19.454258,2239.541205635985,2221.548095703125,40371
-124.7828,48.465,-7.907738138944296,17.747742,19.454258,2229.4558338420693,2221.548095703125,40372
-124.7828,48.465,-10.377635199324232,24.185266,21.718449,2218.5053207461992,2208.127685546875,40373
-124.7828,48.465,-6.2707191381809935,24.185266,21.718449,2214.398404685056,2208.127685546875,40374
-124.7828,48.465,-16.7887127586082,22.935255,21.278797,2215.393937367983,2198.605224609375,40375
-124.7828,48.465,-28.04991524033676,22.935255,21.278797,2226.6551398497118,2198.605224609375,40376
-124.4333,48.3968,-2.7348528723218806,-8.074754,10.372033,2334.031727872322,2331.296875,40377
-124.4333,48.3968,-0.27438398572303413,-8.074754,10.372033,2331.571258985723,2331.296875,40378
-124.4333,48.3968,-1.1635127885233487,27.194489,22.776844,2215.2484737260233,2214.0849609375,40379
-124.4333,48.3968,-4.519884999200258,29.107773,23.44978,2217.1700314835753,2212.650146484375,40380
-124.4333,48.3968,-5.7605494144240765,24.185266,21.718449,2213.412160742549,2207.651611328125,40382
-124.4333,48.3968,0.9657300036801644,28.661663,23.292873,2209.846037574445,2210.811767578125,40383
-124.4333,48.3968,-13.395599511092769,24.185266,21.718449,2215.3262635735928,2201.9306640625,40385
-124.4333,48.3968,-19.53980862885419,24.185266,21.718449,2216.445814488229,2196.906005859375,40386
-123.9827,48.272,10.759661890446296,-8.074754,10.372033,2315.9571349845537,2326.716796875,40388
-123.9827,48.272,11.477426880742314,-8.074754,10.372033,2315.2393699942577,2326.716796875,40389
-123.9827,48.272,-7.327821567481351,24.659184,21.885132,2221.7316301612314,2214.40380859375,40390
-123.9827,48.272,-6.245746898279776,24.659184,21.885132,2220.64955549203,2214.40380859375,40391
-123.9827,48.272,12.039997898247748,29.348618,23.534489,2200.0644942892523,2212.1044921875,40393
-123.9827,48.272,4.356210001186355,29.348618,23.534489,2207.7482821863136,2212.1044921875,40394
-123.9827,48.272,5.490457165540647,29.348618,23.534489,2205.1523651000844,2210.642822265625,40396
-123.9827,48.272,22.3970011533429,29.348618,23.534489,2188.245821112282,2210.642822265625,40397
-123.483,48.2233,5.527713860346012,-8.074754,10.372033,2308.446407233404,2313.97412109375,40399
-123.483,48.2233,-6.897019345085937,-8.074754,10.372033,2320.871140438836,2313.97412109375,40400
-123.483,48.2233,9.19535162366401,29.348618,23.534489,2186.702841735711,2195.898193359375,40401
-123.483,48.2233,7.14385447267432,29.348618,23.534489,2188.7543388867007,2195.898193359375,40402
-123.483,48.2233,1.0596740873907038,29.348618,23.534489,2190.2091247407343,2191.268798828125,40404
-123.483,48.2233,5.7716547146487756,29.348618,23.534489,2185.497144113476,2191.268798828125,40405
-123.483,48.2233,-5.283180647155859,28.661663,23.292873,2193.850075178406,2188.56689453125,40407
-123.483,48.2233,0.9723353918120665,28.661663,23.292873,2187.594559139438,2188.56689453125,40408
-123.0193,48.2728,-0.41837391728495277,6.9130077,15.643492,2265.475991104785,2265.0576171875,40410
-123.0193,48.2728,-1.0470770627157435,6.9130077,15.643492,2266.1046942502157,2265.0576171875,40411
-123.0193,48.2728,33.51564689980569,29.348618,23.534489,2149.5698023189443,2183.08544921875,40412
-123.0193,48.2728,31.385985027192874,29.348618,23.534489,2151.699464191557,2183.08544921875,40413
-123.0193,48.2728,24.7166006829857,29.348618,23.534489,2156.6491219732643,2181.36572265625,40415
-123.0193,48.2728,18.34239066363807,29.348618,23.534489,2162.360978476987,2180.703369140625,40416
-123.0193,48.2728,25.27951260933696,28.661663,23.292873,2153.504422937538,2178.783935546875,40418
-123.0193,48.2728,31.2243780160793,28.661663,23.292873,2146.3312860464207,2177.5556640625,40419
-122.4535,47.7028,64.72862630435156,47.42361,29.89178,2121.5147818987734,2186.243408203125,40421
-122.4535,47.7028,61.84725872794161,47.42361,29.89178,2124.3961494751834,2186.243408203125,40422
-122.4535,47.7028,30.18664580394079,44.749832,28.951365,2086.897826852309,2117.08447265625,40425
-122.4535,47.7028,46.61466908616967,44.749832,28.951365,2070.4698035700803,2117.08447265625,40426
-122.4535,47.7028,11.418081865018848,33.341446,24.938835,2049.707406416231,2061.12548828125,40427
-122.4535,47.7028,8.988713245393683,33.341446,24.938835,2052.1367750358563,2061.12548828125,40428
-122.4535,47.7028,-29.15398893357292,31.26037,24.206886,2026.6299410820104,1997.4759521484375,40429
-122.4535,47.7028,-61.17316051012199,31.61622,24.332043,2015.035465197622,1953.8623046875,40430
-122.4535,47.7028,41.64009433357637,74.17401,39.300365,1861.5481380882986,1903.188232421875,40431
-122.4535,47.7028,36.43667899674415,74.17401,39.300365,1866.7515534251309,1903.188232421875,40432
-122.3732,47.884,72.52377973536204,47.335392,29.860752,2091.266259327138,2163.7900390625,40433
-122.3732,47.884,73.54010058387985,47.335392,29.860752,2083.313659181745,2156.853759765625,40435
-122.3732,47.884,49.738307017847546,47.300884,29.848614,2060.0177964977775,2109.756103515625,40439
-122.3732,47.884,49.03965940773537,43.456264,28.496395,2046.9430066078896,2095.982666015625,40441
-122.3732,47.884,-6.3134560869359575,41.85901,27.934612,2007.3855996416235,2001.0721435546875,40443
-122.4544,47.7047,66.70563788260642,45.45829,29.200542,2098.8077898517686,2165.513427734375,40445
-122.4544,47.7047,61.900304760199106,47.335392,29.860752,2099.030115161676,2160.930419921875,40447
-122.4544,47.7047,66.53470170820992,47.335392,29.860752,2089.32027876054,2155.85498046875,40448
-122.4544,47.7047,62.539005627312235,47.335392,29.860752,2086.7351642945628,2149.274169921875,40449
-122.4544,47.7047,56.85287177834198,47.335392,29.860752,2077.549227831033,2134.402099609375,40450
-122.4544,47.7047,47.722456416598106,47.42361,29.89178,2075.158891239652,2122.88134765625,40451
-122.4544,47.7047,49.448138016055964,47.42361,29.89178,2068.838238937069,2118.286376953125,40452
-122.4544,47.7047,49.045851752771796,45.643276,29.265606,2063.801072075353,2112.846923828125,40453
-122.4544,47.7047,43.72986654898705,44.749832,28.951365,2058.165397122888,2101.895263671875,40454
-122.4544,47.7047,32.806148480508,44.493195,28.861101,2056.711673785117,2089.517822265625,40456
-122.3049,48.018,58.49133416382301,42.756104,28.250135,2093.517699039302,2152.009033203125,40457
-122.3049,48.018,57.420384166300664,42.756104,28.250135,2074.9765884899493,2132.39697265625,40459
-122.3049,48.018,48.795144351170165,42.633377,28.20697,2057.474631039455,2106.269775390625,40462
-122.3049,48.018,33.70963858443724,42.10543,28.021282,2032.2556934468128,2065.96533203125,40464
-122.3049,48.018,33.576776288356996,59.445023,34.11992,1809.8305723444555,1843.4073486328125,40468
-122.491,48.1082,71.78218189477866,42.756104,28.250135,2083.1604450583463,2154.942626953125,40469
-122.491,48.1082,64.40512258445096,42.756104,28.250135,2071.976713353049,2136.3818359375,40472
-122.491,48.1082,53.180195221589656,42.633377,28.20697,2056.8168750909103,2109.9970703125,40474
-122.491,48.1082,35.89805665548988,42.633377,28.20697,2043.8033593601351,2079.701416015625,40476
-122.491,48.1082,28.595915529168224,59.445023,34.11992,1845.6310131817693,1874.2269287109375,40480
-122.5562,48.2437,69.54738264147772,42.756104,28.250135,2069.4611622803973,2139.008544921875,40481
-122.5562,48.2437,62.29923353791628,42.756104,28.250135,2061.8028172433337,2124.10205078125,40483
-122.5562,48.2437,57.63699919339024,42.633377,28.20697,2046.9318484628598,2104.56884765625,40485
-122.5562,48.2437,89.09484911708864,46.03571,29.40363,1865.7399897500989,1954.8348388671875,40488
-122.5562,48.2437,24.73834695357732,59.445023,34.11992,1848.6624098823602,1873.4007568359375,40489
-122.5562,48.2437,25.1380390239608,59.204178,34.03521,1837.5406719135392,1862.6787109375,40492
-122.6882,48.1462,122.22121537670637,29.88068,23.721622,2081.5175541545436,2203.73876953125,40493
-122.6882,48.1462,30.989330588583016,30.194061,23.831844,2088.206958473917,2119.1962890625,40497
-122.6882,48.1462,27.655241537408074,30.194061,23.831844,2081.154817056342,2108.81005859375,40499
-122.6882,48.1462,28.119074930336865,30.194061,23.831844,2077.520573507163,2105.6396484375,40504
-122.8551,48.1908,24.844794305145115,2.9725718,14.257571,2244.731377569855,2269.576171875,40505
-122.8551,48.1908,17.339357074370128,26.133781,22.403774,2166.38378745688,2183.72314453125,40510
-122.8551,48.1908,23.463799238050797,26.673622,22.593645,2145.719306230699,2169.18310546875,40512
-122.8551,48.1908,39.48025234159422,26.673622,22.593645,2122.366915627156,2161.84716796875,40516
-123.0212,48.2723,19.29534052478448,-0.61131257,12.997056,2256.6592493189655,2275.95458984375,40517
-123.0212,48.2723,30.747035991245866,1.6192286,13.781577,2239.633823383754,2270.380859375,40518
-123.0212,48.2723,44.39859947588366,10.899862,17.045738,2188.9297696647413,2233.328369140625,40519
-123.0212,48.2723,24.215475090792097,25.153477,22.058983,2157.281106940458,2181.49658203125,40520
-123.0212,48.2723,20.422181140090743,26.133781,22.403774,2149.6876821411593,2170.10986328125,40521
-123.0212,48.2723,15.651305893105473,26.673622,22.593645,2145.3604128568945,2161.01171875,40523
-123.0212,48.2723,19.66741673872548,26.673622,22.593645,2139.0842922456495,2158.751708984375,40525
-123.0212,48.2723,19.72717006965513,26.673622,22.593645,2138.30383578972,2158.031005859375,40528
-122.7195,48.3742,26.97002041832866,10.899862,17.045738,2213.6361807535463,2240.606201171875,40529
-122.7195,48.3742,45.75129853035469,25.153477,22.058983,2151.6903518602703,2197.441650390625,40531
-122.7195,48.3742,39.59639302359801,25.798985,22.28602,2121.589153851402,2161.185546875,40533
-122.7195,48.3742,38.525044362216704,26.673622,22.593645,2113.5250044659083,2152.050048828125,40535
-122.7195,48.3742,25.65437162060789,26.673622,22.593645,2113.137864707517,2138.792236328125,40539
-122.6266,47.9862,64.90715909740857,14.981568,18.481346,2161.9524600432164,2226.859619140625,40541
-122.6266,47.9862,54.61421371076449,30.316788,23.875011,2075.2932569923605,2129.907470703125,40545
-122.6266,47.9862,30.07088735039042,30.194061,23.831844,2072.5096790558596,2102.58056640625,40547
-122.6266,47.9862,5.000051292474382,31.137707,24.163742,2071.1737768325256,2076.173828125,40551
-122.6054,47.8989,50.493245398781255,33.59369,25.027554,2151.6149088980937,2202.108154296875,40553
-122.6054,47.8989,47.07673654550763,33.59369,25.027554,2155.0314177513674,2202.108154296875,40555
-122.6054,47.8989,55.80234313278379,33.59369,25.027554,2144.515283820341,2200.317626953125,40556
-122.6054,47.8989,47.43197904237968,33.928486,25.145308,2130.3253451763703,2177.75732421875,40557
-122.6054,47.8989,48.89553356855322,33.928486,25.145308,2111.109105103322,2160.004638671875,40558
-122.6054,47.8989,44.897394633529075,34.270058,25.265446,2100.077947163346,2144.975341796875,40560
-122.6054,47.8989,10.19321765929908,34.14733,25.222279,2100.519428825076,2110.712646484375,40561
-122.6054,47.8989,8.597656093905243,34.14733,25.222279,2081.9223634373448,2090.52001953125,40562
-122.6054,47.8989,3.858979947163334,36.137444,25.922237,2074.0714399747117,2077.930419921875,40564
-122.7198,47.8003,20.605241700299302,33.59369,25.027554,2151.1227856434507,2171.72802734375,40565
-122.7198,47.8003,62.77118045196448,34.270058,25.265446,2078.1797472824105,2140.950927734375,40569
-122.7198,47.8003,23.24440062598842,34.14733,25.222279,2063.9108728115116,2087.1552734375,40571
-122.7198,47.8003,-3.618814869676271,34.12375,25.213985,2041.9537758071763,2038.3349609375,40576
-123.1349,47.3713,50.01166613925716,36.10117,25.90948,2127.554740110743,2177.56640625,40577
-123.1349,47.3713,42.84546241519274,36.788116,26.151089,2127.2338832879323,2170.079345703125,40578
-123.1349,47.3713,24.11133444142888,36.788116,26.151089,2109.842278839821,2133.95361328125,40582
-123.1349,47.3713,9.262983661782073,36.10117,25.90948,2102.019487041343,2111.282470703125,40584
-123.1349,47.3713,-20.868401433261624,31.502024,24.291878,2098.5060967457616,2077.6376953125,40586
-123.1349,47.3713,42.121000103087,28.960398,23.397945,1981.4848348578505,2023.6058349609375,40588
-123.1074,47.4256,33.26762162847854,31.62475,24.335045,2146.3524955590215,2179.6201171875,40589
-123.1074,47.4256,40.903105362734095,31.62475,24.335045,2138.066377059141,2178.969482421875,40591
-123.1074,47.4256,47.59065844683391,36.10117,25.90948,2121.456704834416,2169.04736328125,40592
-123.1074,47.4256,29.358345561397982,36.788116,26.151089,2119.882377094852,2149.24072265625,40593
-123.1074,47.4256,27.490700359454877,36.788116,26.151089,2105.75417268742,2133.244873046875,40594
-123.1074,47.4256,2.081460514274113,35.978443,25.866314,2106.113607845101,2108.195068359375,40595
-123.1074,47.4256,-7.736951098493137,31.502024,24.291878,2090.091443285993,2082.3544921875,40597
-123.1074,47.4256,-27.46343485853572,28.034779,23.072388,2039.6272532179107,2012.163818359375,40600
-123.0075,47.5465,35.37115623088903,36.10117,25.90948,2144.810972675361,2180.18212890625,40601
-123.0075,47.5465,58.55183778653418,36.10117,25.90948,2119.936687604091,2178.488525390625,40604
-123.0075,47.5465,40.80514369072489,34.270058,25.265446,2090.245637559275,2131.05078125,40609
-123.0075,47.5465,34.059607783743104,36.93886,26.20411,2080.970177372507,2115.02978515625,40610
-123.0075,47.5465,-61.18224694588298,30.09006,23.795265,2049.767696164633,1988.58544921875,40612
-122.94,47.6066,35.09787036495436,36.547276,26.066383,2144.5195612756706,2179.617431640625,40613
-122.94,47.6066,65.11434793762965,36.10117,25.90948,2112.8368239373704,2177.951171875,40617
-122.94,47.6066,57.857727406352296,36.788116,26.151089,2108.7335811873977,2166.59130859375,40618
-122.94,47.6066,32.29276622973475,34.270058,25.265446,2096.0795482233902,2128.372314453125,40621
-122.94,47.6066,41.736753778687216,34.14733,25.222279,2065.775209111938,2107.511962890625,40622
-122.94,47.6066,-102.15178101452625,37.703175,26.47293,2047.4286364832763,1945.27685546875,40624
-122.8599,47.6621,60.791748489581096,36.788116,26.151089,2114.406981979169,2175.19873046875,40626
-122.8599,47.6621,46.63969742318477,34.270058,25.265446,2113.6071287486902,2160.246826171875,40627
-122.8599,47.6621,30.351477073887963,34.270058,25.265446,2112.294274879237,2142.645751953125,40628
-122.8599,47.6621,24.196390973805592,34.270058,25.265446,2100.6246539480694,2124.821044921875,40630
-122.8599,47.6621,36.22728503050439,34.14733,25.222279,2066.5708106726206,2102.798095703125,40631
-122.8599,47.6621,-25.516715529168323,34.12375,25.213985,2054.6077799822933,2029.091064453125,40633
-122.8599,47.6621,-63.72779772491276,29.194138,23.480156,2048.7900535842878,1985.062255859375,40635
-122.7603,47.736,34.66952834100812,34.270058,25.265446,2130.396145487117,2165.065673828125,40637
-122.7603,47.736,37.20229280190233,34.270058,25.265446,2127.8633810262227,2165.065673828125,40638
-122.7603,47.736,37.24011714824701,34.270058,25.265446,2121.554804726753,2158.794921875,40639
-122.7603,47.736,40.22512538856563,34.270058,25.265446,2100.9174527364344,2141.142578125,40641
-122.7603,47.736,38.8245860655411,34.14733,25.222279,2051.283812371959,2090.1083984375,40644
-122.7603,47.736,-25.144515126326723,33.670536,25.054583,2013.9759360247642,1988.8314208984375,40647
-123.0576,47.4899,31.90845567507222,31.62475,24.335045,2147.588858778053,2179.497314453125,40649
-123.0576,47.4899,57.65253670438142,31.62475,24.335045,2120.3655297018686,2178.01806640625,40653
-123.0576,47.4899,61.293695447862774,36.788116,26.151089,2104.700689317762,2165.994384765625,40654
-123.0576,47.4899,33.394076160124314,36.788116,26.151089,2099.5749179805007,2132.968994140625,40656
-123.0576,47.4899,25.80933416958942,36.788116,26.151089,2089.3342205179106,2115.1435546875,40657
-123.0576,47.4899,-16.073153685153784,28.960398,23.397945,2032.3299896226538,2016.2568359375,40660
-123.0239,47.3558,23.69009173774066,36.10117,25.90948,2126.3453086528843,2150.035400390625,40661
-123.0239,47.3558,15.608112819621965,36.10117,25.90948,2132.640178196003,2148.248291015625,40663
-123.0239,47.3558,14.120266414075559,36.10117,25.90948,2120.0069308515494,2134.127197265625,40665
-123.0239,47.3558,7.081804880269374,36.10117,25.90948,2108.6857732447306,2115.767578125,40667
-123.0239,47.3558,115.19686385820228,31.502024,24.291878,1978.1515248136727,2093.348388671875,40669
-123.0239,47.3558,16.11925645997303,15.645037,18.714699,1928.1450257665895,1944.2642822265625,40671
-122.4436,47.5589,57.40569120386772,47.335392,29.860752,2114.0706271555073,2171.476318359375,40673
-122.4436,47.5589,50.38977834254092,47.335392,29.860752,2113.555290016834,2163.945068359375,40675
-122.4436,47.5589,61.42947050276052,47.335392,29.860752,2094.4135470753645,2155.843017578125,40678
-122.4436,47.5589,54.04362089776578,47.335392,29.860752,2089.059162305359,2143.102783203125,40679
-122.4436,47.5589,49.71701783355047,47.42361,29.89178,2072.0669177133245,2121.783935546875,40681
-122.4436,47.5589,50.626638090509005,43.456264,28.496395,2063.445383393866,2114.072021484375,40682
-122.4436,47.5589,39.32083467412485,44.112595,28.727238,2056.785610638375,2096.1064453125,40684
-122.4061,47.4566,59.36222308390734,47.335392,29.860752,2106.6250816035927,2165.9873046875,40685
-122.4061,47.4566,68.48227214897497,47.335392,29.860752,2095.884915351025,2164.3671875,40687
-122.4061,47.4566,65.01217613839572,47.335392,29.860752,2091.2588199553543,2156.27099609375,40690
-122.4061,47.4566,57.273036010119085,47.42361,29.89178,2071.759190552381,2129.0322265625,40692
-122.4061,47.4566,52.72928986462148,47.42361,29.89178,2069.8766671666285,2122.60595703125,40693
-122.4061,47.4566,46.49057872821595,43.456264,28.496395,2063.535788459284,2110.0263671875,40694
-122.4061,47.4566,25.549212216448268,43.855957,28.636974,2056.8836491116767,2082.432861328125,40696
-122.3617,47.3951,71.01806785874032,47.335392,29.860752,2094.6655258912597,2165.68359375,40697
-122.3617,47.3951,69.50927511579994,47.335392,29.860752,2095.28906472795,2164.79833984375,40699
-122.3617,47.3951,78.14354787787352,47.335392,29.860752,2075.7312079815015,2153.874755859375,40702
-122.3617,47.3951,50.869946088679626,47.335392,29.860752,2093.0148195363204,2143.884765625,40703
-122.3617,47.3951,49.328292431407135,47.42361,29.89178,2074.687820849843,2124.01611328125,40705
-122.3617,47.3951,75.81078960813988,47.42361,29.89178,2041.0256361731101,2116.83642578125,40706
-122.3617,47.3951,47.34476493256625,44.493195,28.861101,2035.2069928799338,2082.5517578125,40708
-122.4999,47.3208,66.14897472920438,47.335392,29.860752,2094.2953612082956,2160.4443359375,40709
-122.4999,47.3208,64.78897908143608,47.335392,29.860752,2091.252036543564,2156.041015625,40712
-122.4999,47.3208,55.5123417769114,47.335392,29.860752,2089.6607539262136,2145.173095703125,40714
-122.4999,47.3208,58.0309593888378,47.42361,29.89178,2067.082566001787,2125.113525390625,40716
-122.4999,47.3208,56.19454154152072,47.42361,29.89178,2062.2246479116043,2118.419189453125,40717
-122.4999,47.3208,72.51701981793849,43.199627,28.406132,2018.3970426820615,2090.9140625,40719
-122.6329,47.183,58.05792816745998,45.257442,29.1299,2063.98894683254,2122.046875,40721
-122.6329,47.183,58.09162648660731,45.257442,29.1299,2059.8915278102677,2117.983154296875,40724
-122.6329,47.183,50.93070317505362,45.257442,29.1299,2063.7091894030714,2114.639892578125,40726
-122.6329,47.183,52.64853391294537,45.49026,29.211786,2050.7950696026796,2103.443603515625,40728
-122.6329,47.183,44.93483595470116,45.92139,29.363422,2045.9052519359238,2090.840087890625,40729
-122.6329,47.183,39.0090813554566,45.804928,29.32246,2030.4381842695434,2069.447265625,40731
-122.7862,47.1673,51.946272203185345,45.257442,29.1299,2064.3615891249397,2116.307861328125,40733
-122.7862,47.1673,57.675286542617414,45.257442,29.1299,2058.5148990042576,2116.190185546875,40734
-122.7862,47.1673,59.88339144652264,45.257442,29.1299,2053.4120187097274,2113.29541015625,40735
-122.7862,47.1673,56.49126980467531,45.49026,29.211786,2046.7274801953247,2103.21875,40738
-122.7862,47.1673,49.549756878691824,45.92139,29.363422,2040.8018056213082,2090.3515625,40739
-122.7862,47.1673,25.62064861742965,45.804928,29.32246,2024.5885798981953,2050.209228515625,40743
-122.7085,47.2776,57.83250737468097,45.257442,29.1299,2061.215832469069,2119.04833984375,40745
-122.7085,47.2776,59.512408857202445,45.257442,29.1299,2059.0813411427976,2118.59375,40747
-122.7085,47.2776,55.76588996105784,45.257442,29.1299,2056.353006523317,2112.118896484375,40748
-122.7085,47.2776,52.046779969144154,45.49026,29.211786,2054.713962218356,2106.7607421875,40750
-122.7085,47.2776,52.121030415857604,45.49026,29.211786,2050.2683738810174,2102.389404296875,40751
-122.7085,47.2776,46.55455254652725,45.49026,29.211786,2049.0096564378478,2095.564208984375,40752
-122.7085,47.2776,42.76384767058926,45.783257,29.314838,2047.3999706887857,2090.163818359375,40753
-122.7085,47.2776,42.524748933440605,45.804928,29.32246,2043.0121163009344,2085.536865234375,40755
-122.3023,48.0151,60.998878942826195,45.650272,29.268066,2091.411521447799,2152.410400390625,40757
-122.3023,48.0151,73.58190182075623,44.963326,29.026455,2075.4112622417438,2148.9931640625,40759
-122.3023,48.0151,46.877358086477216,36.109383,25.912369,2084.475913397898,2131.353271484375,40762
-122.3023,48.0151,22.2111378970435,36.300438,25.979565,2071.5630320248315,2093.774169921875,40764
-122.3023,48.0151,168.1541513940524,38.202995,26.648727,1792.66140036376,1960.8155517578125,40768
-122.4872,48.1073,65.91165400345108,42.756104,28.250135,2093.492154590299,2159.40380859375,40769
-122.4872,48.1073,58.19766972000434,44.963326,29.026455,2084.4170763737457,2142.61474609375,40772
-122.4872,48.1073,49.48176857164435,36.109383,25.912369,2076.1644716627306,2125.646240234375,40774
-122.4872,48.1073,25.711593927687773,36.17832,25.936615,2047.5159451348122,2073.2275390625,40776
-122.4872,48.1073,197.4227068330124,58.492424,33.784874,1712.679221877925,1910.1019287109375,40780
-122.3672,47.8849,51.58539689502413,44.10797,28.72561,2128.979544511226,2180.56494140625,40781
-122.3672,47.8849,57.27092251961312,44.10797,28.72561,2116.367505214762,2173.638427734375,40783
-122.3672,47.8849,51.90646979391977,34.082256,25.19939,2085.2136473935802,2137.1201171875,40787
-122.3672,47.8849,28.193614606138908,34.27392,25.266804,2098.438709612611,2126.63232421875,40789
-122.3672,47.8849,14.391987553165563,32.96727,24.807232,2034.6207077593344,2049.0126953125,40791
-122.4428,47.5523,41.12311194441145,44.23532,28.770401,2128.4032552430886,2169.5263671875,40793
-122.4428,47.5523,45.84962817652604,44.87256,28.99453,2123.636699948474,2169.486328125,40794
-122.4428,47.5523,65.08588008919105,38.71274,26.828014,2104.830135535809,2169.916015625,40798
-122.4428,47.5523,50.2036025451016,35.408794,25.665958,2112.9917099548984,2163.1953125,40799
-122.4428,47.5523,47.184776864664855,34.082256,25.19939,2090.63333836971,2137.818115234375,40801
-122.4428,47.5523,45.89775741749236,34.09845,25.205088,2080.2052699262576,2126.10302734375,40802
-122.4428,47.5523,50.02506575290863,34.25256,25.25929,2072.0994459658414,2122.12451171875,40804
-122.5521,48.2413,56.56988511181271,45.650272,29.268066,2088.2992555131873,2144.869140625,40805
-122.5521,48.2413,55.75958495020359,45.650272,29.268066,2081.6251806747964,2137.384765625,40806
-122.5521,48.2413,49.71873509848183,44.673904,28.92466,2074.538589120268,2124.25732421875,40808
-122.5521,48.2413,47.87633512981529,39.5613,27.126467,2064.8128738545597,2112.689208984375,40810
-122.5521,48.2413,18.48269270527726,35.45871,25.683514,2049.5041237009727,2067.98681640625,40812
-122.5521,48.2413,54.13431311324007,36.31499,25.984684,1941.0677132539474,1995.2020263671875,40814
-122.5521,48.2413,12.426592115395124,96.553215,47.171524,1832.6663033924174,1845.0928955078125,40816
-122.6176,47.9796,54.270543560930946,23.06313,21.323772,2159.482386126569,2213.7529296875,40817
-122.6176,47.9796,27.5822892677661,25.924109,22.330029,2124.841782997859,2152.424072265625,40822
-122.6176,47.9796,14.706895425660605,26.35247,22.48069,2119.4222549649644,2134.129150390625,40824
-122.6176,47.9796,11.321641424039171,26.51195,22.536781,2102.880262872836,2114.201904296875,40826
-122.6176,47.9796,-4.705463047138892,27.131994,22.754864,2093.703998203389,2088.99853515625,40828
-122.6026,47.8955,42.215902343944435,31.62475,24.335045,2157.3348789060556,2199.55078125,40829
-122.6026,47.8955,43.219694681708006,31.62475,24.335045,2156.331086568292,2199.55078125,40831
-122.6026,47.8955,53.39441318088666,31.62475,24.335045,2145.9446981472383,2199.339111328125,40832
-122.6026,47.8955,54.27281260951668,30.699131,24.009487,2135.1226952029833,2189.3955078125,40833
-122.6026,47.8955,39.324938286641554,30.251675,23.852108,2132.6941046821084,2172.01904296875,40834
-122.6026,47.8955,36.31464683833519,30.085176,23.793549,2124.014943005415,2160.32958984375,40836
-122.6026,47.8955,22.688091558123688,30.644354,23.990221,2119.1082951606263,2141.79638671875,40837
-122.6026,47.8955,9.50134847623849,31.214672,24.190811,2114.3494816018865,2123.850830078125,40838
-122.6026,47.8955,0.5565043348487961,28.375029,23.192059,2113.737685118276,2114.294189453125,40840
-122.8643,48.1933,22.614714402714526,0.3234484,13.325829,2251.1562816910355,2273.77099609375,40841
-122.8643,48.1933,21.973528380179232,23.259647,21.39289,2171.2669501354458,2193.240478515625,40846
-122.8643,48.1933,31.384420525445876,22.935255,21.278797,2141.792581427679,2173.177001953125,40848
-122.8643,48.1933,10.035378620324536,22.869364,21.255621,2140.9829319265505,2151.018310546875,40852
-123.0203,48.2717,20.679939308987286,-8.293176,10.295211,2267.5451583472627,2288.22509765625,40853
-123.0203,48.2717,14.04944558345187,-6.173877,11.040606,2265.423943088423,2279.473388671875,40854
-123.0203,48.2717,56.36258651271419,12.42001,17.5804,2185.414513096661,2241.777099609375,40855
-123.0203,48.2717,18.42638167310224,22.935255,21.278797,2148.0279640300228,2166.454345703125,40858
-123.0203,48.2717,2.0647405847144,22.869364,21.255621,2142.1750055090356,2144.23974609375,40860
-123.0203,48.2717,-2.300970893097656,22.869364,21.255621,2139.3986271430977,2137.09765625,40862
-123.0203,48.2717,-1.55010665303098,22.869364,21.255621,2137.223690637406,2135.673583984375,40864
-122.7166,48.3691,21.822826596569485,11.850044,17.379934,2230.1088140284305,2251.931640625,40865
-122.7166,48.3691,37.84585198173863,12.42001,17.5804,2194.8902320026364,2232.736083984375,40867
-122.7166,48.3691,10.969416470210945,22.935255,21.278797,2136.556950717289,2147.5263671875,40870
-122.7166,48.3691,-5.459300486386837,22.746637,21.212456,2128.646312205137,2123.18701171875,40872
-122.7166,48.3691,-17.02501455993979,22.746637,21.212456,2128.600454013065,2111.575439453125,40874
-122.4554,47.7045,43.05719638892242,44.87256,28.99453,2131.6686336892026,2174.725830078125,40877
-122.4554,47.7045,52.902431167300165,44.10797,28.72561,2123.174473129575,2176.076904296875,40879
-122.4554,47.7045,59.63479906436214,43.421024,28.484001,2118.418667732513,2178.053466796875,40880
-122.4554,47.7045,28.9182349460948,38.71274,26.828014,2146.053933022655,2174.97216796875,40881
-122.4554,47.7045,63.641177038761725,35.408794,25.665958,2101.9093600706133,2165.550537109375,40882
-122.4554,47.7045,59.54574297147474,34.248756,25.257954,2089.4073820285253,2148.953125,40883
-122.4554,47.7045,42.296941570223225,34.396034,25.309753,2084.662286945402,2126.959228515625,40885
-122.4554,47.7045,27.994448518890295,34.07178,25.195707,2083.5817233561097,2111.576171875,40886
-122.4554,47.7045,38.13617741255712,32.33336,24.584274,2067.248588212443,2105.384765625,40888
-122.7195,47.801,47.72708364926666,31.62475,24.335045,2136.1652503351083,2183.892333984375,40889
-122.7195,47.801,36.518186448576216,30.085176,23.793549,2128.098024488924,2164.6162109375,40894
-122.7195,47.801,11.801116775481205,30.291216,23.866016,2124.069244552644,2135.870361328125,40896
-122.7195,47.801,-12.579273138959707,27.211403,22.782791,2102.9369391545847,2090.357666015625,40900
-123.1315,47.3712,57.82560186155297,36.788116,26.151089,2107.069173529072,2164.894775390625,40901
-123.1315,47.3712,55.05534200939792,36.788116,26.151089,2099.210771271852,2154.26611328125,40902
-123.1315,47.3712,21.191399928328337,36.10117,25.90948,2100.6721254622967,2121.863525390625,40905
-123.1315,47.3712,2.8595020748157367,29.96245,23.750383,2098.4791209720593,2101.338623046875,40907
-123.1315,47.3712,43.966888914352694,27.289001,22.810085,2006.2015681168973,2050.16845703125,40909
-123.1315,47.3712,-3.9384041636249094,17.32617,19.305983,1971.1426277964374,1967.2042236328125,40911
-123.1079,47.4252,46.54981098273811,36.788116,26.151089,2121.509759329762,2168.0595703125,40913
-123.1079,47.4252,49.147674015506254,36.788116,26.151089,2116.9587712969937,2166.1064453125,40915
-123.1079,47.4252,47.80917244881448,36.788116,26.151089,2104.1302806761855,2151.939453125,40916
-123.1079,47.4252,40.84689171032642,36.788116,26.151089,2098.6636063365486,2139.510498046875,40917
-123.1079,47.4252,35.62000349631671,31.62475,24.335045,2091.6002113474333,2127.22021484375,40918
-123.1079,47.4252,7.131307581028977,29.96245,23.750383,2088.238565465846,2095.369873046875,40920
-123.1079,47.4252,97.90707772903465,25.833403,22.298126,1939.5292015678403,2037.436279296875,40921
-123.1079,47.4252,52.81647864794627,16.780258,19.113976,1914.7451668598662,1967.5616455078125,40923
-123.0084,47.5465,39.51056555423156,36.788116,26.151089,2129.8449031957684,2169.35546875,40925
-123.0084,47.5465,58.5034521508087,36.788116,26.151089,2108.4745751929413,2166.97802734375,40928
-123.0084,47.5465,44.59898297255995,30.699131,24.009487,2088.859757261815,2133.458740234375,40933
-123.0084,47.5465,14.846171060791221,30.154112,23.817795,2090.694112142334,2105.540283203125,40934
-123.0084,47.5465,50.315784298531526,25.981115,22.350079,1941.1207391389685,1991.4365234375,40936
-122.9404,47.6062,37.63881798182729,36.788116,26.151089,2132.3099124869227,2169.94873046875,40937
-122.9404,47.6062,53.52549326120925,36.788116,26.151089,2113.9215282231658,2167.447021484375,40940
-122.9404,47.6062,52.45051178086442,36.547276,26.066383,2107.1112557972606,2159.561767578125,40942
-122.9404,47.6062,40.38074997475178,30.374739,23.895393,2097.696154322123,2138.076904296875,40945
-122.9404,47.6062,15.412998596735179,30.154112,23.817795,2092.15267523139,2107.565673828125,40946
-122.9404,47.6062,31.353175210748304,25.981115,22.350079,1961.7669419767517,1993.1201171875,40948
-122.8605,47.6613,34.30647794189872,36.788116,26.151089,2135.5821939331013,2169.888671875,40949
-122.8605,47.6613,49.42473398067705,36.788116,26.151089,2118.194162503698,2167.618896484375,40950
-122.8605,47.6613,38.21355249860062,36.10117,25.90948,2123.2134494545244,2161.427001953125,40951
-122.8605,47.6613,49.919319699516564,30.699131,24.009487,2103.8621744411084,2153.781494140625,40952
-122.8605,47.6613,51.128429478199905,30.374739,23.895393,2096.782947474925,2147.911376953125,40954
-122.8605,47.6613,26.829898393131316,30.276838,23.86096,2095.1198086381187,2121.94970703125,40956
-122.8605,47.6613,51.118982900131186,25.613165,22.220665,2020.4689077248688,2071.587890625,40957
-122.8605,47.6613,46.89213522870864,24.14539,21.704422,1976.8030552009789,2023.6951904296875,40959
-122.7606,47.7367,30.17082246533846,36.10117,25.90948,2138.8990017534115,2169.06982421875,40961
-122.7606,47.7367,32.54909656241216,36.10117,25.90948,2136.520727656338,2169.06982421875,40962
-122.7606,47.7367,41.916534829153534,31.62475,24.335045,2126.8825374364715,2168.799072265625,40963
-122.7606,47.7367,55.730103087964835,30.374739,23.895393,2109.041869568285,2164.77197265625,40964
-122.7606,47.7367,58.16996584729577,30.085176,23.793549,2099.2099169652042,2157.3798828125,40966
-122.7606,47.7367,37.41073399297193,30.644354,23.990221,2095.843416397653,2133.254150390625,40968
-122.7606,47.7367,-13.977890512296653,25.613165,22.220665,2078.6019139497967,2064.6240234375,40972
-122.679,48.1371,13.554824182170705,18.373426,19.67432,2210.1387793334543,2223.693603515625,40973
-122.679,48.1371,-2.88356792650211,25.924109,22.330029,2174.790062067127,2171.906494140625,40978
-122.679,48.1371,12.68041516166113,25.924109,22.330029,2143.118168822714,2155.798583984375,40980
-122.679,48.1371,9.271675346330994,26.35247,22.48069,2129.344047309919,2138.61572265625,40984
-123.0222,47.3572,27.285159657523764,36.547276,26.066383,2107.7246059674762,2135.009765625,40985
-123.0222,47.3572,28.438537009861193,36.547276,26.066383,2105.771912208889,2134.21044921875,40987
-123.0222,47.3572,14.510718244957388,31.62475,24.335045,2110.0456782394176,2124.556396484375,40989
-123.0222,47.3572,-16.890204440852813,29.96245,23.750383,2114.070136081478,2097.179931640625,40991
-123.0222,47.3572,126.66953767370705,26.89431,22.671265,1911.5737484591054,2038.2432861328125,40993
-123.0222,47.3572,87.92092628371643,25.551313,22.19891,1877.878268052221,1965.7991943359375,40995
-122.4069,47.4554,50.68217643996695,45.14603,29.090714,2118.868116528783,2169.55029296875,40997
-122.4069,47.4554,52.84961665913579,44.87256,28.99453,2116.738518106489,2169.588134765625,40999
-122.4069,47.4554,67.242378408906,44.10797,28.72561,2103.046195809844,2170.28857421875,41002
-122.4069,47.4554,59.17337224564881,34.082256,25.19939,2087.335905098101,2146.50927734375,41004
-122.4069,47.4554,45.60007221345177,34.082256,25.19939,2091.3945566927982,2136.99462890625,41005
-122.4069,47.4554,29.14780274739087,33.553997,25.013594,2096.318749986984,2125.466552734375,41006
-122.4069,47.4554,46.41603592542742,32.33336,24.584274,2072.0378214964476,2118.453857421875,41008
-122.3594,47.3931,52.266716123229344,44.87256,28.99453,2117.0943678611457,2169.361083984375,41009
-122.3594,47.3931,52.4608800420001,44.87256,28.99453,2116.840145348625,2169.301025390625,41011
-122.3594,47.3931,56.67307931416417,43.421024,28.484001,2111.739518342086,2168.41259765625,41014
-122.3594,47.3931,65.75626796819279,35.408794,25.665958,2095.611896094307,2161.3681640625,41015
-122.3594,47.3931,43.917790963686,34.082256,25.19939,2092.451837942564,2136.36962890625,41017
-122.3594,47.3931,34.49314861527,34.396034,25.309753,2094.58204669723,2129.0751953125,41018
-122.3594,47.3931,36.52880958277274,32.33336,24.584274,2088.9304189328523,2125.459228515625,41020
-122.4985,47.3167,52.76239364819912,44.87256,28.99453,2116.383602445551,2169.14599609375,41021
-122.4985,47.3167,56.68995517978192,44.10797,28.72561,2111.019029195218,2167.708984375,41024
-122.4985,47.3167,64.37894433193969,35.408794,25.665958,2095.6061630899353,2159.985107421875,41026
-122.4985,47.3167,43.41302169912842,34.082256,25.19939,2093.5662263477466,2136.979248046875,41028
-122.4985,47.3167,40.221851738311216,34.396034,25.309753,2089.593822089814,2129.815673828125,41029
-122.4985,47.3167,50.416588959594264,32.33336,24.584274,2056.6007450247807,2107.017333984375,41031
-122.6323,47.182,68.66467324899213,35.376656,25.654655,2078.636840422883,2147.301513671875,41033
-122.6323,47.182,68.56531677324756,34.918068,25.493362,2074.7103179923774,2143.275634765625,41036
-122.6323,47.182,61.07184868554123,34.635582,25.394005,2078.458180611334,2139.530029296875,41038
-122.6323,47.182,53.25474058904001,34.827244,25.461418,2079.37660706721,2132.63134765625,41040
-122.6323,47.182,56.543309909939126,34.838257,25.46529,2070.874658840061,2127.41796875,41041
-122.6323,47.182,59.03790683995112,35.287056,25.623142,2062.568294331924,2121.606201171875,41043
-122.7852,47.1671,56.66035849020136,34.918068,25.493362,2081.8975028379236,2138.557861328125,41045
-122.7852,47.1671,61.34408820413364,34.918068,25.493362,2077.0157750771164,2138.35986328125,41046
-122.7852,47.1671,57.85444752489775,34.635582,25.394005,2078.5012653657272,2136.355712890625,41047
-122.7852,47.1671,63.62001258557484,34.827244,25.461418,2067.5574776488,2131.177490234375,41050
-122.7852,47.1671,52.99408632222094,34.93343,25.498764,2071.374810162154,2124.368896484375,41052
-122.7852,47.1671,53.160805016267204,34.85379,25.470753,2064.918540686858,2118.079345703125,41054
-122.7852,47.1671,52.72864176009398,34.147648,25.222391,2062.192012536781,2114.920654296875,41056
-122.7089,47.2769,54.541091562043675,35.477264,25.69004,2084.8019260160813,2139.343017578125,41057
-122.7089,47.2769,56.505122784375544,35.477264,25.69004,2082.3776897156245,2138.8828125,41059
-122.7089,47.2769,46.86770658954765,34.918068,25.493362,2080.4252621604523,2127.29296875,41062
-122.7089,47.2769,47.38324643824217,34.635582,25.394005,2078.323784811758,2125.70703125,41063
-122.7089,47.2769,46.20016572927807,34.827244,25.461418,2078.263457317597,2124.463623046875,41064
-122.7089,47.2769,62.08282756241442,34.811546,25.455894,2063.8231782969606,2125.906005859375,41065
-122.7089,47.2769,70.98345239468927,33.492683,24.992027,2056.9857858865607,2127.96923828125,41067
-122.7089,47.2769,64.24001134377386,33.492683,24.992027,2063.729226937476,2127.96923828125,41068
-123.0574,47.4899,37.10173616569227,36.788116,26.151089,2131.7749728186827,2168.876708984375,41069
-123.0574,47.4899,56.201764073508,36.788116,26.151089,2109.721331629617,2165.923095703125,41073
-123.0574,47.4899,53.892734615595145,36.788116,26.151089,2103.20223608753,2157.094970703125,41074
-123.0574,47.4899,25.516874483266747,35.81175,25.807684,2105.0529497354833,2130.56982421875,41076
-123.0574,47.4899,19.711118245473244,29.96245,23.750383,2079.1353173014018,2098.846435546875,41077
-123.0574,47.4899,50.06047067744521,25.435204,22.158072,1946.7572783459923,1996.8177490234375,41080
-122.45264,47.70974,43.547943144287274,34.56055,25.367617,2160.6412658400877,2204.189208984375,41081
-122.45264,47.70974,42.24254116492466,35.408794,25.665958,2160.0724002413253,2202.31494140625,41083
-122.45264,47.70974,38.96173116118234,34.248756,25.257954,2157.0966184481927,2196.058349609375,41084
-122.45264,47.70974,42.03810665193532,34.082256,25.19939,2149.5954382699397,2191.633544921875,41085
-122.45264,47.70974,40.278850530144155,34.082256,25.19939,2143.074176813606,2183.35302734375,41086
-122.45264,47.70974,32.518916058712875,34.082256,25.19939,2139.080693316287,2171.599609375,41087
-122.45264,47.70974,28.419572312588116,34.082256,25.19939,2137.743513624912,2166.1630859375,41088
-122.45264,47.70974,28.37109036903803,34.27392,25.266804,2132.310061974712,2160.68115234375,41089
-122.45264,47.70974,26.30766020534429,34.396034,25.309753,2131.1308163571557,2157.4384765625,41090
-122.45264,47.70974,28.927265736709614,34.396034,25.309753,2128.1320604351654,2157.059326171875,41091
-122.36654,47.8827,42.09942858278782,35.408794,25.665958,2160.656186651587,2202.755615234375,41093
-122.36654,47.8827,51.29807212776586,34.845264,25.467754,2147.358177872234,2198.65625,41095
-122.36654,47.8827,31.870814516188602,34.27392,25.266804,2128.2344100931864,2160.105224609375,41100
-122.36654,47.8827,29.373832439243415,34.396034,25.309753,2123.7118609201316,2153.085693359375,41101
-122.36654,47.8827,54.23277009628737,33.675888,25.056465,2094.7308529505876,2148.963623046875,41103
-122.30578,48.0174,35.55782351131984,39.236904,27.012371,2140.18924680118,2175.7470703125,41105
-122.30578,48.0174,58.30208665191549,38.866886,26.882229,2114.1578742855845,2172.4599609375,41107
-122.30578,48.0174,38.98625936823146,36.109383,25.912369,2111.4805375067685,2150.466796875,41110
-122.30578,48.0174,29.666379692978808,36.423164,26.02273,2094.367311713271,2124.03369140625,41112
-122.30578,48.0174,5.2440065171686,37.454124,26.385338,2080.1131712172064,2085.357177734375,41116
-122.49156,48.10942,34.74171209998576,40.48691,27.452023,2143.2446160250142,2177.986328125,41117
-122.49156,48.10942,37.43707218988038,40.48691,27.452023,2127.6989141382446,2165.135986328125,41120
-122.49156,48.10942,45.34575061108808,36.109383,25.912369,2095.350782592037,2140.696533203125,41122
-122.49156,48.10942,52.023793177411335,36.17832,25.936615,2052.0213728382137,2104.045166015625,41124
-122.49156,48.10942,13.784275346018603,35.77249,25.793877,2048.4398457477314,2062.22412109375,41126
-122.49156,48.10942,-1.2365504870722361,36.926178,26.19965,2050.0116969714472,2048.775146484375,41128
-122.7171,48.37612,8.88775062873674,15.095013,18.521246,2231.3986263243883,2240.286376953125,41129
-122.7171,48.37612,26.807797182520517,15.095013,18.521246,2196.8550446143545,2223.662841796875,41131
-122.7171,48.37612,19.16402840979208,22.935255,21.278797,2177.098178621458,2196.26220703125,41135
-122.7171,48.37612,18.633859544229836,22.935255,21.278797,2173.020681471395,2191.654541015625,41137
-122.7171,48.37612,27.889546334901297,22.935255,21.278797,2160.3121138213487,2188.20166015625,41139
-123.02076,48.27268,-0.31838227482057846,-4.653729,11.575268,2274.8137436029456,2274.495361328125,41141
-123.02076,48.27268,-6.019463481297407,4.848606,14.917405,2269.0031060594224,2262.983642578125,41142
-123.02076,48.27268,-7.57894276004663,15.095013,18.521246,2241.8709349475466,2234.2919921875,41143
-123.02076,48.27268,13.776158959387885,18.09481,19.576328,2205.947717993737,2219.723876953125,41144
-123.02076,48.27268,13.47973563009873,17.80224,19.473425,2199.8801276511513,2213.35986328125,41146
-123.02076,48.27268,9.088146598171534,20.614992,20.462719,2197.8249393393285,2206.9130859375,41148
-123.02076,48.27268,7.203048598739315,22.935255,21.278797,2196.3467560887607,2203.5498046875,41150
-123.02076,48.27268,3.5665117149569596,22.935255,21.278797,2198.417619144418,2201.984130859375,41152
-122.86666,48.19324,13.859951599539727,4.708891,14.868265,2248.8207124629603,2262.6806640625,41153
-122.86666,48.19324,2.2301960873892313,17.607904,19.405073,2212.4646281313608,2214.69482421875,41158
-122.86666,48.19324,15.099887273543118,17.80224,19.473425,2197.245571710832,2212.345458984375,41160
-122.86666,48.19324,15.805482470506377,18.234419,19.625431,2192.8361190919936,2208.6416015625,41164
-122.68643,48.14672,26.480063268193135,21.266577,20.691893,2190.575844934932,2217.055908203125,41165
-122.68643,48.14672,26.686223402986343,21.499283,20.773739,2179.5291086282637,2206.21533203125,41169
-122.68643,48.14672,26.378442077653744,26.21367,22.431873,2176.4972903442213,2202.875732421875,41171
-122.68643,48.14672,30.809477308126134,26.090607,22.388588,2169.016450426249,2199.825927734375,41175
-122.6212,47.98406,37.907934913065674,21.512836,20.778507,2169.3926021963093,2207.300537109375,41177
-122.6212,47.98406,48.85782971619847,25.924109,22.330029,2140.6953929400515,2189.55322265625,41182
-122.6212,47.98406,42.49195168107053,25.924109,22.330029,2142.7216713658045,2185.213623046875,41184
-122.6212,47.98406,42.12410673984277,25.924109,22.330029,2139.964516307032,2182.088623046875,41186
-122.6212,47.98406,41.587116591885206,25.924109,22.330029,2138.797649033115,2180.384765625,41188
-122.60412,47.89546,23.604925032742813,30.251675,23.852108,2176.940973404757,2200.5458984375,41189
-122.60412,47.89546,28.138341058428523,30.251675,23.852108,2172.4075573790715,2200.5458984375,41191
-122.60412,47.89546,25.41555604416544,30.251675,23.852108,2175.1413287214596,2200.556884765625,41192
-122.60412,47.89546,27.377126518384557,30.085176,23.793549,2170.5586644972404,2197.935791015625,41193
-122.60412,47.89546,21.479275745381074,30.085176,23.793549,2169.065890270244,2190.545166015625,41194
-122.60412,47.89546,25.97593244192103,30.085176,23.793549,2159.528950370579,2185.5048828125,41195
-122.60412,47.89546,33.89336563188135,30.085176,23.793549,2142.9713804618686,2176.86474609375,41197
-122.60412,47.89546,49.98303163876153,30.276838,23.86096,2117.9112554706135,2167.894287109375,41198
-122.60412,47.89546,44.23676509911911,30.276838,23.86096,2118.271535682131,2162.50830078125,41199
-122.55274,48.2428,35.85968888477373,44.673904,28.92466,2128.0499790839763,2163.90966796875,41201
-122.55274,48.2428,41.589198123164806,40.48691,27.452023,2117.75381945496,2159.343017578125,41202
-122.55274,48.2428,46.67258956088472,39.06325,26.951294,2100.4121272359903,2147.084716796875,41203
-122.55274,48.2428,44.67553345520082,36.275883,25.970928,2091.853030997924,2136.528564453125,41205
-122.55274,48.2428,-3.7435945233505663,35.986656,25.869202,2082.3937410077256,2078.650146484375,41207
-122.55274,48.2428,46.688368576997846,35.77249,25.793877,1977.4952251730022,2024.18359375,41209
-122.55274,48.2428,48.08647435205921,37.346794,26.347588,1948.4048586557533,1996.4913330078125,41211
-122.7214,47.79946,27.744121407035436,30.085176,23.793549,2167.2580758585896,2195.002197265625,41213
-122.7214,47.79946,50.01043625047305,30.085176,23.793549,2136.140930937027,2186.1513671875,41218
-122.7214,47.79946,38.72903183065728,30.276838,23.86096,2126.9008509818427,2165.6298828125,41219
-122.7214,47.79946,29.272622859473813,30.644354,23.990221,2117.238363468651,2146.510986328125,41223
-122.76152,47.7355,33.25364157160675,30.374739,23.895393,2157.5344443658933,2190.7880859375,41225
-122.76152,47.7355,33.09357684076667,30.374739,23.895393,2157.6945090967333,2190.7880859375,41226
-122.76152,47.7355,38.80906225972785,30.085176,23.793549,2148.029804927772,2186.8388671875,41228
-122.76152,47.7355,41.428872704670994,30.085176,23.793549,2137.977133154704,2179.406005859375,41230
-122.76152,47.7355,38.91679532713442,30.276838,23.86096,2123.6015152197406,2162.518310546875,41232
-122.76152,47.7355,15.655272029580829,29.58568,23.617867,2108.278077579794,2123.933349609375,41236
-122.85972,47.66098,25.95804779468881,36.788116,26.151089,2145.218710017811,2171.1767578125,41237
-122.85972,47.66098,37.19780858902004,31.62475,24.335045,2139.063666020355,2176.261474609375,41238
-122.85972,47.66098,44.90341188793582,30.374739,23.895393,2134.168365455814,2179.07177734375,41239
-122.85972,47.66098,41.88001012537279,30.374739,23.895393,2131.331415655877,2173.21142578125,41240
-122.85972,47.66098,44.422850332398866,30.251675,23.852108,2121.042969980101,2165.4658203125,41242
-122.85972,47.66098,54.865777646215975,30.276838,23.86096,2088.914251650659,2143.780029296875,41244
-122.85972,47.66098,20.64832153397083,28.848223,23.35849,2076.231072997279,2096.87939453125,41246
-122.85972,47.66098,1.5683203686721754,30.686733,24.005127,2076.366005803203,2077.934326171875,41248
-122.93898,47.60732,9.967557868601943,36.788116,26.151089,2156.318574943898,2166.2861328125,41249
-122.93898,47.60732,23.372235253862073,36.10117,25.90948,2143.587481543013,2166.959716796875,41252
-122.93898,47.60732,37.85779318527693,31.62475,24.335045,2134.119013455348,2171.976806640625,41253
-122.93898,47.60732,44.341808713654245,30.374739,23.895393,2114.0974002707208,2158.439208984375,41255
-122.93898,47.60732,56.376230083671544,30.085176,23.793549,2082.9326078069535,2139.308837890625,41256
-122.93898,47.60732,-9.67929792461291,28.548021,23.252905,2074.594336987113,2064.9150390625,41260
-123.00732,47.54838,18.526782291708514,36.788116,26.151089,2146.7666747395415,2165.29345703125,41261
-123.00732,47.54838,24.878315439246308,36.788116,26.151089,2140.3101611232537,2165.1884765625,41264
-123.00732,47.54838,36.02394582415627,31.62475,24.335045,2130.2172651133437,2166.2412109375,41266
-123.00732,47.54838,40.43072962133738,30.699131,24.009487,2109.4310867849126,2149.86181640625,41269
-123.00732,47.54838,45.89332450640404,30.085176,23.793549,2090.948960649846,2136.84228515625,41270
-123.00732,47.54838,-9.080866871471699,28.320284,23.172806,2062.4180250745967,2053.337158203125,41272
-123.05594,47.49096,17.877905872802785,36.788116,26.151089,2145.499779674072,2163.377685546875,41273
-123.05594,47.49096,24.436495654553255,36.788116,26.151089,2139.1806918454467,2163.6171875,41277
-123.05594,47.49096,39.802412633030144,36.10117,25.90948,2124.07502877322,2163.87744140625,41278
-123.05594,47.49096,36.14045922496325,31.62475,24.335045,2108.5387399937867,2144.67919921875,41280
-123.05594,47.49096,33.912429945000895,30.251675,23.852108,2099.001632554999,2132.9140625,41281
-123.05594,47.49096,17.195222853525138,29.584839,23.61757,2061.461515427725,2078.65673828125,41284
-123.10922,47.42576,23.481427155708843,36.788116,26.151089,2138.299578703666,2161.781005859375,41285
-123.10922,47.42576,32.41926434834659,36.788116,26.151089,2128.8112044016534,2161.23046875,41287
-123.10922,47.42576,39.61224890328958,36.788116,26.151089,2120.8748116435854,2160.487060546875,41288
-123.10922,47.42576,47.20762798128226,36.10117,25.90948,2111.0111220187177,2158.21875,41289
-123.10922,47.42576,34.67121698492474,31.62475,24.335045,2106.3119373119503,2140.983154296875,41290
-123.10922,47.42576,9.834272945449356,30.154112,23.817795,2079.8629926795506,2089.697265625,41293
-123.10922,47.42576,-8.206094484221921,29.2865,23.512642,2061.611612062347,2053.405517578125,41295
-123.13382,47.37096,34.2149403954968,36.788116,26.151089,2127.645899448253,2161.86083984375,41297
-123.13382,47.37096,40.059484112896826,36.788116,26.151089,2121.167566668353,2161.22705078125,41299
-123.13382,47.37096,33.24509507580933,36.10117,25.90948,2103.5080787523157,2136.753173828125,41302
-123.13382,47.37096,15.783365530533501,31.62475,24.335045,2102.5970055632165,2118.38037109375,41303
-123.13382,47.37096,-6.0672286356743825,29.96245,23.750383,2098.6778243387994,2092.610595703125,41305
-123.13382,47.37096,131.55201241561144,28.751425,23.324444,1920.6262102406386,2052.17822265625,41307
-123.02252,47.35682,30.684943442583517,36.788116,26.151089,2118.4012381980415,2149.086181640625,41309
-123.02252,47.35682,33.69644960127425,36.788116,26.151089,2115.3897320393507,2149.086181640625,41311
-123.02252,47.35682,21.882379869553006,36.10117,25.90948,2116.769475599197,2138.65185546875,41313
-123.02252,47.35682,1.4678999627831217,31.62475,24.335045,2115.690791443467,2117.15869140625,41315
-123.02252,47.35682,-15.737923798611519,29.96245,23.750383,2116.6173183298615,2100.87939453125,41317
-123.02252,47.35682,97.78597770397482,28.605272,23.27304,1964.3602625304002,2062.146240234375,41319
-122.44816,47.55912,44.63687734494442,35.408794,25.665958,2157.8631226550556,2202.5,41321
-122.44816,47.55912,48.55560848337109,35.408794,25.665958,2152.532770422879,2201.08837890625,41323
-122.44816,47.55912,46.26818124116153,34.082256,25.19939,2144.9144359463385,2191.1826171875,41326
-122.44816,47.55912,42.718865514692425,34.082256,25.19939,2139.0689762821826,2181.787841796875,41327
-122.44816,47.55912,37.52999172152204,34.082256,25.19939,2136.038123512853,2173.568115234375,41329
-122.44816,47.55912,34.14083519121368,34.082256,25.19939,2136.8071628556613,2170.947998046875,41330
-122.44816,47.55912,34.575208642898815,34.082256,25.19939,2132.755846044601,2167.3310546875,41332
-122.40806,47.45758,46.86814660831942,35.408794,25.665958,2155.1225760479306,2201.99072265625,41333
-122.40806,47.45758,47.090397771503376,35.408794,25.665958,2153.9222975409966,2201.0126953125,41335
-122.40806,47.45758,41.12044709214797,34.845264,25.467754,2152.328771657852,2193.44921875,41338
-122.40806,47.45758,40.58809940032279,34.082256,25.19939,2133.101353724677,2173.689453125,41340
-122.40806,47.45758,35.45532826785711,34.082256,25.19939,2132.694818216518,2168.150146484375,41341
-122.40806,47.45758,30.708127831582715,34.27392,25.266804,2131.1573506840423,2161.865478515625,41342
-122.40806,47.45758,28.342600161271548,34.396034,25.309753,2131.4706322606035,2159.813232421875,41343
-122.40806,47.45758,29.84302597349506,34.396034,25.309753,2129.139884182755,2158.98291015625,41344
-122.6319,47.1826,48.64979571084041,34.918068,25.493362,2124.5211027266596,2173.1708984375,41345
-122.6319,47.1826,47.85886529115169,34.918068,25.493362,2123.2480683025983,2171.10693359375,41346
-122.6319,47.1826,45.48425006845764,34.635582,25.394005,2119.9698514940424,2165.4541015625,41350
-122.6319,47.1826,43.50165713928527,34.827244,25.461418,2113.7913116107147,2157.29296875,41352
-122.6319,47.1826,37.67609945836466,34.985218,25.51698,2116.5172599166353,2154.193359375,41353
-122.6319,47.1826,41.74490520805875,34.838257,25.46529,2108.5424483075662,2150.287353515625,41355
-122.7877,47.1687,43.32724462178476,34.635582,25.394005,2120.5702163157152,2163.8974609375,41357
-122.7877,47.1687,43.20903159939189,34.635582,25.394005,2120.504591447483,2163.713623046875,41358
-122.7877,47.1687,42.451839272871894,34.827244,25.461418,2117.720768149003,2160.172607421875,41359
-122.7877,47.1687,43.514688277600726,34.827244,25.461418,2113.4098722692743,2156.924560546875,41361
-122.7877,47.1687,34.70670717225312,34.838257,25.46529,2115.862628765247,2150.5693359375,41363
-122.7877,47.1687,34.04366770827437,34.74953,25.434084,2112.4209319011006,2146.464599609375,41367
-122.7086,47.2767,36.78800236554616,34.918068,25.493362,2131.313560134454,2168.1015625,41369
-122.7086,47.2767,39.78590987538655,34.918068,25.493362,2127.5544221558634,2167.34033203125,41371
-122.7086,47.2767,36.47214226922142,34.635582,25.394005,2124.3562268714036,2160.828369140625,41372
-122.7086,47.2767,32.939547011747436,34.635582,25.394005,2124.1581092382526,2157.09765625,41374
-122.7086,47.2767,34.210120535878104,34.635582,25.394005,2121.659508370372,2155.86962890625,41375
-122.7086,47.2767,34.09516346525379,34.827244,25.461418,2113.686086534746,2147.78125,41376
-122.7086,47.2767,38.76108228931389,34.827244,25.461418,2104.832423570061,2143.593505859375,41377
-122.7086,47.2767,32.64587831916742,34.74953,25.434084,2107.3770708995826,2140.02294921875,41379
-122.36036,47.39252,46.58796749749581,35.408794,25.665958,2154.257003205629,2200.844970703125,41381
-122.36036,47.39252,47.89246548597521,35.408794,25.665958,2152.462514982775,2200.35498046875,41384
-122.36036,47.39252,43.78317289121878,34.248756,25.257954,2146.180206015031,2189.96337890625,41386
-122.36036,47.39252,43.228989566882774,34.082256,25.19939,2138.630629573742,2181.859619140625,41387
-122.36036,47.39252,37.83375785453154,34.082256,25.19939,2131.8608222235935,2169.694580078125,41389
-122.36036,47.39252,29.528590670231097,34.27392,25.266804,2133.821751126644,2163.350341796875,41390
-122.36036,47.39252,37.80697618996692,34.396034,25.309753,2119.281158575658,2157.088134765625,41392
-122.50268,47.32016,42.951618057998076,35.408794,25.665958,2154.247600692002,2197.19921875,41393
-122.50268,47.32016,43.58857417339004,34.845264,25.467754,2147.61845707661,2191.20703125,41396
-122.50268,47.32016,38.57854449233355,34.082256,25.19939,2142.7261430076665,2181.3046875,41398
-122.50268,47.32016,36.66149901798781,34.082256,25.19939,2133.697875982012,2170.359375,41400
-122.50268,47.32016,33.29930804981814,34.082256,25.19939,2132.849129450182,2166.1484375,41401
-122.50268,47.32016,14.990367511275053,34.396034,25.309753,2123.9771617856,2138.967529296875,41403
-126.67,48.65,31.6961030715961,11.994465,17.430729,2215.660342240904,2247.3564453125,41405
-126.67,48.65,12.724683220181305,11.994465,17.430729,2234.7831292798187,2247.5078125,41406
-126.67,48.65,34.873597567612705,11.994465,17.430729,2218.1220079011373,2252.99560546875,41407
-126.67,48.65,41.04743198305323,9.2830925,16.477093,2219.0480270013218,2260.095458984375,41408
-126.67,48.65,2.1281023216074573,-6.1815166,11.037918,2280.5904035377675,2282.718505859375,41409
-126.67,48.65,-19.65217657340645,-10.168881,9.635492,2315.6419226671565,2295.98974609375,41410
-126.67,48.65,-3.924222393596665,-7.835361,10.456232,2309.5721716123467,2305.64794921875,41411
-126.67,48.65,-5.115813059217544,-9.720571,9.793171,2320.2513111060925,2315.135498046875,41412
-126.67,48.65,-11.013021744804973,-9.720571,9.793171,2326.14851979168,2315.135498046875,41413
-126.67,48.65,-4.098747879018902,-9.545421,9.854774,2327.570183425894,2323.471435546875,41414
-126.67,48.65,-6.613797507896379,-9.545421,9.854774,2335.8274205547714,2329.213623046875,41415
-126.67,48.65,-2.447906374732611,-9.545421,9.854774,2343.1778868434826,2340.72998046875,41416
-126.67,48.65,-8.251289214330427,-10.088638,9.663715,2360.8362501518304,2352.5849609375,41417
-126.67,48.65,-18.766265471128918,-15.26783,7.8421025,2421.585601408629,2402.8193359375,41419
-126.67,48.65,-15.73063462963546,-15.26783,7.8421025,2443.4176463483855,2427.68701171875,41420
-126.67,48.65,-19.76293411824463,-15.4157505,7.7900763,2466.7868598994946,2447.02392578125,41421
-126.67,48.65,-17.187736378980844,-15.4157505,7.7900763,2464.211662160231,2447.02392578125,41422
-126.67,48.65,-17.957489757231997,-15.4157505,7.7900763,2468.789276866607,2450.831787109375,41423
